record_id,protocol,fold,role,split_group,source_group,waterbody_group,sample_date
434c4eb6013ee711,source_ood,2,train,EMLS,EMLS,waterbody:EMLS:Mondsee,2015-08-03
f0ef732afc13cc54,source_ood,2,train,EMLS,EMLS,waterbody:EMLS:Brenet,2015-08-12
dfb93e473473a69a,source_ood,2,train,EMLS,EMLS,waterbody:EMLS:Bret,2015-08-25
386f7156c393db31,source_ood,2,train,EMLS,EMLS,waterbody:EMLS:Divonne,2015-08-14
b4fd16d85807d793,source_ood,2,train,EMLS,EMLS,waterbody:EMLS:Geneva_GE3,2015-08-10
bfce12a5def6c2ee,source_ood,2,train,EMLS,EMLS,waterbody:EMLS:Greifen,2015-08-20
3544b3a001fa3f2e,source_ood,2,train,EMLS,EMLS,waterbody:EMLS:Hallwil,2015-08-17
2bdafed09608089d,source_ood,2,train,EMLS,EMLS,waterbody:EMLS:Joux,2015-08-12
faf508dd86e81b45,source_ood,2,train,EMLS,EMLS,waterbody:EMLS:Lucerne,2015-08-27
96349ff735de95da,source_ood,2,train,EMLS,EMLS,waterbody:EMLS:Morat,2015-08-13
ddceba431a0ea6e0,source_ood,2,train,EMLS,EMLS,waterbody:EMLS:Ober,2015-08-18
a5b18d462546202f,source_ood,2,train,EMLS,EMLS,waterbody:EMLS:Pfaffikon,2015-08-20
9d1c44812f22880c,source_ood,2,train,EMLS,EMLS,waterbody:EMLS:Sempacher,2015-08-22
3c0c7fa10f517b3e,source_ood,2,train,EMLS,EMLS,waterbody:EMLS:Geneva_SHL2,2015-08-03
2c69d599178c5ef7,source_ood,2,train,EMLS,EMLS,waterbody:EMLS:Sopen,2015-08-04
a678d4421c444b33,source_ood,2,train,EMLS,EMLS,waterbody:EMLS:Zurich,2015-08-18
0db8295708be9ec6,source_ood,2,train,EMLS,EMLS,waterbody:EMLS:Akaki_Malounda,2015-06-24
478859efc3edde1f,source_ood,2,train,EMLS,EMLS,waterbody:EMLS:Asprokremmos Reservoir,2015-06-10
0382d4fde11e8bf4,source_ood,2,train,EMLS,EMLS,waterbody:EMLS:Kannaviou Reservoir,2015-06-09
d5455762d8283cb6,source_ood,2,train,EMLS,EMLS,waterbody:EMLS:Kouris Reservoir,2015-06-11
66859a183de212ce,source_ood,2,train,EMLS,EMLS,waterbody:EMLS:Polemidia,2015-06-17
b76e4878295d3cf5,source_ood,2,train,EMLS,EMLS,waterbody:EMLS:Boskovice,2015-07-13
2783ff5202a475c3,source_ood,2,train,EMLS,EMLS,waterbody:EMLS:Brnenska prehrada,2015-07-09
72e42d7b7e27dadf,source_ood,2,train,EMLS,EMLS,waterbody:EMLS:Hamry,2015-07-15
8f0e4cc6b7d576b4,source_ood,2,train,EMLS,EMLS,waterbody:EMLS:Letovice,2015-07-13
ff68371562831929,source_ood,2,train,EMLS,EMLS,waterbody:EMLS:Luhacovice,2015-07-09
4785a08b8020dd4c,source_ood,2,train,EMLS,EMLS,waterbody:EMLS:Matejovsky,2015-07-15
0fcd971414ee1f2f,source_ood,2,train,EMLS,EMLS,waterbody:EMLS:Mostiste,2015-07-20
764e4d713b6332ea,source_ood,2,train,EMLS,EMLS,waterbody:EMLS:Nesyt,2015-07-07
eb2126571bb495e7,source_ood,2,train,EMLS,EMLS,waterbody:EMLS:Nove Mlyny II,2015-07-07
70a9017512a0c0be,source_ood,2,train,EMLS,EMLS,waterbody:EMLS:Novovesky,2015-07-07
ef30f0b8972c21b1,source_ood,2,train,EMLS,EMLS,waterbody:EMLS:Velke Dako,2015-07-15
279e6f32c2c47285,source_ood,2,train,EMLS,EMLS,waterbody:EMLS:Bikowsee,2015-09-02
07931f72b441c1eb,source_ood,2,train,EMLS,EMLS,waterbody:EMLS:Carwitzersee,2015-08-13
290235d0cabbc901,source_ood,2,train,EMLS,EMLS,waterbody:EMLS:Constance,2015-08-04
b5ccbbb405d7c73b,source_ood,2,train,EMLS,EMLS,waterbody:EMLS:Grosser Dabelowsee,2015-09-07
3ec6b6cbec43f1e8,source_ood,2,train,EMLS,EMLS,waterbody:EMLS:Dagowsee,2015-07-09
961f661c1108d018,source_ood,2,train,EMLS,EMLS,waterbody:EMLS:Domjuchsee,2015-09-07
08eee8430b639c02,source_ood,2,train,EMLS,EMLS,waterbody:EMLS:Fuirstensersee,2015-09-07
2a07c843f81a98dd,source_ood,2,train,EMLS,EMLS,waterbody:EMLS:Fukuschkule,2015-09-03
4f42011da318a019,source_ood,2,train,EMLS,EMLS,waterbody:EMLS:Kleiner Wentowsee,2015-09-01
804236c18df57826,source_ood,2,train,EMLS,EMLS,waterbody:EMLS:LangerSee,2015-07-27
c7ad3ed522e036f6,source_ood,2,train,EMLS,EMLS,waterbody:EMLS:Muggelsee,2015-08-25
14ca4c15fd86251b,source_ood,2,train,EMLS,EMLS,waterbody:EMLS:Oberuckersee,2015-08-07
7a33c7a0b7812116,source_ood,2,train,EMLS,EMLS,waterbody:EMLS:Peetschsee,2015-08-16
0348407e64fd92ad,source_ood,2,train,EMLS,EMLS,waterbody:EMLS:Pfsarrsee,2015-09-07
1dd26b2cd7db5425,source_ood,2,train,EMLS,EMLS,waterbody:EMLS:Plauersee,2015-08-19
bbb1f96dd62df49c,source_ood,2,train,EMLS,EMLS,waterbody:EMLS:Platinsee,2015-08-31
6eaf2c72625653a8,source_ood,2,train,EMLS,EMLS,waterbody:EMLS:Prebelowsee,2015-09-15
dcdf92c828d4a2cf,source_ood,2,train,EMLS,EMLS,waterbody:EMLS:Roblinsee,2015-08-31
c2aa26c2a65300d4,source_ood,2,train,EMLS,EMLS,waterbody:EMLS:Roofensee,2015-09-01
5944ca6f7e274421,source_ood,2,train,EMLS,EMLS,waterbody:EMLS:Scharmutzelsee,2015-07-20
3bdd369cff0f47f1,source_ood,2,train,EMLS,EMLS,waterbody:EMLS:Schlabornsee,2015-09-02
82bd92d82f25a342,source_ood,2,train,EMLS,EMLS,waterbody:EMLS:Schwedtsee,2015-08-31
9b15e3853228455b,source_ood,2,train,EMLS,EMLS,waterbody:EMLS:Stechlinsee,2015-08-11
fba010fea7b1e859,source_ood,2,train,EMLS,EMLS,waterbody:EMLS:Stolpsee,2015-08-31
a94990bab4562e4f,source_ood,2,train,EMLS,EMLS,waterbody:EMLS:Tiwarensee,2015-08-20
5ae831d544ea6bd3,source_ood,2,train,EMLS,EMLS,waterbody:EMLS:Wanzkaersee,2015-08-24
4fededff2b0dbaf5,source_ood,2,train,EMLS,EMLS,waterbody:EMLS:Grosser Wentowsee,2015-09-01
def852f820ecb1c4,source_ood,2,train,EMLS,EMLS,waterbody:EMLS:Wittwesee,2015-09-03
cd00715da932cc81,source_ood,2,train,EMLS,EMLS,waterbody:EMLS:Wurlsee,2015-09-11
0d72ef5a6ed968d0,source_ood,2,train,EMLS,EMLS,waterbody:EMLS:Bagsvaerd,2015-08-26
f6aa6187b636ad54,source_ood,2,train,EMLS,EMLS,waterbody:EMLS:Bastrup,2015-08-25
0a407c87b0fdd81f,source_ood,2,train,EMLS,EMLS,waterbody:EMLS:Farum,2015-08-25
d4ebe83550ac1e98,source_ood,2,train,EMLS,EMLS,waterbody:EMLS:Fure,2015-08-26
e56d8646780d33f0,source_ood,2,train,EMLS,EMLS,waterbody:EMLS:Gyrstinge,2015-08-12
c4fbbb81c932d2c4,source_ood,2,train,EMLS,EMLS,waterbody:EMLS:Haraldsted,2015-08-12
84e8e40baf120240,source_ood,2,train,EMLS,EMLS,waterbody:EMLS:Lyngby,2015-08-31
7b677fbae82c2842,source_ood,2,train,EMLS,EMLS,waterbody:EMLS:Slaen,2015-08-26
1c5dc746db3c160c,source_ood,2,train,EMLS,EMLS,waterbody:EMLS:Elistvere,2015-07-25
eeb635eb77706e37,source_ood,2,train,EMLS,EMLS,waterbody:EMLS:Kaiavere,2015-07-25
fe7d06f4a79d8173,source_ood,2,train,EMLS,EMLS,waterbody:EMLS:Kuremaa,2015-07-25
b4300e66bab2eb34,source_ood,2,train,EMLS,EMLS,waterbody:EMLS:Lammijarv,2015-08-17
fa70efd9d2e612a0,source_ood,2,train,EMLS,EMLS,waterbody:EMLS:Peipsi,2015-08-18
7f57b9af07e82aa1,source_ood,2,train,EMLS,EMLS,waterbody:EMLS:Raigastvere,2015-07-25
9de9cf041c1b1d3c,source_ood,2,train,EMLS,EMLS,waterbody:EMLS:Saadjarv,2015-08-12
12e9eadc7e2b698d,source_ood,2,train,EMLS,EMLS,waterbody:EMLS:Verevijarv,2015-08-11
9668ac8a2ce04248,source_ood,2,train,EMLS,EMLS,waterbody:EMLS:Vortsjarv,2015-08-18
1646b8fc38a6e2b9,source_ood,2,train,EMLS,EMLS,waterbody:EMLS:Abegondo-Cecebre,2015-09-08
a38bd2bb83669d47,source_ood,2,train,EMLS,EMLS,waterbody:EMLS:Albufera de Valencia,2015-08-05
2ba8e5538461c9d8,source_ood,2,train,EMLS,EMLS,waterbody:EMLS:Alcantara,2015-09-03
d67cf9875cf48716,source_ood,2,train,EMLS,EMLS,waterbody:EMLS:Embalse de Arcos de la Frontera,2015-09-18
e84de7a86b667521,source_ood,2,train,EMLS,EMLS,waterbody:EMLS:Azutan,2015-08-21
5699ea8eada856a8,source_ood,2,train,EMLS,EMLS,waterbody:EMLS:La Baells,2015-08-13
1286696e980cd61f,source_ood,2,train,EMLS,EMLS,waterbody:EMLS:Baxe reservoir,2015-09-10
a1f67acdd88d689f,source_ood,2,train,EMLS,EMLS,waterbody:EMLS:Boadella,2015-08-10
c88813dc07f79c50,source_ood,2,train,EMLS,EMLS,waterbody:EMLS:Branas,2015-08-20
340c36799239d1ff,source_ood,2,train,EMLS,EMLS,waterbody:EMLS:Basturs petit,2015-09-02
9e826f4e7b6101b9,source_ood,2,train,EMLS,EMLS,waterbody:EMLS:Basturs,2015-09-02
10be42ba8fe951fa,source_ood,2,train,EMLS,EMLS,waterbody:EMLS:Laguna Camarones,2015-08-22
e5dda7f4ea0e134e,source_ood,2,train,EMLS,EMLS,waterbody:EMLS:Laguna Canas,2015-08-22
141590f978ceb6ea,source_ood,2,train,EMLS,EMLS,waterbody:EMLS:Cedillo,2015-09-08
fc063e90efeed162,source_ood,2,train,EMLS,EMLS,waterbody:EMLS:As Conchas,2015-09-17
e21f53ba8c1ea4a8,source_ood,2,train,EMLS,EMLS,waterbody:EMLS:Laguna Costera,2015-08-22
ff2c65d704d8bd9e,source_ood,2,train,EMLS,EMLS,waterbody:EMLS:Embalse del Cubillas,2015-07-29
90d5aff49669ddb6,source_ood,2,train,EMLS,EMLS,waterbody:EMLS:Doninos,2015-08-20
90a1ba056f5ece32,source_ood,2,train,EMLS,EMLS,waterbody:EMLS:Laguna Escondida,2015-08-22
6201be737fbde6a7,source_ood,2,train,EMLS,EMLS,waterbody:EMLS:El Foix,2015-08-14
41122a562fc4a89a,source_ood,2,train,EMLS,EMLS,waterbody:EMLS:As Forcadas Reservoir,2015-09-09
1bfda75ee80f4321,source_ood,2,train,EMLS,EMLS,waterbody:EMLS:Laguna Grande de Villafranca,2015-07-23
7772a9537099e58d,source_ood,2,train,EMLS,EMLS,waterbody:EMLS:Laguna Honda,2015-07-23
f876b651b35ac867,source_ood,2,train,EMLS,EMLS,waterbody:EMLS:Mequinenza Reservoir,2015-08-03
5a6cfa984bda3575,source_ood,2,train,EMLS,EMLS,waterbody:EMLS:Montcortes,2015-09-03
09296a8f0b0d3aa5,source_ood,2,train,EMLS,EMLS,waterbody:EMLS:Ribarroja Reservoir,2015-08-04
1e51307f61309bce,source_ood,2,train,EMLS,EMLS,waterbody:EMLS:Laguna Rio Viejo,2015-08-22
83cde54bdbedfb0a,source_ood,2,train,EMLS,EMLS,waterbody:EMLS:Sau,2015-08-11
230391886cf35040,source_ood,2,train,EMLS,EMLS,waterbody:EMLS:Sobron Resrbvoir,2015-07-29
2fb1fd8a1be21950,source_ood,2,train,EMLS,EMLS,waterbody:EMLS:Laguna Sur,2015-08-22
d3ac2f6296199dfb,source_ood,2,train,EMLS,EMLS,waterbody:EMLS:Embalse de Tous,2015-07-24
22b88d5a85fbf18c,source_ood,2,train,EMLS,EMLS,waterbody:EMLS:Valdecanas,2015-09-07
2180743edb1bdca8,source_ood,2,train,EMLS,EMLS,waterbody:EMLS:Vallfornes,2015-08-12
aa7f9689e051ba23,source_ood,2,train,EMLS,EMLS,waterbody:EMLS:Laguna de las Yeguas,2015-07-21
0265d52b4aa39310,source_ood,2,train,EMLS,EMLS,waterbody:EMLS:Harkmerifjarden,2015-08-13
5026bcca859f108e,source_ood,2,train,EMLS,EMLS,waterbody:EMLS:Jyvasjarvi,2015-08-13
a70aec4fd616b542,source_ood,2,train,EMLS,EMLS,waterbody:EMLS:Kakskerranjarvi,2015-08-05
d9179f450afa92e6,source_ood,2,train,EMLS,EMLS,waterbody:EMLS:Littoistenjarvi,2015-08-05
c1d7c86633041d14,source_ood,2,train,EMLS,EMLS,waterbody:EMLS:Muuratjarvi,2015-08-20
94401948a8c33e88,source_ood,2,train,EMLS,EMLS,waterbody:EMLS:Stortrasket,2015-08-13
169e4789a0848f56,source_ood,2,train,EMLS,EMLS,waterbody:EMLS:Vanajanselka,2015-08-31
357b6be575714c54,source_ood,2,train,EMLS,EMLS,waterbody:EMLS:Pavin,2015-09-02
dc109e9242f4f2ca,source_ood,2,train,EMLS,EMLS,waterbody:EMLS:Marathonas,2015-10-05
8ba01429da3aa7d0,source_ood,2,train,EMLS,EMLS,waterbody:EMLS:Lesser Prespa,2015-09-18
5668e9a046ad5ec8,source_ood,2,train,EMLS,EMLS,waterbody:EMLS:Volvi,2015-09-16
c9d034efea81019f,source_ood,2,train,EMLS,EMLS,waterbody:EMLS:Bajer,2015-08-27
55b6594ed6b668d0,source_ood,2,train,EMLS,EMLS,waterbody:EMLS:Butoniga,2015-07-21
4e64181319ea81b5,source_ood,2,train,EMLS,EMLS,waterbody:EMLS:Kozjak,2015-07-23
91aaf6e2411e1c9b,source_ood,2,train,EMLS,EMLS,waterbody:EMLS:Lesce,2015-07-12
2ee0f5ffc3c8bc56,source_ood,2,train,EMLS,EMLS,waterbody:EMLS:Lokve,2015-08-20
425aae4d3fa2046e,source_ood,2,train,EMLS,EMLS,waterbody:EMLS:Malo Jezero,2015-08-24
4881ea6c44a1a603,source_ood,2,train,EMLS,EMLS,waterbody:EMLS:Njivice,2015-08-27
f7184e0bd872eef1,source_ood,2,train,EMLS,EMLS,waterbody:EMLS:Peto Jezero,2015-07-31
1509f38b96066443,source_ood,2,train,EMLS,EMLS,waterbody:EMLS:Ponikve,2015-08-27
1b1f24d65bc76ba7,source_ood,2,train,EMLS,EMLS,waterbody:EMLS:Prosce,2015-07-23
a846a1146191cdfe,source_ood,2,train,EMLS,EMLS,waterbody:EMLS:Savica,2015-08-21
26e525996dcf37cf,source_ood,2,train,EMLS,EMLS,waterbody:EMLS:Tribali,2015-08-20
5d4b3f2516cec9a3,source_ood,2,train,EMLS,EMLS,waterbody:EMLS:Vransko,2015-08-28
ef03297cf8f7ce76,source_ood,2,train,EMLS,EMLS,waterbody:EMLS:Velencei,2015-08-07
d23e57a755e0a657,source_ood,2,train,EMLS,EMLS,waterbody:EMLS:Zamolyi,2015-08-07
bf06ac987ee0eb5a,source_ood,2,train,EMLS,EMLS,waterbody:EMLS:Colgagh Lough,2015-08-24
42142863c7fbc8df,source_ood,2,train,EMLS,EMLS,waterbody:EMLS:Corduff,2015-08-25
816a3bbac7beb148,source_ood,2,train,EMLS,EMLS,waterbody:EMLS:Milltown,2015-08-27
13e2ffbd0a0c497b,source_ood,2,train,EMLS,EMLS,waterbody:EMLS:Templehouse,2015-08-25
a949df764ca70685,source_ood,2,train,EMLS,EMLS,waterbody:EMLS:Caldonazzo,2015-08-17
72412d0ca440ad85,source_ood,2,train,EMLS,EMLS,waterbody:EMLS:Campo,2015-07-22
88382daca8984e74,source_ood,2,train,EMLS,EMLS,waterbody:EMLS:Garda,2015-08-11
84d689a6f16023f9,source_ood,2,train,EMLS,EMLS,waterbody:EMLS:Iseo,2015-09-07
a232099b0ded1bae,source_ood,2,train,EMLS,EMLS,waterbody:EMLS:Levico,2015-08-03
bca0a850b8cd26ea,source_ood,2,train,EMLS,EMLS,waterbody:EMLS:Serraia,2015-07-28
2bcb6d404ce17aef,source_ood,2,train,EMLS,EMLS,waterbody:EMLS:Tovel,2015-08-04
94f2c5374c06a15f,source_ood,2,train,EMLS,EMLS,waterbody:EMLS:Balsys,2015-08-25
2ad737961f1038b9,source_ood,2,train,EMLS,EMLS,waterbody:EMLS:Didziulis,2015-08-14
8287b6b1b1f1cb72,source_ood,2,train,EMLS,EMLS,waterbody:EMLS:Gaustvinis,2015-08-04
adab530e313a2c7b,source_ood,2,train,EMLS,EMLS,waterbody:EMLS:Gineitiskes,2015-08-12
c7bd3bc870a08512,source_ood,2,train,EMLS,EMLS,waterbody:EMLS:Gulbinas,2015-08-07
9ec4f04b4eeaa7fe,source_ood,2,train,EMLS,EMLS,waterbody:EMLS:Jieznas,2015-08-17
81b134be5d8dd7b1,source_ood,2,train,EMLS,EMLS,waterbody:EMLS:Lukstas,2015-08-01
5520be4c9606df00,source_ood,2,train,EMLS,EMLS,waterbody:EMLS:Mastis,2015-08-01
f8b48e927013ee17,source_ood,2,train,EMLS,EMLS,waterbody:EMLS:Niedulis,2015-08-24
a50f3d86f2572556,source_ood,2,train,EMLS,EMLS,waterbody:EMLS:Pabezninkai,2015-08-24
1de19521ead5704b,source_ood,2,train,EMLS,EMLS,waterbody:EMLS:Rekyva,2015-08-03
c22539d49b50303f,source_ood,2,train,EMLS,EMLS,waterbody:EMLS:Simnas,2015-08-11
cc3ae0bde99a428c,source_ood,2,train,EMLS,EMLS,waterbody:EMLS:Sitvys,2015-08-18
6f28de6c0dffbfef,source_ood,2,train,EMLS,EMLS,waterbody:EMLS:Talksa,2015-08-03
985467b6ff04d33f,source_ood,2,train,EMLS,EMLS,waterbody:EMLS:Udrija,2015-08-11
05afe76c89b503fa,source_ood,2,train,EMLS,EMLS,waterbody:EMLS:Dojran,2015-09-06
167fa94767a33ac4,source_ood,2,train,EMLS,EMLS,waterbody:EMLS:Ohrid,2015-09-08
06c3e8e2c5cb4b62,source_ood,2,train,EMLS,EMLS,waterbody:EMLS:Prespa,2015-09-07
dadad34735c95e4a,source_ood,2,train,EMLS,EMLS,waterbody:EMLS:Amstelveense,2015-08-12
a3d7f6dcded98e2f,source_ood,2,train,EMLS,EMLS,waterbody:EMLS:Empelse put,2015-08-27
8d6bfa96b6f59e1e,source_ood,2,train,EMLS,EMLS,waterbody:EMLS:Ertveldplas,2015-08-05
0271926ead191b76,source_ood,2,train,EMLS,EMLS,waterbody:EMLS:Geffense,2015-08-21
6f8ddcf11093c2b5,source_ood,2,train,EMLS,EMLS,waterbody:EMLS:Henschotermeer,2015-08-25
d17f1818f2fe95e1,source_ood,2,train,EMLS,EMLS,waterbody:EMLS:Kinselmeer,2015-08-12
5197b92aa5b061f9,source_ood,2,train,EMLS,EMLS,waterbody:EMLS:Meerwijkplas,2015-08-17
599507301b202d69,source_ood,2,train,EMLS,EMLS,waterbody:EMLS:Molenplas,2015-08-17
1899a92caf70e22b,source_ood,2,train,EMLS,EMLS,waterbody:EMLS:Nieuwe Meer,2015-08-31
a63fa38b00227f94,source_ood,2,train,EMLS,EMLS,waterbody:EMLS:Sloterplas,2015-08-19
a24ee75012404e28,source_ood,2,train,EMLS,EMLS,waterbody:EMLS:Stooterplas,2015-09-02
5abc418f2569eb5a,source_ood,2,train,EMLS,EMLS,waterbody:EMLS:Westbroekplas,2015-08-17
a45f91d9fe92c160,source_ood,2,train,EMLS,EMLS,waterbody:EMLS:Wylerbergmeer,2015-08-11
db3484c025124270,source_ood,2,train,EMLS,EMLS,waterbody:EMLS:Akersvannet,2015-08-26
d81c391ec2cde977,source_ood,2,train,EMLS,EMLS,waterbody:EMLS:Arungen,2015-08-12
e5ae780f511663a7,source_ood,2,train,EMLS,EMLS,waterbody:EMLS:Hillestadvannet,2015-08-26
1652bc5630cf3020,source_ood,2,train,EMLS,EMLS,waterbody:EMLS:Mjaer,2015-08-19
c847f6100ff8b8b6,source_ood,2,train,EMLS,EMLS,waterbody:EMLS:Ostensjovannet,2015-08-12
5306358ce87edddd,source_ood,2,train,EMLS,EMLS,waterbody:EMLS:Saebyvannet,2015-08-19
944993d728d5fa28,source_ood,2,train,EMLS,EMLS,waterbody:EMLS:Skulerudsjoen,2015-08-31
942089b1baa72fe6,source_ood,2,train,EMLS,EMLS,waterbody:EMLS:Vansjo-Storefjorden,2015-08-19
84ab46dbe0b89db2,source_ood,2,train,EMLS,EMLS,waterbody:EMLS:Tunevannet,2015-08-31
bd5abc44f281fa6e,source_ood,2,train,EMLS,EMLS,waterbody:EMLS:Vansjo-Vanemfjorden,2015-08-19
15f0c9433f925b1e,source_ood,2,train,EMLS,EMLS,waterbody:EMLS:Bartezek,2015-08-12
73acd885b8b6a5ef,source_ood,2,train,EMLS,EMLS,waterbody:EMLS:Biale Sosnowickie,2015-07-22
91ab99e6524d4918,source_ood,2,train,EMLS,EMLS,waterbody:EMLS:Bninskie,2015-08-03
c09c75cdec3f5cd5,source_ood,2,train,EMLS,EMLS,waterbody:EMLS:Bukowieckie Dute,2015-08-02
5562a0052650a78a,source_ood,2,train,EMLS,EMLS,waterbody:EMLS:Bukowieckie Mate,2015-08-02
08d03a239d5f8b87,source_ood,2,train,EMLS,EMLS,waterbody:EMLS:Buszewskie,2015-08-12
4c59247c5b2684c5,source_ood,2,train,EMLS,EMLS,waterbody:EMLS:Czarne,2015-08-27
61045df4847b7ced,source_ood,2,train,EMLS,EMLS,waterbody:EMLS:Czerniakowskie,2015-08-11
0603498fd5c7212b,source_ood,2,train,EMLS,EMLS,waterbody:EMLS:Debno,2015-08-04
33059a21121f35a6,source_ood,2,train,EMLS,EMLS,waterbody:EMLS:Dlugie,2015-08-26
92ddb4775c416406,source_ood,2,train,EMLS,EMLS,waterbody:EMLS:Dziekanowskie,2015-08-10
f9e26c7a545f6cd3,source_ood,2,train,EMLS,EMLS,waterbody:EMLS:Goreckie,2015-07-24
139f2528c035ac45,source_ood,2,train,EMLS,EMLS,waterbody:EMLS:Grylewskie,2015-08-02
3b92a3d82f12e6d6,source_ood,2,train,EMLS,EMLS,waterbody:EMLS:Ilinskie,2015-08-12
b56568dae7a71d55,source_ood,2,train,EMLS,EMLS,waterbody:EMLS:Jaroslawieckie,2015-07-22
4612a5f7be78ef74,source_ood,2,train,EMLS,EMLS,waterbody:EMLS:Jeziorsko Reservoir,2015-08-08
b39e6383c07c7962,source_ood,2,train,EMLS,EMLS,waterbody:EMLS:Kielpinskie,2015-08-10
2563eae3170994d9,source_ood,2,train,EMLS,EMLS,waterbody:EMLS:Kierskie Male,2015-08-12
e1797c62c0fefd9b,source_ood,2,train,EMLS,EMLS,waterbody:EMLS:Kortowskie,2015-08-25
6dbb9f4436def745,source_ood,2,train,EMLS,EMLS,waterbody:EMLS:Kornickie,2015-08-03
1edefc37a4540918,source_ood,2,train,EMLS,EMLS,waterbody:EMLS:Lednica,2015-08-26
11b950822658a1eb,source_ood,2,train,EMLS,EMLS,waterbody:EMLS:Leknenskie,2015-08-02
bbe2b13a3d8251d8,source_ood,2,train,EMLS,EMLS,waterbody:EMLS:Lodzko Dymaczewskie,2015-08-04
71afe04d1647db77,source_ood,2,train,EMLS,EMLS,waterbody:EMLS:Lubosinskie,2015-08-12
c0b4042ea996ed39,source_ood,2,train,EMLS,EMLS,waterbody:EMLS:Lusowskie,2015-08-31
88b3d6f69aaf37ad,source_ood,2,train,EMLS,EMLS,waterbody:EMLS:Majcz,2015-08-25
0dcc8962f2c6b491,source_ood,2,train,EMLS,EMLS,waterbody:EMLS:Maltanski Reservoir,2015-07-28
653df98c5a098ea2,source_ood,2,train,EMLS,EMLS,waterbody:EMLS:Mikolajskie,2015-08-26
08c1e633b321f755,source_ood,2,train,EMLS,EMLS,waterbody:EMLS:Nidzkie,2015-08-06
aace2602fa31d78b,source_ood,2,train,EMLS,EMLS,waterbody:EMLS:Niepruszewskie,2015-08-28
245d563318a4c529,source_ood,2,train,EMLS,EMLS,waterbody:EMLS:Pniewskie,2015-08-12
0134acf578f8e6d1,source_ood,2,train,EMLS,EMLS,waterbody:EMLS:Podkowka,2015-08-26
585690ecb56c189b,source_ood,2,train,EMLS,EMLS,waterbody:EMLS:Podkamycze_1,2015-08-11
16d0a5c47ced90e2,source_ood,2,train,EMLS,EMLS,waterbody:EMLS:Podkamycze_2,2015-08-11
d251564c05df178b,source_ood,2,train,EMLS,EMLS,waterbody:EMLS:Powsinkowskie,2015-08-11
bec2fb2515c19536,source_ood,2,train,EMLS,EMLS,waterbody:EMLS:Probarskie,2015-08-05
18f25e13d7d1db81,source_ood,2,train,EMLS,EMLS,waterbody:EMLS:Redykajny,2015-08-26
4e6014a6b55771af,source_ood,2,train,EMLS,EMLS,waterbody:EMLS:Rogozinskie,2015-08-02
d722d638b5f6b71b,source_ood,2,train,EMLS,EMLS,waterbody:EMLS:Ros,2015-08-06
e420fa74ddbc5753,source_ood,2,train,EMLS,EMLS,waterbody:EMLS:Rusalka,2015-08-14
1165dda0f39e1961,source_ood,2,train,EMLS,EMLS,waterbody:EMLS:Ruda Woda,2015-08-12
0f25487dee1fe932,source_ood,2,train,EMLS,EMLS,waterbody:EMLS:Rynskie,2015-08-05
701299125a79150d,source_ood,2,train,EMLS,EMLS,waterbody:EMLS:Skanda,2015-08-27
a5bd29bbabacc5e3,source_ood,2,train,EMLS,EMLS,waterbody:EMLS:Strzeszynskie,2015-08-29
75d93fd0d4c159ee,source_ood,2,train,EMLS,EMLS,waterbody:EMLS:Strykowskie,2015-08-14
cf9860d4b8c72a67,source_ood,2,train,EMLS,EMLS,waterbody:EMLS:Sulejow,2015-08-08
8e538005d9335a7c,source_ood,2,train,EMLS,EMLS,waterbody:EMLS:Sumin,2015-07-16
1808c79613c6bad1,source_ood,2,train,EMLS,EMLS,waterbody:EMLS:Swarzndzkie,2015-08-03
1cc05dd64f4909c8,source_ood,2,train,EMLS,EMLS,waterbody:EMLS:Syczynskie,2015-07-16
55136ce938dd87fb,source_ood,2,train,EMLS,EMLS,waterbody:EMLS:Tomaszne,2015-07-22
fcfabc772b28cbcd,source_ood,2,train,EMLS,EMLS,waterbody:EMLS:Track,2015-08-27
05f687c5ff29e30f,source_ood,2,train,EMLS,EMLS,waterbody:EMLS:Tyniec_1,2015-08-20
3dcd135c66b1f83c,source_ood,2,train,EMLS,EMLS,waterbody:EMLS:Tyniec_2,2015-08-20
e841a6f4b4d3ecfa,source_ood,2,train,EMLS,EMLS,waterbody:EMLS:Tyrsko,2015-09-01
7086aa5022e823c2,source_ood,2,train,EMLS,EMLS,waterbody:EMLS:Ukiel_1,2015-08-31
4d5af453bbf54b50,source_ood,2,train,EMLS,EMLS,waterbody:EMLS:Ukiel_2,2015-08-31
1b602e030d7a24e4,source_ood,2,train,EMLS,EMLS,waterbody:EMLS:Ukiel_3,2015-08-31
8a4534130e7c32ac,source_ood,2,train,EMLS,EMLS,waterbody:EMLS:Ukiel_4,2015-08-31
a0c1435c9e2dc0f1,source_ood,2,train,EMLS,EMLS,waterbody:EMLS:Uzarzewskie,2015-07-17
c2047179915bd57b,source_ood,2,train,EMLS,EMLS,waterbody:EMLS:Wolnica,2015-10-03
8883879182967ff7,source_ood,2,train,EMLS,EMLS,waterbody:EMLS:Zemborzycki,2015-07-17
82d50206d69d2201,source_ood,2,train,EMLS,EMLS,waterbody:EMLS:Azibo,2015-08-06
0d8d8bb967f3dc5f,source_ood,2,train,EMLS,EMLS,waterbody:EMLS:Azul,2015-09-08
ceda9bed4b057dbf,source_ood,2,train,EMLS,EMLS,waterbody:EMLS:Furnas,2015-09-07
fca40c64ea1a993f,source_ood,2,train,EMLS,EMLS,waterbody:EMLS:Gostei,2015-08-05
f3090fe55ceeb9b4,source_ood,2,train,EMLS,EMLS,waterbody:EMLS:Miranda,2015-08-07
f74852481843ae79,source_ood,2,train,EMLS,EMLS,waterbody:EMLS:Peneireiro,2015-08-06
3f97a91841c952e2,source_ood,2,train,EMLS,EMLS,waterbody:EMLS:Peixao,2015-09-10
82cf38b70745c404,source_ood,2,train,EMLS,EMLS,waterbody:EMLS:Redonda,2015-09-09
4c392a3a9257ab11,source_ood,2,train,EMLS,EMLS,waterbody:EMLS:Serra Serrada,2015-08-08
fdebd8f4f0118991,source_ood,2,train,EMLS,EMLS,waterbody:EMLS:Lagoa Verde,2015-09-08
5c2303c9497d1601,source_ood,2,train,EMLS,EMLS,waterbody:EMLS:Ladoga,2015-08-19
38730a0d0973ace4,source_ood,2,train,EMLS,EMLS,waterbody:EMLS:Sestroretskij Razliv,2015-08-06
22e02f05e6569c5a,source_ood,2,train,EMLS,EMLS,waterbody:EMLS:Malaren Ekoln,2015-08-20
1ced88323e138686,source_ood,2,train,EMLS,EMLS,waterbody:EMLS:Erken,2015-08-19
79b9a3b38be46aa3,source_ood,2,train,EMLS,EMLS,waterbody:EMLS:Krankesjon,2015-07-22
8b6fda073fa353a2,source_ood,2,train,EMLS,EMLS,waterbody:EMLS:Limmaren,2015-07-10
f001d6f888ce5c56,source_ood,2,train,EMLS,EMLS,waterbody:EMLS:Lotsjon,2015-09-04
405b99b306617a6c,source_ood,2,train,EMLS,EMLS,waterbody:EMLS:Eastern Ringsjon,2015-08-06
783454a3e40e014e,source_ood,2,train,EMLS,EMLS,waterbody:EMLS:Sepond_1,2015-07-25
67377d987aa4167a,source_ood,2,train,EMLS,EMLS,waterbody:EMLS:Sepond_2,2015-07-25
7680e03e211b897c,source_ood,2,train,EMLS,EMLS,waterbody:EMLS:Strandsjon,2015-09-04
4c9999d05ae13e28,source_ood,2,train,EMLS,EMLS,waterbody:EMLS:Vallentunasjon,2015-07-13
e24990f5d285eb4e,source_ood,2,train,EMLS,EMLS,waterbody:EMLS:Valloxen,2015-09-04
37f7441eaa2f7213,source_ood,2,train,EMLS,EMLS,waterbody:EMLS:Vombsjon,2015-08-05
81d9d6084e4e3e7b,source_ood,2,train,EMLS,EMLS,waterbody:EMLS:Bled,2015-08-06
a9e049bd8e991f4d,source_ood,2,train,EMLS,EMLS,waterbody:EMLS:Gajsevsko,2015-08-06
1be4b11e2be97e6e,source_ood,2,train,EMLS,EMLS,waterbody:EMLS:Ledavsko,2015-08-06
5d5b8aa61a127c86,source_ood,2,train,EMLS,EMLS,waterbody:EMLS:Pernica,2015-08-06
e26ee64c280c8bd5,source_ood,2,train,EMLS,EMLS,waterbody:EMLS:Kuchajda,2015-08-13
d402e7642db7224b,source_ood,2,train,EMLS,EMLS,waterbody:EMLS:Malinec,2015-08-26
95d790ad15dd7677,source_ood,2,train,EMLS,EMLS,waterbody:EMLS:Vinne,2015-08-18
acbbdbe5e97780e1,source_ood,2,train,EMLS,EMLS,waterbody:EMLS:Zemplinska,2015-08-18
92957c1035cf3bae,source_ood,2,train,EMLS,EMLS,waterbody:EMLS:Abant,2015-08-26
cb08ecf521216b50,source_ood,2,train,EMLS,EMLS,waterbody:EMLS:Acarlar,2015-08-18
eb892c7ec477e4b8,source_ood,2,train,EMLS,EMLS,waterbody:EMLS:Ak lake,2015-09-02
cf7c623e49edb3b7,source_ood,2,train,EMLS,EMLS,waterbody:EMLS:Akgol,2015-08-18
1c98a14e1ab63f02,source_ood,2,train,EMLS,EMLS,waterbody:EMLS:Akyatan,2015-08-21
a30aa0fa457d9c16,source_ood,2,train,EMLS,EMLS,waterbody:EMLS:Aladag,2015-09-01
2bfd046ece1ed1f6,source_ood,2,train,EMLS,EMLS,waterbody:EMLS:Buyuk Akgol,2015-08-14
1e79908d39b9557f,source_ood,2,train,EMLS,EMLS,waterbody:EMLS:Balik,2015-09-03
e088d7c7dd990c25,source_ood,2,train,EMLS,EMLS,waterbody:EMLS:Berdan,2015-08-19
6210925c3ea37748,source_ood,2,train,EMLS,EMLS,waterbody:EMLS:Beysehir_1,2015-08-10
3cba64ba5b30831a,source_ood,2,train,EMLS,EMLS,waterbody:EMLS:Beysehir_2,2015-08-10
ba924852ee106bb9,source_ood,2,train,EMLS,EMLS,waterbody:EMLS:Borabay,2015-08-30
dc98f1af6e4d39db,source_ood,2,train,EMLS,EMLS,waterbody:EMLS:Catalan,2015-08-20
659e31d8eb9847b1,source_ood,2,train,EMLS,EMLS,waterbody:EMLS:Cernek,2015-09-03
066ea84fad3dea70,source_ood,2,train,EMLS,EMLS,waterbody:EMLS:Cubuk,2015-08-11
ebf436c4459b940d,source_ood,2,train,EMLS,EMLS,waterbody:EMLS:Caygoren,2015-08-25
c3108461e35c186b,source_ood,2,train,EMLS,EMLS,waterbody:EMLS:Eber,2015-08-13
3dc9bec42474df1a,source_ood,2,train,EMLS,EMLS,waterbody:EMLS:Egirdir_1,2015-08-12
5638fbb238688290,source_ood,2,train,EMLS,EMLS,waterbody:EMLS:Egirdir_2,2015-08-12
9840f367f320de99,source_ood,2,train,EMLS,EMLS,waterbody:EMLS:Eymir,2015-08-11
826e9e828a62ace7,source_ood,2,train,EMLS,EMLS,waterbody:EMLS:Gici,2015-09-03
dfe4a7fddabbf477,source_ood,2,train,EMLS,EMLS,waterbody:EMLS:Golcuk,2015-09-02
425def65bbd81890,source_ood,2,train,EMLS,EMLS,waterbody:EMLS:Golhisar,2015-08-11
fe8b796c3d19c043,source_ood,2,train,EMLS,EMLS,waterbody:EMLS:Gumerdigin,2015-09-01
26b0441ebc628eb6,source_ood,2,train,EMLS,EMLS,waterbody:EMLS:Ikizcetepeler,2015-08-25
7b9c78ab799ede3d,source_ood,2,train,EMLS,EMLS,waterbody:EMLS:Kucuk Akgol,2015-08-14
392b981a36360a7c,source_ood,2,train,EMLS,EMLS,waterbody:EMLS:Karaoren,2015-09-01
b4916f2915ba7977,source_ood,2,train,EMLS,EMLS,waterbody:EMLS:Karacaoren_1,2015-08-21
0578be1f25ddfce6,source_ood,2,train,EMLS,EMLS,waterbody:EMLS:Karacaoren_2,2015-08-21
94a647239819a917,source_ood,2,train,EMLS,EMLS,waterbody:EMLS:Kovada,2015-08-06
fd7120cefe3c0ba5,source_ood,2,train,EMLS,EMLS,waterbody:EMLS:Karadere,2015-09-02
4d1668e1c2ed1ec0,source_ood,2,train,EMLS,EMLS,waterbody:EMLS:Karamik,2015-08-13
e9e6c2b3cc627b1c,source_ood,2,train,EMLS,EMLS,waterbody:EMLS:Karatas,2015-08-07
cbb23b8d42fb81fc,source_ood,2,train,EMLS,EMLS,waterbody:EMLS:Ladik,2015-08-30
fb92ad9d74498de9,source_ood,2,train,EMLS,EMLS,waterbody:EMLS:Liman,2015-09-03
88a5d645979d959e,source_ood,2,train,EMLS,EMLS,waterbody:EMLS:Mogan,2015-08-11
880bea3963bf3f09,source_ood,2,train,EMLS,EMLS,waterbody:EMLS:Mollakoy,2015-08-18
d4e52fe99885b967,source_ood,2,train,EMLS,EMLS,waterbody:EMLS:Paradeniz,2015-08-18
c2a77a757e04aa7e,source_ood,2,train,EMLS,EMLS,waterbody:EMLS:Poyrazlar,2015-08-13
2847d55bc9652c50,source_ood,2,train,EMLS,EMLS,waterbody:EMLS:Saraykoy,2015-09-02
a30ae060aa4c831f,source_ood,2,train,EMLS,EMLS,waterbody:EMLS:Sabanozu,2015-09-01
b4e7ae33e9ad083b,source_ood,2,train,EMLS,EMLS,waterbody:EMLS:Sera,2015-09-02
f1379c6ee366d83c,source_ood,2,train,EMLS,EMLS,waterbody:EMLS:Seyhan,2015-08-20
cdf37eb63da212c5,source_ood,2,train,EMLS,EMLS,waterbody:EMLS:Seydi,2015-09-02
d19678d82053598a,source_ood,2,train,EMLS,EMLS,waterbody:EMLS:Simenit,2015-09-02
34106ca270c1e6e0,source_ood,2,train,EMLS,EMLS,waterbody:EMLS:Sugla,2015-08-14
d4125b02b9a68b62,source_ood,2,train,EMLS,EMLS,waterbody:EMLS:Taskisigi,2015-08-13
99fde3bba56166f6,source_ood,2,train,EMLS,EMLS,waterbody:EMLS:Tatli,2015-09-03
854f45621cf79381,source_ood,2,train,EMLS,EMLS,waterbody:EMLS:Uluabat,2015-08-20
1939fbef8a83c331,source_ood,2,train,EMLS,EMLS,waterbody:EMLS:Uzungol,2015-09-02
67ea415958bd0d78,source_ood,2,train,EMLS,EMLS,waterbody:EMLS:Yenicaga,2015-08-27
be77d1a827e6e931,source_ood,2,train,EMLS,EMLS,waterbody:EMLS:Bassenthwaite,2015-08-20
d7559305f7c19bcd,source_ood,2,train,EMLS,EMLS,waterbody:EMLS:Blelham,2015-08-17
c8c8a4565f31e331,source_ood,2,train,EMLS,EMLS,waterbody:EMLS:Derwent,2015-08-20
26669b9cddca293a,source_ood,2,train,EMLS,EMLS,waterbody:EMLS:Erne,2015-08-17
bb09c2172171d2fb,source_ood,2,train,EMLS,EMLS,waterbody:EMLS:Grasmere,2015-08-17
f07e047206740c3a,source_ood,2,train,EMLS,EMLS,waterbody:EMLS:Neagh,2015-08-24
257f66ed850603a6,source_ood,2,train,EMLS,EMLS,waterbody:EMLS:Windermere North Basin,2015-08-18
eae2067ab45b21db,source_ood,2,train,EMLS,EMLS,waterbody:EMLS:Windermere South Basin,2015-08-18
dac8c8a2c7d399f8,source_ood,1,validation,Uruguay_Rio_de_la_Plata,Uruguay_Rio_de_la_Plata,waterbody:Uruguay_Rio_de_la_Plata:Sol,2015-02-03
6a6d8e3ecfe535bb,source_ood,1,validation,Uruguay_Rio_de_la_Plata,Uruguay_Rio_de_la_Plata,waterbody:Uruguay_Rio_de_la_Plata:GualeguaycitoChico,2015-02-11
019eb17e5c9a537c,source_ood,1,validation,Uruguay_Rio_de_la_Plata,Uruguay_Rio_de_la_Plata,waterbody:Uruguay_Rio_de_la_Plata:Grande,2015-02-11
3db7872fe5625403,source_ood,1,validation,Uruguay_Rio_de_la_Plata,Uruguay_Rio_de_la_Plata,waterbody:Uruguay_Rio_de_la_Plata:GualeguaycitoChico,2015-02-18
714a02703440fd1a,source_ood,1,validation,Uruguay_Rio_de_la_Plata,Uruguay_Rio_de_la_Plata,waterbody:Uruguay_Rio_de_la_Plata:Grande,2015-03-10
6086573a55fc3034,source_ood,1,validation,Uruguay_Rio_de_la_Plata,Uruguay_Rio_de_la_Plata,waterbody:Uruguay_Rio_de_la_Plata:LasPalmeras,2015-03-16
d34378313be9c52c,source_ood,1,validation,Uruguay_Rio_de_la_Plata,Uruguay_Rio_de_la_Plata,waterbody:Uruguay_Rio_de_la_Plata:Itapebi,2015-03-16
3b027c12e7dddbe1,source_ood,1,validation,Uruguay_Rio_de_la_Plata,Uruguay_Rio_de_la_Plata,waterbody:Uruguay_Rio_de_la_Plata:Grande,2015-03-18
4d5b5f427b02ce00,source_ood,1,validation,Uruguay_Rio_de_la_Plata,Uruguay_Rio_de_la_Plata,waterbody:Uruguay_Rio_de_la_Plata:Grande,2015-05-18
c6cf7365909c308e,source_ood,1,validation,Uruguay_Rio_de_la_Plata,Uruguay_Rio_de_la_Plata,waterbody:Uruguay_Rio_de_la_Plata:LasPalmeras,2016-01-13
8e36e05ede2ec0bc,source_ood,1,validation,Uruguay_Rio_de_la_Plata,Uruguay_Rio_de_la_Plata,waterbody:Uruguay_Rio_de_la_Plata:LasPalmeras,2016-01-20
265274af5716d223,source_ood,1,validation,Uruguay_Rio_de_la_Plata,Uruguay_Rio_de_la_Plata,waterbody:Uruguay_Rio_de_la_Plata:Sol,2016-01-27
dce282330144ca82,source_ood,1,validation,Uruguay_Rio_de_la_Plata,Uruguay_Rio_de_la_Plata,waterbody:Uruguay_Rio_de_la_Plata:LasPalmeras,2016-01-27
da1613135b4ce691,source_ood,1,validation,Uruguay_Rio_de_la_Plata,Uruguay_Rio_de_la_Plata,waterbody:Uruguay_Rio_de_la_Plata:LasPalmeras,2016-02-03
382e92b53186b773,source_ood,1,validation,Uruguay_Rio_de_la_Plata,Uruguay_Rio_de_la_Plata,waterbody:Uruguay_Rio_de_la_Plata:Sol,2016-02-10
9759639770b10452,source_ood,1,validation,Uruguay_Rio_de_la_Plata,Uruguay_Rio_de_la_Plata,waterbody:Uruguay_Rio_de_la_Plata:Grande,2016-02-10
592567a4112279b0,source_ood,1,validation,Uruguay_Rio_de_la_Plata,Uruguay_Rio_de_la_Plata,waterbody:Uruguay_Rio_de_la_Plata:LasPalmeras,2016-02-10
c217afcc4907bc96,source_ood,1,validation,Uruguay_Rio_de_la_Plata,Uruguay_Rio_de_la_Plata,waterbody:Uruguay_Rio_de_la_Plata:LasPalmeras,2016-02-24
5f38dd9609e7056b,source_ood,1,validation,Uruguay_Rio_de_la_Plata,Uruguay_Rio_de_la_Plata,waterbody:Uruguay_Rio_de_la_Plata:Sol,2016-02-24
82cc00f0d707f996,source_ood,1,validation,Uruguay_Rio_de_la_Plata,Uruguay_Rio_de_la_Plata,waterbody:Uruguay_Rio_de_la_Plata:LasPalmeras,2016-03-02
f3a3f13ac5827c6e,source_ood,1,validation,Uruguay_Rio_de_la_Plata,Uruguay_Rio_de_la_Plata,waterbody:Uruguay_Rio_de_la_Plata:LasPalmeras,2016-03-08
d76983497dc2f4d5,source_ood,1,validation,Uruguay_Rio_de_la_Plata,Uruguay_Rio_de_la_Plata,waterbody:Uruguay_Rio_de_la_Plata:LasPalmeras,2016-03-16
0eb0d35cc194a007,source_ood,1,validation,Uruguay_Rio_de_la_Plata,Uruguay_Rio_de_la_Plata,waterbody:Uruguay_Rio_de_la_Plata:Grande,2016-03-16
7b7604ba251368df,source_ood,1,validation,Uruguay_Rio_de_la_Plata,Uruguay_Rio_de_la_Plata,waterbody:Uruguay_Rio_de_la_Plata:Grande,2016-12-05
f1ca7005e8400f58,source_ood,1,validation,Uruguay_Rio_de_la_Plata,Uruguay_Rio_de_la_Plata,waterbody:Uruguay_Rio_de_la_Plata:Grande,2016-12-12
4075d4407b1bf379,source_ood,1,validation,Uruguay_Rio_de_la_Plata,Uruguay_Rio_de_la_Plata,waterbody:Uruguay_Rio_de_la_Plata:GualeguaycitoChico,2016-12-14
c14a53b8bff214df,source_ood,1,validation,Uruguay_Rio_de_la_Plata,Uruguay_Rio_de_la_Plata,waterbody:Uruguay_Rio_de_la_Plata:ParqueLagoSaltoGrande,2016-12-14
d32306e04928a15e,source_ood,1,validation,Uruguay_Rio_de_la_Plata,Uruguay_Rio_de_la_Plata,waterbody:Uruguay_Rio_de_la_Plata:IntendenciaMunicipalSalto,2016-12-14
37e4be93374d99d1,source_ood,1,validation,Uruguay_Rio_de_la_Plata,Uruguay_Rio_de_la_Plata,waterbody:Uruguay_Rio_de_la_Plata:Sol,2016-12-14
d3620b3d85ebab79,source_ood,1,validation,Uruguay_Rio_de_la_Plata,Uruguay_Rio_de_la_Plata,waterbody:Uruguay_Rio_de_la_Plata:LasPalmeras,2016-12-14
e5bd31e3d98daa22,source_ood,1,validation,Uruguay_Rio_de_la_Plata,Uruguay_Rio_de_la_Plata,waterbody:Uruguay_Rio_de_la_Plata:LaToma,2016-12-14
8a4802c800f507b7,source_ood,1,validation,Uruguay_Rio_de_la_Plata,Uruguay_Rio_de_la_Plata,waterbody:Uruguay_Rio_de_la_Plata:GualeguaycitoChico,2016-12-19
dad4413166122ee6,source_ood,1,validation,Uruguay_Rio_de_la_Plata,Uruguay_Rio_de_la_Plata,waterbody:Uruguay_Rio_de_la_Plata:Itapebi,2016-12-19
58916fd6f77ee3e6,source_ood,1,validation,Uruguay_Rio_de_la_Plata,Uruguay_Rio_de_la_Plata,waterbody:Uruguay_Rio_de_la_Plata:IntendenciaMunicipalSalto,2016-12-20
f321cf223a07d969,source_ood,1,validation,Uruguay_Rio_de_la_Plata,Uruguay_Rio_de_la_Plata,waterbody:Uruguay_Rio_de_la_Plata:LaToma,2016-12-20
46988f1d886330b9,source_ood,1,validation,Uruguay_Rio_de_la_Plata,Uruguay_Rio_de_la_Plata,waterbody:Uruguay_Rio_de_la_Plata:LasPalmeras,2016-12-20
2707ed65de6c6f8f,source_ood,1,validation,Uruguay_Rio_de_la_Plata,Uruguay_Rio_de_la_Plata,waterbody:Uruguay_Rio_de_la_Plata:Sol,2016-12-20
a4ef79d796a3aad2,source_ood,1,validation,Uruguay_Rio_de_la_Plata,Uruguay_Rio_de_la_Plata,waterbody:Uruguay_Rio_de_la_Plata:LasPalmeras,2016-12-28
44f015b8b66af01c,source_ood,1,validation,Uruguay_Rio_de_la_Plata,Uruguay_Rio_de_la_Plata,waterbody:Uruguay_Rio_de_la_Plata:LaToma,2016-12-28
18a22344eb29f3dc,source_ood,1,validation,Uruguay_Rio_de_la_Plata,Uruguay_Rio_de_la_Plata,waterbody:Uruguay_Rio_de_la_Plata:Grande,2016-12-28
13a7a7acfd9b7c5c,source_ood,1,validation,Uruguay_Rio_de_la_Plata,Uruguay_Rio_de_la_Plata,waterbody:Uruguay_Rio_de_la_Plata:Sol,2016-12-28
ea00449affae81cd,source_ood,1,validation,Uruguay_Rio_de_la_Plata,Uruguay_Rio_de_la_Plata,waterbody:Uruguay_Rio_de_la_Plata:GualeguaycitoChico,2016-12-28
a989728028dbeec5,source_ood,1,validation,Uruguay_Rio_de_la_Plata,Uruguay_Rio_de_la_Plata,waterbody:Uruguay_Rio_de_la_Plata:ParqueLagoSaltoGrande,2016-12-28
4848e462125b253e,source_ood,1,validation,Uruguay_Rio_de_la_Plata,Uruguay_Rio_de_la_Plata,waterbody:Uruguay_Rio_de_la_Plata:IntendenciaMunicipalSalto,2016-12-28
dd09af7a475c6820,source_ood,1,validation,Uruguay_Rio_de_la_Plata,Uruguay_Rio_de_la_Plata,waterbody:Uruguay_Rio_de_la_Plata:Grande,2017-01-02
b3e0538f370693bb,source_ood,1,validation,Uruguay_Rio_de_la_Plata,Uruguay_Rio_de_la_Plata,waterbody:Uruguay_Rio_de_la_Plata:LasPalmeras,2017-01-05
7b7bfb6dfe0b0829,source_ood,1,validation,Uruguay_Rio_de_la_Plata,Uruguay_Rio_de_la_Plata,waterbody:Uruguay_Rio_de_la_Plata:LaToma,2017-01-05
9500ecc73dc50c6b,source_ood,1,validation,Uruguay_Rio_de_la_Plata,Uruguay_Rio_de_la_Plata,waterbody:Uruguay_Rio_de_la_Plata:IntendenciaMunicipalSalto,2017-01-05
723ffadcb117f44d,source_ood,1,validation,Uruguay_Rio_de_la_Plata,Uruguay_Rio_de_la_Plata,waterbody:Uruguay_Rio_de_la_Plata:ParqueLagoSaltoGrande,2017-01-05
af00706f732e8e61,source_ood,1,validation,Uruguay_Rio_de_la_Plata,Uruguay_Rio_de_la_Plata,waterbody:Uruguay_Rio_de_la_Plata:Sol,2017-01-05
6b5c207dfcd94ac6,source_ood,1,validation,Uruguay_Rio_de_la_Plata,Uruguay_Rio_de_la_Plata,waterbody:Uruguay_Rio_de_la_Plata:LasPalmeras,2017-01-09
50f08e07e38c26fe,source_ood,1,validation,Uruguay_Rio_de_la_Plata,Uruguay_Rio_de_la_Plata,waterbody:Uruguay_Rio_de_la_Plata:IntendenciaMunicipalSalto,2017-01-09
c6814803ee44bbdc,source_ood,1,validation,Uruguay_Rio_de_la_Plata,Uruguay_Rio_de_la_Plata,waterbody:Uruguay_Rio_de_la_Plata:LaToma,2017-01-09
f3f9eff3b104d4b7,source_ood,1,validation,Uruguay_Rio_de_la_Plata,Uruguay_Rio_de_la_Plata,waterbody:Uruguay_Rio_de_la_Plata:Sol,2017-01-09
285b44953c2e2615,source_ood,1,validation,Uruguay_Rio_de_la_Plata,Uruguay_Rio_de_la_Plata,waterbody:Uruguay_Rio_de_la_Plata:Grande,2017-01-09
ff5512a9a399bc89,source_ood,1,validation,Uruguay_Rio_de_la_Plata,Uruguay_Rio_de_la_Plata,waterbody:Uruguay_Rio_de_la_Plata:ParqueLagoSaltoGrande,2017-01-09
43aa399bf579fafd,source_ood,1,validation,Uruguay_Rio_de_la_Plata,Uruguay_Rio_de_la_Plata,waterbody:Uruguay_Rio_de_la_Plata:GualeguaycitoChico,2017-01-11
7b8aa499df77f523,source_ood,1,validation,Uruguay_Rio_de_la_Plata,Uruguay_Rio_de_la_Plata,waterbody:Uruguay_Rio_de_la_Plata:Grande,2017-01-17
31e9325dbe16f61a,source_ood,1,validation,Uruguay_Rio_de_la_Plata,Uruguay_Rio_de_la_Plata,waterbody:Uruguay_Rio_de_la_Plata:Itapebi,2017-01-18
6b832b1f072ac462,source_ood,1,validation,Uruguay_Rio_de_la_Plata,Uruguay_Rio_de_la_Plata,waterbody:Uruguay_Rio_de_la_Plata:ParqueLagoSaltoGrande,2017-01-18
0c556ae81d66329d,source_ood,1,validation,Uruguay_Rio_de_la_Plata,Uruguay_Rio_de_la_Plata,waterbody:Uruguay_Rio_de_la_Plata:GualeguaycitoChico,2017-01-18
26608127bfd67851,source_ood,1,validation,Uruguay_Rio_de_la_Plata,Uruguay_Rio_de_la_Plata,waterbody:Uruguay_Rio_de_la_Plata:LaToma,2017-01-18
f7281195bdb759a0,source_ood,1,validation,Uruguay_Rio_de_la_Plata,Uruguay_Rio_de_la_Plata,waterbody:Uruguay_Rio_de_la_Plata:Sol,2017-01-18
2f60cd1d75936df8,source_ood,1,validation,Uruguay_Rio_de_la_Plata,Uruguay_Rio_de_la_Plata,waterbody:Uruguay_Rio_de_la_Plata:IntendenciaMunicipalSalto,2017-01-18
07733f7a36b03bc8,source_ood,1,validation,Uruguay_Rio_de_la_Plata,Uruguay_Rio_de_la_Plata,waterbody:Uruguay_Rio_de_la_Plata:RepresaCentroSurEmbalse,2017-01-18
90482b5280cf4e11,source_ood,1,validation,Uruguay_Rio_de_la_Plata,Uruguay_Rio_de_la_Plata,waterbody:Uruguay_Rio_de_la_Plata:LasPalmeras,2017-01-18
cd32b5cd6a453843,source_ood,1,validation,Uruguay_Rio_de_la_Plata,Uruguay_Rio_de_la_Plata,waterbody:Uruguay_Rio_de_la_Plata:Grande,2017-01-23
12b05181f57d3bec,source_ood,1,validation,Uruguay_Rio_de_la_Plata,Uruguay_Rio_de_la_Plata,waterbody:Uruguay_Rio_de_la_Plata:LaToma,2017-01-24
3bd9ca3332c2a73c,source_ood,1,validation,Uruguay_Rio_de_la_Plata,Uruguay_Rio_de_la_Plata,waterbody:Uruguay_Rio_de_la_Plata:IntendenciaMunicipalSalto,2017-01-24
8a85e5e3ccdb51c5,source_ood,1,validation,Uruguay_Rio_de_la_Plata,Uruguay_Rio_de_la_Plata,waterbody:Uruguay_Rio_de_la_Plata:LasPalmeras,2017-01-24
d93aae2e164e232a,source_ood,1,validation,Uruguay_Rio_de_la_Plata,Uruguay_Rio_de_la_Plata,waterbody:Uruguay_Rio_de_la_Plata:ParqueLagoSaltoGrande,2017-01-24
556689f836619954,source_ood,1,validation,Uruguay_Rio_de_la_Plata,Uruguay_Rio_de_la_Plata,waterbody:Uruguay_Rio_de_la_Plata:Sol,2017-01-24
dd01d064ba848729,source_ood,1,validation,Uruguay_Rio_de_la_Plata,Uruguay_Rio_de_la_Plata,waterbody:Uruguay_Rio_de_la_Plata:GualeguaycitoChico,2017-01-25
08ae9a917fd066b0,source_ood,1,validation,Uruguay_Rio_de_la_Plata,Uruguay_Rio_de_la_Plata,waterbody:Uruguay_Rio_de_la_Plata:Grande,2017-01-30
e6b221683bf466c2,source_ood,1,validation,Uruguay_Rio_de_la_Plata,Uruguay_Rio_de_la_Plata,waterbody:Uruguay_Rio_de_la_Plata:GualeguaycitoChico,2017-01-31
381e5c7ec35215b4,source_ood,1,validation,Uruguay_Rio_de_la_Plata,Uruguay_Rio_de_la_Plata,waterbody:Uruguay_Rio_de_la_Plata:ParqueLagoSaltoGrande,2017-01-31
0eea7c0f067079a0,source_ood,1,validation,Uruguay_Rio_de_la_Plata,Uruguay_Rio_de_la_Plata,waterbody:Uruguay_Rio_de_la_Plata:RepresaCentroSurEmbalse,2017-01-31
a521e822ec1aa22a,source_ood,1,validation,Uruguay_Rio_de_la_Plata,Uruguay_Rio_de_la_Plata,waterbody:Uruguay_Rio_de_la_Plata:Sol,2017-01-31
cdec73d2ccd1b01c,source_ood,1,validation,Uruguay_Rio_de_la_Plata,Uruguay_Rio_de_la_Plata,waterbody:Uruguay_Rio_de_la_Plata:LasPalmeras,2017-01-31
987243520eb7e96c,source_ood,1,validation,Uruguay_Rio_de_la_Plata,Uruguay_Rio_de_la_Plata,waterbody:Uruguay_Rio_de_la_Plata:IntendenciaMunicipalSalto,2017-01-31
0b7e0ad22770be83,source_ood,1,validation,Uruguay_Rio_de_la_Plata,Uruguay_Rio_de_la_Plata,waterbody:Uruguay_Rio_de_la_Plata:LaToma,2017-01-31
d55b8f7473ea552d,source_ood,1,validation,Uruguay_Rio_de_la_Plata,Uruguay_Rio_de_la_Plata,waterbody:Uruguay_Rio_de_la_Plata:Itapebi,2017-01-31
9052b5e3ff780fe9,source_ood,1,validation,Uruguay_Rio_de_la_Plata,Uruguay_Rio_de_la_Plata,waterbody:Uruguay_Rio_de_la_Plata:Grande,2017-02-06
5cfda6e48fd6bc89,source_ood,1,validation,Uruguay_Rio_de_la_Plata,Uruguay_Rio_de_la_Plata,waterbody:Uruguay_Rio_de_la_Plata:ParqueLagoSaltoGrande,2017-02-07
bf63cf66d55b162e,source_ood,1,validation,Uruguay_Rio_de_la_Plata,Uruguay_Rio_de_la_Plata,waterbody:Uruguay_Rio_de_la_Plata:LaToma,2017-02-07
c6dc8ef8f28e251e,source_ood,1,validation,Uruguay_Rio_de_la_Plata,Uruguay_Rio_de_la_Plata,waterbody:Uruguay_Rio_de_la_Plata:LasPalmeras,2017-02-07
a356385b2f88b3bb,source_ood,1,validation,Uruguay_Rio_de_la_Plata,Uruguay_Rio_de_la_Plata,waterbody:Uruguay_Rio_de_la_Plata:IntendenciaMunicipalSalto,2017-02-07
c39a385933c1611e,source_ood,1,validation,Uruguay_Rio_de_la_Plata,Uruguay_Rio_de_la_Plata,waterbody:Uruguay_Rio_de_la_Plata:Sol,2017-02-07
1f8211f4bb67c3c9,source_ood,1,validation,Uruguay_Rio_de_la_Plata,Uruguay_Rio_de_la_Plata,waterbody:Uruguay_Rio_de_la_Plata:GualeguaycitoChico,2017-02-08
939cff440e935f63,source_ood,1,validation,Uruguay_Rio_de_la_Plata,Uruguay_Rio_de_la_Plata,waterbody:Uruguay_Rio_de_la_Plata:LasPalmeras,2017-02-14
7db41cd3e85df0c6,source_ood,1,validation,Uruguay_Rio_de_la_Plata,Uruguay_Rio_de_la_Plata,waterbody:Uruguay_Rio_de_la_Plata:IntendenciaMunicipalSalto,2017-02-14
33ae47682adc510c,source_ood,1,validation,Uruguay_Rio_de_la_Plata,Uruguay_Rio_de_la_Plata,waterbody:Uruguay_Rio_de_la_Plata:ParqueLagoSaltoGrande,2017-02-14
17c7339f6593fb43,source_ood,1,validation,Uruguay_Rio_de_la_Plata,Uruguay_Rio_de_la_Plata,waterbody:Uruguay_Rio_de_la_Plata:LaToma,2017-02-14
e3ce275c63eb7494,source_ood,1,validation,Uruguay_Rio_de_la_Plata,Uruguay_Rio_de_la_Plata,waterbody:Uruguay_Rio_de_la_Plata:Sol,2017-02-14
6aa8715d9322163b,source_ood,1,validation,Uruguay_Rio_de_la_Plata,Uruguay_Rio_de_la_Plata,waterbody:Uruguay_Rio_de_la_Plata:Itapebi,2017-02-15
4ae61e46b8c2946e,source_ood,1,validation,Uruguay_Rio_de_la_Plata,Uruguay_Rio_de_la_Plata,waterbody:Uruguay_Rio_de_la_Plata:Grande,2017-02-20
d17de3c7e6ef254f,source_ood,1,validation,Uruguay_Rio_de_la_Plata,Uruguay_Rio_de_la_Plata,waterbody:Uruguay_Rio_de_la_Plata:Sol,2017-02-21
2c45f613e7698d51,source_ood,1,validation,Uruguay_Rio_de_la_Plata,Uruguay_Rio_de_la_Plata,waterbody:Uruguay_Rio_de_la_Plata:LasPalmeras,2017-02-21
b528822c54c84fa3,source_ood,1,validation,Uruguay_Rio_de_la_Plata,Uruguay_Rio_de_la_Plata,waterbody:Uruguay_Rio_de_la_Plata:ParqueLagoSaltoGrande,2017-02-21
210370372ca52850,source_ood,1,validation,Uruguay_Rio_de_la_Plata,Uruguay_Rio_de_la_Plata,waterbody:Uruguay_Rio_de_la_Plata:LaToma,2017-02-21
6b19b098e4720a2c,source_ood,1,validation,Uruguay_Rio_de_la_Plata,Uruguay_Rio_de_la_Plata,waterbody:Uruguay_Rio_de_la_Plata:IntendenciaMunicipalSalto,2017-02-21
f2c9b2472504687f,source_ood,1,validation,Uruguay_Rio_de_la_Plata,Uruguay_Rio_de_la_Plata,waterbody:Uruguay_Rio_de_la_Plata:GualeguaycitoChico,2017-02-22
837c3c8c5eedcc3c,source_ood,1,validation,Uruguay_Rio_de_la_Plata,Uruguay_Rio_de_la_Plata,waterbody:Uruguay_Rio_de_la_Plata:Grande,2017-03-01
9376f72549e67c52,source_ood,1,validation,Uruguay_Rio_de_la_Plata,Uruguay_Rio_de_la_Plata,waterbody:Uruguay_Rio_de_la_Plata:IntendenciaMunicipalSalto,2017-03-01
c4dd3855f0264e69,source_ood,1,validation,Uruguay_Rio_de_la_Plata,Uruguay_Rio_de_la_Plata,waterbody:Uruguay_Rio_de_la_Plata:ParqueLagoSaltoGrande,2017-03-01
21a53db5f86c844a,source_ood,1,validation,Uruguay_Rio_de_la_Plata,Uruguay_Rio_de_la_Plata,waterbody:Uruguay_Rio_de_la_Plata:RepresaCentroSurEmbalse,2017-03-01
0e1775d53e468d30,source_ood,1,validation,Uruguay_Rio_de_la_Plata,Uruguay_Rio_de_la_Plata,waterbody:Uruguay_Rio_de_la_Plata:Itapebi,2017-03-01
42c9a6bbc35e5a00,source_ood,1,validation,Uruguay_Rio_de_la_Plata,Uruguay_Rio_de_la_Plata,waterbody:Uruguay_Rio_de_la_Plata:Sol,2017-03-01
148aec104d16c5c3,source_ood,1,validation,Uruguay_Rio_de_la_Plata,Uruguay_Rio_de_la_Plata,waterbody:Uruguay_Rio_de_la_Plata:LasPalmeras,2017-03-01
40a722cb659705c9,source_ood,1,validation,Uruguay_Rio_de_la_Plata,Uruguay_Rio_de_la_Plata,waterbody:Uruguay_Rio_de_la_Plata:GualeguaycitoChico,2017-03-01
523846aa8ca53eea,source_ood,1,validation,Uruguay_Rio_de_la_Plata,Uruguay_Rio_de_la_Plata,waterbody:Uruguay_Rio_de_la_Plata:LaToma,2017-03-01
7afbea2a2be513ed,source_ood,1,validation,Uruguay_Rio_de_la_Plata,Uruguay_Rio_de_la_Plata,waterbody:Uruguay_Rio_de_la_Plata:Grande,2017-03-07
6f0db09230671537,source_ood,1,validation,Uruguay_Rio_de_la_Plata,Uruguay_Rio_de_la_Plata,waterbody:Uruguay_Rio_de_la_Plata:ParqueLagoSaltoGrande,2017-03-07
40a56a79ee0474cb,source_ood,1,validation,Uruguay_Rio_de_la_Plata,Uruguay_Rio_de_la_Plata,waterbody:Uruguay_Rio_de_la_Plata:IntendenciaMunicipalSalto,2017-03-07
af9ffc329c8f5d3d,source_ood,1,validation,Uruguay_Rio_de_la_Plata,Uruguay_Rio_de_la_Plata,waterbody:Uruguay_Rio_de_la_Plata:Sol,2017-03-07
bba53d305c3c24e3,source_ood,1,validation,Uruguay_Rio_de_la_Plata,Uruguay_Rio_de_la_Plata,waterbody:Uruguay_Rio_de_la_Plata:LaToma,2017-03-07
3740aecae6415296,source_ood,1,validation,Uruguay_Rio_de_la_Plata,Uruguay_Rio_de_la_Plata,waterbody:Uruguay_Rio_de_la_Plata:LasPalmeras,2017-03-07
36d9faf1e7cbbd89,source_ood,1,validation,Uruguay_Rio_de_la_Plata,Uruguay_Rio_de_la_Plata,waterbody:Uruguay_Rio_de_la_Plata:GualeguaycitoChico,2017-03-08
0acd8dbd9dc339a5,source_ood,1,validation,Uruguay_Rio_de_la_Plata,Uruguay_Rio_de_la_Plata,waterbody:Uruguay_Rio_de_la_Plata:Grande,2017-03-13
9492f45af9e119ee,source_ood,1,validation,Uruguay_Rio_de_la_Plata,Uruguay_Rio_de_la_Plata,waterbody:Uruguay_Rio_de_la_Plata:LaToma,2017-03-14
def9b1a1389a9654,source_ood,1,validation,Uruguay_Rio_de_la_Plata,Uruguay_Rio_de_la_Plata,waterbody:Uruguay_Rio_de_la_Plata:ParqueLagoSaltoGrande,2017-03-14
1cced38aa5196237,source_ood,1,validation,Uruguay_Rio_de_la_Plata,Uruguay_Rio_de_la_Plata,waterbody:Uruguay_Rio_de_la_Plata:LasPalmeras,2017-03-14
0fb4dfad941b1008,source_ood,1,validation,Uruguay_Rio_de_la_Plata,Uruguay_Rio_de_la_Plata,waterbody:Uruguay_Rio_de_la_Plata:IntendenciaMunicipalSalto,2017-03-14
0ee1f40419e7c05d,source_ood,1,validation,Uruguay_Rio_de_la_Plata,Uruguay_Rio_de_la_Plata,waterbody:Uruguay_Rio_de_la_Plata:Sol,2017-03-14
105f3d75905ba883,source_ood,1,validation,Uruguay_Rio_de_la_Plata,Uruguay_Rio_de_la_Plata,waterbody:Uruguay_Rio_de_la_Plata:GualeguaycitoChico,2017-03-15
7f85fcf503d9b4bc,source_ood,1,validation,Uruguay_Rio_de_la_Plata,Uruguay_Rio_de_la_Plata,waterbody:Uruguay_Rio_de_la_Plata:Itapebi,2017-03-15
3bce2e7d6e921edc,source_ood,1,validation,Uruguay_Rio_de_la_Plata,Uruguay_Rio_de_la_Plata,waterbody:Uruguay_Rio_de_la_Plata:Sol,2017-03-20
12400609354b5cd3,source_ood,1,validation,Uruguay_Rio_de_la_Plata,Uruguay_Rio_de_la_Plata,waterbody:Uruguay_Rio_de_la_Plata:LaToma,2017-03-20
91559da76b6082ce,source_ood,1,validation,Uruguay_Rio_de_la_Plata,Uruguay_Rio_de_la_Plata,waterbody:Uruguay_Rio_de_la_Plata:IntendenciaMunicipalSalto,2017-03-20
9b5197a8950a9bef,source_ood,1,validation,Uruguay_Rio_de_la_Plata,Uruguay_Rio_de_la_Plata,waterbody:Uruguay_Rio_de_la_Plata:ParqueLagoSaltoGrande,2017-03-20
9070f8e15f1f7020,source_ood,1,validation,Uruguay_Rio_de_la_Plata,Uruguay_Rio_de_la_Plata,waterbody:Uruguay_Rio_de_la_Plata:GualeguaycitoChico,2017-03-20
d25aa2263fccbfc6,source_ood,1,validation,Uruguay_Rio_de_la_Plata,Uruguay_Rio_de_la_Plata,waterbody:Uruguay_Rio_de_la_Plata:RepresaCentroSurEmbalse,2017-03-20
05dfc4e3fb7b7d4b,source_ood,1,validation,Uruguay_Rio_de_la_Plata,Uruguay_Rio_de_la_Plata,waterbody:Uruguay_Rio_de_la_Plata:Grande,2017-03-20
1387b17a40609568,source_ood,1,validation,Uruguay_Rio_de_la_Plata,Uruguay_Rio_de_la_Plata,waterbody:Uruguay_Rio_de_la_Plata:LasPalmeras,2017-03-20
6d805377c2d026f1,source_ood,1,validation,Uruguay_Rio_de_la_Plata,Uruguay_Rio_de_la_Plata,waterbody:Uruguay_Rio_de_la_Plata:GualeguaycitoChico,2017-03-27
2026aa75749e19f7,source_ood,1,validation,Uruguay_Rio_de_la_Plata,Uruguay_Rio_de_la_Plata,waterbody:Uruguay_Rio_de_la_Plata:Sol,2017-03-27
a0b4b8b6cfa9dd89,source_ood,1,validation,Uruguay_Rio_de_la_Plata,Uruguay_Rio_de_la_Plata,waterbody:Uruguay_Rio_de_la_Plata:LasPalmeras,2017-03-27
df320ed384cab94b,source_ood,1,validation,Uruguay_Rio_de_la_Plata,Uruguay_Rio_de_la_Plata,waterbody:Uruguay_Rio_de_la_Plata:LaToma,2017-03-27
5b02539d294cfb90,source_ood,1,validation,Uruguay_Rio_de_la_Plata,Uruguay_Rio_de_la_Plata,waterbody:Uruguay_Rio_de_la_Plata:ParqueLagoSaltoGrande,2017-03-27
d8f4f03cb03d5a20,source_ood,1,validation,Uruguay_Rio_de_la_Plata,Uruguay_Rio_de_la_Plata,waterbody:Uruguay_Rio_de_la_Plata:Itapebi,2017-03-27
400a62e68392892d,source_ood,1,validation,Uruguay_Rio_de_la_Plata,Uruguay_Rio_de_la_Plata,waterbody:Uruguay_Rio_de_la_Plata:IntendenciaMunicipalSalto,2017-03-27
753d75ee761d2f8e,source_ood,1,validation,Uruguay_Rio_de_la_Plata,Uruguay_Rio_de_la_Plata,waterbody:Uruguay_Rio_de_la_Plata:Grande,2017-03-27
6108299b1672efe2,source_ood,1,validation,Uruguay_Rio_de_la_Plata,Uruguay_Rio_de_la_Plata,waterbody:Uruguay_Rio_de_la_Plata:ParqueLagoSaltoGrande,2017-04-26
43f59fccb41e2dd8,source_ood,1,validation,Uruguay_Rio_de_la_Plata,Uruguay_Rio_de_la_Plata,waterbody:Uruguay_Rio_de_la_Plata:LasPalmeras,2017-04-26
2af93ba84153f7c5,source_ood,1,validation,Uruguay_Rio_de_la_Plata,Uruguay_Rio_de_la_Plata,waterbody:Uruguay_Rio_de_la_Plata:LaToma,2017-04-26
c9ea4f2d563d8887,source_ood,1,validation,Uruguay_Rio_de_la_Plata,Uruguay_Rio_de_la_Plata,waterbody:Uruguay_Rio_de_la_Plata:IntendenciaMunicipalSalto,2017-04-26
1b9f95e7eaf2c88e,source_ood,1,validation,Uruguay_Rio_de_la_Plata,Uruguay_Rio_de_la_Plata,waterbody:Uruguay_Rio_de_la_Plata:Sol,2017-04-26
8f03c313809d6971,source_ood,1,validation,Uruguay_Rio_de_la_Plata,Uruguay_Rio_de_la_Plata,waterbody:Uruguay_Rio_de_la_Plata:GualeguaycitoChico,2017-05-02
0b70ad0dd324a77a,source_ood,1,validation,Uruguay_Rio_de_la_Plata,Uruguay_Rio_de_la_Plata,waterbody:Uruguay_Rio_de_la_Plata:RepresaCentroSurEmbalse,2017-05-02
fefbf1669db73ff5,source_ood,1,validation,Uruguay_Rio_de_la_Plata,Uruguay_Rio_de_la_Plata,waterbody:Uruguay_Rio_de_la_Plata:Itapebi,2017-05-02
aa3459bcade21928,source_ood,1,validation,Uruguay_Rio_de_la_Plata,Uruguay_Rio_de_la_Plata,waterbody:Uruguay_Rio_de_la_Plata:ParqueLagoSaltoGrande,2017-05-30
72d1c05df14135c4,source_ood,1,validation,Uruguay_Rio_de_la_Plata,Uruguay_Rio_de_la_Plata,waterbody:Uruguay_Rio_de_la_Plata:Itapebi,2017-05-30
dcb3b10a4d332a8e,source_ood,1,validation,Uruguay_Rio_de_la_Plata,Uruguay_Rio_de_la_Plata,waterbody:Uruguay_Rio_de_la_Plata:GualeguaycitoChico,2017-05-30
6d7de927c02334ef,source_ood,1,validation,Uruguay_Rio_de_la_Plata,Uruguay_Rio_de_la_Plata,waterbody:Uruguay_Rio_de_la_Plata:Sol,2017-05-30
7a0cabc3fd915215,source_ood,1,validation,Uruguay_Rio_de_la_Plata,Uruguay_Rio_de_la_Plata,waterbody:Uruguay_Rio_de_la_Plata:LaToma,2017-05-30
9cf25376664e9eab,source_ood,1,validation,Uruguay_Rio_de_la_Plata,Uruguay_Rio_de_la_Plata,waterbody:Uruguay_Rio_de_la_Plata:IntendenciaMunicipalSalto,2017-05-30
88b7f9dd5d838601,source_ood,1,validation,Uruguay_Rio_de_la_Plata,Uruguay_Rio_de_la_Plata,waterbody:Uruguay_Rio_de_la_Plata:LasPalmeras,2017-05-30
2d0dc9f1c0e57d40,source_ood,1,validation,Uruguay_Rio_de_la_Plata,Uruguay_Rio_de_la_Plata,waterbody:Uruguay_Rio_de_la_Plata:IntendenciaMunicipalSalto,2017-06-28
41463f6a6252a272,source_ood,1,validation,Uruguay_Rio_de_la_Plata,Uruguay_Rio_de_la_Plata,waterbody:Uruguay_Rio_de_la_Plata:LaToma,2017-06-28
1060644dfe994f81,source_ood,1,validation,Uruguay_Rio_de_la_Plata,Uruguay_Rio_de_la_Plata,waterbody:Uruguay_Rio_de_la_Plata:Sol,2017-06-28
aa7389996590d490,source_ood,1,validation,Uruguay_Rio_de_la_Plata,Uruguay_Rio_de_la_Plata,waterbody:Uruguay_Rio_de_la_Plata:ParqueLagoSaltoGrande,2017-06-28
7d9e6fc832c17447,source_ood,1,validation,Uruguay_Rio_de_la_Plata,Uruguay_Rio_de_la_Plata,waterbody:Uruguay_Rio_de_la_Plata:LasPalmeras,2017-06-28
9af423b76604931d,source_ood,1,validation,Uruguay_Rio_de_la_Plata,Uruguay_Rio_de_la_Plata,waterbody:Uruguay_Rio_de_la_Plata:Itapebi,2017-07-03
5b645c30ae5ec4fb,source_ood,1,validation,Uruguay_Rio_de_la_Plata,Uruguay_Rio_de_la_Plata,waterbody:Uruguay_Rio_de_la_Plata:GualeguaycitoChico,2017-07-03
51281c74e78d7fba,source_ood,1,validation,Uruguay_Rio_de_la_Plata,Uruguay_Rio_de_la_Plata,waterbody:Uruguay_Rio_de_la_Plata:RepresaCentroSurEmbalse,2017-07-03
24224e140d42e4c6,source_ood,1,validation,Uruguay_Rio_de_la_Plata,Uruguay_Rio_de_la_Plata,waterbody:Uruguay_Rio_de_la_Plata:Sol,2017-07-25
64ab3679db3402b0,source_ood,1,validation,Uruguay_Rio_de_la_Plata,Uruguay_Rio_de_la_Plata,waterbody:Uruguay_Rio_de_la_Plata:BelenCanal,2017-07-26
d32d5dbf8462362c,source_ood,1,validation,Uruguay_Rio_de_la_Plata,Uruguay_Rio_de_la_Plata,waterbody:Uruguay_Rio_de_la_Plata:Sol,2017-10-23
b40e0fb34410b105,source_ood,1,validation,Uruguay_Rio_de_la_Plata,Uruguay_Rio_de_la_Plata,waterbody:Uruguay_Rio_de_la_Plata:IntendenciaMunicipalSalto,2017-10-23
063402ebe4103959,source_ood,1,validation,Uruguay_Rio_de_la_Plata,Uruguay_Rio_de_la_Plata,waterbody:Uruguay_Rio_de_la_Plata:ParqueLagoSaltoGrande,2017-10-23
48d839073cbd08df,source_ood,1,validation,Uruguay_Rio_de_la_Plata,Uruguay_Rio_de_la_Plata,waterbody:Uruguay_Rio_de_la_Plata:Grande,2017-10-23
2b26226a26386f13,source_ood,1,validation,Uruguay_Rio_de_la_Plata,Uruguay_Rio_de_la_Plata,waterbody:Uruguay_Rio_de_la_Plata:SantaAnaCanal,2017-10-23
1b60570198465ddd,source_ood,1,validation,Uruguay_Rio_de_la_Plata,Uruguay_Rio_de_la_Plata,waterbody:Uruguay_Rio_de_la_Plata:LaToma,2017-10-23
dd4ede214950f0cf,source_ood,1,validation,Uruguay_Rio_de_la_Plata,Uruguay_Rio_de_la_Plata,waterbody:Uruguay_Rio_de_la_Plata:BellaUnion,2017-10-24
d0b524d4520bcc5f,source_ood,1,validation,Uruguay_Rio_de_la_Plata,Uruguay_Rio_de_la_Plata,waterbody:Uruguay_Rio_de_la_Plata:Grande,2017-11-21
8730f661be7d9987,source_ood,1,validation,Uruguay_Rio_de_la_Plata,Uruguay_Rio_de_la_Plata,waterbody:Uruguay_Rio_de_la_Plata:Itapebi,2017-11-22
ebdbb6d2bfb75c70,source_ood,1,validation,Uruguay_Rio_de_la_Plata,Uruguay_Rio_de_la_Plata,waterbody:Uruguay_Rio_de_la_Plata:GualeguaycitoChico,2017-11-22
8019485a042dd363,source_ood,1,validation,Uruguay_Rio_de_la_Plata,Uruguay_Rio_de_la_Plata,waterbody:Uruguay_Rio_de_la_Plata:RepresaCentroSurEmbalse,2017-11-22
7dd905787a7f5d7c,source_ood,1,validation,Uruguay_Rio_de_la_Plata,Uruguay_Rio_de_la_Plata,waterbody:Uruguay_Rio_de_la_Plata:LaToma,2017-11-22
0bf4a72a7840b829,source_ood,1,validation,Uruguay_Rio_de_la_Plata,Uruguay_Rio_de_la_Plata,waterbody:Uruguay_Rio_de_la_Plata:IntendenciaMunicipalSalto,2017-11-22
a56bd9e50d4713ab,source_ood,1,validation,Uruguay_Rio_de_la_Plata,Uruguay_Rio_de_la_Plata,waterbody:Uruguay_Rio_de_la_Plata:Sol,2017-11-22
e1ce901233e81e46,source_ood,1,validation,Uruguay_Rio_de_la_Plata,Uruguay_Rio_de_la_Plata,waterbody:Uruguay_Rio_de_la_Plata:ParqueLagoSaltoGrande,2017-11-22
8739ab5cccc92e1e,source_ood,1,validation,Uruguay_Rio_de_la_Plata,Uruguay_Rio_de_la_Plata,waterbody:Uruguay_Rio_de_la_Plata:LasPalmeras,2017-11-22
a3987c81c4e35fab,source_ood,1,validation,Uruguay_Rio_de_la_Plata,Uruguay_Rio_de_la_Plata,waterbody:Uruguay_Rio_de_la_Plata:ParqueLagoSaltoGrande,2017-12-04
679f01929d7a96db,source_ood,1,validation,Uruguay_Rio_de_la_Plata,Uruguay_Rio_de_la_Plata,waterbody:Uruguay_Rio_de_la_Plata:LaToma,2017-12-04
6df0af7ffd8b672a,source_ood,1,validation,Uruguay_Rio_de_la_Plata,Uruguay_Rio_de_la_Plata,waterbody:Uruguay_Rio_de_la_Plata:LasPalmeras,2017-12-04
5303ac2ef6da3b6e,source_ood,1,validation,Uruguay_Rio_de_la_Plata,Uruguay_Rio_de_la_Plata,waterbody:Uruguay_Rio_de_la_Plata:ParqueLagoSaltoGrande,2017-12-11
2921c2b36c50da82,source_ood,1,validation,Uruguay_Rio_de_la_Plata,Uruguay_Rio_de_la_Plata,waterbody:Uruguay_Rio_de_la_Plata:LasPalmeras,2017-12-11
b280c048f9fc6020,source_ood,1,validation,Uruguay_Rio_de_la_Plata,Uruguay_Rio_de_la_Plata,waterbody:Uruguay_Rio_de_la_Plata:Sol,2017-12-11
0d357aea2091a2ca,source_ood,1,validation,Uruguay_Rio_de_la_Plata,Uruguay_Rio_de_la_Plata,waterbody:Uruguay_Rio_de_la_Plata:IntendenciaMunicipalSalto,2017-12-11
778e8e0f12e48613,source_ood,1,validation,Uruguay_Rio_de_la_Plata,Uruguay_Rio_de_la_Plata,waterbody:Uruguay_Rio_de_la_Plata:Grande,2017-12-12
3d9bddc4d340d844,source_ood,1,validation,Uruguay_Rio_de_la_Plata,Uruguay_Rio_de_la_Plata,waterbody:Uruguay_Rio_de_la_Plata:IntendenciaMunicipalSalto,2017-12-18
9f183ede38be41ed,source_ood,1,validation,Uruguay_Rio_de_la_Plata,Uruguay_Rio_de_la_Plata,waterbody:Uruguay_Rio_de_la_Plata:Grande,2017-12-18
70c24d3eafa646ae,source_ood,1,validation,Uruguay_Rio_de_la_Plata,Uruguay_Rio_de_la_Plata,waterbody:Uruguay_Rio_de_la_Plata:SantaAnaCanal,2017-12-18
02660f5c53fd6586,source_ood,1,validation,Uruguay_Rio_de_la_Plata,Uruguay_Rio_de_la_Plata,waterbody:Uruguay_Rio_de_la_Plata:RepresaCentroSurEmbalse,2017-12-18
619958a4cf51a4e5,source_ood,1,validation,Uruguay_Rio_de_la_Plata,Uruguay_Rio_de_la_Plata,waterbody:Uruguay_Rio_de_la_Plata:Sol,2017-12-18
d7fb5593b8f2ae31,source_ood,1,validation,Uruguay_Rio_de_la_Plata,Uruguay_Rio_de_la_Plata,waterbody:Uruguay_Rio_de_la_Plata:SantaAna,2017-12-18
529670d565a94f6d,source_ood,1,validation,Uruguay_Rio_de_la_Plata,Uruguay_Rio_de_la_Plata,waterbody:Uruguay_Rio_de_la_Plata:ParqueLagoSaltoGrande,2017-12-18
2633fe2f2023ad52,source_ood,1,validation,Uruguay_Rio_de_la_Plata,Uruguay_Rio_de_la_Plata,waterbody:Uruguay_Rio_de_la_Plata:LaToma,2017-12-18
384c009d40a25870,source_ood,1,validation,Uruguay_Rio_de_la_Plata,Uruguay_Rio_de_la_Plata,waterbody:Uruguay_Rio_de_la_Plata:LasPalmeras,2017-12-18
8c15a259f2fcf508,source_ood,1,validation,Uruguay_Rio_de_la_Plata,Uruguay_Rio_de_la_Plata,waterbody:Uruguay_Rio_de_la_Plata:Itapebi,2017-12-18
f1f65033782cb700,source_ood,1,validation,Uruguay_Rio_de_la_Plata,Uruguay_Rio_de_la_Plata,waterbody:Uruguay_Rio_de_la_Plata:GualeguaycitoChico,2017-12-18
d8bbfe2e27315176,source_ood,1,validation,Uruguay_Rio_de_la_Plata,Uruguay_Rio_de_la_Plata,waterbody:Uruguay_Rio_de_la_Plata:BelenPlaya,2017-12-19
f082add162229b4e,source_ood,1,validation,Uruguay_Rio_de_la_Plata,Uruguay_Rio_de_la_Plata,waterbody:Uruguay_Rio_de_la_Plata:BelenCanal,2017-12-19
0c28ee671c84d61f,source_ood,1,validation,Uruguay_Rio_de_la_Plata,Uruguay_Rio_de_la_Plata,waterbody:Uruguay_Rio_de_la_Plata:BellaUnion,2017-12-19
ce8a03d3b373526f,source_ood,1,validation,Uruguay_Rio_de_la_Plata,Uruguay_Rio_de_la_Plata,waterbody:Uruguay_Rio_de_la_Plata:IntendenciaMunicipalSalto,2017-12-26
2d3e858b830152de,source_ood,1,validation,Uruguay_Rio_de_la_Plata,Uruguay_Rio_de_la_Plata,waterbody:Uruguay_Rio_de_la_Plata:LaToma,2017-12-26
1a4031816f2bdb34,source_ood,1,validation,Uruguay_Rio_de_la_Plata,Uruguay_Rio_de_la_Plata,waterbody:Uruguay_Rio_de_la_Plata:GualeguaycitoChico,2017-12-26
57b315478fa94ceb,source_ood,1,validation,Uruguay_Rio_de_la_Plata,Uruguay_Rio_de_la_Plata,waterbody:Uruguay_Rio_de_la_Plata:LasPalmeras,2017-12-26
69c5548dc0182033,source_ood,1,validation,Uruguay_Rio_de_la_Plata,Uruguay_Rio_de_la_Plata,waterbody:Uruguay_Rio_de_la_Plata:Itapebi,2017-12-26
1ff1f2a453b1dcf9,source_ood,1,validation,Uruguay_Rio_de_la_Plata,Uruguay_Rio_de_la_Plata,waterbody:Uruguay_Rio_de_la_Plata:Sol,2017-12-26
ef46055cd355b98d,source_ood,1,validation,Uruguay_Rio_de_la_Plata,Uruguay_Rio_de_la_Plata,waterbody:Uruguay_Rio_de_la_Plata:ParqueLagoSaltoGrande,2017-12-26
edc13931245b8825,source_ood,1,validation,Uruguay_Rio_de_la_Plata,Uruguay_Rio_de_la_Plata,waterbody:Uruguay_Rio_de_la_Plata:Grande,2017-12-26
0a27868e0b65f5df,source_ood,1,validation,Uruguay_Rio_de_la_Plata,Uruguay_Rio_de_la_Plata,waterbody:Uruguay_Rio_de_la_Plata:RepresaCentroSurEmbalse,2017-12-26
73d932da135cb1a5,source_ood,1,validation,Uruguay_Rio_de_la_Plata,Uruguay_Rio_de_la_Plata,waterbody:Uruguay_Rio_de_la_Plata:RepresaCentroSurEmbalse,2018-01-02
f5f07fb4bd6bc456,source_ood,1,validation,Uruguay_Rio_de_la_Plata,Uruguay_Rio_de_la_Plata,waterbody:Uruguay_Rio_de_la_Plata:IntendenciaMunicipalSalto,2018-01-02
e31b0551294300d3,source_ood,1,validation,Uruguay_Rio_de_la_Plata,Uruguay_Rio_de_la_Plata,waterbody:Uruguay_Rio_de_la_Plata:GualeguaycitoChico,2018-01-02
0df03df2305b5dc5,source_ood,1,validation,Uruguay_Rio_de_la_Plata,Uruguay_Rio_de_la_Plata,waterbody:Uruguay_Rio_de_la_Plata:LaToma,2018-01-02
2bee257b06e22679,source_ood,1,validation,Uruguay_Rio_de_la_Plata,Uruguay_Rio_de_la_Plata,waterbody:Uruguay_Rio_de_la_Plata:SantaAna,2018-01-02
0185e85abc1fdad7,source_ood,1,validation,Uruguay_Rio_de_la_Plata,Uruguay_Rio_de_la_Plata,waterbody:Uruguay_Rio_de_la_Plata:SantaAnaCanal,2018-01-02
94ad83f78b009272,source_ood,1,validation,Uruguay_Rio_de_la_Plata,Uruguay_Rio_de_la_Plata,waterbody:Uruguay_Rio_de_la_Plata:Sol,2018-01-02
173f9f64dd67b7ab,source_ood,1,validation,Uruguay_Rio_de_la_Plata,Uruguay_Rio_de_la_Plata,waterbody:Uruguay_Rio_de_la_Plata:Grande,2018-01-02
fca0486b42f2a878,source_ood,1,validation,Uruguay_Rio_de_la_Plata,Uruguay_Rio_de_la_Plata,waterbody:Uruguay_Rio_de_la_Plata:LasPalmeras,2018-01-02
8f10580710182c17,source_ood,1,validation,Uruguay_Rio_de_la_Plata,Uruguay_Rio_de_la_Plata,waterbody:Uruguay_Rio_de_la_Plata:ParqueLagoSaltoGrande,2018-01-02
91946d9072a1c4bc,source_ood,1,validation,Uruguay_Rio_de_la_Plata,Uruguay_Rio_de_la_Plata,waterbody:Uruguay_Rio_de_la_Plata:Itapebi,2018-01-02
085335f9421a02cf,source_ood,1,validation,Uruguay_Rio_de_la_Plata,Uruguay_Rio_de_la_Plata,waterbody:Uruguay_Rio_de_la_Plata:BelenCanal,2018-01-03
aa1cce1b31b9eefc,source_ood,1,validation,Uruguay_Rio_de_la_Plata,Uruguay_Rio_de_la_Plata,waterbody:Uruguay_Rio_de_la_Plata:BelenPlaya,2018-01-03
5fa45e75869af4e7,source_ood,1,validation,Uruguay_Rio_de_la_Plata,Uruguay_Rio_de_la_Plata,waterbody:Uruguay_Rio_de_la_Plata:BellaUnion,2018-01-03
f884cb8cf57d00a5,source_ood,1,validation,Uruguay_Rio_de_la_Plata,Uruguay_Rio_de_la_Plata,waterbody:Uruguay_Rio_de_la_Plata:Grande,2018-01-08
57d21f7e28a237e5,source_ood,1,validation,Uruguay_Rio_de_la_Plata,Uruguay_Rio_de_la_Plata,waterbody:Uruguay_Rio_de_la_Plata:ParqueLagoSaltoGrande,2018-01-08
8e97544e45ee4c9d,source_ood,1,validation,Uruguay_Rio_de_la_Plata,Uruguay_Rio_de_la_Plata,waterbody:Uruguay_Rio_de_la_Plata:LaToma,2018-01-08
1df45287155ac61a,source_ood,1,validation,Uruguay_Rio_de_la_Plata,Uruguay_Rio_de_la_Plata,waterbody:Uruguay_Rio_de_la_Plata:LasPalmeras,2018-01-08
85e3be5eeefff9ba,source_ood,1,validation,Uruguay_Rio_de_la_Plata,Uruguay_Rio_de_la_Plata,waterbody:Uruguay_Rio_de_la_Plata:Sol,2018-01-08
d515db8e41b4d4fb,source_ood,1,validation,Uruguay_Rio_de_la_Plata,Uruguay_Rio_de_la_Plata,waterbody:Uruguay_Rio_de_la_Plata:GualeguaycitoChico,2018-01-10
36fefac6f1867253,source_ood,1,validation,Uruguay_Rio_de_la_Plata,Uruguay_Rio_de_la_Plata,waterbody:Uruguay_Rio_de_la_Plata:LaToma,2018-01-15
1715b21402135edd,source_ood,1,validation,Uruguay_Rio_de_la_Plata,Uruguay_Rio_de_la_Plata,waterbody:Uruguay_Rio_de_la_Plata:ParqueLagoSaltoGrande,2018-01-15
6a3d80e54913b299,source_ood,1,validation,Uruguay_Rio_de_la_Plata,Uruguay_Rio_de_la_Plata,waterbody:Uruguay_Rio_de_la_Plata:LasPalmeras,2018-01-15
db79b0c17b3ccea5,source_ood,1,validation,Uruguay_Rio_de_la_Plata,Uruguay_Rio_de_la_Plata,waterbody:Uruguay_Rio_de_la_Plata:IntendenciaMunicipalSalto,2018-01-15
6822ad17e7ca16d3,source_ood,1,validation,Uruguay_Rio_de_la_Plata,Uruguay_Rio_de_la_Plata,waterbody:Uruguay_Rio_de_la_Plata:Sol,2018-01-15
93935c8193f55deb,source_ood,1,validation,Uruguay_Rio_de_la_Plata,Uruguay_Rio_de_la_Plata,waterbody:Uruguay_Rio_de_la_Plata:Itapebi,2018-01-16
8483716bf258df51,source_ood,1,validation,Uruguay_Rio_de_la_Plata,Uruguay_Rio_de_la_Plata,waterbody:Uruguay_Rio_de_la_Plata:SantaAnaCanal,2018-01-16
f7a487f255b1692d,source_ood,1,validation,Uruguay_Rio_de_la_Plata,Uruguay_Rio_de_la_Plata,waterbody:Uruguay_Rio_de_la_Plata:SantaAna,2018-01-16
ca87a939193bb8e4,source_ood,1,validation,Uruguay_Rio_de_la_Plata,Uruguay_Rio_de_la_Plata,waterbody:Uruguay_Rio_de_la_Plata:GualeguaycitoChico,2018-01-16
953d58a187a3fd74,source_ood,1,validation,Uruguay_Rio_de_la_Plata,Uruguay_Rio_de_la_Plata,waterbody:Uruguay_Rio_de_la_Plata:RepresaCentroSurEmbalse,2018-01-16
195a2b6fc281a7ef,source_ood,1,validation,Uruguay_Rio_de_la_Plata,Uruguay_Rio_de_la_Plata,waterbody:Uruguay_Rio_de_la_Plata:Grande,2018-01-16
176527b49c24ae61,source_ood,1,validation,Uruguay_Rio_de_la_Plata,Uruguay_Rio_de_la_Plata,waterbody:Uruguay_Rio_de_la_Plata:BellaUnion,2018-01-17
bea8e5175c0f4c73,source_ood,1,validation,Uruguay_Rio_de_la_Plata,Uruguay_Rio_de_la_Plata,waterbody:Uruguay_Rio_de_la_Plata:BellaUnionMonteCaserosCanal,2018-01-17
3c3d117359b703a9,source_ood,1,validation,Uruguay_Rio_de_la_Plata,Uruguay_Rio_de_la_Plata,waterbody:Uruguay_Rio_de_la_Plata:BelenPlaya,2018-01-17
ca5ca1e489443e8a,source_ood,1,validation,Uruguay_Rio_de_la_Plata,Uruguay_Rio_de_la_Plata,waterbody:Uruguay_Rio_de_la_Plata:BelenCanal,2018-01-17
72fa8882f30ef8fc,source_ood,1,validation,Uruguay_Rio_de_la_Plata,Uruguay_Rio_de_la_Plata,waterbody:Uruguay_Rio_de_la_Plata:GualeguaycitoChico,2018-01-22
ae54c295145af0a4,source_ood,1,validation,Uruguay_Rio_de_la_Plata,Uruguay_Rio_de_la_Plata,waterbody:Uruguay_Rio_de_la_Plata:Grande,2018-01-22
a7b77816c709c674,source_ood,1,validation,Uruguay_Rio_de_la_Plata,Uruguay_Rio_de_la_Plata,waterbody:Uruguay_Rio_de_la_Plata:LasPalmeras,2018-01-23
ffc3819008612c82,source_ood,1,validation,Uruguay_Rio_de_la_Plata,Uruguay_Rio_de_la_Plata,waterbody:Uruguay_Rio_de_la_Plata:Sol,2018-01-23
40af3d5b347b7648,source_ood,1,validation,Uruguay_Rio_de_la_Plata,Uruguay_Rio_de_la_Plata,waterbody:Uruguay_Rio_de_la_Plata:IntendenciaMunicipalSalto,2018-01-23
a370a7fcdc3d60e3,source_ood,1,validation,Uruguay_Rio_de_la_Plata,Uruguay_Rio_de_la_Plata,waterbody:Uruguay_Rio_de_la_Plata:ParqueLagoSaltoGrande,2018-01-23
66bf8d553dfa834c,source_ood,1,validation,Uruguay_Rio_de_la_Plata,Uruguay_Rio_de_la_Plata,waterbody:Uruguay_Rio_de_la_Plata:LaToma,2018-01-23
ce65a7d13430592c,source_ood,1,validation,Uruguay_Rio_de_la_Plata,Uruguay_Rio_de_la_Plata,waterbody:Uruguay_Rio_de_la_Plata:IntendenciaMunicipalSalto,2018-01-30
bc6d4a9637865fa5,source_ood,1,validation,Uruguay_Rio_de_la_Plata,Uruguay_Rio_de_la_Plata,waterbody:Uruguay_Rio_de_la_Plata:LasPalmeras,2018-01-30
9e6f95d8e7c04839,source_ood,1,validation,Uruguay_Rio_de_la_Plata,Uruguay_Rio_de_la_Plata,waterbody:Uruguay_Rio_de_la_Plata:ParqueLagoSaltoGrande,2018-01-30
063ddf4add561386,source_ood,1,validation,Uruguay_Rio_de_la_Plata,Uruguay_Rio_de_la_Plata,waterbody:Uruguay_Rio_de_la_Plata:Grande,2018-01-30
61579a8283d83301,source_ood,1,validation,Uruguay_Rio_de_la_Plata,Uruguay_Rio_de_la_Plata,waterbody:Uruguay_Rio_de_la_Plata:GualeguaycitoChico,2018-01-30
cb6fff9ca0fd37ef,source_ood,1,validation,Uruguay_Rio_de_la_Plata,Uruguay_Rio_de_la_Plata,waterbody:Uruguay_Rio_de_la_Plata:Sol,2018-01-30
ed8ffaebced70913,source_ood,1,validation,Uruguay_Rio_de_la_Plata,Uruguay_Rio_de_la_Plata,waterbody:Uruguay_Rio_de_la_Plata:LaToma,2018-01-30
5dfca1d72d8d821b,source_ood,1,validation,Uruguay_Rio_de_la_Plata,Uruguay_Rio_de_la_Plata,waterbody:Uruguay_Rio_de_la_Plata:Grande,2018-02-05
dd3644c1f07f880c,source_ood,1,validation,Uruguay_Rio_de_la_Plata,Uruguay_Rio_de_la_Plata,waterbody:Uruguay_Rio_de_la_Plata:Itapebi,2018-02-05
283833a4e961b703,source_ood,1,validation,Uruguay_Rio_de_la_Plata,Uruguay_Rio_de_la_Plata,waterbody:Uruguay_Rio_de_la_Plata:LaToma,2018-02-05
366455255e82190a,source_ood,1,validation,Uruguay_Rio_de_la_Plata,Uruguay_Rio_de_la_Plata,waterbody:Uruguay_Rio_de_la_Plata:LasPalmeras,2018-02-05
4fd70c575fa9691c,source_ood,1,validation,Uruguay_Rio_de_la_Plata,Uruguay_Rio_de_la_Plata,waterbody:Uruguay_Rio_de_la_Plata:SantaAnaCanal,2018-02-05
c071ebc81db7347b,source_ood,1,validation,Uruguay_Rio_de_la_Plata,Uruguay_Rio_de_la_Plata,waterbody:Uruguay_Rio_de_la_Plata:Sol,2018-02-05
42397e35eaa79b80,source_ood,1,validation,Uruguay_Rio_de_la_Plata,Uruguay_Rio_de_la_Plata,waterbody:Uruguay_Rio_de_la_Plata:IntendenciaMunicipalSalto,2018-02-05
88cfd3a0ce8b06ea,source_ood,1,validation,Uruguay_Rio_de_la_Plata,Uruguay_Rio_de_la_Plata,waterbody:Uruguay_Rio_de_la_Plata:RepresaCentroSurEmbalse,2018-02-05
7fec1fee4e82b563,source_ood,1,validation,Uruguay_Rio_de_la_Plata,Uruguay_Rio_de_la_Plata,waterbody:Uruguay_Rio_de_la_Plata:GualeguaycitoChico,2018-02-05
e64555f3c1b3ea6f,source_ood,1,validation,Uruguay_Rio_de_la_Plata,Uruguay_Rio_de_la_Plata,waterbody:Uruguay_Rio_de_la_Plata:SantaAna,2018-02-05
414720c49a16f99f,source_ood,1,validation,Uruguay_Rio_de_la_Plata,Uruguay_Rio_de_la_Plata,waterbody:Uruguay_Rio_de_la_Plata:ParqueLagoSaltoGrande,2018-02-05
026de05d3dfcdcf9,source_ood,1,validation,Uruguay_Rio_de_la_Plata,Uruguay_Rio_de_la_Plata,waterbody:Uruguay_Rio_de_la_Plata:LasPalmeras,2018-02-14
3422a6ebac640c2e,source_ood,1,validation,Uruguay_Rio_de_la_Plata,Uruguay_Rio_de_la_Plata,waterbody:Uruguay_Rio_de_la_Plata:ParqueLagoSaltoGrande,2018-02-14
d896e0406741bc30,source_ood,1,validation,Uruguay_Rio_de_la_Plata,Uruguay_Rio_de_la_Plata,waterbody:Uruguay_Rio_de_la_Plata:LaToma,2018-02-14
f714eeb8255f0931,source_ood,1,validation,Uruguay_Rio_de_la_Plata,Uruguay_Rio_de_la_Plata,waterbody:Uruguay_Rio_de_la_Plata:IntendenciaMunicipalSalto,2018-02-14
675dd7f15479db7a,source_ood,1,validation,Uruguay_Rio_de_la_Plata,Uruguay_Rio_de_la_Plata,waterbody:Uruguay_Rio_de_la_Plata:Grande,2018-02-14
6b74958d16eabde5,source_ood,1,validation,Uruguay_Rio_de_la_Plata,Uruguay_Rio_de_la_Plata,waterbody:Uruguay_Rio_de_la_Plata:Sol,2018-02-14
d6a91c69c6c2a8f2,source_ood,1,validation,Uruguay_Rio_de_la_Plata,Uruguay_Rio_de_la_Plata,waterbody:Uruguay_Rio_de_la_Plata:IntendenciaMunicipalSalto,2018-02-19
9b3a42187a4a9d94,source_ood,1,validation,Uruguay_Rio_de_la_Plata,Uruguay_Rio_de_la_Plata,waterbody:Uruguay_Rio_de_la_Plata:ParqueLagoSaltoGrande,2018-02-19
a76bef53ae77d6ea,source_ood,1,validation,Uruguay_Rio_de_la_Plata,Uruguay_Rio_de_la_Plata,waterbody:Uruguay_Rio_de_la_Plata:LasPalmeras,2018-02-19
0cf083b0e35b70b0,source_ood,1,validation,Uruguay_Rio_de_la_Plata,Uruguay_Rio_de_la_Plata,waterbody:Uruguay_Rio_de_la_Plata:LaToma,2018-02-19
8386261788744122,source_ood,1,validation,Uruguay_Rio_de_la_Plata,Uruguay_Rio_de_la_Plata,waterbody:Uruguay_Rio_de_la_Plata:Grande,2018-02-19
9c44ee21558a2d73,source_ood,1,validation,Uruguay_Rio_de_la_Plata,Uruguay_Rio_de_la_Plata,waterbody:Uruguay_Rio_de_la_Plata:SantaAnaCanal,2018-02-19
cc39d5700a56611b,source_ood,1,validation,Uruguay_Rio_de_la_Plata,Uruguay_Rio_de_la_Plata,waterbody:Uruguay_Rio_de_la_Plata:Sol,2018-02-19
837c693c298da554,source_ood,1,validation,Uruguay_Rio_de_la_Plata,Uruguay_Rio_de_la_Plata,waterbody:Uruguay_Rio_de_la_Plata:SantaAna,2018-02-19
35fe4834daed2962,source_ood,1,validation,Uruguay_Rio_de_la_Plata,Uruguay_Rio_de_la_Plata,waterbody:Uruguay_Rio_de_la_Plata:BellaUnionMonteCaserosCanal,2018-02-20
801a6a0191db886a,source_ood,1,validation,Uruguay_Rio_de_la_Plata,Uruguay_Rio_de_la_Plata,waterbody:Uruguay_Rio_de_la_Plata:BellaUnion,2018-02-20
2f45654558a35018,source_ood,1,validation,Uruguay_Rio_de_la_Plata,Uruguay_Rio_de_la_Plata,waterbody:Uruguay_Rio_de_la_Plata:BelenPlaya,2018-02-20
01df0aa8526daaee,source_ood,1,validation,Uruguay_Rio_de_la_Plata,Uruguay_Rio_de_la_Plata,waterbody:Uruguay_Rio_de_la_Plata:BelenCanal,2018-02-20
53ef5d5e8ac7c843,source_ood,1,validation,Uruguay_Rio_de_la_Plata,Uruguay_Rio_de_la_Plata,waterbody:Uruguay_Rio_de_la_Plata:GualeguaycitoChico,2018-02-21
bda4f7d1be53ed76,source_ood,1,validation,Uruguay_Rio_de_la_Plata,Uruguay_Rio_de_la_Plata,waterbody:Uruguay_Rio_de_la_Plata:Itapebi,2018-02-21
7e41bbd41271b289,source_ood,1,validation,Uruguay_Rio_de_la_Plata,Uruguay_Rio_de_la_Plata,waterbody:Uruguay_Rio_de_la_Plata:RepresaCentroSurEmbalse,2018-02-21
5f4d36290ede81f8,source_ood,1,validation,Uruguay_Rio_de_la_Plata,Uruguay_Rio_de_la_Plata,waterbody:Uruguay_Rio_de_la_Plata:Grande,2018-02-26
28dfcca3c70dc354,source_ood,1,validation,Uruguay_Rio_de_la_Plata,Uruguay_Rio_de_la_Plata,waterbody:Uruguay_Rio_de_la_Plata:LasPalmeras,2018-02-27
253f83bbd8d11910,source_ood,1,validation,Uruguay_Rio_de_la_Plata,Uruguay_Rio_de_la_Plata,waterbody:Uruguay_Rio_de_la_Plata:ParqueLagoSaltoGrande,2018-02-27
b33530a9bc1d45e6,source_ood,1,validation,Uruguay_Rio_de_la_Plata,Uruguay_Rio_de_la_Plata,waterbody:Uruguay_Rio_de_la_Plata:IntendenciaMunicipalSalto,2018-02-27
ced7f2cc78a3f316,source_ood,1,validation,Uruguay_Rio_de_la_Plata,Uruguay_Rio_de_la_Plata,waterbody:Uruguay_Rio_de_la_Plata:Sol,2018-02-27
648ece5beffa5305,source_ood,1,validation,Uruguay_Rio_de_la_Plata,Uruguay_Rio_de_la_Plata,waterbody:Uruguay_Rio_de_la_Plata:LaToma,2018-02-27
d994743eac556861,source_ood,1,validation,Uruguay_Rio_de_la_Plata,Uruguay_Rio_de_la_Plata,waterbody:Uruguay_Rio_de_la_Plata:GualeguaycitoChico,2018-03-01
3c77dd0cd18fc877,source_ood,1,validation,Uruguay_Rio_de_la_Plata,Uruguay_Rio_de_la_Plata,waterbody:Uruguay_Rio_de_la_Plata:SantaAnaCanal,2018-03-05
023c3b91834329ef,source_ood,1,validation,Uruguay_Rio_de_la_Plata,Uruguay_Rio_de_la_Plata,waterbody:Uruguay_Rio_de_la_Plata:Grande,2018-03-05
035995ad2313f67b,source_ood,1,validation,Uruguay_Rio_de_la_Plata,Uruguay_Rio_de_la_Plata,waterbody:Uruguay_Rio_de_la_Plata:SantaAna,2018-03-05
cded191bab2a1cdf,source_ood,1,validation,Uruguay_Rio_de_la_Plata,Uruguay_Rio_de_la_Plata,waterbody:Uruguay_Rio_de_la_Plata:BellaUnionMonteCaserosCanal,2018-03-06
8b86f0b4cc2d6ded,source_ood,1,validation,Uruguay_Rio_de_la_Plata,Uruguay_Rio_de_la_Plata,waterbody:Uruguay_Rio_de_la_Plata:LasPalmeras,2018-03-06
ddda14f8b1166de8,source_ood,1,validation,Uruguay_Rio_de_la_Plata,Uruguay_Rio_de_la_Plata,waterbody:Uruguay_Rio_de_la_Plata:LaToma,2018-03-06
47032a22a2d283f2,source_ood,1,validation,Uruguay_Rio_de_la_Plata,Uruguay_Rio_de_la_Plata,waterbody:Uruguay_Rio_de_la_Plata:IntendenciaMunicipalSalto,2018-03-06
4eec263a3b1b0347,source_ood,1,validation,Uruguay_Rio_de_la_Plata,Uruguay_Rio_de_la_Plata,waterbody:Uruguay_Rio_de_la_Plata:ParqueLagoSaltoGrande,2018-03-06
b308d7e558b87cd7,source_ood,1,validation,Uruguay_Rio_de_la_Plata,Uruguay_Rio_de_la_Plata,waterbody:Uruguay_Rio_de_la_Plata:BelenCanal,2018-03-06
41e26d7c699dfeba,source_ood,1,validation,Uruguay_Rio_de_la_Plata,Uruguay_Rio_de_la_Plata,waterbody:Uruguay_Rio_de_la_Plata:BelenPlaya,2018-03-06
3f1da0da31eca648,source_ood,1,validation,Uruguay_Rio_de_la_Plata,Uruguay_Rio_de_la_Plata,waterbody:Uruguay_Rio_de_la_Plata:Sol,2018-03-06
e34bade0f76f7395,source_ood,1,validation,Uruguay_Rio_de_la_Plata,Uruguay_Rio_de_la_Plata,waterbody:Uruguay_Rio_de_la_Plata:RepresaCentroSurEmbalse,2018-03-08
17b334570c8a757d,source_ood,1,validation,Uruguay_Rio_de_la_Plata,Uruguay_Rio_de_la_Plata,waterbody:Uruguay_Rio_de_la_Plata:GualeguaycitoChico,2018-03-09
ad99eadc933b4b0c,source_ood,1,validation,Uruguay_Rio_de_la_Plata,Uruguay_Rio_de_la_Plata,waterbody:Uruguay_Rio_de_la_Plata:Itapebi,2018-03-09
e5f3587214070fd1,source_ood,1,validation,Uruguay_Rio_de_la_Plata,Uruguay_Rio_de_la_Plata,waterbody:Uruguay_Rio_de_la_Plata:Grande,2018-03-12
779189cba55818ca,source_ood,1,validation,Uruguay_Rio_de_la_Plata,Uruguay_Rio_de_la_Plata,waterbody:Uruguay_Rio_de_la_Plata:Sol,2018-03-13
dd9022bf711ea9e2,source_ood,1,validation,Uruguay_Rio_de_la_Plata,Uruguay_Rio_de_la_Plata,waterbody:Uruguay_Rio_de_la_Plata:LaToma,2018-03-13
01adcf8f289a8fed,source_ood,1,validation,Uruguay_Rio_de_la_Plata,Uruguay_Rio_de_la_Plata,waterbody:Uruguay_Rio_de_la_Plata:IntendenciaMunicipalSalto,2018-03-13
e9d8f9f3a96e618d,source_ood,1,validation,Uruguay_Rio_de_la_Plata,Uruguay_Rio_de_la_Plata,waterbody:Uruguay_Rio_de_la_Plata:LasPalmeras,2018-03-13
8b980aa68593d1cf,source_ood,1,validation,Uruguay_Rio_de_la_Plata,Uruguay_Rio_de_la_Plata,waterbody:Uruguay_Rio_de_la_Plata:ParqueLagoSaltoGrande,2018-03-13
dd80da85ed23c2e5,source_ood,1,validation,Uruguay_Rio_de_la_Plata,Uruguay_Rio_de_la_Plata,waterbody:Uruguay_Rio_de_la_Plata:GualeguaycitoChico,2018-03-14
c2b0d8d6a7083337,source_ood,1,validation,Uruguay_Rio_de_la_Plata,Uruguay_Rio_de_la_Plata,waterbody:Uruguay_Rio_de_la_Plata:Grande,2018-03-19
9919105cff69d438,source_ood,1,validation,Uruguay_Rio_de_la_Plata,Uruguay_Rio_de_la_Plata,waterbody:Uruguay_Rio_de_la_Plata:SantaAna,2018-03-19
a4d9d269c4c35477,source_ood,1,validation,Uruguay_Rio_de_la_Plata,Uruguay_Rio_de_la_Plata,waterbody:Uruguay_Rio_de_la_Plata:SantaAnaCanal,2018-03-19
6d33ffa58856f0cd,source_ood,1,validation,Uruguay_Rio_de_la_Plata,Uruguay_Rio_de_la_Plata,waterbody:Uruguay_Rio_de_la_Plata:ParqueLagoSaltoGrande,2018-03-20
0818bf5b82cc2eb1,source_ood,1,validation,Uruguay_Rio_de_la_Plata,Uruguay_Rio_de_la_Plata,waterbody:Uruguay_Rio_de_la_Plata:BellaUnion,2018-03-20
3ad55a62c8d23957,source_ood,1,validation,Uruguay_Rio_de_la_Plata,Uruguay_Rio_de_la_Plata,waterbody:Uruguay_Rio_de_la_Plata:LaToma,2018-03-20
4ab224bc0519d332,source_ood,1,validation,Uruguay_Rio_de_la_Plata,Uruguay_Rio_de_la_Plata,waterbody:Uruguay_Rio_de_la_Plata:BellaUnionMonteCaserosCanal,2018-03-20
0f80e0cd77280550,source_ood,1,validation,Uruguay_Rio_de_la_Plata,Uruguay_Rio_de_la_Plata,waterbody:Uruguay_Rio_de_la_Plata:BelenPlaya,2018-03-20
feea21744619d36c,source_ood,1,validation,Uruguay_Rio_de_la_Plata,Uruguay_Rio_de_la_Plata,waterbody:Uruguay_Rio_de_la_Plata:Sol,2018-03-20
b10d649ce1b73ed4,source_ood,1,validation,Uruguay_Rio_de_la_Plata,Uruguay_Rio_de_la_Plata,waterbody:Uruguay_Rio_de_la_Plata:LasPalmeras,2018-03-20
8620e16d6b195143,source_ood,1,validation,Uruguay_Rio_de_la_Plata,Uruguay_Rio_de_la_Plata,waterbody:Uruguay_Rio_de_la_Plata:IntendenciaMunicipalSalto,2018-03-20
4300a9da32de4473,source_ood,1,validation,Uruguay_Rio_de_la_Plata,Uruguay_Rio_de_la_Plata,waterbody:Uruguay_Rio_de_la_Plata:BelenCanal,2018-03-20
1926b4cfe9354d34,source_ood,1,validation,Uruguay_Rio_de_la_Plata,Uruguay_Rio_de_la_Plata,waterbody:Uruguay_Rio_de_la_Plata:Itapebi,2018-03-21
8c8ddc582657ebf5,source_ood,1,validation,Uruguay_Rio_de_la_Plata,Uruguay_Rio_de_la_Plata,waterbody:Uruguay_Rio_de_la_Plata:GualeguaycitoChico,2018-03-21
ab5bff394b828ae7,source_ood,1,validation,Uruguay_Rio_de_la_Plata,Uruguay_Rio_de_la_Plata,waterbody:Uruguay_Rio_de_la_Plata:RepresaCentroSurEmbalse,2018-03-21
58a05037a506372c,source_ood,1,validation,Uruguay_Rio_de_la_Plata,Uruguay_Rio_de_la_Plata,waterbody:Uruguay_Rio_de_la_Plata:Sol,2018-03-26
5cb154fb71a668b4,source_ood,1,validation,Uruguay_Rio_de_la_Plata,Uruguay_Rio_de_la_Plata,waterbody:Uruguay_Rio_de_la_Plata:Grande,2018-03-26
16d94c7016cf57de,source_ood,1,validation,Uruguay_Rio_de_la_Plata,Uruguay_Rio_de_la_Plata,waterbody:Uruguay_Rio_de_la_Plata:LasPalmeras,2018-03-26
d6b506148ff2218d,source_ood,1,validation,Uruguay_Rio_de_la_Plata,Uruguay_Rio_de_la_Plata,waterbody:Uruguay_Rio_de_la_Plata:IntendenciaMunicipalSalto,2018-03-26
f6329e7feae8b150,source_ood,1,validation,Uruguay_Rio_de_la_Plata,Uruguay_Rio_de_la_Plata,waterbody:Uruguay_Rio_de_la_Plata:ParqueLagoSaltoGrande,2018-03-26
77f94a37fd6ccad6,source_ood,1,validation,Uruguay_Rio_de_la_Plata,Uruguay_Rio_de_la_Plata,waterbody:Uruguay_Rio_de_la_Plata:LaToma,2018-03-26
22285c6b8c8fd30b,source_ood,1,validation,Uruguay_Rio_de_la_Plata,Uruguay_Rio_de_la_Plata,waterbody:Uruguay_Rio_de_la_Plata:GualeguaycitoChico,2018-03-27
a71e9280a77dff16,source_ood,1,validation,Uruguay_Rio_de_la_Plata,Uruguay_Rio_de_la_Plata,waterbody:Uruguay_Rio_de_la_Plata:Sol,2018-04-25
feaec0a7c722d70d,source_ood,1,validation,Uruguay_Rio_de_la_Plata,Uruguay_Rio_de_la_Plata,waterbody:Uruguay_Rio_de_la_Plata:ParqueLagoSaltoGrande,2018-04-25
c51c436cb699d371,source_ood,1,validation,Uruguay_Rio_de_la_Plata,Uruguay_Rio_de_la_Plata,waterbody:Uruguay_Rio_de_la_Plata:Grande,2018-04-25
2bba51562e2f1e20,source_ood,1,validation,Uruguay_Rio_de_la_Plata,Uruguay_Rio_de_la_Plata,waterbody:Uruguay_Rio_de_la_Plata:LasPalmeras,2018-04-25
f2b9ca23560fc1e8,source_ood,1,validation,Uruguay_Rio_de_la_Plata,Uruguay_Rio_de_la_Plata,waterbody:Uruguay_Rio_de_la_Plata:IntendenciaMunicipalSalto,2018-04-25
b7d1df572b1f9ab1,source_ood,1,validation,Uruguay_Rio_de_la_Plata,Uruguay_Rio_de_la_Plata,waterbody:Uruguay_Rio_de_la_Plata:LaToma,2018-04-25
cedbb0666f8197d3,source_ood,1,validation,Uruguay_Rio_de_la_Plata,Uruguay_Rio_de_la_Plata,waterbody:Uruguay_Rio_de_la_Plata:RepresaCentroSurEmbalse,2018-04-26
953f8ab16b8b3a0c,source_ood,1,validation,Uruguay_Rio_de_la_Plata,Uruguay_Rio_de_la_Plata,waterbody:Uruguay_Rio_de_la_Plata:GualeguaycitoChico,2018-04-26
1ad4ae7114be83fb,source_ood,1,validation,Uruguay_Rio_de_la_Plata,Uruguay_Rio_de_la_Plata,waterbody:Uruguay_Rio_de_la_Plata:Itapebi,2018-04-26
1dc08b369a6390cc,source_ood,1,validation,Uruguay_Rio_de_la_Plata,Uruguay_Rio_de_la_Plata,waterbody:Uruguay_Rio_de_la_Plata:BelenCanal,2018-04-26
a6a9c979f6936fd6,source_ood,1,validation,Uruguay_Rio_de_la_Plata,Uruguay_Rio_de_la_Plata,waterbody:Uruguay_Rio_de_la_Plata:BelenPlaya,2018-04-26
33d7d1787631baea,source_ood,1,validation,Uruguay_Rio_de_la_Plata,Uruguay_Rio_de_la_Plata,waterbody:Uruguay_Rio_de_la_Plata:LaToma,2018-05-14
a32e5fe58746737c,source_ood,1,validation,Uruguay_Rio_de_la_Plata,Uruguay_Rio_de_la_Plata,waterbody:Uruguay_Rio_de_la_Plata:SantaAna,2018-05-14
a1336b53ab7e99b8,source_ood,1,validation,Uruguay_Rio_de_la_Plata,Uruguay_Rio_de_la_Plata,waterbody:Uruguay_Rio_de_la_Plata:ParqueLagoSaltoGrande,2018-05-14
18499ef9f60a156c,source_ood,1,validation,Uruguay_Rio_de_la_Plata,Uruguay_Rio_de_la_Plata,waterbody:Uruguay_Rio_de_la_Plata:Grande,2018-05-14
5c0f82fb684eb391,source_ood,1,validation,Uruguay_Rio_de_la_Plata,Uruguay_Rio_de_la_Plata,waterbody:Uruguay_Rio_de_la_Plata:LasPalmeras,2018-05-14
3297cbe396093abd,source_ood,1,validation,Uruguay_Rio_de_la_Plata,Uruguay_Rio_de_la_Plata,waterbody:Uruguay_Rio_de_la_Plata:Sol,2018-05-14
c9874060bf4fedd3,source_ood,1,validation,Uruguay_Rio_de_la_Plata,Uruguay_Rio_de_la_Plata,waterbody:Uruguay_Rio_de_la_Plata:SantaAnaCanal,2018-05-14
7f3e6b6c293a61e4,source_ood,1,validation,Uruguay_Rio_de_la_Plata,Uruguay_Rio_de_la_Plata,waterbody:Uruguay_Rio_de_la_Plata:IntendenciaMunicipalSalto,2018-05-14
2a4e97e80eabcf89,source_ood,1,validation,Uruguay_Rio_de_la_Plata,Uruguay_Rio_de_la_Plata,waterbody:Uruguay_Rio_de_la_Plata:GualeguaycitoChico,2018-05-15
89ef9360d253c729,source_ood,1,validation,Uruguay_Rio_de_la_Plata,Uruguay_Rio_de_la_Plata,waterbody:Uruguay_Rio_de_la_Plata:Itapebi,2018-05-15
9bf2245c575a9ecb,source_ood,1,validation,Uruguay_Rio_de_la_Plata,Uruguay_Rio_de_la_Plata,waterbody:Uruguay_Rio_de_la_Plata:BellaUnion,2018-05-15
0c330cb85a1137a4,source_ood,1,validation,Uruguay_Rio_de_la_Plata,Uruguay_Rio_de_la_Plata,waterbody:Uruguay_Rio_de_la_Plata:BellaUnionMonteCaserosCanal,2018-05-15
ec4b1f8126da232d,source_ood,1,validation,Uruguay_Rio_de_la_Plata,Uruguay_Rio_de_la_Plata,waterbody:Uruguay_Rio_de_la_Plata:RepresaCentroSurEmbalse,2018-05-15
4ea743432e526100,source_ood,1,validation,Uruguay_Rio_de_la_Plata,Uruguay_Rio_de_la_Plata,waterbody:Uruguay_Rio_de_la_Plata:BelenCanal,2018-05-15
f7dfebf2c584816e,source_ood,1,validation,Uruguay_Rio_de_la_Plata,Uruguay_Rio_de_la_Plata,waterbody:Uruguay_Rio_de_la_Plata:BelenPlaya,2018-05-15
7c9845100f94a1a7,source_ood,1,validation,Uruguay_Rio_de_la_Plata,Uruguay_Rio_de_la_Plata,waterbody:Uruguay_Rio_de_la_Plata:SantaAnaCanal,2018-06-13
f693169911f0da0d,source_ood,1,validation,Uruguay_Rio_de_la_Plata,Uruguay_Rio_de_la_Plata,waterbody:Uruguay_Rio_de_la_Plata:SantaAna,2018-06-13
5995d2e79be682ed,source_ood,1,validation,Uruguay_Rio_de_la_Plata,Uruguay_Rio_de_la_Plata,waterbody:Uruguay_Rio_de_la_Plata:LasPalmeras,2018-06-13
648756a1fde7bd35,source_ood,1,validation,Uruguay_Rio_de_la_Plata,Uruguay_Rio_de_la_Plata,waterbody:Uruguay_Rio_de_la_Plata:Itapebi,2018-06-13
c1f48e16e991805e,source_ood,1,validation,Uruguay_Rio_de_la_Plata,Uruguay_Rio_de_la_Plata,waterbody:Uruguay_Rio_de_la_Plata:Sol,2018-06-13
2dc8318b5b0e6ce9,source_ood,1,validation,Uruguay_Rio_de_la_Plata,Uruguay_Rio_de_la_Plata,waterbody:Uruguay_Rio_de_la_Plata:RepresaCentroSurEmbalse,2018-06-13
27dbbb557d98a88e,source_ood,1,validation,Uruguay_Rio_de_la_Plata,Uruguay_Rio_de_la_Plata,waterbody:Uruguay_Rio_de_la_Plata:Grande,2018-06-13
ec467187e036b505,source_ood,1,validation,Uruguay_Rio_de_la_Plata,Uruguay_Rio_de_la_Plata,waterbody:Uruguay_Rio_de_la_Plata:GualeguaycitoChico,2018-06-13
2e5bc22ca733f3c9,source_ood,1,validation,Uruguay_Rio_de_la_Plata,Uruguay_Rio_de_la_Plata,waterbody:Uruguay_Rio_de_la_Plata:IntendenciaMunicipalSalto,2018-06-13
8c953841e9a14a63,source_ood,1,validation,Uruguay_Rio_de_la_Plata,Uruguay_Rio_de_la_Plata,waterbody:Uruguay_Rio_de_la_Plata:ParqueLagoSaltoGrande,2018-06-13
41379bf88c532983,source_ood,1,validation,Uruguay_Rio_de_la_Plata,Uruguay_Rio_de_la_Plata,waterbody:Uruguay_Rio_de_la_Plata:LaToma,2018-06-13
cc28e41071329ba1,source_ood,1,validation,Uruguay_Rio_de_la_Plata,Uruguay_Rio_de_la_Plata,waterbody:Uruguay_Rio_de_la_Plata:SantaAna,2018-07-23
bc127575edf9cff9,source_ood,1,validation,Uruguay_Rio_de_la_Plata,Uruguay_Rio_de_la_Plata,waterbody:Uruguay_Rio_de_la_Plata:SantaAnaCanal,2018-07-23
13c7e54e14fc67d8,source_ood,1,validation,Uruguay_Rio_de_la_Plata,Uruguay_Rio_de_la_Plata,waterbody:Uruguay_Rio_de_la_Plata:Grande,2018-07-23
05fa547f8165aab6,source_ood,1,validation,Uruguay_Rio_de_la_Plata,Uruguay_Rio_de_la_Plata,waterbody:Uruguay_Rio_de_la_Plata:Sol,2018-07-24
b44c4b2a195ddf44,source_ood,1,validation,Uruguay_Rio_de_la_Plata,Uruguay_Rio_de_la_Plata,waterbody:Uruguay_Rio_de_la_Plata:BellaUnionMonteCaserosCanal,2018-07-24
50da01556aa7ceaa,source_ood,1,validation,Uruguay_Rio_de_la_Plata,Uruguay_Rio_de_la_Plata,waterbody:Uruguay_Rio_de_la_Plata:LasPalmeras,2018-07-24
531cf028b8ea5e33,source_ood,1,validation,Uruguay_Rio_de_la_Plata,Uruguay_Rio_de_la_Plata,waterbody:Uruguay_Rio_de_la_Plata:BelenPlaya,2018-07-24
d68ac058fe08abef,source_ood,1,validation,Uruguay_Rio_de_la_Plata,Uruguay_Rio_de_la_Plata,waterbody:Uruguay_Rio_de_la_Plata:ParqueLagoSaltoGrande,2018-07-24
6080a4b1f7a1f3f1,source_ood,1,validation,Uruguay_Rio_de_la_Plata,Uruguay_Rio_de_la_Plata,waterbody:Uruguay_Rio_de_la_Plata:Itapebi,2018-07-24
02c1972e9454d013,source_ood,1,validation,Uruguay_Rio_de_la_Plata,Uruguay_Rio_de_la_Plata,waterbody:Uruguay_Rio_de_la_Plata:LaToma,2018-07-24
a790a980a374f11d,source_ood,1,validation,Uruguay_Rio_de_la_Plata,Uruguay_Rio_de_la_Plata,waterbody:Uruguay_Rio_de_la_Plata:IntendenciaMunicipalSalto,2018-07-24
c4055c72905d7c3d,source_ood,1,validation,Uruguay_Rio_de_la_Plata,Uruguay_Rio_de_la_Plata,waterbody:Uruguay_Rio_de_la_Plata:BelenCanal,2018-07-24
1966fc06389b1933,source_ood,1,validation,Uruguay_Rio_de_la_Plata,Uruguay_Rio_de_la_Plata,waterbody:Uruguay_Rio_de_la_Plata:BellaUnion,2018-07-24
237a1a4a20d027da,source_ood,1,validation,Uruguay_Rio_de_la_Plata,Uruguay_Rio_de_la_Plata,waterbody:Uruguay_Rio_de_la_Plata:Grande,2018-08-21
b5f147533b97e002,source_ood,1,validation,Uruguay_Rio_de_la_Plata,Uruguay_Rio_de_la_Plata,waterbody:Uruguay_Rio_de_la_Plata:LaToma,2018-08-21
83cba9e59eb6fc5f,source_ood,1,validation,Uruguay_Rio_de_la_Plata,Uruguay_Rio_de_la_Plata,waterbody:Uruguay_Rio_de_la_Plata:ParqueLagoSaltoGrande,2018-08-21
688b069d459dc404,source_ood,1,validation,Uruguay_Rio_de_la_Plata,Uruguay_Rio_de_la_Plata,waterbody:Uruguay_Rio_de_la_Plata:LasPalmeras,2018-08-21
7b47cea79fc95f04,source_ood,1,validation,Uruguay_Rio_de_la_Plata,Uruguay_Rio_de_la_Plata,waterbody:Uruguay_Rio_de_la_Plata:Sol,2018-08-21
6ad6a3f46938044d,source_ood,1,validation,Uruguay_Rio_de_la_Plata,Uruguay_Rio_de_la_Plata,waterbody:Uruguay_Rio_de_la_Plata:IntendenciaMunicipalSalto,2018-08-21
70d197a1cd472e4a,source_ood,1,validation,Uruguay_Rio_de_la_Plata,Uruguay_Rio_de_la_Plata,waterbody:Uruguay_Rio_de_la_Plata:BellaUnionMonteCaserosCanal,2018-08-22
9435fd5fd9e5e437,source_ood,1,validation,Uruguay_Rio_de_la_Plata,Uruguay_Rio_de_la_Plata,waterbody:Uruguay_Rio_de_la_Plata:BelenPlaya,2018-08-22
b69d24e0ab41617d,source_ood,1,validation,Uruguay_Rio_de_la_Plata,Uruguay_Rio_de_la_Plata,waterbody:Uruguay_Rio_de_la_Plata:BelenCanal,2018-08-22
a3901237a9510e04,source_ood,1,validation,Uruguay_Rio_de_la_Plata,Uruguay_Rio_de_la_Plata,waterbody:Uruguay_Rio_de_la_Plata:BellaUnion,2018-08-22
caff29e97b3a56b0,source_ood,1,validation,Uruguay_Rio_de_la_Plata,Uruguay_Rio_de_la_Plata,waterbody:Uruguay_Rio_de_la_Plata:Grande,2018-09-17
6e98e185344c5245,source_ood,1,validation,Uruguay_Rio_de_la_Plata,Uruguay_Rio_de_la_Plata,waterbody:Uruguay_Rio_de_la_Plata:SantaAnaCanal,2018-09-17
55312d8a2a50e7db,source_ood,1,validation,Uruguay_Rio_de_la_Plata,Uruguay_Rio_de_la_Plata,waterbody:Uruguay_Rio_de_la_Plata:SantaAna,2018-09-17
a622be383f389398,source_ood,1,validation,Uruguay_Rio_de_la_Plata,Uruguay_Rio_de_la_Plata,waterbody:Uruguay_Rio_de_la_Plata:ParqueLagoSaltoGrande,2018-09-18
c16c0894ed78afc8,source_ood,1,validation,Uruguay_Rio_de_la_Plata,Uruguay_Rio_de_la_Plata,waterbody:Uruguay_Rio_de_la_Plata:IntendenciaMunicipalSalto,2018-09-18
552201a597ce8453,source_ood,1,validation,Uruguay_Rio_de_la_Plata,Uruguay_Rio_de_la_Plata,waterbody:Uruguay_Rio_de_la_Plata:LaToma,2018-09-18
63a5c251da56b2bf,source_ood,1,validation,Uruguay_Rio_de_la_Plata,Uruguay_Rio_de_la_Plata,waterbody:Uruguay_Rio_de_la_Plata:Sol,2018-09-18
54c7a934c7e0d1c8,source_ood,1,validation,Uruguay_Rio_de_la_Plata,Uruguay_Rio_de_la_Plata,waterbody:Uruguay_Rio_de_la_Plata:BelenPlaya,2018-09-18
acac4080911e6ed7,source_ood,1,validation,Uruguay_Rio_de_la_Plata,Uruguay_Rio_de_la_Plata,waterbody:Uruguay_Rio_de_la_Plata:BellaUnion,2018-09-18
7a8f122fc0093382,source_ood,1,validation,Uruguay_Rio_de_la_Plata,Uruguay_Rio_de_la_Plata,waterbody:Uruguay_Rio_de_la_Plata:BelenCanal,2018-09-18
2b87339259c9e09b,source_ood,1,validation,Uruguay_Rio_de_la_Plata,Uruguay_Rio_de_la_Plata,waterbody:Uruguay_Rio_de_la_Plata:LasPalmeras,2018-09-18
0cf445d787e3961b,source_ood,1,validation,Uruguay_Rio_de_la_Plata,Uruguay_Rio_de_la_Plata,waterbody:Uruguay_Rio_de_la_Plata:BellaUnionMonteCaserosCanal,2018-09-18
11103ddfe2d88638,source_ood,1,validation,Uruguay_Rio_de_la_Plata,Uruguay_Rio_de_la_Plata,waterbody:Uruguay_Rio_de_la_Plata:RepresaCentroSurEmbalse,2018-09-25
83681ea444d7b15b,source_ood,1,validation,Uruguay_Rio_de_la_Plata,Uruguay_Rio_de_la_Plata,waterbody:Uruguay_Rio_de_la_Plata:GualeguaycitoChico,2018-09-25
7ece7e0e3106caee,source_ood,1,validation,Uruguay_Rio_de_la_Plata,Uruguay_Rio_de_la_Plata,waterbody:Uruguay_Rio_de_la_Plata:Itapebi,2018-09-25
691f56fe395c29cb,source_ood,1,validation,Uruguay_Rio_de_la_Plata,Uruguay_Rio_de_la_Plata,waterbody:Uruguay_Rio_de_la_Plata:Grande,2018-10-22
600d8c447a8430da,source_ood,1,validation,Uruguay_Rio_de_la_Plata,Uruguay_Rio_de_la_Plata,waterbody:Uruguay_Rio_de_la_Plata:LaToma,2018-10-22
09c72cce27ef565a,source_ood,1,validation,Uruguay_Rio_de_la_Plata,Uruguay_Rio_de_la_Plata,waterbody:Uruguay_Rio_de_la_Plata:SantaAna,2018-10-22
1de6d77a5803d9af,source_ood,1,validation,Uruguay_Rio_de_la_Plata,Uruguay_Rio_de_la_Plata,waterbody:Uruguay_Rio_de_la_Plata:Sol,2018-10-22
93c88cd76f50e0c7,source_ood,1,validation,Uruguay_Rio_de_la_Plata,Uruguay_Rio_de_la_Plata,waterbody:Uruguay_Rio_de_la_Plata:LasPalmeras,2018-10-22
b51ea93b241dfc0b,source_ood,1,validation,Uruguay_Rio_de_la_Plata,Uruguay_Rio_de_la_Plata,waterbody:Uruguay_Rio_de_la_Plata:SantaAnaCanal,2018-10-22
94477cd2cf2c3bd7,source_ood,1,validation,Uruguay_Rio_de_la_Plata,Uruguay_Rio_de_la_Plata,waterbody:Uruguay_Rio_de_la_Plata:IntendenciaMunicipalSalto,2018-10-22
a33b774dae132b95,source_ood,1,validation,Uruguay_Rio_de_la_Plata,Uruguay_Rio_de_la_Plata,waterbody:Uruguay_Rio_de_la_Plata:GualeguaycitoChico,2018-10-23
c8ebd54902bf2a04,source_ood,1,validation,Uruguay_Rio_de_la_Plata,Uruguay_Rio_de_la_Plata,waterbody:Uruguay_Rio_de_la_Plata:Itapebi,2018-10-23
77abc1a97ab75b97,source_ood,1,validation,Uruguay_Rio_de_la_Plata,Uruguay_Rio_de_la_Plata,waterbody:Uruguay_Rio_de_la_Plata:BellaUnionMonteCaserosCanal,2018-10-23
aa712dd59806a6dd,source_ood,1,validation,Uruguay_Rio_de_la_Plata,Uruguay_Rio_de_la_Plata,waterbody:Uruguay_Rio_de_la_Plata:BelenCanal,2018-10-23
1c23193dc647c939,source_ood,1,validation,Uruguay_Rio_de_la_Plata,Uruguay_Rio_de_la_Plata,waterbody:Uruguay_Rio_de_la_Plata:BellaUnion,2018-10-23
55f35a761a32ed59,source_ood,1,validation,Uruguay_Rio_de_la_Plata,Uruguay_Rio_de_la_Plata,waterbody:Uruguay_Rio_de_la_Plata:RepresaCentroSurEmbalse,2018-10-24
4b67a5416da1915e,source_ood,1,validation,Uruguay_Rio_de_la_Plata,Uruguay_Rio_de_la_Plata,waterbody:Uruguay_Rio_de_la_Plata:SantaAna,2018-11-20
22dfb65f2af2c4c2,source_ood,1,validation,Uruguay_Rio_de_la_Plata,Uruguay_Rio_de_la_Plata,waterbody:Uruguay_Rio_de_la_Plata:LaToma,2018-11-20
44e47fcb224df74f,source_ood,1,validation,Uruguay_Rio_de_la_Plata,Uruguay_Rio_de_la_Plata,waterbody:Uruguay_Rio_de_la_Plata:SantaAnaCanal,2018-11-20
874ff2219bfb21ff,source_ood,1,validation,Uruguay_Rio_de_la_Plata,Uruguay_Rio_de_la_Plata,waterbody:Uruguay_Rio_de_la_Plata:ParqueLagoSaltoGrande,2018-11-20
a8289577b0613b19,source_ood,1,validation,Uruguay_Rio_de_la_Plata,Uruguay_Rio_de_la_Plata,waterbody:Uruguay_Rio_de_la_Plata:Grande,2018-11-20
e88515c12207963a,source_ood,1,validation,Uruguay_Rio_de_la_Plata,Uruguay_Rio_de_la_Plata,waterbody:Uruguay_Rio_de_la_Plata:Sol,2018-11-20
9aae61b9ffd2d1e6,source_ood,1,validation,Uruguay_Rio_de_la_Plata,Uruguay_Rio_de_la_Plata,waterbody:Uruguay_Rio_de_la_Plata:LasPalmeras,2018-11-20
dfbe0a00fb35388e,source_ood,1,validation,Uruguay_Rio_de_la_Plata,Uruguay_Rio_de_la_Plata,waterbody:Uruguay_Rio_de_la_Plata:IntendenciaMunicipalSalto,2018-11-20
0b3698b6c72335ed,source_ood,1,validation,Uruguay_Rio_de_la_Plata,Uruguay_Rio_de_la_Plata,waterbody:Uruguay_Rio_de_la_Plata:Grande,2018-11-20
78331f1a831b1015,source_ood,1,validation,Uruguay_Rio_de_la_Plata,Uruguay_Rio_de_la_Plata,waterbody:Uruguay_Rio_de_la_Plata:Itapebi,2018-11-21
d1a3424d1aa9bc1f,source_ood,1,validation,Uruguay_Rio_de_la_Plata,Uruguay_Rio_de_la_Plata,waterbody:Uruguay_Rio_de_la_Plata:BellaUnion,2018-11-21
ce4ad732deff139b,source_ood,1,validation,Uruguay_Rio_de_la_Plata,Uruguay_Rio_de_la_Plata,waterbody:Uruguay_Rio_de_la_Plata:BelenCanal,2018-11-21
f10df8d17684dca3,source_ood,1,validation,Uruguay_Rio_de_la_Plata,Uruguay_Rio_de_la_Plata,waterbody:Uruguay_Rio_de_la_Plata:BelenPlaya,2018-11-21
6cf9ad48f0a69bae,source_ood,1,validation,Uruguay_Rio_de_la_Plata,Uruguay_Rio_de_la_Plata,waterbody:Uruguay_Rio_de_la_Plata:RepresaCentroSurEmbalse,2018-11-21
897345aac61ff0e0,source_ood,1,validation,Uruguay_Rio_de_la_Plata,Uruguay_Rio_de_la_Plata,waterbody:Uruguay_Rio_de_la_Plata:GualeguaycitoChico,2018-11-21
09367d87a4ba2e4d,source_ood,1,validation,Uruguay_Rio_de_la_Plata,Uruguay_Rio_de_la_Plata,waterbody:Uruguay_Rio_de_la_Plata:Grande,2018-12-03
f80ab317372f8afe,source_ood,1,validation,Uruguay_Rio_de_la_Plata,Uruguay_Rio_de_la_Plata,waterbody:Uruguay_Rio_de_la_Plata:Sol,2018-12-03
2c0d13ef4d37a39c,source_ood,1,validation,Uruguay_Rio_de_la_Plata,Uruguay_Rio_de_la_Plata,waterbody:Uruguay_Rio_de_la_Plata:LaToma,2018-12-03
d3fa08a948165dc8,source_ood,1,validation,Uruguay_Rio_de_la_Plata,Uruguay_Rio_de_la_Plata,waterbody:Uruguay_Rio_de_la_Plata:SantaAnaCanal,2018-12-03
1b6106cc08348590,source_ood,1,validation,Uruguay_Rio_de_la_Plata,Uruguay_Rio_de_la_Plata,waterbody:Uruguay_Rio_de_la_Plata:IntendenciaMunicipalSalto,2018-12-03
5ed9866412fd9911,source_ood,1,validation,Uruguay_Rio_de_la_Plata,Uruguay_Rio_de_la_Plata,waterbody:Uruguay_Rio_de_la_Plata:ParqueLagoSaltoGrande,2018-12-03
19a7d1587592c061,source_ood,1,validation,Uruguay_Rio_de_la_Plata,Uruguay_Rio_de_la_Plata,waterbody:Uruguay_Rio_de_la_Plata:LasPalmeras,2018-12-03
9e926e949aa2ceb7,source_ood,1,validation,Uruguay_Rio_de_la_Plata,Uruguay_Rio_de_la_Plata,waterbody:Uruguay_Rio_de_la_Plata:SantaAna,2018-12-03
8d6bf9b309260296,source_ood,1,validation,Uruguay_Rio_de_la_Plata,Uruguay_Rio_de_la_Plata,waterbody:Uruguay_Rio_de_la_Plata:BelenPlaya,2018-12-04
d3ef7ce97e1103d1,source_ood,1,validation,Uruguay_Rio_de_la_Plata,Uruguay_Rio_de_la_Plata,waterbody:Uruguay_Rio_de_la_Plata:BellaUnionMonteCaserosCanal,2018-12-04
cf244fa75adb6182,source_ood,1,validation,Uruguay_Rio_de_la_Plata,Uruguay_Rio_de_la_Plata,waterbody:Uruguay_Rio_de_la_Plata:BelenCanal,2018-12-04
92275ab069d07e14,source_ood,1,validation,Uruguay_Rio_de_la_Plata,Uruguay_Rio_de_la_Plata,waterbody:Uruguay_Rio_de_la_Plata:BellaUnion,2018-12-04
b17553ebfea14eeb,source_ood,1,validation,Uruguay_Rio_de_la_Plata,Uruguay_Rio_de_la_Plata,waterbody:Uruguay_Rio_de_la_Plata:RepresaCentroSurEmbalse,2018-12-05
dd875a1c87ec2c2d,source_ood,1,validation,Uruguay_Rio_de_la_Plata,Uruguay_Rio_de_la_Plata,waterbody:Uruguay_Rio_de_la_Plata:GualeguaycitoChico,2018-12-05
033246f4a249aae0,source_ood,1,validation,Uruguay_Rio_de_la_Plata,Uruguay_Rio_de_la_Plata,waterbody:Uruguay_Rio_de_la_Plata:Itapebi,2018-12-05
b3a3d78a82109807,source_ood,1,validation,Uruguay_Rio_de_la_Plata,Uruguay_Rio_de_la_Plata,waterbody:Uruguay_Rio_de_la_Plata:LaToma,2018-12-10
9f7336ea802bbd62,source_ood,1,validation,Uruguay_Rio_de_la_Plata,Uruguay_Rio_de_la_Plata,waterbody:Uruguay_Rio_de_la_Plata:LasPalmeras,2018-12-10
ef9a760ceeebb982,source_ood,1,validation,Uruguay_Rio_de_la_Plata,Uruguay_Rio_de_la_Plata,waterbody:Uruguay_Rio_de_la_Plata:GualeguaycitoChico,2018-12-10
7058a470f850099b,source_ood,1,validation,Uruguay_Rio_de_la_Plata,Uruguay_Rio_de_la_Plata,waterbody:Uruguay_Rio_de_la_Plata:Sol,2018-12-10
87816f461085c84e,source_ood,1,validation,Uruguay_Rio_de_la_Plata,Uruguay_Rio_de_la_Plata,waterbody:Uruguay_Rio_de_la_Plata:IntendenciaMunicipalSalto,2018-12-10
effd5c16888e23f1,source_ood,1,validation,Uruguay_Rio_de_la_Plata,Uruguay_Rio_de_la_Plata,waterbody:Uruguay_Rio_de_la_Plata:Grande,2018-12-10
39b84365d3c557e7,source_ood,1,validation,Uruguay_Rio_de_la_Plata,Uruguay_Rio_de_la_Plata,waterbody:Uruguay_Rio_de_la_Plata:RepresaCentroSurEmbalse,2018-12-17
fb0048dd9273e524,source_ood,1,validation,Uruguay_Rio_de_la_Plata,Uruguay_Rio_de_la_Plata,waterbody:Uruguay_Rio_de_la_Plata:SantaAna,2018-12-17
53faf7bc12bddd7d,source_ood,1,validation,Uruguay_Rio_de_la_Plata,Uruguay_Rio_de_la_Plata,waterbody:Uruguay_Rio_de_la_Plata:ParqueLagoSaltoGrande,2018-12-17
9e76388c6272e1e6,source_ood,1,validation,Uruguay_Rio_de_la_Plata,Uruguay_Rio_de_la_Plata,waterbody:Uruguay_Rio_de_la_Plata:IntendenciaMunicipalSalto,2018-12-17
2c5d8644ba282973,source_ood,1,validation,Uruguay_Rio_de_la_Plata,Uruguay_Rio_de_la_Plata,waterbody:Uruguay_Rio_de_la_Plata:SantaAnaCanal,2018-12-17
f136030ed9ca8d46,source_ood,1,validation,Uruguay_Rio_de_la_Plata,Uruguay_Rio_de_la_Plata,waterbody:Uruguay_Rio_de_la_Plata:Sol,2018-12-17
0d1c255f2a9b8206,source_ood,1,validation,Uruguay_Rio_de_la_Plata,Uruguay_Rio_de_la_Plata,waterbody:Uruguay_Rio_de_la_Plata:GualeguaycitoChico,2018-12-17
59648725083bd1e7,source_ood,1,validation,Uruguay_Rio_de_la_Plata,Uruguay_Rio_de_la_Plata,waterbody:Uruguay_Rio_de_la_Plata:LasPalmeras,2018-12-17
2c8e1d2c2676b6e5,source_ood,1,validation,Uruguay_Rio_de_la_Plata,Uruguay_Rio_de_la_Plata,waterbody:Uruguay_Rio_de_la_Plata:Grande,2018-12-17
ebc57ef89721342d,source_ood,1,validation,Uruguay_Rio_de_la_Plata,Uruguay_Rio_de_la_Plata,waterbody:Uruguay_Rio_de_la_Plata:BelenCanal,2018-12-18
7aab34f55d5d6238,source_ood,1,validation,Uruguay_Rio_de_la_Plata,Uruguay_Rio_de_la_Plata,waterbody:Uruguay_Rio_de_la_Plata:BellaUnion,2018-12-18
215cf60ee4ac581e,source_ood,1,validation,Uruguay_Rio_de_la_Plata,Uruguay_Rio_de_la_Plata,waterbody:Uruguay_Rio_de_la_Plata:BellaUnionMonteCaserosCanal,2018-12-18
df595d04b8c7667b,source_ood,1,validation,Uruguay_Rio_de_la_Plata,Uruguay_Rio_de_la_Plata,waterbody:Uruguay_Rio_de_la_Plata:BelenPlaya,2018-12-18
ef5dd91273c7a7bf,source_ood,1,validation,Uruguay_Rio_de_la_Plata,Uruguay_Rio_de_la_Plata,waterbody:Uruguay_Rio_de_la_Plata:Itapebi,2018-12-19
276a1faa3961ff50,source_ood,1,validation,Uruguay_Rio_de_la_Plata,Uruguay_Rio_de_la_Plata,waterbody:Uruguay_Rio_de_la_Plata:LaToma,2018-12-26
93ae24958ed9e9dd,source_ood,1,validation,Uruguay_Rio_de_la_Plata,Uruguay_Rio_de_la_Plata,waterbody:Uruguay_Rio_de_la_Plata:ParqueLagoSaltoGrande,2018-12-26
774b24429972b3e6,source_ood,1,validation,Uruguay_Rio_de_la_Plata,Uruguay_Rio_de_la_Plata,waterbody:Uruguay_Rio_de_la_Plata:LasPalmeras,2018-12-26
b250324f3b8b303c,source_ood,1,validation,Uruguay_Rio_de_la_Plata,Uruguay_Rio_de_la_Plata,waterbody:Uruguay_Rio_de_la_Plata:Sol,2018-12-26
f96e0f3fe8510e4d,source_ood,1,validation,Uruguay_Rio_de_la_Plata,Uruguay_Rio_de_la_Plata,waterbody:Uruguay_Rio_de_la_Plata:Grande,2018-12-26
7cb7e3a96bd0c1e5,source_ood,1,validation,Uruguay_Rio_de_la_Plata,Uruguay_Rio_de_la_Plata,waterbody:Uruguay_Rio_de_la_Plata:GualeguaycitoChico,2018-12-26
43d556c5d19d920e,source_ood,1,validation,Uruguay_Rio_de_la_Plata,Uruguay_Rio_de_la_Plata,waterbody:Uruguay_Rio_de_la_Plata:IntendenciaMunicipalSalto,2018-12-26
ab023bf03f149640,source_ood,1,validation,Uruguay_Rio_de_la_Plata,Uruguay_Rio_de_la_Plata,waterbody:Uruguay_Rio_de_la_Plata:ParqueLagoSaltoGrande,2019-01-02
b66cdb2e4f4176b9,source_ood,1,validation,Uruguay_Rio_de_la_Plata,Uruguay_Rio_de_la_Plata,waterbody:Uruguay_Rio_de_la_Plata:LasPalmeras,2019-01-02
b16e51252ba2c03a,source_ood,1,validation,Uruguay_Rio_de_la_Plata,Uruguay_Rio_de_la_Plata,waterbody:Uruguay_Rio_de_la_Plata:Grande,2019-01-03
f2873cb7aa9c1936,source_ood,1,validation,Uruguay_Rio_de_la_Plata,Uruguay_Rio_de_la_Plata,waterbody:Uruguay_Rio_de_la_Plata:ParqueLagoSaltoGrande,2019-01-08
ac9da445ae2aca76,source_ood,1,validation,Uruguay_Rio_de_la_Plata,Uruguay_Rio_de_la_Plata,waterbody:Uruguay_Rio_de_la_Plata:SantaAna,2019-01-08
a3dd4d94ba5f4a1d,source_ood,1,validation,Uruguay_Rio_de_la_Plata,Uruguay_Rio_de_la_Plata,waterbody:Uruguay_Rio_de_la_Plata:LasPalmeras,2019-01-08
694b9bb275ca9673,source_ood,1,validation,Uruguay_Rio_de_la_Plata,Uruguay_Rio_de_la_Plata,waterbody:Uruguay_Rio_de_la_Plata:Grande,2019-01-08
d0e085cb5e1c3366,source_ood,1,validation,Uruguay_Rio_de_la_Plata,Uruguay_Rio_de_la_Plata,waterbody:Uruguay_Rio_de_la_Plata:LaToma,2019-01-08
6f3e3138627f1b77,source_ood,1,validation,Uruguay_Rio_de_la_Plata,Uruguay_Rio_de_la_Plata,waterbody:Uruguay_Rio_de_la_Plata:SantaAnaCanal,2019-01-08
ae42d2dc903c9b88,source_ood,1,validation,Uruguay_Rio_de_la_Plata,Uruguay_Rio_de_la_Plata,waterbody:Uruguay_Rio_de_la_Plata:Grande,2019-01-08
3020aa91e11099f4,source_ood,1,validation,Uruguay_Rio_de_la_Plata,Uruguay_Rio_de_la_Plata,waterbody:Uruguay_Rio_de_la_Plata:Sol,2019-01-08
cc4efe3ab23cf80e,source_ood,1,validation,Uruguay_Rio_de_la_Plata,Uruguay_Rio_de_la_Plata,waterbody:Uruguay_Rio_de_la_Plata:SantaAna,2019-01-08
5f3448da0f4a4a3a,source_ood,1,validation,Uruguay_Rio_de_la_Plata,Uruguay_Rio_de_la_Plata,waterbody:Uruguay_Rio_de_la_Plata:BelenCanal,2019-01-09
afcbd261dc667eaa,source_ood,1,validation,Uruguay_Rio_de_la_Plata,Uruguay_Rio_de_la_Plata,waterbody:Uruguay_Rio_de_la_Plata:BellaUnion,2019-01-09
08b6d21914781b30,source_ood,1,validation,Uruguay_Rio_de_la_Plata,Uruguay_Rio_de_la_Plata,waterbody:Uruguay_Rio_de_la_Plata:BellaUnion,2019-01-09
a8443e869e9c62db,source_ood,1,validation,Uruguay_Rio_de_la_Plata,Uruguay_Rio_de_la_Plata,waterbody:Uruguay_Rio_de_la_Plata:BelenPlaya,2019-01-09
b26aa6cdbfd36540,source_ood,1,validation,Uruguay_Rio_de_la_Plata,Uruguay_Rio_de_la_Plata,waterbody:Uruguay_Rio_de_la_Plata:LaToma,2019-01-14
285d88a255874da0,source_ood,1,validation,Uruguay_Rio_de_la_Plata,Uruguay_Rio_de_la_Plata,waterbody:Uruguay_Rio_de_la_Plata:Grande,2019-01-14
bc6dfe08b3436aaf,source_ood,1,validation,Uruguay_Rio_de_la_Plata,Uruguay_Rio_de_la_Plata,waterbody:Uruguay_Rio_de_la_Plata:LasPalmeras,2019-01-14
056bf1b914212307,source_ood,1,validation,Uruguay_Rio_de_la_Plata,Uruguay_Rio_de_la_Plata,waterbody:Uruguay_Rio_de_la_Plata:ParqueLagoSaltoGrande,2019-01-14
d3766ba118c49a10,source_ood,1,validation,Uruguay_Rio_de_la_Plata,Uruguay_Rio_de_la_Plata,waterbody:Uruguay_Rio_de_la_Plata:Sol,2019-01-14
2d52d33203dbead8,source_ood,1,validation,Uruguay_Rio_de_la_Plata,Uruguay_Rio_de_la_Plata,waterbody:Uruguay_Rio_de_la_Plata:Itapebi,2019-01-21
569058716fb47803,source_ood,1,validation,Uruguay_Rio_de_la_Plata,Uruguay_Rio_de_la_Plata,waterbody:Uruguay_Rio_de_la_Plata:RepresaCentroSurEmbalse,2019-01-21
dc223f1211035df6,source_ood,1,validation,Uruguay_Rio_de_la_Plata,Uruguay_Rio_de_la_Plata,waterbody:Uruguay_Rio_de_la_Plata:Sol,2019-01-21
82707539e361c379,source_ood,1,validation,Uruguay_Rio_de_la_Plata,Uruguay_Rio_de_la_Plata,waterbody:Uruguay_Rio_de_la_Plata:GualeguaycitoChico,2019-01-21
efc192c3763a6da3,source_ood,1,validation,Uruguay_Rio_de_la_Plata,Uruguay_Rio_de_la_Plata,waterbody:Uruguay_Rio_de_la_Plata:LaToma,2019-01-21
2af1c02331176ac1,source_ood,1,validation,Uruguay_Rio_de_la_Plata,Uruguay_Rio_de_la_Plata,waterbody:Uruguay_Rio_de_la_Plata:ParqueLagoSaltoGrande,2019-01-21
458b553bf6bd778f,source_ood,1,validation,Uruguay_Rio_de_la_Plata,Uruguay_Rio_de_la_Plata,waterbody:Uruguay_Rio_de_la_Plata:LasPalmeras,2019-01-21
b1afd9a3feddc669,source_ood,1,validation,Uruguay_Rio_de_la_Plata,Uruguay_Rio_de_la_Plata,waterbody:Uruguay_Rio_de_la_Plata:LaToma,2019-01-28
afa33515d176597f,source_ood,1,validation,Uruguay_Rio_de_la_Plata,Uruguay_Rio_de_la_Plata,waterbody:Uruguay_Rio_de_la_Plata:Sol,2019-01-28
58cee6f8ad547a36,source_ood,1,validation,Uruguay_Rio_de_la_Plata,Uruguay_Rio_de_la_Plata,waterbody:Uruguay_Rio_de_la_Plata:LasPalmeras,2019-01-28
45033b2f4420f30b,source_ood,1,validation,Uruguay_Rio_de_la_Plata,Uruguay_Rio_de_la_Plata,waterbody:Uruguay_Rio_de_la_Plata:ParqueLagoSaltoGrande,2019-01-28
5b3091a11a6b1ef0,source_ood,1,validation,Uruguay_Rio_de_la_Plata,Uruguay_Rio_de_la_Plata,waterbody:Uruguay_Rio_de_la_Plata:Grande,2019-02-04
7a601db920f5514a,source_ood,1,validation,Uruguay_Rio_de_la_Plata,Uruguay_Rio_de_la_Plata,waterbody:Uruguay_Rio_de_la_Plata:LaToma,2019-02-04
44ee55930375f66f,source_ood,1,validation,Uruguay_Rio_de_la_Plata,Uruguay_Rio_de_la_Plata,waterbody:Uruguay_Rio_de_la_Plata:ParqueLagoSaltoGrande,2019-02-04
804f6fdf418a21d4,source_ood,1,validation,Uruguay_Rio_de_la_Plata,Uruguay_Rio_de_la_Plata,waterbody:Uruguay_Rio_de_la_Plata:LasPalmeras,2019-02-04
1766b28ee02ce558,source_ood,1,validation,Uruguay_Rio_de_la_Plata,Uruguay_Rio_de_la_Plata,waterbody:Uruguay_Rio_de_la_Plata:Grande,2019-02-04
42efd8256f4f07a7,source_ood,1,validation,Uruguay_Rio_de_la_Plata,Uruguay_Rio_de_la_Plata,waterbody:Uruguay_Rio_de_la_Plata:SantaAna,2019-02-04
cdaceaf4b84fca28,source_ood,1,validation,Uruguay_Rio_de_la_Plata,Uruguay_Rio_de_la_Plata,waterbody:Uruguay_Rio_de_la_Plata:Sol,2019-02-04
d86787afbadba060,source_ood,1,validation,Uruguay_Rio_de_la_Plata,Uruguay_Rio_de_la_Plata,waterbody:Uruguay_Rio_de_la_Plata:BelenPlaya,2019-02-05
c4c0e01c6845c859,source_ood,1,validation,Uruguay_Rio_de_la_Plata,Uruguay_Rio_de_la_Plata,waterbody:Uruguay_Rio_de_la_Plata:BellaUnionMonteCaserosCanal,2019-02-05
40d88f0295d1ee4c,source_ood,1,validation,Uruguay_Rio_de_la_Plata,Uruguay_Rio_de_la_Plata,waterbody:Uruguay_Rio_de_la_Plata:BellaUnionMonteCaserosCanal,2019-02-05
50b297ee97df4576,source_ood,1,validation,Uruguay_Rio_de_la_Plata,Uruguay_Rio_de_la_Plata,waterbody:Uruguay_Rio_de_la_Plata:BellaUnion,2019-02-05
d48d4d01e360f291,source_ood,1,validation,Uruguay_Rio_de_la_Plata,Uruguay_Rio_de_la_Plata,waterbody:Uruguay_Rio_de_la_Plata:BellaUnion,2019-02-05
d0476e5742d4cc11,source_ood,1,validation,Uruguay_Rio_de_la_Plata,Uruguay_Rio_de_la_Plata,waterbody:Uruguay_Rio_de_la_Plata:BelenCanal,2019-02-05
f45683e3e08abf1b,source_ood,1,validation,Uruguay_Rio_de_la_Plata,Uruguay_Rio_de_la_Plata,waterbody:Uruguay_Rio_de_la_Plata:BelenPlaya,2019-02-05
f86d28b6fe11acf4,source_ood,1,validation,Uruguay_Rio_de_la_Plata,Uruguay_Rio_de_la_Plata,waterbody:Uruguay_Rio_de_la_Plata:BellaUnion,2019-02-07
a879a52906404676,source_ood,1,validation,Uruguay_Rio_de_la_Plata,Uruguay_Rio_de_la_Plata,waterbody:Uruguay_Rio_de_la_Plata:Grande,2019-02-11
7e15c0473ffb88f4,source_ood,1,validation,Uruguay_Rio_de_la_Plata,Uruguay_Rio_de_la_Plata,waterbody:Uruguay_Rio_de_la_Plata:LasPalmeras,2019-02-11
0267d88a60a2c350,source_ood,1,validation,Uruguay_Rio_de_la_Plata,Uruguay_Rio_de_la_Plata,waterbody:Uruguay_Rio_de_la_Plata:Grande,2019-02-11
9d96dbb9ba17b2fb,source_ood,1,validation,Uruguay_Rio_de_la_Plata,Uruguay_Rio_de_la_Plata,waterbody:Uruguay_Rio_de_la_Plata:LaToma,2019-02-11
3a6137f532ff7067,source_ood,1,validation,Uruguay_Rio_de_la_Plata,Uruguay_Rio_de_la_Plata,waterbody:Uruguay_Rio_de_la_Plata:Sol,2019-02-11
55e7ec2cc6ac83a0,source_ood,1,validation,Uruguay_Rio_de_la_Plata,Uruguay_Rio_de_la_Plata,waterbody:Uruguay_Rio_de_la_Plata:ParqueLagoSaltoGrande,2019-02-11
6b7d3569cc4eaf23,source_ood,1,validation,Uruguay_Rio_de_la_Plata,Uruguay_Rio_de_la_Plata,waterbody:Uruguay_Rio_de_la_Plata:Itapebi,2019-02-18
99451010d87d3857,source_ood,1,validation,Uruguay_Rio_de_la_Plata,Uruguay_Rio_de_la_Plata,waterbody:Uruguay_Rio_de_la_Plata:SantaAnaCanal,2019-02-18
b28899030cf34f6f,source_ood,1,validation,Uruguay_Rio_de_la_Plata,Uruguay_Rio_de_la_Plata,waterbody:Uruguay_Rio_de_la_Plata:RepresaCentroSurEmbalse,2019-02-18
89bd54c0b7a17526,source_ood,1,validation,Uruguay_Rio_de_la_Plata,Uruguay_Rio_de_la_Plata,waterbody:Uruguay_Rio_de_la_Plata:Sol,2019-02-18
61b6b282df4a28fb,source_ood,1,validation,Uruguay_Rio_de_la_Plata,Uruguay_Rio_de_la_Plata,waterbody:Uruguay_Rio_de_la_Plata:Grande,2019-02-18
9ec34b9be01d34b3,source_ood,1,validation,Uruguay_Rio_de_la_Plata,Uruguay_Rio_de_la_Plata,waterbody:Uruguay_Rio_de_la_Plata:LaToma,2019-02-18
1d03ed14035353bb,source_ood,1,validation,Uruguay_Rio_de_la_Plata,Uruguay_Rio_de_la_Plata,waterbody:Uruguay_Rio_de_la_Plata:ParqueLagoSaltoGrande,2019-02-18
47c39a419d0693f3,source_ood,1,validation,Uruguay_Rio_de_la_Plata,Uruguay_Rio_de_la_Plata,waterbody:Uruguay_Rio_de_la_Plata:SantaAna,2019-02-18
2326d1cef0296c94,source_ood,1,validation,Uruguay_Rio_de_la_Plata,Uruguay_Rio_de_la_Plata,waterbody:Uruguay_Rio_de_la_Plata:SantaAnaCanal,2019-02-18
e57aec408abadf2e,source_ood,1,validation,Uruguay_Rio_de_la_Plata,Uruguay_Rio_de_la_Plata,waterbody:Uruguay_Rio_de_la_Plata:SantaAna,2019-02-18
3325e61ac80602bb,source_ood,1,validation,Uruguay_Rio_de_la_Plata,Uruguay_Rio_de_la_Plata,waterbody:Uruguay_Rio_de_la_Plata:Grande,2019-02-18
60400a003283915c,source_ood,1,validation,Uruguay_Rio_de_la_Plata,Uruguay_Rio_de_la_Plata,waterbody:Uruguay_Rio_de_la_Plata:GualeguaycitoChico,2019-02-18
d7f69f5844e21685,source_ood,1,validation,Uruguay_Rio_de_la_Plata,Uruguay_Rio_de_la_Plata,waterbody:Uruguay_Rio_de_la_Plata:LasPalmeras,2019-02-18
1937d12d341d3cc7,source_ood,1,validation,Uruguay_Rio_de_la_Plata,Uruguay_Rio_de_la_Plata,waterbody:Uruguay_Rio_de_la_Plata:BellaUnionMonteCaserosCanal,2019-02-19
c4593db35143d72c,source_ood,1,validation,Uruguay_Rio_de_la_Plata,Uruguay_Rio_de_la_Plata,waterbody:Uruguay_Rio_de_la_Plata:BelenCanal,2019-02-19
071635e0f2e1f61b,source_ood,1,validation,Uruguay_Rio_de_la_Plata,Uruguay_Rio_de_la_Plata,waterbody:Uruguay_Rio_de_la_Plata:BellaUnion,2019-02-19
fda6a1b59b3bf17d,source_ood,1,validation,Uruguay_Rio_de_la_Plata,Uruguay_Rio_de_la_Plata,waterbody:Uruguay_Rio_de_la_Plata:BellaUnionMonteCaserosCanal,2019-02-19
e8a5213c429d2137,source_ood,1,validation,Uruguay_Rio_de_la_Plata,Uruguay_Rio_de_la_Plata,waterbody:Uruguay_Rio_de_la_Plata:BelenPlaya,2019-02-19
fdddccea0e73e2a8,source_ood,1,validation,Uruguay_Rio_de_la_Plata,Uruguay_Rio_de_la_Plata,waterbody:Uruguay_Rio_de_la_Plata:BelenPlaya,2019-02-19
d1db89586aa517a1,source_ood,1,validation,Uruguay_Rio_de_la_Plata,Uruguay_Rio_de_la_Plata,waterbody:Uruguay_Rio_de_la_Plata:BelenCanal,2019-02-19
d33f0d3ecdaa28e9,source_ood,1,validation,Uruguay_Rio_de_la_Plata,Uruguay_Rio_de_la_Plata,waterbody:Uruguay_Rio_de_la_Plata:BellaUnion,2019-02-19
771d43230e429ea6,source_ood,1,validation,Uruguay_Rio_de_la_Plata,Uruguay_Rio_de_la_Plata,waterbody:Uruguay_Rio_de_la_Plata:BellaUnion,2019-02-20
2ba8a6bed57fa354,source_ood,1,validation,Uruguay_Rio_de_la_Plata,Uruguay_Rio_de_la_Plata,waterbody:Uruguay_Rio_de_la_Plata:Grande,2019-02-25
72af7fd1a4ddf4a3,source_ood,1,validation,Uruguay_Rio_de_la_Plata,Uruguay_Rio_de_la_Plata,waterbody:Uruguay_Rio_de_la_Plata:ParqueLagoSaltoGrande,2019-02-25
3aabff34f9fc0856,source_ood,1,validation,Uruguay_Rio_de_la_Plata,Uruguay_Rio_de_la_Plata,waterbody:Uruguay_Rio_de_la_Plata:Grande,2019-02-25
32b3aef3dd86f1fd,source_ood,1,validation,Uruguay_Rio_de_la_Plata,Uruguay_Rio_de_la_Plata,waterbody:Uruguay_Rio_de_la_Plata:LasPalmeras,2019-02-25
b83929d1ba974a34,source_ood,1,validation,Uruguay_Rio_de_la_Plata,Uruguay_Rio_de_la_Plata,waterbody:Uruguay_Rio_de_la_Plata:Sol,2019-02-25
5a0d19feffb76c10,source_ood,1,validation,Uruguay_Rio_de_la_Plata,Uruguay_Rio_de_la_Plata,waterbody:Uruguay_Rio_de_la_Plata:LaToma,2019-02-25
6111fcade39157c9,source_ood,1,validation,Uruguay_Rio_de_la_Plata,Uruguay_Rio_de_la_Plata,waterbody:Uruguay_Rio_de_la_Plata:Sur,2008-12-17
10954ba33064f9e4,source_ood,1,validation,Uruguay_Rio_de_la_Plata,Uruguay_Rio_de_la_Plata,waterbody:Uruguay_Rio_de_la_Plata:Medicos,2008-12-17
8b71f5338d51b142,source_ood,1,validation,Uruguay_Rio_de_la_Plata,Uruguay_Rio_de_la_Plata,waterbody:Uruguay_Rio_de_la_Plata:Itapebi,2009-01-06
3e6c831494b8e016,source_ood,1,validation,Uruguay_Rio_de_la_Plata,Uruguay_Rio_de_la_Plata,waterbody:Uruguay_Rio_de_la_Plata:Sur,2009-01-06
09315959e456dc25,source_ood,1,validation,Uruguay_Rio_de_la_Plata,Uruguay_Rio_de_la_Plata,waterbody:Uruguay_Rio_de_la_Plata:Perdices,2009-01-07
9ba1ef23344dd30a,source_ood,1,validation,Uruguay_Rio_de_la_Plata,Uruguay_Rio_de_la_Plata,waterbody:Uruguay_Rio_de_la_Plata:GualeguaycitoChico,2009-01-07
0c2794c2e367c68b,source_ood,1,validation,Uruguay_Rio_de_la_Plata,Uruguay_Rio_de_la_Plata,waterbody:Uruguay_Rio_de_la_Plata:LasPalmeras,2009-01-07
7389d0765997447c,source_ood,1,validation,Uruguay_Rio_de_la_Plata,Uruguay_Rio_de_la_Plata,waterbody:Uruguay_Rio_de_la_Plata:ParqueLagoSaltoGrande,2009-01-07
942afb571276f1cf,source_ood,1,validation,Uruguay_Rio_de_la_Plata,Uruguay_Rio_de_la_Plata,waterbody:Uruguay_Rio_de_la_Plata:Sol,2009-01-07
baea2e08ba558e13,source_ood,1,validation,Uruguay_Rio_de_la_Plata,Uruguay_Rio_de_la_Plata,waterbody:Uruguay_Rio_de_la_Plata:Medicos,2009-01-07
a819fc4aeee1059c,source_ood,1,validation,Uruguay_Rio_de_la_Plata,Uruguay_Rio_de_la_Plata,waterbody:Uruguay_Rio_de_la_Plata:LaToma,2009-01-07
bcdb98c4f261b3a8,source_ood,1,validation,Uruguay_Rio_de_la_Plata,Uruguay_Rio_de_la_Plata,waterbody:Uruguay_Rio_de_la_Plata:Perdices,2009-01-07
9365b0c6806e5c57,source_ood,1,validation,Uruguay_Rio_de_la_Plata,Uruguay_Rio_de_la_Plata,waterbody:Uruguay_Rio_de_la_Plata:Grande,2009-01-13
4e35ba5682c99dad,source_ood,1,validation,Uruguay_Rio_de_la_Plata,Uruguay_Rio_de_la_Plata,waterbody:Uruguay_Rio_de_la_Plata:Sur,2009-01-13
e10c349f5afcb4e8,source_ood,1,validation,Uruguay_Rio_de_la_Plata,Uruguay_Rio_de_la_Plata,waterbody:Uruguay_Rio_de_la_Plata:Baly,2009-01-13
85b1671d3f966317,source_ood,1,validation,Uruguay_Rio_de_la_Plata,Uruguay_Rio_de_la_Plata,waterbody:Uruguay_Rio_de_la_Plata:LaToma,2009-01-14
1f804ec6acd9506c,source_ood,1,validation,Uruguay_Rio_de_la_Plata,Uruguay_Rio_de_la_Plata,waterbody:Uruguay_Rio_de_la_Plata:Medicos,2009-01-14
ff3ef7d5e2edfa55,source_ood,1,validation,Uruguay_Rio_de_la_Plata,Uruguay_Rio_de_la_Plata,waterbody:Uruguay_Rio_de_la_Plata:GualeguaycitoChico,2009-01-14
d88d727614f32c68,source_ood,1,validation,Uruguay_Rio_de_la_Plata,Uruguay_Rio_de_la_Plata,waterbody:Uruguay_Rio_de_la_Plata:Sur,2009-01-20
1c19c9c08787769c,source_ood,1,validation,Uruguay_Rio_de_la_Plata,Uruguay_Rio_de_la_Plata,waterbody:Uruguay_Rio_de_la_Plata:Medicos,2009-01-21
1984703792c6d08c,source_ood,1,validation,Uruguay_Rio_de_la_Plata,Uruguay_Rio_de_la_Plata,waterbody:Uruguay_Rio_de_la_Plata:LaToma,2009-01-21
bdf21e2c1bbeee22,source_ood,1,validation,Uruguay_Rio_de_la_Plata,Uruguay_Rio_de_la_Plata,waterbody:Uruguay_Rio_de_la_Plata:GualeguaycitoChico,2009-01-21
ad68632a237f9add,source_ood,1,validation,Uruguay_Rio_de_la_Plata,Uruguay_Rio_de_la_Plata,waterbody:Uruguay_Rio_de_la_Plata:ChajariCamping,2009-01-26
e21bd3cc062d1ed0,source_ood,1,validation,Uruguay_Rio_de_la_Plata,Uruguay_Rio_de_la_Plata,waterbody:Uruguay_Rio_de_la_Plata:GualeguaycitoChico,2009-01-27
132e0d9a6899db47,source_ood,1,validation,Uruguay_Rio_de_la_Plata,Uruguay_Rio_de_la_Plata,waterbody:Uruguay_Rio_de_la_Plata:Sur,2009-01-27
1bb5957855aa0097,source_ood,1,validation,Uruguay_Rio_de_la_Plata,Uruguay_Rio_de_la_Plata,waterbody:Uruguay_Rio_de_la_Plata:Perdices,2009-02-04
5874ffb825048b14,source_ood,1,validation,Uruguay_Rio_de_la_Plata,Uruguay_Rio_de_la_Plata,waterbody:Uruguay_Rio_de_la_Plata:LasPalmeras,2009-02-04
568688d454d19c07,source_ood,1,validation,Uruguay_Rio_de_la_Plata,Uruguay_Rio_de_la_Plata,waterbody:Uruguay_Rio_de_la_Plata:GualeguaycitoChico,2009-02-04
0889ddfae55e3978,source_ood,1,validation,Uruguay_Rio_de_la_Plata,Uruguay_Rio_de_la_Plata,waterbody:Uruguay_Rio_de_la_Plata:Medicos,2009-02-04
231e09cee00e21b7,source_ood,1,validation,Uruguay_Rio_de_la_Plata,Uruguay_Rio_de_la_Plata,waterbody:Uruguay_Rio_de_la_Plata:LaToma,2009-02-04
3d8cbbf40f41a868,source_ood,1,validation,Uruguay_Rio_de_la_Plata,Uruguay_Rio_de_la_Plata,waterbody:Uruguay_Rio_de_la_Plata:Grande,2009-02-09
954cfcd4d4f0e8ca,source_ood,1,validation,Uruguay_Rio_de_la_Plata,Uruguay_Rio_de_la_Plata,waterbody:Uruguay_Rio_de_la_Plata:Baly,2009-02-10
d666d843b7f05f01,source_ood,1,validation,Uruguay_Rio_de_la_Plata,Uruguay_Rio_de_la_Plata,waterbody:Uruguay_Rio_de_la_Plata:GualeguaycitoChico,2009-02-10
ac50a428d8332473,source_ood,1,validation,Uruguay_Rio_de_la_Plata,Uruguay_Rio_de_la_Plata,waterbody:Uruguay_Rio_de_la_Plata:LaToma,2009-02-11
b29e7aef93ff1460,source_ood,1,validation,Uruguay_Rio_de_la_Plata,Uruguay_Rio_de_la_Plata,waterbody:Uruguay_Rio_de_la_Plata:Medicos,2009-02-11
85f3a7063188aa56,source_ood,1,validation,Uruguay_Rio_de_la_Plata,Uruguay_Rio_de_la_Plata,waterbody:Uruguay_Rio_de_la_Plata:LasPalmeras,2009-02-11
6860cc6701a9fe5b,source_ood,1,validation,Uruguay_Rio_de_la_Plata,Uruguay_Rio_de_la_Plata,waterbody:Uruguay_Rio_de_la_Plata:Grande,2009-02-17
c1f7c247fb1ed24c,source_ood,1,validation,Uruguay_Rio_de_la_Plata,Uruguay_Rio_de_la_Plata,waterbody:Uruguay_Rio_de_la_Plata:Perdices,2009-02-18
5c35861d95d0a7c9,source_ood,1,validation,Uruguay_Rio_de_la_Plata,Uruguay_Rio_de_la_Plata,waterbody:Uruguay_Rio_de_la_Plata:LaToma,2009-02-18
2a5b40f230200960,source_ood,1,validation,Uruguay_Rio_de_la_Plata,Uruguay_Rio_de_la_Plata,waterbody:Uruguay_Rio_de_la_Plata:Sol,2009-02-18
55f38ccbde239db0,source_ood,1,validation,Uruguay_Rio_de_la_Plata,Uruguay_Rio_de_la_Plata,waterbody:Uruguay_Rio_de_la_Plata:GualeguaycitoChico,2009-02-18
4b4a2c713a24d585,source_ood,1,validation,Uruguay_Rio_de_la_Plata,Uruguay_Rio_de_la_Plata,waterbody:Uruguay_Rio_de_la_Plata:LasPalmeras,2009-02-18
b7f49c2883911e98,source_ood,1,validation,Uruguay_Rio_de_la_Plata,Uruguay_Rio_de_la_Plata,waterbody:Uruguay_Rio_de_la_Plata:Medicos,2009-02-18
93b528ee4015cc82,source_ood,1,validation,Uruguay_Rio_de_la_Plata,Uruguay_Rio_de_la_Plata,waterbody:Uruguay_Rio_de_la_Plata:ChajariCamping,2009-02-23
09de34aa1297e135,source_ood,1,validation,Uruguay_Rio_de_la_Plata,Uruguay_Rio_de_la_Plata,waterbody:Uruguay_Rio_de_la_Plata:GualeguaycitoChico,2009-02-24
c2f59ce24110668a,source_ood,1,validation,Uruguay_Rio_de_la_Plata,Uruguay_Rio_de_la_Plata,waterbody:Uruguay_Rio_de_la_Plata:LaToma,2009-02-25
4845d1e508d68b31,source_ood,1,validation,Uruguay_Rio_de_la_Plata,Uruguay_Rio_de_la_Plata,waterbody:Uruguay_Rio_de_la_Plata:GualeguaycitoChico,2009-02-25
a0b9ba558d1531ee,source_ood,1,validation,Uruguay_Rio_de_la_Plata,Uruguay_Rio_de_la_Plata,waterbody:Uruguay_Rio_de_la_Plata:Itapebi,2009-02-25
7c52e893b6154f9c,source_ood,1,validation,Uruguay_Rio_de_la_Plata,Uruguay_Rio_de_la_Plata,waterbody:Uruguay_Rio_de_la_Plata:Perdices,2009-02-25
8bf273b910814c3e,source_ood,1,validation,Uruguay_Rio_de_la_Plata,Uruguay_Rio_de_la_Plata,waterbody:Uruguay_Rio_de_la_Plata:LaToma,2009-03-04
ce64a68c8d0f9005,source_ood,1,validation,Uruguay_Rio_de_la_Plata,Uruguay_Rio_de_la_Plata,waterbody:Uruguay_Rio_de_la_Plata:ParqueLagoSaltoGrande,2009-03-04
a1b70a2b6717ab1f,source_ood,1,validation,Uruguay_Rio_de_la_Plata,Uruguay_Rio_de_la_Plata,waterbody:Uruguay_Rio_de_la_Plata:Medicos,2009-03-04
556bf395f2176a35,source_ood,1,validation,Uruguay_Rio_de_la_Plata,Uruguay_Rio_de_la_Plata,waterbody:Uruguay_Rio_de_la_Plata:Medicos,2009-03-04
3ab89173366989ce,source_ood,1,validation,Uruguay_Rio_de_la_Plata,Uruguay_Rio_de_la_Plata,waterbody:Uruguay_Rio_de_la_Plata:SantaAna,2009-03-09
5bc995d0a2fcda72,source_ood,1,validation,Uruguay_Rio_de_la_Plata,Uruguay_Rio_de_la_Plata,waterbody:Uruguay_Rio_de_la_Plata:RepresaCentroSurEmbalse,2009-03-10
4d90b390220338d9,source_ood,1,validation,Uruguay_Rio_de_la_Plata,Uruguay_Rio_de_la_Plata,waterbody:Uruguay_Rio_de_la_Plata:GualeguaycitoChico,2009-03-10
69ff0edc134410c2,source_ood,1,validation,Uruguay_Rio_de_la_Plata,Uruguay_Rio_de_la_Plata,waterbody:Uruguay_Rio_de_la_Plata:LaToma,2009-03-12
3354e14745cb9960,source_ood,1,validation,Uruguay_Rio_de_la_Plata,Uruguay_Rio_de_la_Plata,waterbody:Uruguay_Rio_de_la_Plata:GualeguaycitoChico,2009-03-12
e91726256787f848,source_ood,1,validation,Uruguay_Rio_de_la_Plata,Uruguay_Rio_de_la_Plata,waterbody:Uruguay_Rio_de_la_Plata:CerroIglesia,2009-03-12
f8912e8cc8cb44f6,source_ood,1,validation,Uruguay_Rio_de_la_Plata,Uruguay_Rio_de_la_Plata,waterbody:Uruguay_Rio_de_la_Plata:Baly,2009-03-17
a927e595bfcadadb,source_ood,1,validation,Uruguay_Rio_de_la_Plata,Uruguay_Rio_de_la_Plata,waterbody:Uruguay_Rio_de_la_Plata:LasPalmeras,2009-03-18
bb126b079b8e5717,source_ood,1,validation,Uruguay_Rio_de_la_Plata,Uruguay_Rio_de_la_Plata,waterbody:Uruguay_Rio_de_la_Plata:LaToma,2009-03-18
c6b69d5ce3bd44ef,source_ood,1,validation,Uruguay_Rio_de_la_Plata,Uruguay_Rio_de_la_Plata,waterbody:Uruguay_Rio_de_la_Plata:Medicos,2009-03-18
ad21d1a3a2150a8a,source_ood,1,validation,Uruguay_Rio_de_la_Plata,Uruguay_Rio_de_la_Plata,waterbody:Uruguay_Rio_de_la_Plata:Perdices,2009-03-18
3762e160673cd39f,source_ood,1,validation,Uruguay_Rio_de_la_Plata,Uruguay_Rio_de_la_Plata,waterbody:Uruguay_Rio_de_la_Plata:GualeguaycitoChico,2009-03-18
036c550f9a9d777f,source_ood,1,validation,Uruguay_Rio_de_la_Plata,Uruguay_Rio_de_la_Plata,waterbody:Uruguay_Rio_de_la_Plata:Perdices,2009-03-25
24e3f7ffd65de5aa,source_ood,1,validation,Uruguay_Rio_de_la_Plata,Uruguay_Rio_de_la_Plata,waterbody:Uruguay_Rio_de_la_Plata:Medicos,2009-03-25
6466acb1393ff11f,source_ood,1,validation,Uruguay_Rio_de_la_Plata,Uruguay_Rio_de_la_Plata,waterbody:Uruguay_Rio_de_la_Plata:LaToma,2009-03-25
ec493ec3ce38f81e,source_ood,1,validation,Uruguay_Rio_de_la_Plata,Uruguay_Rio_de_la_Plata,waterbody:Uruguay_Rio_de_la_Plata:LasPalmeras,2009-03-25
ef52bec6ec706ceb,source_ood,1,validation,Uruguay_Rio_de_la_Plata,Uruguay_Rio_de_la_Plata,waterbody:Uruguay_Rio_de_la_Plata:GualeguaycitoChico,2009-04-29
ba7b64899f80c911,source_ood,1,validation,Uruguay_Rio_de_la_Plata,Uruguay_Rio_de_la_Plata,waterbody:Uruguay_Rio_de_la_Plata:MonteCaseros,2009-05-11
9328d8aa7278659f,source_ood,1,validation,Uruguay_Rio_de_la_Plata,Uruguay_Rio_de_la_Plata,waterbody:Uruguay_Rio_de_la_Plata:BellaUnion,2009-05-11
d416f675e807bbe0,source_ood,1,validation,Uruguay_Rio_de_la_Plata,Uruguay_Rio_de_la_Plata,waterbody:Uruguay_Rio_de_la_Plata:MonteCaseros,2009-05-25
9796124897c1e70b,source_ood,1,validation,Uruguay_Rio_de_la_Plata,Uruguay_Rio_de_la_Plata,waterbody:Uruguay_Rio_de_la_Plata:BellaUnion,2009-05-25
a1f1da52c3bbf7ae,source_ood,1,validation,Uruguay_Rio_de_la_Plata,Uruguay_Rio_de_la_Plata,waterbody:Uruguay_Rio_de_la_Plata:PocitosBarreiro,2009-11-27
3eb31b9b415e9d8b,source_ood,1,validation,Uruguay_Rio_de_la_Plata,Uruguay_Rio_de_la_Plata,waterbody:Uruguay_Rio_de_la_Plata:Malvin,2009-11-27
b5549574c61d2cb9,source_ood,1,validation,Uruguay_Rio_de_la_Plata,Uruguay_Rio_de_la_Plata,waterbody:Uruguay_Rio_de_la_Plata:Carrasco,2009-11-27
6563a278becc534c,source_ood,1,validation,Uruguay_Rio_de_la_Plata,Uruguay_Rio_de_la_Plata,waterbody:Uruguay_Rio_de_la_Plata:PajasBlancas,2009-11-27
166a6ff217fa4166,source_ood,1,validation,Uruguay_Rio_de_la_Plata,Uruguay_Rio_de_la_Plata,waterbody:Uruguay_Rio_de_la_Plata:Ramirez,2009-11-27
fee973971cff084b,source_ood,1,validation,Uruguay_Rio_de_la_Plata,Uruguay_Rio_de_la_Plata,waterbody:Uruguay_Rio_de_la_Plata:Cerro,2009-12-04
ff4bd50026672743,source_ood,1,validation,Uruguay_Rio_de_la_Plata,Uruguay_Rio_de_la_Plata,waterbody:Uruguay_Rio_de_la_Plata:PajasBlancas,2009-12-04
d53fc6f613ef8caa,source_ood,1,validation,Uruguay_Rio_de_la_Plata,Uruguay_Rio_de_la_Plata,waterbody:Uruguay_Rio_de_la_Plata:Carrasco,2009-12-04
3782b0316789971f,source_ood,1,validation,Uruguay_Rio_de_la_Plata,Uruguay_Rio_de_la_Plata,waterbody:Uruguay_Rio_de_la_Plata:PuertoBuceo,2009-12-04
6a450d895241a21b,source_ood,1,validation,Uruguay_Rio_de_la_Plata,Uruguay_Rio_de_la_Plata,waterbody:Uruguay_Rio_de_la_Plata:Ramirez,2009-12-04
6723adea7a3a12f9,source_ood,1,validation,Uruguay_Rio_de_la_Plata,Uruguay_Rio_de_la_Plata,waterbody:Uruguay_Rio_de_la_Plata:PocitosAvenidaBrasil,2009-12-04
53a9439b0e7c655e,source_ood,1,validation,Uruguay_Rio_de_la_Plata,Uruguay_Rio_de_la_Plata,waterbody:Uruguay_Rio_de_la_Plata:PocitosBarreiro,2009-12-04
7264c8b721438240,source_ood,1,validation,Uruguay_Rio_de_la_Plata,Uruguay_Rio_de_la_Plata,waterbody:Uruguay_Rio_de_la_Plata:Malvin,2009-12-04
bbe97f8327b38f50,source_ood,1,validation,Uruguay_Rio_de_la_Plata,Uruguay_Rio_de_la_Plata,waterbody:Uruguay_Rio_de_la_Plata:Carrasco,2009-12-09
77310d50e120dd57,source_ood,1,validation,Uruguay_Rio_de_la_Plata,Uruguay_Rio_de_la_Plata,waterbody:Uruguay_Rio_de_la_Plata:Malvin,2009-12-09
909e3c3cca819528,source_ood,1,validation,Uruguay_Rio_de_la_Plata,Uruguay_Rio_de_la_Plata,waterbody:Uruguay_Rio_de_la_Plata:Ramirez,2009-12-09
92749b4b7ee3ce34,source_ood,1,validation,Uruguay_Rio_de_la_Plata,Uruguay_Rio_de_la_Plata,waterbody:Uruguay_Rio_de_la_Plata:Cerro,2009-12-09
ef5beb38f96cfdc5,source_ood,1,validation,Uruguay_Rio_de_la_Plata,Uruguay_Rio_de_la_Plata,waterbody:Uruguay_Rio_de_la_Plata:PocitosBarreiro,2009-12-09
d9a3997f463c9832,source_ood,1,validation,Uruguay_Rio_de_la_Plata,Uruguay_Rio_de_la_Plata,waterbody:Uruguay_Rio_de_la_Plata:PocitosBarreiro,2009-12-16
d238658eb2dfe230,source_ood,1,validation,Uruguay_Rio_de_la_Plata,Uruguay_Rio_de_la_Plata,waterbody:Uruguay_Rio_de_la_Plata:Ingleses,2009-12-16
d1c2901fe0fd0884,source_ood,1,validation,Uruguay_Rio_de_la_Plata,Uruguay_Rio_de_la_Plata,waterbody:Uruguay_Rio_de_la_Plata:Malvin,2009-12-16
57797bcbfcc30fe6,source_ood,1,validation,Uruguay_Rio_de_la_Plata,Uruguay_Rio_de_la_Plata,waterbody:Uruguay_Rio_de_la_Plata:Ramirez,2009-12-16
7e825d1b8118965d,source_ood,1,validation,Uruguay_Rio_de_la_Plata,Uruguay_Rio_de_la_Plata,waterbody:Uruguay_Rio_de_la_Plata:Cerro,2009-12-16
fcaf725e785cb8bf,source_ood,1,validation,Uruguay_Rio_de_la_Plata,Uruguay_Rio_de_la_Plata,waterbody:Uruguay_Rio_de_la_Plata:PuertoBuceo,2009-12-16
9de2166637792ce6,source_ood,1,validation,Uruguay_Rio_de_la_Plata,Uruguay_Rio_de_la_Plata,waterbody:Uruguay_Rio_de_la_Plata:Carrasco,2009-12-16
bc106ac588dd933e,source_ood,1,validation,Uruguay_Rio_de_la_Plata,Uruguay_Rio_de_la_Plata,waterbody:Uruguay_Rio_de_la_Plata:Carrasco,2009-12-21
9e2ad2f01847a892,source_ood,1,validation,Uruguay_Rio_de_la_Plata,Uruguay_Rio_de_la_Plata,waterbody:Uruguay_Rio_de_la_Plata:PocitosAvenidaBrasil,2009-12-21
5deb4fc725f80f28,source_ood,1,validation,Uruguay_Rio_de_la_Plata,Uruguay_Rio_de_la_Plata,waterbody:Uruguay_Rio_de_la_Plata:PuertoBuceo,2009-12-21
afae0fa4e5c6d0a3,source_ood,1,validation,Uruguay_Rio_de_la_Plata,Uruguay_Rio_de_la_Plata,waterbody:Uruguay_Rio_de_la_Plata:Cerro,2009-12-23
c88e72b401ea242f,source_ood,1,validation,Uruguay_Rio_de_la_Plata,Uruguay_Rio_de_la_Plata,waterbody:Uruguay_Rio_de_la_Plata:Ramirez,2009-12-23
a758a35413d6fdcb,source_ood,1,validation,Uruguay_Rio_de_la_Plata,Uruguay_Rio_de_la_Plata,waterbody:Uruguay_Rio_de_la_Plata:PajasBlancas,2009-12-23
f138cf5e04530c1f,source_ood,1,validation,Uruguay_Rio_de_la_Plata,Uruguay_Rio_de_la_Plata,waterbody:Uruguay_Rio_de_la_Plata:Malvin,2010-01-07
9675d847645e1d08,source_ood,1,validation,Uruguay_Rio_de_la_Plata,Uruguay_Rio_de_la_Plata,waterbody:Uruguay_Rio_de_la_Plata:Carrasco,2010-01-14
654c61c3fc7a5460,source_ood,1,validation,Uruguay_Rio_de_la_Plata,Uruguay_Rio_de_la_Plata,waterbody:Uruguay_Rio_de_la_Plata:PocitosBarreiro,2010-01-14
a960da4fe0ad0d61,source_ood,1,validation,Uruguay_Rio_de_la_Plata,Uruguay_Rio_de_la_Plata,waterbody:Uruguay_Rio_de_la_Plata:Ramirez,2010-01-14
5be4818d6cb54e5c,source_ood,1,validation,Uruguay_Rio_de_la_Plata,Uruguay_Rio_de_la_Plata,waterbody:Uruguay_Rio_de_la_Plata:PajasBlancas,2010-01-14
aee97b867523002c,source_ood,1,validation,Uruguay_Rio_de_la_Plata,Uruguay_Rio_de_la_Plata,waterbody:Uruguay_Rio_de_la_Plata:Cerro,2010-01-14
c7e8cebd77c396f1,source_ood,1,validation,Uruguay_Rio_de_la_Plata,Uruguay_Rio_de_la_Plata,waterbody:Uruguay_Rio_de_la_Plata:Malvin,2010-01-14
e629a3db0472c9b7,source_ood,1,validation,Uruguay_Rio_de_la_Plata,Uruguay_Rio_de_la_Plata,waterbody:Uruguay_Rio_de_la_Plata:PajasBlancas,2010-01-21
5a3384f143fa9126,source_ood,1,validation,Uruguay_Rio_de_la_Plata,Uruguay_Rio_de_la_Plata,waterbody:Uruguay_Rio_de_la_Plata:Cerro,2010-01-21
86f2d76d0defa8dc,source_ood,1,validation,Uruguay_Rio_de_la_Plata,Uruguay_Rio_de_la_Plata,waterbody:Uruguay_Rio_de_la_Plata:Ramirez,2010-01-21
681f06dc109eeef8,source_ood,1,validation,Uruguay_Rio_de_la_Plata,Uruguay_Rio_de_la_Plata,waterbody:Uruguay_Rio_de_la_Plata:PocitosBarreiro,2010-01-21
01a27515e22856e0,source_ood,1,validation,Uruguay_Rio_de_la_Plata,Uruguay_Rio_de_la_Plata,waterbody:Uruguay_Rio_de_la_Plata:Carrasco,2010-01-21
16240b8dbba51539,source_ood,1,validation,Uruguay_Rio_de_la_Plata,Uruguay_Rio_de_la_Plata,waterbody:Uruguay_Rio_de_la_Plata:Malvin,2010-01-21
4baaaf8fe852db31,source_ood,1,validation,Uruguay_Rio_de_la_Plata,Uruguay_Rio_de_la_Plata,waterbody:Uruguay_Rio_de_la_Plata:PuntaEspinillo,2010-01-22
39596d7e7e924b63,source_ood,1,validation,Uruguay_Rio_de_la_Plata,Uruguay_Rio_de_la_Plata,waterbody:Uruguay_Rio_de_la_Plata:PuertoBuceo,2010-01-22
6632cac7a7eebd1a,source_ood,1,validation,Uruguay_Rio_de_la_Plata,Uruguay_Rio_de_la_Plata,waterbody:Uruguay_Rio_de_la_Plata:PocitosAvenidaBrasil,2010-01-23
5d78fd916a33bf40,source_ood,1,validation,Uruguay_Rio_de_la_Plata,Uruguay_Rio_de_la_Plata,waterbody:Uruguay_Rio_de_la_Plata:Cerro,2010-01-27
26754f5aec34fd8f,source_ood,1,validation,Uruguay_Rio_de_la_Plata,Uruguay_Rio_de_la_Plata,waterbody:Uruguay_Rio_de_la_Plata:Ramirez,2010-01-27
421c5c6968933e7b,source_ood,1,validation,Uruguay_Rio_de_la_Plata,Uruguay_Rio_de_la_Plata,waterbody:Uruguay_Rio_de_la_Plata:PajasBlancas,2010-01-27
0f80f7fbd6007176,source_ood,1,validation,Uruguay_Rio_de_la_Plata,Uruguay_Rio_de_la_Plata,waterbody:Uruguay_Rio_de_la_Plata:Malvin,2010-01-27
c0468a7f00862186,source_ood,1,validation,Uruguay_Rio_de_la_Plata,Uruguay_Rio_de_la_Plata,waterbody:Uruguay_Rio_de_la_Plata:Carrasco,2010-01-27
12e2c6f350a9c413,source_ood,1,validation,Uruguay_Rio_de_la_Plata,Uruguay_Rio_de_la_Plata,waterbody:Uruguay_Rio_de_la_Plata:Ramirez,2010-01-31
6a90a0aacb13945a,source_ood,1,validation,Uruguay_Rio_de_la_Plata,Uruguay_Rio_de_la_Plata,waterbody:Uruguay_Rio_de_la_Plata:Zabala,2010-01-31
825f784b80687f56,source_ood,1,validation,Uruguay_Rio_de_la_Plata,Uruguay_Rio_de_la_Plata,waterbody:Uruguay_Rio_de_la_Plata:PuntaEspinillo,2010-01-31
42ed65600c57b7a6,source_ood,1,validation,Uruguay_Rio_de_la_Plata,Uruguay_Rio_de_la_Plata,waterbody:Uruguay_Rio_de_la_Plata:LaColorada,2010-01-31
0276912dbe0daba6,source_ood,1,validation,Uruguay_Rio_de_la_Plata,Uruguay_Rio_de_la_Plata,waterbody:Uruguay_Rio_de_la_Plata:PajasBlancas,2010-01-31
5908c1cd239d7be5,source_ood,1,validation,Uruguay_Rio_de_la_Plata,Uruguay_Rio_de_la_Plata,waterbody:Uruguay_Rio_de_la_Plata:Cerro,2010-01-31
b2a0d5b01e2de4a2,source_ood,1,validation,Uruguay_Rio_de_la_Plata,Uruguay_Rio_de_la_Plata,waterbody:Uruguay_Rio_de_la_Plata:Carrasco,2010-02-01
36b7406e0a52ea6d,source_ood,1,validation,Uruguay_Rio_de_la_Plata,Uruguay_Rio_de_la_Plata,waterbody:Uruguay_Rio_de_la_Plata:LaColorada,2010-02-01
da5158056d0a5e4d,source_ood,1,validation,Uruguay_Rio_de_la_Plata,Uruguay_Rio_de_la_Plata,waterbody:Uruguay_Rio_de_la_Plata:Ingleses,2010-02-01
e876cc7d3a843020,source_ood,1,validation,Uruguay_Rio_de_la_Plata,Uruguay_Rio_de_la_Plata,waterbody:Uruguay_Rio_de_la_Plata:Cerro,2010-02-10
8ef785f859d5bb52,source_ood,1,validation,Uruguay_Rio_de_la_Plata,Uruguay_Rio_de_la_Plata,waterbody:Uruguay_Rio_de_la_Plata:Carrasco,2010-02-10
e31d22922d07bdd0,source_ood,1,validation,Uruguay_Rio_de_la_Plata,Uruguay_Rio_de_la_Plata,waterbody:Uruguay_Rio_de_la_Plata:Ramirez,2010-02-10
29beb4d63071ac71,source_ood,1,validation,Uruguay_Rio_de_la_Plata,Uruguay_Rio_de_la_Plata,waterbody:Uruguay_Rio_de_la_Plata:Malvin,2010-02-10
149520237b87c536,source_ood,1,validation,Uruguay_Rio_de_la_Plata,Uruguay_Rio_de_la_Plata,waterbody:Uruguay_Rio_de_la_Plata:PocitosBarreiro,2010-02-10
b7ef1d9902d2bb85,source_ood,1,validation,Uruguay_Rio_de_la_Plata,Uruguay_Rio_de_la_Plata,waterbody:Uruguay_Rio_de_la_Plata:PuntaYeguas,2010-02-12
e9daf36199eeb972,source_ood,1,validation,Uruguay_Rio_de_la_Plata,Uruguay_Rio_de_la_Plata,waterbody:Uruguay_Rio_de_la_Plata:Cerro,2010-02-18
cbd6e009656e1dad,source_ood,1,validation,Uruguay_Rio_de_la_Plata,Uruguay_Rio_de_la_Plata,waterbody:Uruguay_Rio_de_la_Plata:PocitosBarreiro,2010-02-18
fae94f5bc6f10e4a,source_ood,1,validation,Uruguay_Rio_de_la_Plata,Uruguay_Rio_de_la_Plata,waterbody:Uruguay_Rio_de_la_Plata:Malvin,2010-02-18
9234ff95ae8f68c8,source_ood,1,validation,Uruguay_Rio_de_la_Plata,Uruguay_Rio_de_la_Plata,waterbody:Uruguay_Rio_de_la_Plata:Carrasco,2010-02-18
31cb5e37a3439ea3,source_ood,1,validation,Uruguay_Rio_de_la_Plata,Uruguay_Rio_de_la_Plata,waterbody:Uruguay_Rio_de_la_Plata:Ramirez,2010-02-18
3b1cb89f727844fd,source_ood,1,validation,Uruguay_Rio_de_la_Plata,Uruguay_Rio_de_la_Plata,waterbody:Uruguay_Rio_de_la_Plata:PajasBlancas,2010-02-18
9f78478feb0a1e4f,source_ood,1,validation,Uruguay_Rio_de_la_Plata,Uruguay_Rio_de_la_Plata,waterbody:Uruguay_Rio_de_la_Plata:PocitosBarreiro,2010-02-24
591cd46c14b3ef88,source_ood,1,validation,Uruguay_Rio_de_la_Plata,Uruguay_Rio_de_la_Plata,waterbody:Uruguay_Rio_de_la_Plata:Malvin,2010-02-24
0bfecc4f0bf6a7a4,source_ood,1,validation,Uruguay_Rio_de_la_Plata,Uruguay_Rio_de_la_Plata,waterbody:Uruguay_Rio_de_la_Plata:Cerro,2010-02-24
4ebe38d68af2df28,source_ood,1,validation,Uruguay_Rio_de_la_Plata,Uruguay_Rio_de_la_Plata,waterbody:Uruguay_Rio_de_la_Plata:Carrasco,2010-02-24
b174f917b4dab54f,source_ood,1,validation,Uruguay_Rio_de_la_Plata,Uruguay_Rio_de_la_Plata,waterbody:Uruguay_Rio_de_la_Plata:Ramirez,2010-02-24
9d62dbab7332d4b6,source_ood,1,validation,Uruguay_Rio_de_la_Plata,Uruguay_Rio_de_la_Plata,waterbody:Uruguay_Rio_de_la_Plata:PajasBlancas,2010-03-03
ae003106dcd23f03,source_ood,1,validation,Uruguay_Rio_de_la_Plata,Uruguay_Rio_de_la_Plata,waterbody:Uruguay_Rio_de_la_Plata:Cerro,2010-03-03
915a0eb5430666b5,source_ood,1,validation,Uruguay_Rio_de_la_Plata,Uruguay_Rio_de_la_Plata,waterbody:Uruguay_Rio_de_la_Plata:Ramirez,2010-03-03
9f2ac319d9d59e44,source_ood,1,validation,Uruguay_Rio_de_la_Plata,Uruguay_Rio_de_la_Plata,waterbody:Uruguay_Rio_de_la_Plata:Malvin,2010-03-03
c89b33bc28a3ac15,source_ood,1,validation,Uruguay_Rio_de_la_Plata,Uruguay_Rio_de_la_Plata,waterbody:Uruguay_Rio_de_la_Plata:Carrasco,2010-03-03
5f98246119553b37,source_ood,1,validation,Uruguay_Rio_de_la_Plata,Uruguay_Rio_de_la_Plata,waterbody:Uruguay_Rio_de_la_Plata:Ingleses,2010-03-06
d856617cac16521d,source_ood,1,validation,Uruguay_Rio_de_la_Plata,Uruguay_Rio_de_la_Plata,waterbody:Uruguay_Rio_de_la_Plata:SantaCatalina,2010-03-06
5a84b00232cc50b8,source_ood,1,validation,Uruguay_Rio_de_la_Plata,Uruguay_Rio_de_la_Plata,waterbody:Uruguay_Rio_de_la_Plata:Ramirez,2010-03-06
f487c527d053716b,source_ood,1,validation,Uruguay_Rio_de_la_Plata,Uruguay_Rio_de_la_Plata,waterbody:Uruguay_Rio_de_la_Plata:Malvin,2010-03-07
fc1675c0772d4334,source_ood,1,validation,Uruguay_Rio_de_la_Plata,Uruguay_Rio_de_la_Plata,waterbody:Uruguay_Rio_de_la_Plata:Ramirez,2010-03-07
52707cbb0adefd89,source_ood,1,validation,Uruguay_Rio_de_la_Plata,Uruguay_Rio_de_la_Plata,waterbody:Uruguay_Rio_de_la_Plata:Ingleses,2010-03-07
85944f8fc4cf3d31,source_ood,1,validation,Uruguay_Rio_de_la_Plata,Uruguay_Rio_de_la_Plata,waterbody:Uruguay_Rio_de_la_Plata:Carrasco,2010-03-07
af3fdadd422ca1ca,source_ood,1,validation,Uruguay_Rio_de_la_Plata,Uruguay_Rio_de_la_Plata,waterbody:Uruguay_Rio_de_la_Plata:SantaCatalina,2010-03-07
403f2e4ae272d012,source_ood,1,validation,Uruguay_Rio_de_la_Plata,Uruguay_Rio_de_la_Plata,waterbody:Uruguay_Rio_de_la_Plata:Nacional,2010-03-07
90674b4210b349f0,source_ood,1,validation,Uruguay_Rio_de_la_Plata,Uruguay_Rio_de_la_Plata,waterbody:Uruguay_Rio_de_la_Plata:Cerro,2010-03-07
44f8a3c95ac938b5,source_ood,1,validation,Uruguay_Rio_de_la_Plata,Uruguay_Rio_de_la_Plata,waterbody:Uruguay_Rio_de_la_Plata:PuntaYeguas,2010-03-07
04ede84d029c262a,source_ood,1,validation,Uruguay_Rio_de_la_Plata,Uruguay_Rio_de_la_Plata,waterbody:Uruguay_Rio_de_la_Plata:PuertoBuceo,2010-03-07
99d8f4a473486c98,source_ood,1,validation,Uruguay_Rio_de_la_Plata,Uruguay_Rio_de_la_Plata,waterbody:Uruguay_Rio_de_la_Plata:Ramirez,2010-03-08
658641ce8fe15084,source_ood,1,validation,Uruguay_Rio_de_la_Plata,Uruguay_Rio_de_la_Plata,waterbody:Uruguay_Rio_de_la_Plata:Cerro,2010-03-08
cbc080a3a402734b,source_ood,1,validation,Uruguay_Rio_de_la_Plata,Uruguay_Rio_de_la_Plata,waterbody:Uruguay_Rio_de_la_Plata:PajasBlancas,2010-03-08
81f7ae8caa44fadc,source_ood,1,validation,Uruguay_Rio_de_la_Plata,Uruguay_Rio_de_la_Plata,waterbody:Uruguay_Rio_de_la_Plata:Mulata,2010-03-10
46f68bb2f057730c,source_ood,1,validation,Uruguay_Rio_de_la_Plata,Uruguay_Rio_de_la_Plata,waterbody:Uruguay_Rio_de_la_Plata:PajasBlancas,2010-03-11
d69fe774bb37174a,source_ood,1,validation,Uruguay_Rio_de_la_Plata,Uruguay_Rio_de_la_Plata,waterbody:Uruguay_Rio_de_la_Plata:Ramirez,2010-03-11
969116f0404022dc,source_ood,1,validation,Uruguay_Rio_de_la_Plata,Uruguay_Rio_de_la_Plata,waterbody:Uruguay_Rio_de_la_Plata:Cerro,2010-03-11
8a44db87a08b1319,source_ood,1,validation,Uruguay_Rio_de_la_Plata,Uruguay_Rio_de_la_Plata,waterbody:Uruguay_Rio_de_la_Plata:Malvin,2010-03-11
bb82566c34f16f6f,source_ood,1,validation,Uruguay_Rio_de_la_Plata,Uruguay_Rio_de_la_Plata,waterbody:Uruguay_Rio_de_la_Plata:Carrasco,2010-03-11
3abf0c44d4c9fbb6,source_ood,1,validation,Uruguay_Rio_de_la_Plata,Uruguay_Rio_de_la_Plata,waterbody:Uruguay_Rio_de_la_Plata:PocitosBarreiro,2010-03-17
7226453025d84e34,source_ood,1,validation,Uruguay_Rio_de_la_Plata,Uruguay_Rio_de_la_Plata,waterbody:Uruguay_Rio_de_la_Plata:Ramirez,2010-03-24
bc22d1fc4a561bc9,source_ood,1,validation,Uruguay_Rio_de_la_Plata,Uruguay_Rio_de_la_Plata,waterbody:Uruguay_Rio_de_la_Plata:Carrasco,2010-03-24
809ad15bf63818ea,source_ood,1,validation,Uruguay_Rio_de_la_Plata,Uruguay_Rio_de_la_Plata,waterbody:Uruguay_Rio_de_la_Plata:PocitosBarreiro,2010-03-24
7f411697684c5def,source_ood,1,validation,Uruguay_Rio_de_la_Plata,Uruguay_Rio_de_la_Plata,waterbody:Uruguay_Rio_de_la_Plata:PocitosBarreiro,2010-11-26
c6b294c1b386546a,source_ood,1,validation,Uruguay_Rio_de_la_Plata,Uruguay_Rio_de_la_Plata,waterbody:Uruguay_Rio_de_la_Plata:Ramirez,2010-11-26
ae4477fe625b3d5d,source_ood,1,validation,Uruguay_Rio_de_la_Plata,Uruguay_Rio_de_la_Plata,waterbody:Uruguay_Rio_de_la_Plata:Carrasco,2010-11-26
33ebad7eec29514c,source_ood,1,validation,Uruguay_Rio_de_la_Plata,Uruguay_Rio_de_la_Plata,waterbody:Uruguay_Rio_de_la_Plata:Malvin,2010-11-26
ce588120eed5b103,source_ood,1,validation,Uruguay_Rio_de_la_Plata,Uruguay_Rio_de_la_Plata,waterbody:Uruguay_Rio_de_la_Plata:PajasBlancas,2010-11-26
676fb8120f8bbeeb,source_ood,1,validation,Uruguay_Rio_de_la_Plata,Uruguay_Rio_de_la_Plata,waterbody:Uruguay_Rio_de_la_Plata:Carrasco,2010-11-29
4e99234fb7f8ed94,source_ood,1,validation,Uruguay_Rio_de_la_Plata,Uruguay_Rio_de_la_Plata,waterbody:Uruguay_Rio_de_la_Plata:PajasBlancas,2010-11-29
f52ecc78a4fe385a,source_ood,1,validation,Uruguay_Rio_de_la_Plata,Uruguay_Rio_de_la_Plata,waterbody:Uruguay_Rio_de_la_Plata:Cerro,2010-11-29
fb95f2ae83474f00,source_ood,1,validation,Uruguay_Rio_de_la_Plata,Uruguay_Rio_de_la_Plata,waterbody:Uruguay_Rio_de_la_Plata:Ramirez,2010-11-29
cd484adbf90ecf62,source_ood,1,validation,Uruguay_Rio_de_la_Plata,Uruguay_Rio_de_la_Plata,waterbody:Uruguay_Rio_de_la_Plata:PocitosBarreiro,2010-11-29
4cb9ffb2e81e3aca,source_ood,1,validation,Uruguay_Rio_de_la_Plata,Uruguay_Rio_de_la_Plata,waterbody:Uruguay_Rio_de_la_Plata:Malvin,2010-11-29
cb467673d2a42d12,source_ood,1,validation,Uruguay_Rio_de_la_Plata,Uruguay_Rio_de_la_Plata,waterbody:Uruguay_Rio_de_la_Plata:PocitosBarreiro,2010-12-08
938713990fff03e8,source_ood,1,validation,Uruguay_Rio_de_la_Plata,Uruguay_Rio_de_la_Plata,waterbody:Uruguay_Rio_de_la_Plata:Ramirez,2010-12-08
9a215d00ba914d6e,source_ood,1,validation,Uruguay_Rio_de_la_Plata,Uruguay_Rio_de_la_Plata,waterbody:Uruguay_Rio_de_la_Plata:Ramirez,2010-12-14
23e3390536f6ceae,source_ood,1,validation,Uruguay_Rio_de_la_Plata,Uruguay_Rio_de_la_Plata,waterbody:Uruguay_Rio_de_la_Plata:Malvin,2010-12-14
ff954f6bee8778f6,source_ood,1,validation,Uruguay_Rio_de_la_Plata,Uruguay_Rio_de_la_Plata,waterbody:Uruguay_Rio_de_la_Plata:PocitosBarreiro,2010-12-14
4d7c849549ea9e82,source_ood,1,validation,Uruguay_Rio_de_la_Plata,Uruguay_Rio_de_la_Plata,waterbody:Uruguay_Rio_de_la_Plata:PajasBlancas,2010-12-14
fa9e28659b754cc9,source_ood,1,validation,Uruguay_Rio_de_la_Plata,Uruguay_Rio_de_la_Plata,waterbody:Uruguay_Rio_de_la_Plata:Cerro,2010-12-14
619fe3eecdde7ece,source_ood,1,validation,Uruguay_Rio_de_la_Plata,Uruguay_Rio_de_la_Plata,waterbody:Uruguay_Rio_de_la_Plata:Carrasco,2010-12-14
2ed6dc7eedfef8d5,source_ood,1,validation,Uruguay_Rio_de_la_Plata,Uruguay_Rio_de_la_Plata,waterbody:Uruguay_Rio_de_la_Plata:Ramirez,2010-12-20
93acb2df98396c5b,source_ood,1,validation,Uruguay_Rio_de_la_Plata,Uruguay_Rio_de_la_Plata,waterbody:Uruguay_Rio_de_la_Plata:Carrasco,2010-12-20
6716cf0ee0b3e518,source_ood,1,validation,Uruguay_Rio_de_la_Plata,Uruguay_Rio_de_la_Plata,waterbody:Uruguay_Rio_de_la_Plata:Cerro,2010-12-20
53a06fb7aa1602de,source_ood,1,validation,Uruguay_Rio_de_la_Plata,Uruguay_Rio_de_la_Plata,waterbody:Uruguay_Rio_de_la_Plata:Malvin,2010-12-20
204f5a305441ce4f,source_ood,1,validation,Uruguay_Rio_de_la_Plata,Uruguay_Rio_de_la_Plata,waterbody:Uruguay_Rio_de_la_Plata:PocitosBarreiro,2010-12-20
c3a1ac35c3759075,source_ood,1,validation,Uruguay_Rio_de_la_Plata,Uruguay_Rio_de_la_Plata,waterbody:Uruguay_Rio_de_la_Plata:PajasBlancas,2010-12-20
aac5716d788fb16c,source_ood,1,validation,Uruguay_Rio_de_la_Plata,Uruguay_Rio_de_la_Plata,waterbody:Uruguay_Rio_de_la_Plata:PocitosBarreiro,2010-12-22
dcdfdcd564a3ad66,source_ood,1,validation,Uruguay_Rio_de_la_Plata,Uruguay_Rio_de_la_Plata,waterbody:Uruguay_Rio_de_la_Plata:Malvin,2010-12-22
62af94f00c9c8400,source_ood,1,validation,Uruguay_Rio_de_la_Plata,Uruguay_Rio_de_la_Plata,waterbody:Uruguay_Rio_de_la_Plata:PajasBlancas,2010-12-22
203695b5c0f4fccf,source_ood,1,validation,Uruguay_Rio_de_la_Plata,Uruguay_Rio_de_la_Plata,waterbody:Uruguay_Rio_de_la_Plata:Carrasco,2010-12-22
53e4605001b55800,source_ood,1,validation,Uruguay_Rio_de_la_Plata,Uruguay_Rio_de_la_Plata,waterbody:Uruguay_Rio_de_la_Plata:Ingleses,2010-12-22
32db383ce227bc5e,source_ood,1,validation,Uruguay_Rio_de_la_Plata,Uruguay_Rio_de_la_Plata,waterbody:Uruguay_Rio_de_la_Plata:PuntaEspinillo,2010-12-22
7ad2c888281052e4,source_ood,1,validation,Uruguay_Rio_de_la_Plata,Uruguay_Rio_de_la_Plata,waterbody:Uruguay_Rio_de_la_Plata:Cerro,2010-12-22
b7cfb274dd269c9e,source_ood,1,validation,Uruguay_Rio_de_la_Plata,Uruguay_Rio_de_la_Plata,waterbody:Uruguay_Rio_de_la_Plata:Ramirez,2010-12-22
925a7a80e3faa9ee,source_ood,1,validation,Uruguay_Rio_de_la_Plata,Uruguay_Rio_de_la_Plata,waterbody:Uruguay_Rio_de_la_Plata:Buceo,2010-12-26
c7fe1246c98f8bf5,source_ood,1,validation,Uruguay_Rio_de_la_Plata,Uruguay_Rio_de_la_Plata,waterbody:Uruguay_Rio_de_la_Plata:Malvin,2010-12-26
010dac5dd0e9cc88,source_ood,1,validation,Uruguay_Rio_de_la_Plata,Uruguay_Rio_de_la_Plata,waterbody:Uruguay_Rio_de_la_Plata:Brava,2010-12-26
970cf7dbe18b4cea,source_ood,1,validation,Uruguay_Rio_de_la_Plata,Uruguay_Rio_de_la_Plata,waterbody:Uruguay_Rio_de_la_Plata:Zabala,2010-12-26
a4ccfd0217b34056,source_ood,1,validation,Uruguay_Rio_de_la_Plata,Uruguay_Rio_de_la_Plata,waterbody:Uruguay_Rio_de_la_Plata:PocitosAvenidaBrasil,2010-12-26
b4c2698884369f06,source_ood,1,validation,Uruguay_Rio_de_la_Plata,Uruguay_Rio_de_la_Plata,waterbody:Uruguay_Rio_de_la_Plata:Nacional,2010-12-26
2fbcda91162955b1,source_ood,1,validation,Uruguay_Rio_de_la_Plata,Uruguay_Rio_de_la_Plata,waterbody:Uruguay_Rio_de_la_Plata:PocitosBarreiro,2010-12-26
1674b4a3ff80ffd6,source_ood,1,validation,Uruguay_Rio_de_la_Plata,Uruguay_Rio_de_la_Plata,waterbody:Uruguay_Rio_de_la_Plata:PuertoBuceo,2010-12-26
cd20585d49028c2a,source_ood,1,validation,Uruguay_Rio_de_la_Plata,Uruguay_Rio_de_la_Plata,waterbody:Uruguay_Rio_de_la_Plata:Cerro,2010-12-26
9d821806b6aa0b17,source_ood,1,validation,Uruguay_Rio_de_la_Plata,Uruguay_Rio_de_la_Plata,waterbody:Uruguay_Rio_de_la_Plata:Ramirez,2010-12-26
3ec1df8b98bf2ca4,source_ood,1,validation,Uruguay_Rio_de_la_Plata,Uruguay_Rio_de_la_Plata,waterbody:Uruguay_Rio_de_la_Plata:Cerro,2010-12-27
e662070b694af659,source_ood,1,validation,Uruguay_Rio_de_la_Plata,Uruguay_Rio_de_la_Plata,waterbody:Uruguay_Rio_de_la_Plata:Ramirez,2010-12-27
0555c1755e2e9252,source_ood,1,validation,Uruguay_Rio_de_la_Plata,Uruguay_Rio_de_la_Plata,waterbody:Uruguay_Rio_de_la_Plata:LaColorada,2010-12-27
d03c0be86a28c6b7,source_ood,1,validation,Uruguay_Rio_de_la_Plata,Uruguay_Rio_de_la_Plata,waterbody:Uruguay_Rio_de_la_Plata:PajasBlancas,2010-12-27
c2ec24b643080665,source_ood,1,validation,Uruguay_Rio_de_la_Plata,Uruguay_Rio_de_la_Plata,waterbody:Uruguay_Rio_de_la_Plata:Carrasco,2010-12-27
3cbdc33285e8a6b3,source_ood,1,validation,Uruguay_Rio_de_la_Plata,Uruguay_Rio_de_la_Plata,waterbody:Uruguay_Rio_de_la_Plata:PocitosBarreiro,2010-12-27
92c483959625f388,source_ood,1,validation,Uruguay_Rio_de_la_Plata,Uruguay_Rio_de_la_Plata,waterbody:Uruguay_Rio_de_la_Plata:PajasBlancas,2011-01-07
e9cca7bfd8be4eae,source_ood,1,validation,Uruguay_Rio_de_la_Plata,Uruguay_Rio_de_la_Plata,waterbody:Uruguay_Rio_de_la_Plata:Cerro,2011-01-07
6fc4e112af1ab8bf,source_ood,1,validation,Uruguay_Rio_de_la_Plata,Uruguay_Rio_de_la_Plata,waterbody:Uruguay_Rio_de_la_Plata:Ramirez,2011-01-07
1d845cbf3de307bc,source_ood,1,validation,Uruguay_Rio_de_la_Plata,Uruguay_Rio_de_la_Plata,waterbody:Uruguay_Rio_de_la_Plata:PocitosBarreiro,2011-01-07
6e9aeb3b1e208a00,source_ood,1,validation,Uruguay_Rio_de_la_Plata,Uruguay_Rio_de_la_Plata,waterbody:Uruguay_Rio_de_la_Plata:Malvin,2011-01-07
f5b848a43d44e439,source_ood,1,validation,Uruguay_Rio_de_la_Plata,Uruguay_Rio_de_la_Plata,waterbody:Uruguay_Rio_de_la_Plata:PocitosBarreiro,2011-01-10
b58794e8128ec6b5,source_ood,1,validation,Uruguay_Rio_de_la_Plata,Uruguay_Rio_de_la_Plata,waterbody:Uruguay_Rio_de_la_Plata:Malvin,2011-01-10
a0bd7c35502c581e,source_ood,1,validation,Uruguay_Rio_de_la_Plata,Uruguay_Rio_de_la_Plata,waterbody:Uruguay_Rio_de_la_Plata:Carrasco,2011-01-10
d8d1a4674d2ec89a,source_ood,1,validation,Uruguay_Rio_de_la_Plata,Uruguay_Rio_de_la_Plata,waterbody:Uruguay_Rio_de_la_Plata:Cerro,2011-01-10
2bbbcdd5b982490a,source_ood,1,validation,Uruguay_Rio_de_la_Plata,Uruguay_Rio_de_la_Plata,waterbody:Uruguay_Rio_de_la_Plata:Ramirez,2011-01-10
0f14082327c9ef35,source_ood,1,validation,Uruguay_Rio_de_la_Plata,Uruguay_Rio_de_la_Plata,waterbody:Uruguay_Rio_de_la_Plata:PajasBlancas,2011-01-10
75ae635ba789ec74,source_ood,1,validation,Uruguay_Rio_de_la_Plata,Uruguay_Rio_de_la_Plata,waterbody:Uruguay_Rio_de_la_Plata:Carrasco,2011-01-19
1aac54fe3153b81e,source_ood,1,validation,Uruguay_Rio_de_la_Plata,Uruguay_Rio_de_la_Plata,waterbody:Uruguay_Rio_de_la_Plata:Cerro,2011-01-19
46f356e4a88143c0,source_ood,1,validation,Uruguay_Rio_de_la_Plata,Uruguay_Rio_de_la_Plata,waterbody:Uruguay_Rio_de_la_Plata:Ramirez,2011-01-19
a5ecdd5b55ce460c,source_ood,1,validation,Uruguay_Rio_de_la_Plata,Uruguay_Rio_de_la_Plata,waterbody:Uruguay_Rio_de_la_Plata:Malvin,2011-01-19
9fe4eda7c4b82f7f,source_ood,1,validation,Uruguay_Rio_de_la_Plata,Uruguay_Rio_de_la_Plata,waterbody:Uruguay_Rio_de_la_Plata:PajasBlancas,2011-01-19
75ce822be541fce6,source_ood,1,validation,Uruguay_Rio_de_la_Plata,Uruguay_Rio_de_la_Plata,waterbody:Uruguay_Rio_de_la_Plata:PocitosBarreiro,2011-01-19
9c9feed61c5921ee,source_ood,1,validation,Uruguay_Rio_de_la_Plata,Uruguay_Rio_de_la_Plata,waterbody:Uruguay_Rio_de_la_Plata:SantaCatalina,2011-01-24
1f45bc3cf4146ea7,source_ood,1,validation,Uruguay_Rio_de_la_Plata,Uruguay_Rio_de_la_Plata,waterbody:Uruguay_Rio_de_la_Plata:Ingleses,2011-01-24
e95a0f12eaf43f61,source_ood,1,validation,Uruguay_Rio_de_la_Plata,Uruguay_Rio_de_la_Plata,waterbody:Uruguay_Rio_de_la_Plata:Ramirez,2011-01-24
e55b0e0b1f195719,source_ood,1,validation,Uruguay_Rio_de_la_Plata,Uruguay_Rio_de_la_Plata,waterbody:Uruguay_Rio_de_la_Plata:PocitosBarreiro,2011-01-24
4eb091676030624e,source_ood,1,validation,Uruguay_Rio_de_la_Plata,Uruguay_Rio_de_la_Plata,waterbody:Uruguay_Rio_de_la_Plata:PuntaEspinillo,2011-01-24
485f23b478971a01,source_ood,1,validation,Uruguay_Rio_de_la_Plata,Uruguay_Rio_de_la_Plata,waterbody:Uruguay_Rio_de_la_Plata:PajasBlancas,2011-01-24
bc368055e2e0afb5,source_ood,1,validation,Uruguay_Rio_de_la_Plata,Uruguay_Rio_de_la_Plata,waterbody:Uruguay_Rio_de_la_Plata:Cerro,2011-01-24
6b778d0ce075e468,source_ood,1,validation,Uruguay_Rio_de_la_Plata,Uruguay_Rio_de_la_Plata,waterbody:Uruguay_Rio_de_la_Plata:Carrasco,2011-01-24
fd3e4717eb77f97d,source_ood,1,validation,Uruguay_Rio_de_la_Plata,Uruguay_Rio_de_la_Plata,waterbody:Uruguay_Rio_de_la_Plata:Malvin,2011-01-24
83692139a5208e42,source_ood,1,validation,Uruguay_Rio_de_la_Plata,Uruguay_Rio_de_la_Plata,waterbody:Uruguay_Rio_de_la_Plata:PocitosBarreiro,2011-01-26
3d635dcdd42e7965,source_ood,1,validation,Uruguay_Rio_de_la_Plata,Uruguay_Rio_de_la_Plata,waterbody:Uruguay_Rio_de_la_Plata:PajasBlancas,2011-01-26
38610e36f2f1549f,source_ood,1,validation,Uruguay_Rio_de_la_Plata,Uruguay_Rio_de_la_Plata,waterbody:Uruguay_Rio_de_la_Plata:Carrasco,2011-01-26
19f24b24b510a91f,source_ood,1,validation,Uruguay_Rio_de_la_Plata,Uruguay_Rio_de_la_Plata,waterbody:Uruguay_Rio_de_la_Plata:Malvin,2011-01-26
171312e0fa550280,source_ood,1,validation,Uruguay_Rio_de_la_Plata,Uruguay_Rio_de_la_Plata,waterbody:Uruguay_Rio_de_la_Plata:Cerro,2011-01-26
9b6bfc93085d227b,source_ood,1,validation,Uruguay_Rio_de_la_Plata,Uruguay_Rio_de_la_Plata,waterbody:Uruguay_Rio_de_la_Plata:Ramirez,2011-01-26
a92b25340cc97a55,source_ood,1,validation,Uruguay_Rio_de_la_Plata,Uruguay_Rio_de_la_Plata,waterbody:Uruguay_Rio_de_la_Plata:PajasBlancas,2011-01-31
72e00aba7618b758,source_ood,1,validation,Uruguay_Rio_de_la_Plata,Uruguay_Rio_de_la_Plata,waterbody:Uruguay_Rio_de_la_Plata:Cerro,2011-01-31
51883a9d74ccd180,source_ood,1,validation,Uruguay_Rio_de_la_Plata,Uruguay_Rio_de_la_Plata,waterbody:Uruguay_Rio_de_la_Plata:Ramirez,2011-01-31
d42cdb64e26a5dce,source_ood,1,validation,Uruguay_Rio_de_la_Plata,Uruguay_Rio_de_la_Plata,waterbody:Uruguay_Rio_de_la_Plata:PocitosBarreiro,2011-01-31
349e5958b1dc2573,source_ood,1,validation,Uruguay_Rio_de_la_Plata,Uruguay_Rio_de_la_Plata,waterbody:Uruguay_Rio_de_la_Plata:Malvin,2011-01-31
6b663b0fe551ffdc,source_ood,1,validation,Uruguay_Rio_de_la_Plata,Uruguay_Rio_de_la_Plata,waterbody:Uruguay_Rio_de_la_Plata:Carrasco,2011-01-31
ab763ca177d279bb,source_ood,1,validation,Uruguay_Rio_de_la_Plata,Uruguay_Rio_de_la_Plata,waterbody:Uruguay_Rio_de_la_Plata:Cerro,2011-02-07
f6b29a92bc07c66c,source_ood,1,validation,Uruguay_Rio_de_la_Plata,Uruguay_Rio_de_la_Plata,waterbody:Uruguay_Rio_de_la_Plata:Ramirez,2011-02-07
d2dddec8e502b7dc,source_ood,1,validation,Uruguay_Rio_de_la_Plata,Uruguay_Rio_de_la_Plata,waterbody:Uruguay_Rio_de_la_Plata:Carrasco,2011-02-14
e0b46bcf23529aed,source_ood,1,validation,Uruguay_Rio_de_la_Plata,Uruguay_Rio_de_la_Plata,waterbody:Uruguay_Rio_de_la_Plata:PocitosBarreiro,2011-02-14
0d849de2db010279,source_ood,1,validation,Uruguay_Rio_de_la_Plata,Uruguay_Rio_de_la_Plata,waterbody:Uruguay_Rio_de_la_Plata:Malvin,2011-02-14
1a56397ae9026d69,source_ood,1,validation,Uruguay_Rio_de_la_Plata,Uruguay_Rio_de_la_Plata,waterbody:Uruguay_Rio_de_la_Plata:Cerro,2011-02-21
d57190316c7904d3,source_ood,1,validation,Uruguay_Rio_de_la_Plata,Uruguay_Rio_de_la_Plata,waterbody:Uruguay_Rio_de_la_Plata:Ramirez,2011-02-21
c8752f6b3cbdec5d,source_ood,1,validation,Uruguay_Rio_de_la_Plata,Uruguay_Rio_de_la_Plata,waterbody:Uruguay_Rio_de_la_Plata:Malvin,2011-02-21
66594a303c67c98e,source_ood,1,validation,Uruguay_Rio_de_la_Plata,Uruguay_Rio_de_la_Plata,waterbody:Uruguay_Rio_de_la_Plata:PajasBlancas,2011-02-21
875c833e976ca252,source_ood,1,validation,Uruguay_Rio_de_la_Plata,Uruguay_Rio_de_la_Plata,waterbody:Uruguay_Rio_de_la_Plata:PocitosBarreiro,2011-02-21
d9d44df90e84ea15,source_ood,1,validation,Uruguay_Rio_de_la_Plata,Uruguay_Rio_de_la_Plata,waterbody:Uruguay_Rio_de_la_Plata:PuntaEspinillo,2011-02-28
00530703c349f8fb,source_ood,1,validation,Uruguay_Rio_de_la_Plata,Uruguay_Rio_de_la_Plata,waterbody:Uruguay_Rio_de_la_Plata:PajasBlancas,2011-02-28
8c686b5ecd8927c7,source_ood,1,validation,Uruguay_Rio_de_la_Plata,Uruguay_Rio_de_la_Plata,waterbody:Uruguay_Rio_de_la_Plata:SantaCatalina,2011-02-28
182a74bd10048464,source_ood,1,validation,Uruguay_Rio_de_la_Plata,Uruguay_Rio_de_la_Plata,waterbody:Uruguay_Rio_de_la_Plata:Cerro,2011-02-28
0b0e9d065a99c73a,source_ood,1,validation,Uruguay_Rio_de_la_Plata,Uruguay_Rio_de_la_Plata,waterbody:Uruguay_Rio_de_la_Plata:Ramirez,2011-02-28
4061963d1fee4f41,source_ood,1,validation,Uruguay_Rio_de_la_Plata,Uruguay_Rio_de_la_Plata,waterbody:Uruguay_Rio_de_la_Plata:PocitosBarreiro,2011-02-28
db2d09ed589a3707,source_ood,1,validation,Uruguay_Rio_de_la_Plata,Uruguay_Rio_de_la_Plata,waterbody:Uruguay_Rio_de_la_Plata:Malvin,2011-02-28
119dff620c20b2bb,source_ood,1,validation,Uruguay_Rio_de_la_Plata,Uruguay_Rio_de_la_Plata,waterbody:Uruguay_Rio_de_la_Plata:Ingleses,2011-02-28
8e5896a3107d5e6d,source_ood,1,validation,Uruguay_Rio_de_la_Plata,Uruguay_Rio_de_la_Plata,waterbody:Uruguay_Rio_de_la_Plata:Carrasco,2011-02-28
67e590254e9c37df,source_ood,1,validation,Uruguay_Rio_de_la_Plata,Uruguay_Rio_de_la_Plata,waterbody:Uruguay_Rio_de_la_Plata:Ramirez,2011-03-09
6a859ef4ba1dc34d,source_ood,1,validation,Uruguay_Rio_de_la_Plata,Uruguay_Rio_de_la_Plata,waterbody:Uruguay_Rio_de_la_Plata:Cerro,2011-03-09
39c8e1f35551e286,source_ood,1,validation,Uruguay_Rio_de_la_Plata,Uruguay_Rio_de_la_Plata,waterbody:Uruguay_Rio_de_la_Plata:Malvin,2011-03-09
7858629f32cbe795,source_ood,1,validation,Uruguay_Rio_de_la_Plata,Uruguay_Rio_de_la_Plata,waterbody:Uruguay_Rio_de_la_Plata:Carrasco,2011-03-09
ee00e3af1c7ecbb0,source_ood,1,validation,Uruguay_Rio_de_la_Plata,Uruguay_Rio_de_la_Plata,waterbody:Uruguay_Rio_de_la_Plata:PocitosBarreiro,2011-03-09
90061522b4e78e77,source_ood,1,validation,Uruguay_Rio_de_la_Plata,Uruguay_Rio_de_la_Plata,waterbody:Uruguay_Rio_de_la_Plata:PajasBlancas,2011-03-09
88b4aeb97775586a,source_ood,1,validation,Uruguay_Rio_de_la_Plata,Uruguay_Rio_de_la_Plata,waterbody:Uruguay_Rio_de_la_Plata:Carrasco,2011-03-14
25d44858a5fba48f,source_ood,1,validation,Uruguay_Rio_de_la_Plata,Uruguay_Rio_de_la_Plata,waterbody:Uruguay_Rio_de_la_Plata:Malvin,2011-03-14
3c77ed1d8a3973b7,source_ood,1,validation,Uruguay_Rio_de_la_Plata,Uruguay_Rio_de_la_Plata,waterbody:Uruguay_Rio_de_la_Plata:Ramirez,2011-03-14
60ef889d35e9daf0,source_ood,1,validation,Uruguay_Rio_de_la_Plata,Uruguay_Rio_de_la_Plata,waterbody:Uruguay_Rio_de_la_Plata:SantaCatalina,2011-03-14
73ec49994a0f3c1a,source_ood,1,validation,Uruguay_Rio_de_la_Plata,Uruguay_Rio_de_la_Plata,waterbody:Uruguay_Rio_de_la_Plata:PocitosBarreiro,2011-03-14
3bf5dbc0127dd7cf,source_ood,1,validation,Uruguay_Rio_de_la_Plata,Uruguay_Rio_de_la_Plata,waterbody:Uruguay_Rio_de_la_Plata:Cerro,2011-03-14
c3f857180631c007,source_ood,1,validation,Uruguay_Rio_de_la_Plata,Uruguay_Rio_de_la_Plata,waterbody:Uruguay_Rio_de_la_Plata:PocitosBarreiro,2011-03-16
1e6ae58639e97493,source_ood,1,validation,Uruguay_Rio_de_la_Plata,Uruguay_Rio_de_la_Plata,waterbody:Uruguay_Rio_de_la_Plata:PuertoBuceo,2011-03-16
1454650ab34c8623,source_ood,1,validation,Uruguay_Rio_de_la_Plata,Uruguay_Rio_de_la_Plata,waterbody:Uruguay_Rio_de_la_Plata:PuntaEspinillo,2011-03-18
cbdd95906386bfb7,source_ood,1,validation,Uruguay_Rio_de_la_Plata,Uruguay_Rio_de_la_Plata,waterbody:Uruguay_Rio_de_la_Plata:LaColorada,2011-03-18
6fe9f96c9cc36433,source_ood,1,validation,Uruguay_Rio_de_la_Plata,Uruguay_Rio_de_la_Plata,waterbody:Uruguay_Rio_de_la_Plata:PajasBlancas,2011-03-21
7121757c67cd35f6,source_ood,1,validation,Uruguay_Rio_de_la_Plata,Uruguay_Rio_de_la_Plata,waterbody:Uruguay_Rio_de_la_Plata:Malvin,2011-03-21
ca68d638ad75f27a,source_ood,1,validation,Uruguay_Rio_de_la_Plata,Uruguay_Rio_de_la_Plata,waterbody:Uruguay_Rio_de_la_Plata:Cerro,2011-03-21
bb6aee45ed353dfa,source_ood,1,validation,Uruguay_Rio_de_la_Plata,Uruguay_Rio_de_la_Plata,waterbody:Uruguay_Rio_de_la_Plata:Ramirez,2011-03-21
fe765f7ccd20479f,source_ood,1,validation,Uruguay_Rio_de_la_Plata,Uruguay_Rio_de_la_Plata,waterbody:Uruguay_Rio_de_la_Plata:PocitosBarreiro,2011-03-21
18713d66e797f471,source_ood,1,validation,Uruguay_Rio_de_la_Plata,Uruguay_Rio_de_la_Plata,waterbody:Uruguay_Rio_de_la_Plata:Carrasco,2011-03-21
f4be026bc78bf1c9,source_ood,1,validation,Uruguay_Rio_de_la_Plata,Uruguay_Rio_de_la_Plata,waterbody:Uruguay_Rio_de_la_Plata:Ingleses,2011-06-30
1f70415026689d67,source_ood,1,validation,Uruguay_Rio_de_la_Plata,Uruguay_Rio_de_la_Plata,waterbody:Uruguay_Rio_de_la_Plata:Carrasco,2011-06-30
3b384f4689f38aff,source_ood,1,validation,Uruguay_Rio_de_la_Plata,Uruguay_Rio_de_la_Plata,waterbody:Uruguay_Rio_de_la_Plata:PuntaEspinillo,2011-06-30
4f7881d7c9ea3043,source_ood,1,validation,Uruguay_Rio_de_la_Plata,Uruguay_Rio_de_la_Plata,waterbody:Uruguay_Rio_de_la_Plata:PajasBlancas,2011-06-30
e2c0e78a30a4b759,source_ood,1,validation,Uruguay_Rio_de_la_Plata,Uruguay_Rio_de_la_Plata,waterbody:Uruguay_Rio_de_la_Plata:SantaCatalina,2011-06-30
8cde5de9e4bf80b1,source_ood,1,validation,Uruguay_Rio_de_la_Plata,Uruguay_Rio_de_la_Plata,waterbody:Uruguay_Rio_de_la_Plata:Cerro,2011-06-30
5bcfd2f4b4c38d87,source_ood,1,validation,Uruguay_Rio_de_la_Plata,Uruguay_Rio_de_la_Plata,waterbody:Uruguay_Rio_de_la_Plata:Ramirez,2011-06-30
01c2be2aeab982c6,source_ood,1,validation,Uruguay_Rio_de_la_Plata,Uruguay_Rio_de_la_Plata,waterbody:Uruguay_Rio_de_la_Plata:PocitosBarreiro,2011-06-30
a7a4fdda0ecb554b,source_ood,1,validation,Uruguay_Rio_de_la_Plata,Uruguay_Rio_de_la_Plata,waterbody:Uruguay_Rio_de_la_Plata:Malvin,2011-06-30
428ce9d49d96f136,source_ood,1,validation,Uruguay_Rio_de_la_Plata,Uruguay_Rio_de_la_Plata,waterbody:Uruguay_Rio_de_la_Plata:Ramirez,2011-10-11
c9f7fe8f3bbf0211,source_ood,1,validation,Uruguay_Rio_de_la_Plata,Uruguay_Rio_de_la_Plata,waterbody:Uruguay_Rio_de_la_Plata:PuntaEspinillo,2011-10-11
0d9514dd8557d13d,source_ood,1,validation,Uruguay_Rio_de_la_Plata,Uruguay_Rio_de_la_Plata,waterbody:Uruguay_Rio_de_la_Plata:PajasBlancas,2011-10-11
2ef8da9ebf3ceda0,source_ood,1,validation,Uruguay_Rio_de_la_Plata,Uruguay_Rio_de_la_Plata,waterbody:Uruguay_Rio_de_la_Plata:Cerro,2011-10-11
6034ca3c6c57d0cd,source_ood,1,validation,Uruguay_Rio_de_la_Plata,Uruguay_Rio_de_la_Plata,waterbody:Uruguay_Rio_de_la_Plata:Ingleses,2011-10-11
ac74c99e3ecbe81d,source_ood,1,validation,Uruguay_Rio_de_la_Plata,Uruguay_Rio_de_la_Plata,waterbody:Uruguay_Rio_de_la_Plata:Carrasco,2011-10-11
d6d3821485419ec5,source_ood,1,validation,Uruguay_Rio_de_la_Plata,Uruguay_Rio_de_la_Plata,waterbody:Uruguay_Rio_de_la_Plata:PocitosBarreiro,2011-10-11
a3ea360a52a75b10,source_ood,1,validation,Uruguay_Rio_de_la_Plata,Uruguay_Rio_de_la_Plata,waterbody:Uruguay_Rio_de_la_Plata:Malvin,2011-10-11
a94ef16d5837c7ef,source_ood,1,validation,Uruguay_Rio_de_la_Plata,Uruguay_Rio_de_la_Plata,waterbody:Uruguay_Rio_de_la_Plata:SantaCatalina,2011-10-11
6a0e153a79a686c8,source_ood,1,validation,Uruguay_Rio_de_la_Plata,Uruguay_Rio_de_la_Plata,waterbody:Uruguay_Rio_de_la_Plata:Ramirez,2011-11-14
61a4ee304fe3456c,source_ood,1,validation,Uruguay_Rio_de_la_Plata,Uruguay_Rio_de_la_Plata,waterbody:Uruguay_Rio_de_la_Plata:PajasBlancas,2011-11-14
8ecb71dde9f92c27,source_ood,1,validation,Uruguay_Rio_de_la_Plata,Uruguay_Rio_de_la_Plata,waterbody:Uruguay_Rio_de_la_Plata:Cerro,2011-11-14
fa96f99884dcf508,source_ood,1,validation,Uruguay_Rio_de_la_Plata,Uruguay_Rio_de_la_Plata,waterbody:Uruguay_Rio_de_la_Plata:Malvin,2011-11-14
65a2d5825d8ab1ab,source_ood,1,validation,Uruguay_Rio_de_la_Plata,Uruguay_Rio_de_la_Plata,waterbody:Uruguay_Rio_de_la_Plata:Carrasco,2011-11-14
10967448eafed30a,source_ood,1,validation,Uruguay_Rio_de_la_Plata,Uruguay_Rio_de_la_Plata,waterbody:Uruguay_Rio_de_la_Plata:PocitosBarreiro,2011-11-23
d76a396d570f893c,source_ood,1,validation,Uruguay_Rio_de_la_Plata,Uruguay_Rio_de_la_Plata,waterbody:Uruguay_Rio_de_la_Plata:Ramirez,2011-11-23
fa2706f55f6695f9,source_ood,1,validation,Uruguay_Rio_de_la_Plata,Uruguay_Rio_de_la_Plata,waterbody:Uruguay_Rio_de_la_Plata:PajasBlancas,2011-11-23
c0d8d7032dc8f017,source_ood,1,validation,Uruguay_Rio_de_la_Plata,Uruguay_Rio_de_la_Plata,waterbody:Uruguay_Rio_de_la_Plata:Carrasco,2011-11-23
afc68bf784af4bdb,source_ood,1,validation,Uruguay_Rio_de_la_Plata,Uruguay_Rio_de_la_Plata,waterbody:Uruguay_Rio_de_la_Plata:Cerro,2011-11-23
24a1ae5de9739df2,source_ood,1,validation,Uruguay_Rio_de_la_Plata,Uruguay_Rio_de_la_Plata,waterbody:Uruguay_Rio_de_la_Plata:Ingleses,2011-11-23
4983c5faf385a37f,source_ood,1,validation,Uruguay_Rio_de_la_Plata,Uruguay_Rio_de_la_Plata,waterbody:Uruguay_Rio_de_la_Plata:SantaCatalina,2011-11-23
8635fd7f8ca1b059,source_ood,1,validation,Uruguay_Rio_de_la_Plata,Uruguay_Rio_de_la_Plata,waterbody:Uruguay_Rio_de_la_Plata:Malvin,2011-11-23
418c037deceebb38,source_ood,1,validation,Uruguay_Rio_de_la_Plata,Uruguay_Rio_de_la_Plata,waterbody:Uruguay_Rio_de_la_Plata:PuntaEspinillo,2011-11-23
bfa321ce30bd1b51,source_ood,1,validation,Uruguay_Rio_de_la_Plata,Uruguay_Rio_de_la_Plata,waterbody:Uruguay_Rio_de_la_Plata:Ramirez,2011-11-28
d6d0d4aa712e6d9f,source_ood,1,validation,Uruguay_Rio_de_la_Plata,Uruguay_Rio_de_la_Plata,waterbody:Uruguay_Rio_de_la_Plata:PajasBlancas,2011-12-01
7a2de48b5f076508,source_ood,1,validation,Uruguay_Rio_de_la_Plata,Uruguay_Rio_de_la_Plata,waterbody:Uruguay_Rio_de_la_Plata:Cerro,2011-12-01
165f5379bd66e2f5,source_ood,1,validation,Uruguay_Rio_de_la_Plata,Uruguay_Rio_de_la_Plata,waterbody:Uruguay_Rio_de_la_Plata:PocitosBarreiro,2011-12-01
c3ae2c14686edd7c,source_ood,1,validation,Uruguay_Rio_de_la_Plata,Uruguay_Rio_de_la_Plata,waterbody:Uruguay_Rio_de_la_Plata:Malvin,2011-12-01
ea88fcf9898a3c7e,source_ood,1,validation,Uruguay_Rio_de_la_Plata,Uruguay_Rio_de_la_Plata,waterbody:Uruguay_Rio_de_la_Plata:Ramirez,2011-12-01
d81f58c33273a37c,source_ood,1,validation,Uruguay_Rio_de_la_Plata,Uruguay_Rio_de_la_Plata,waterbody:Uruguay_Rio_de_la_Plata:Carrasco,2011-12-01
eaf3c38ef2437944,source_ood,1,validation,Uruguay_Rio_de_la_Plata,Uruguay_Rio_de_la_Plata,waterbody:Uruguay_Rio_de_la_Plata:Nacional,2011-12-03
95aef844e7ad8f8c,source_ood,1,validation,Uruguay_Rio_de_la_Plata,Uruguay_Rio_de_la_Plata,waterbody:Uruguay_Rio_de_la_Plata:PocitosBarreiro,2011-12-05
9a3c296480402f70,source_ood,1,validation,Uruguay_Rio_de_la_Plata,Uruguay_Rio_de_la_Plata,waterbody:Uruguay_Rio_de_la_Plata:Carrasco,2011-12-05
ea30221b825d9a3b,source_ood,1,validation,Uruguay_Rio_de_la_Plata,Uruguay_Rio_de_la_Plata,waterbody:Uruguay_Rio_de_la_Plata:Malvin,2011-12-05
b2183c76078ae220,source_ood,1,validation,Uruguay_Rio_de_la_Plata,Uruguay_Rio_de_la_Plata,waterbody:Uruguay_Rio_de_la_Plata:PajasBlancas,2011-12-05
979d21c9d030d7b3,source_ood,1,validation,Uruguay_Rio_de_la_Plata,Uruguay_Rio_de_la_Plata,waterbody:Uruguay_Rio_de_la_Plata:Ramirez,2011-12-05
27a89bdb4b1002b9,source_ood,1,validation,Uruguay_Rio_de_la_Plata,Uruguay_Rio_de_la_Plata,waterbody:Uruguay_Rio_de_la_Plata:Cerro,2011-12-05
2d694a4e3cfe68a8,source_ood,1,validation,Uruguay_Rio_de_la_Plata,Uruguay_Rio_de_la_Plata,waterbody:Uruguay_Rio_de_la_Plata:Cerro,2011-12-12
9b482e7b7abf6ba4,source_ood,1,validation,Uruguay_Rio_de_la_Plata,Uruguay_Rio_de_la_Plata,waterbody:Uruguay_Rio_de_la_Plata:PocitosBarreiro,2011-12-12
61579277a1555e61,source_ood,1,validation,Uruguay_Rio_de_la_Plata,Uruguay_Rio_de_la_Plata,waterbody:Uruguay_Rio_de_la_Plata:Buceo,2011-12-19
58125cd6c654c278,source_ood,1,validation,Uruguay_Rio_de_la_Plata,Uruguay_Rio_de_la_Plata,waterbody:Uruguay_Rio_de_la_Plata:Malvin,2011-12-19
225970b08db2017f,source_ood,1,validation,Uruguay_Rio_de_la_Plata,Uruguay_Rio_de_la_Plata,waterbody:Uruguay_Rio_de_la_Plata:Ramirez,2011-12-19
6fced1aa7e471a3c,source_ood,1,validation,Uruguay_Rio_de_la_Plata,Uruguay_Rio_de_la_Plata,waterbody:Uruguay_Rio_de_la_Plata:Ingleses,2011-12-19
d4faf78aa6b53441,source_ood,1,validation,Uruguay_Rio_de_la_Plata,Uruguay_Rio_de_la_Plata,waterbody:Uruguay_Rio_de_la_Plata:PuntaEspinillo,2011-12-19
afc3a91c4428820a,source_ood,1,validation,Uruguay_Rio_de_la_Plata,Uruguay_Rio_de_la_Plata,waterbody:Uruguay_Rio_de_la_Plata:Carrasco,2011-12-19
85a759996e50704e,source_ood,1,validation,Uruguay_Rio_de_la_Plata,Uruguay_Rio_de_la_Plata,waterbody:Uruguay_Rio_de_la_Plata:Malvin,2011-12-21
70f22e5bb7bc088e,source_ood,1,validation,Uruguay_Rio_de_la_Plata,Uruguay_Rio_de_la_Plata,waterbody:Uruguay_Rio_de_la_Plata:Carrasco,2012-01-04
e381a7bcb1b29b0b,source_ood,1,validation,Uruguay_Rio_de_la_Plata,Uruguay_Rio_de_la_Plata,waterbody:Uruguay_Rio_de_la_Plata:Cerro,2012-01-04
9e0cee3e60c6a239,source_ood,1,validation,Uruguay_Rio_de_la_Plata,Uruguay_Rio_de_la_Plata,waterbody:Uruguay_Rio_de_la_Plata:PocitosBarreiro,2012-01-04
63ac5b320ebae433,source_ood,1,validation,Uruguay_Rio_de_la_Plata,Uruguay_Rio_de_la_Plata,waterbody:Uruguay_Rio_de_la_Plata:PajasBlancas,2012-01-04
a2b158a58041c078,source_ood,1,validation,Uruguay_Rio_de_la_Plata,Uruguay_Rio_de_la_Plata,waterbody:Uruguay_Rio_de_la_Plata:Ramirez,2012-01-04
b96210ca3f7b04af,source_ood,1,validation,Uruguay_Rio_de_la_Plata,Uruguay_Rio_de_la_Plata,waterbody:Uruguay_Rio_de_la_Plata:Malvin,2012-01-04
e463555d0ad6f55f,source_ood,1,validation,Uruguay_Rio_de_la_Plata,Uruguay_Rio_de_la_Plata,waterbody:Uruguay_Rio_de_la_Plata:LaColorada,2012-01-04
0e213c1a28d75691,source_ood,1,validation,Uruguay_Rio_de_la_Plata,Uruguay_Rio_de_la_Plata,waterbody:Uruguay_Rio_de_la_Plata:PuntaYeguas,2012-01-04
e19ec2d15c0742b4,source_ood,1,validation,Uruguay_Rio_de_la_Plata,Uruguay_Rio_de_la_Plata,waterbody:Uruguay_Rio_de_la_Plata:Malvin,2012-01-11
5548d974658eb2dc,source_ood,1,validation,Uruguay_Rio_de_la_Plata,Uruguay_Rio_de_la_Plata,waterbody:Uruguay_Rio_de_la_Plata:Ramirez,2012-01-11
697357d0d4226f45,source_ood,1,validation,Uruguay_Rio_de_la_Plata,Uruguay_Rio_de_la_Plata,waterbody:Uruguay_Rio_de_la_Plata:Cerro,2012-01-11
bdafb9e8c686f0bc,source_ood,1,validation,Uruguay_Rio_de_la_Plata,Uruguay_Rio_de_la_Plata,waterbody:Uruguay_Rio_de_la_Plata:PajasBlancas,2012-01-11
faff4ae276336952,source_ood,1,validation,Uruguay_Rio_de_la_Plata,Uruguay_Rio_de_la_Plata,waterbody:Uruguay_Rio_de_la_Plata:Carrasco,2012-01-11
6d9bf357747e1132,source_ood,1,validation,Uruguay_Rio_de_la_Plata,Uruguay_Rio_de_la_Plata,waterbody:Uruguay_Rio_de_la_Plata:PocitosBarreiro,2012-01-11
6be00046be7d344f,source_ood,1,validation,Uruguay_Rio_de_la_Plata,Uruguay_Rio_de_la_Plata,waterbody:Uruguay_Rio_de_la_Plata:PajasBlancas,2012-01-16
e878e1955bfd9ff6,source_ood,1,validation,Uruguay_Rio_de_la_Plata,Uruguay_Rio_de_la_Plata,waterbody:Uruguay_Rio_de_la_Plata:Carrasco,2012-01-16
be26e040feec976c,source_ood,1,validation,Uruguay_Rio_de_la_Plata,Uruguay_Rio_de_la_Plata,waterbody:Uruguay_Rio_de_la_Plata:Malvin,2012-01-16
c81642d6279697b5,source_ood,1,validation,Uruguay_Rio_de_la_Plata,Uruguay_Rio_de_la_Plata,waterbody:Uruguay_Rio_de_la_Plata:Cerro,2012-01-16
6ab1c381439e8000,source_ood,1,validation,Uruguay_Rio_de_la_Plata,Uruguay_Rio_de_la_Plata,waterbody:Uruguay_Rio_de_la_Plata:Ramirez,2012-01-16
cb1c58f7fc8dd875,source_ood,1,validation,Uruguay_Rio_de_la_Plata,Uruguay_Rio_de_la_Plata,waterbody:Uruguay_Rio_de_la_Plata:PocitosBarreiro,2012-01-16
464aa3e2e1b425ea,source_ood,1,validation,Uruguay_Rio_de_la_Plata,Uruguay_Rio_de_la_Plata,waterbody:Uruguay_Rio_de_la_Plata:Carrasco,2012-01-23
83db5b2e181b5961,source_ood,1,validation,Uruguay_Rio_de_la_Plata,Uruguay_Rio_de_la_Plata,waterbody:Uruguay_Rio_de_la_Plata:Cerro,2012-01-23
b387e9233a50de38,source_ood,1,validation,Uruguay_Rio_de_la_Plata,Uruguay_Rio_de_la_Plata,waterbody:Uruguay_Rio_de_la_Plata:PajasBlancas,2012-01-23
6676963815b2a196,source_ood,1,validation,Uruguay_Rio_de_la_Plata,Uruguay_Rio_de_la_Plata,waterbody:Uruguay_Rio_de_la_Plata:Ramirez,2012-01-23
46bd59b35d884362,source_ood,1,validation,Uruguay_Rio_de_la_Plata,Uruguay_Rio_de_la_Plata,waterbody:Uruguay_Rio_de_la_Plata:Malvin,2012-01-23
ba2d9c241fcfe0b2,source_ood,1,validation,Uruguay_Rio_de_la_Plata,Uruguay_Rio_de_la_Plata,waterbody:Uruguay_Rio_de_la_Plata:PocitosBarreiro,2012-01-23
4e12efe73525b041,source_ood,1,validation,Uruguay_Rio_de_la_Plata,Uruguay_Rio_de_la_Plata,waterbody:Uruguay_Rio_de_la_Plata:PocitosBarreiro,2012-01-31
82ae61dc9cab1810,source_ood,1,validation,Uruguay_Rio_de_la_Plata,Uruguay_Rio_de_la_Plata,waterbody:Uruguay_Rio_de_la_Plata:Malvin,2012-01-31
e90f795454a0b580,source_ood,1,validation,Uruguay_Rio_de_la_Plata,Uruguay_Rio_de_la_Plata,waterbody:Uruguay_Rio_de_la_Plata:Ingleses,2012-01-31
0f436e7e5ba82ac1,source_ood,1,validation,Uruguay_Rio_de_la_Plata,Uruguay_Rio_de_la_Plata,waterbody:Uruguay_Rio_de_la_Plata:Carrasco,2012-01-31
13d3e1eb66e0ec89,source_ood,1,validation,Uruguay_Rio_de_la_Plata,Uruguay_Rio_de_la_Plata,waterbody:Uruguay_Rio_de_la_Plata:PuntaEspinillo,2012-01-31
855493ae5c81d93d,source_ood,1,validation,Uruguay_Rio_de_la_Plata,Uruguay_Rio_de_la_Plata,waterbody:Uruguay_Rio_de_la_Plata:PajasBlancas,2012-01-31
3ca39a74d35de337,source_ood,1,validation,Uruguay_Rio_de_la_Plata,Uruguay_Rio_de_la_Plata,waterbody:Uruguay_Rio_de_la_Plata:SantaCatalina,2012-01-31
3abec4218aff47a6,source_ood,1,validation,Uruguay_Rio_de_la_Plata,Uruguay_Rio_de_la_Plata,waterbody:Uruguay_Rio_de_la_Plata:Cerro,2012-01-31
f0c8d3789be83f16,source_ood,1,validation,Uruguay_Rio_de_la_Plata,Uruguay_Rio_de_la_Plata,waterbody:Uruguay_Rio_de_la_Plata:Ramirez,2012-01-31
b739897f86fa1341,source_ood,1,validation,Uruguay_Rio_de_la_Plata,Uruguay_Rio_de_la_Plata,waterbody:Uruguay_Rio_de_la_Plata:PajasBlancas,2012-02-03
791473374123d650,source_ood,1,validation,Uruguay_Rio_de_la_Plata,Uruguay_Rio_de_la_Plata,waterbody:Uruguay_Rio_de_la_Plata:Carrasco,2012-02-03
1724d958e96d94e0,source_ood,1,validation,Uruguay_Rio_de_la_Plata,Uruguay_Rio_de_la_Plata,waterbody:Uruguay_Rio_de_la_Plata:Cerro,2012-02-03
b9fe4614caceb1bf,source_ood,1,validation,Uruguay_Rio_de_la_Plata,Uruguay_Rio_de_la_Plata,waterbody:Uruguay_Rio_de_la_Plata:Ramirez,2012-02-03
ae1ad31b9042ee67,source_ood,1,validation,Uruguay_Rio_de_la_Plata,Uruguay_Rio_de_la_Plata,waterbody:Uruguay_Rio_de_la_Plata:PocitosBarreiro,2012-02-03
e260195dcde93afc,source_ood,1,validation,Uruguay_Rio_de_la_Plata,Uruguay_Rio_de_la_Plata,waterbody:Uruguay_Rio_de_la_Plata:Malvin,2012-02-03
07ad1acec21ede4f,source_ood,1,validation,Uruguay_Rio_de_la_Plata,Uruguay_Rio_de_la_Plata,waterbody:Uruguay_Rio_de_la_Plata:Malvin,2012-02-07
4dc6179b586f2e79,source_ood,1,validation,Uruguay_Rio_de_la_Plata,Uruguay_Rio_de_la_Plata,waterbody:Uruguay_Rio_de_la_Plata:Buceo,2012-02-07
52662f5da0aeb683,source_ood,1,validation,Uruguay_Rio_de_la_Plata,Uruguay_Rio_de_la_Plata,waterbody:Uruguay_Rio_de_la_Plata:Nacional,2012-02-07
720bccb10eaa8400,source_ood,1,validation,Uruguay_Rio_de_la_Plata,Uruguay_Rio_de_la_Plata,waterbody:Uruguay_Rio_de_la_Plata:Cerro,2012-02-07
2ab8edd82731fd48,source_ood,1,validation,Uruguay_Rio_de_la_Plata,Uruguay_Rio_de_la_Plata,waterbody:Uruguay_Rio_de_la_Plata:Ramirez,2012-02-07
64e17f90a5bc646b,source_ood,1,validation,Uruguay_Rio_de_la_Plata,Uruguay_Rio_de_la_Plata,waterbody:Uruguay_Rio_de_la_Plata:SantaCatalina,2012-02-07
34bc2b93e0946b17,source_ood,1,validation,Uruguay_Rio_de_la_Plata,Uruguay_Rio_de_la_Plata,waterbody:Uruguay_Rio_de_la_Plata:PocitosBarreiro,2012-02-07
e9abe40f647267f8,source_ood,1,validation,Uruguay_Rio_de_la_Plata,Uruguay_Rio_de_la_Plata,waterbody:Uruguay_Rio_de_la_Plata:Ingleses,2012-02-07
6943bf62ba59c540,source_ood,1,validation,Uruguay_Rio_de_la_Plata,Uruguay_Rio_de_la_Plata,waterbody:Uruguay_Rio_de_la_Plata:Cerro,2012-02-10
ce94e8af43502959,source_ood,1,validation,Uruguay_Rio_de_la_Plata,Uruguay_Rio_de_la_Plata,waterbody:Uruguay_Rio_de_la_Plata:Ramirez,2012-02-10
5b23a068aa52a276,source_ood,1,validation,Uruguay_Rio_de_la_Plata,Uruguay_Rio_de_la_Plata,waterbody:Uruguay_Rio_de_la_Plata:PajasBlancas,2012-02-10
9e07499eecc44316,source_ood,1,validation,Uruguay_Rio_de_la_Plata,Uruguay_Rio_de_la_Plata,waterbody:Uruguay_Rio_de_la_Plata:Malvin,2012-02-10
e3e0d3b08d82c74a,source_ood,1,validation,Uruguay_Rio_de_la_Plata,Uruguay_Rio_de_la_Plata,waterbody:Uruguay_Rio_de_la_Plata:PocitosBarreiro,2012-02-10
679437572b95b3d0,source_ood,1,validation,Uruguay_Rio_de_la_Plata,Uruguay_Rio_de_la_Plata,waterbody:Uruguay_Rio_de_la_Plata:Carrasco,2012-02-10
c2dfdff89a407016,source_ood,1,validation,Uruguay_Rio_de_la_Plata,Uruguay_Rio_de_la_Plata,waterbody:Uruguay_Rio_de_la_Plata:Cerro,2012-02-15
fd957b29d374bc2e,source_ood,1,validation,Uruguay_Rio_de_la_Plata,Uruguay_Rio_de_la_Plata,waterbody:Uruguay_Rio_de_la_Plata:PocitosBarreiro,2012-02-15
59f74757a6921d9b,source_ood,1,validation,Uruguay_Rio_de_la_Plata,Uruguay_Rio_de_la_Plata,waterbody:Uruguay_Rio_de_la_Plata:Ramirez,2012-02-15
b6ed21c315ece633,source_ood,1,validation,Uruguay_Rio_de_la_Plata,Uruguay_Rio_de_la_Plata,waterbody:Uruguay_Rio_de_la_Plata:Malvin,2012-02-15
ec95805977c38492,source_ood,1,validation,Uruguay_Rio_de_la_Plata,Uruguay_Rio_de_la_Plata,waterbody:Uruguay_Rio_de_la_Plata:Carrasco,2012-02-15
00eedd11d5ba8d27,source_ood,1,validation,Uruguay_Rio_de_la_Plata,Uruguay_Rio_de_la_Plata,waterbody:Uruguay_Rio_de_la_Plata:PajasBlancas,2012-02-15
3afd5aec30e6b525,source_ood,1,validation,Uruguay_Rio_de_la_Plata,Uruguay_Rio_de_la_Plata,waterbody:Uruguay_Rio_de_la_Plata:PajasBlancas,2012-02-22
d46c81ed13aa48b0,source_ood,1,validation,Uruguay_Rio_de_la_Plata,Uruguay_Rio_de_la_Plata,waterbody:Uruguay_Rio_de_la_Plata:PocitosBarreiro,2012-02-22
2389cbe6f6dd66d1,source_ood,1,validation,Uruguay_Rio_de_la_Plata,Uruguay_Rio_de_la_Plata,waterbody:Uruguay_Rio_de_la_Plata:Ramirez,2012-02-22
cffe4c1471e871ef,source_ood,1,validation,Uruguay_Rio_de_la_Plata,Uruguay_Rio_de_la_Plata,waterbody:Uruguay_Rio_de_la_Plata:Malvin,2012-02-22
756ff8e75879520e,source_ood,1,validation,Uruguay_Rio_de_la_Plata,Uruguay_Rio_de_la_Plata,waterbody:Uruguay_Rio_de_la_Plata:Carrasco,2012-02-22
fec9e4eefa851bf6,source_ood,1,validation,Uruguay_Rio_de_la_Plata,Uruguay_Rio_de_la_Plata,waterbody:Uruguay_Rio_de_la_Plata:Cerro,2012-02-22
005985438c66b9f2,source_ood,1,validation,Uruguay_Rio_de_la_Plata,Uruguay_Rio_de_la_Plata,waterbody:Uruguay_Rio_de_la_Plata:Cerro,2012-03-02
2397ce1f6119a6be,source_ood,1,validation,Uruguay_Rio_de_la_Plata,Uruguay_Rio_de_la_Plata,waterbody:Uruguay_Rio_de_la_Plata:Malvin,2012-03-02
d36a5d4a52d76d96,source_ood,1,validation,Uruguay_Rio_de_la_Plata,Uruguay_Rio_de_la_Plata,waterbody:Uruguay_Rio_de_la_Plata:Ramirez,2012-03-02
77459e7cb476b796,source_ood,1,validation,Uruguay_Rio_de_la_Plata,Uruguay_Rio_de_la_Plata,waterbody:Uruguay_Rio_de_la_Plata:PajasBlancas,2012-03-02
d904fc00ae5096c1,source_ood,1,validation,Uruguay_Rio_de_la_Plata,Uruguay_Rio_de_la_Plata,waterbody:Uruguay_Rio_de_la_Plata:Carrasco,2012-03-02
d040822f42b63c61,source_ood,1,validation,Uruguay_Rio_de_la_Plata,Uruguay_Rio_de_la_Plata,waterbody:Uruguay_Rio_de_la_Plata:PocitosBarreiro,2012-03-02
04f5e3491da8f397,source_ood,1,validation,Uruguay_Rio_de_la_Plata,Uruguay_Rio_de_la_Plata,waterbody:Uruguay_Rio_de_la_Plata:PocitosBarreiro,2012-03-05
b253253b55bf82a9,source_ood,1,validation,Uruguay_Rio_de_la_Plata,Uruguay_Rio_de_la_Plata,waterbody:Uruguay_Rio_de_la_Plata:Malvin,2012-03-05
6997be640f75bc7d,source_ood,1,validation,Uruguay_Rio_de_la_Plata,Uruguay_Rio_de_la_Plata,waterbody:Uruguay_Rio_de_la_Plata:Cerro,2012-03-05
79e5fb7863f757b7,source_ood,1,validation,Uruguay_Rio_de_la_Plata,Uruguay_Rio_de_la_Plata,waterbody:Uruguay_Rio_de_la_Plata:Ramirez,2012-03-05
acd9fa6c02b429fd,source_ood,1,validation,Uruguay_Rio_de_la_Plata,Uruguay_Rio_de_la_Plata,waterbody:Uruguay_Rio_de_la_Plata:PajasBlancas,2012-03-05
949d88b4d928be84,source_ood,1,validation,Uruguay_Rio_de_la_Plata,Uruguay_Rio_de_la_Plata,waterbody:Uruguay_Rio_de_la_Plata:Carrasco,2012-03-05
f621921e0c13ccd2,source_ood,1,validation,Uruguay_Rio_de_la_Plata,Uruguay_Rio_de_la_Plata,waterbody:Uruguay_Rio_de_la_Plata:PocitosBarreiro,2012-03-08
dad87506c3aa3b26,source_ood,1,validation,Uruguay_Rio_de_la_Plata,Uruguay_Rio_de_la_Plata,waterbody:Uruguay_Rio_de_la_Plata:Cerro,2012-03-08
b8edaf8a355fff62,source_ood,1,validation,Uruguay_Rio_de_la_Plata,Uruguay_Rio_de_la_Plata,waterbody:Uruguay_Rio_de_la_Plata:Carrasco,2012-03-08
b1b82182595b8d4c,source_ood,1,validation,Uruguay_Rio_de_la_Plata,Uruguay_Rio_de_la_Plata,waterbody:Uruguay_Rio_de_la_Plata:PuntaEspinillo,2012-03-08
48a66a0f205f00f1,source_ood,1,validation,Uruguay_Rio_de_la_Plata,Uruguay_Rio_de_la_Plata,waterbody:Uruguay_Rio_de_la_Plata:Malvin,2012-03-08
d7ecc06279d35938,source_ood,1,validation,Uruguay_Rio_de_la_Plata,Uruguay_Rio_de_la_Plata,waterbody:Uruguay_Rio_de_la_Plata:SantaCatalina,2012-03-08
3029b09fe61f8bce,source_ood,1,validation,Uruguay_Rio_de_la_Plata,Uruguay_Rio_de_la_Plata,waterbody:Uruguay_Rio_de_la_Plata:PajasBlancas,2012-03-08
64024878bf68a310,source_ood,1,validation,Uruguay_Rio_de_la_Plata,Uruguay_Rio_de_la_Plata,waterbody:Uruguay_Rio_de_la_Plata:SantaCatalina,2012-03-11
d1d73549e985799c,source_ood,1,validation,Uruguay_Rio_de_la_Plata,Uruguay_Rio_de_la_Plata,waterbody:Uruguay_Rio_de_la_Plata:Carrasco,2012-03-13
28928379fea0b79a,source_ood,1,validation,Uruguay_Rio_de_la_Plata,Uruguay_Rio_de_la_Plata,waterbody:Uruguay_Rio_de_la_Plata:Buceo,2012-03-13
ecd039a5f4127698,source_ood,1,validation,Uruguay_Rio_de_la_Plata,Uruguay_Rio_de_la_Plata,waterbody:Uruguay_Rio_de_la_Plata:Malvin,2012-03-13
556fab0387d43cb2,source_ood,1,validation,Uruguay_Rio_de_la_Plata,Uruguay_Rio_de_la_Plata,waterbody:Uruguay_Rio_de_la_Plata:Verde,2012-03-13
e3b9357db3a39804,source_ood,1,validation,Uruguay_Rio_de_la_Plata,Uruguay_Rio_de_la_Plata,waterbody:Uruguay_Rio_de_la_Plata:LaColorada,2012-03-13
31b85046908bf259,source_ood,1,validation,Uruguay_Rio_de_la_Plata,Uruguay_Rio_de_la_Plata,waterbody:Uruguay_Rio_de_la_Plata:PajasBlancas,2012-03-13
4fdaa63b69bac277,source_ood,1,validation,Uruguay_Rio_de_la_Plata,Uruguay_Rio_de_la_Plata,waterbody:Uruguay_Rio_de_la_Plata:Cerro,2012-03-13
d79d1620b4a04c3e,source_ood,1,validation,Uruguay_Rio_de_la_Plata,Uruguay_Rio_de_la_Plata,waterbody:Uruguay_Rio_de_la_Plata:Ramirez,2012-03-13
681ade51bb7b48c3,source_ood,1,validation,Uruguay_Rio_de_la_Plata,Uruguay_Rio_de_la_Plata,waterbody:Uruguay_Rio_de_la_Plata:PocitosBarreiro,2012-03-13
94cda654ac1767f5,source_ood,1,validation,Uruguay_Rio_de_la_Plata,Uruguay_Rio_de_la_Plata,waterbody:Uruguay_Rio_de_la_Plata:Miramar,2012-03-13
55cb4899aa4aec06,source_ood,1,validation,Uruguay_Rio_de_la_Plata,Uruguay_Rio_de_la_Plata,waterbody:Uruguay_Rio_de_la_Plata:Honda,2012-03-13
c08db9ceb9807d6a,source_ood,1,validation,Uruguay_Rio_de_la_Plata,Uruguay_Rio_de_la_Plata,waterbody:Uruguay_Rio_de_la_Plata:Brava,2012-03-13
6a0a51e3bd90dc79,source_ood,1,validation,Uruguay_Rio_de_la_Plata,Uruguay_Rio_de_la_Plata,waterbody:Uruguay_Rio_de_la_Plata:Ingleses,2012-03-13
3f844b11c77671c5,source_ood,1,validation,Uruguay_Rio_de_la_Plata,Uruguay_Rio_de_la_Plata,waterbody:Uruguay_Rio_de_la_Plata:LaColorada,2012-03-14
f62a8ff910709fb9,source_ood,1,validation,Uruguay_Rio_de_la_Plata,Uruguay_Rio_de_la_Plata,waterbody:Uruguay_Rio_de_la_Plata:Miramar,2012-03-14
cd80727f92ed2048,source_ood,1,validation,Uruguay_Rio_de_la_Plata,Uruguay_Rio_de_la_Plata,waterbody:Uruguay_Rio_de_la_Plata:Ramirez,2012-03-14
e8495905292553a1,source_ood,1,validation,Uruguay_Rio_de_la_Plata,Uruguay_Rio_de_la_Plata,waterbody:Uruguay_Rio_de_la_Plata:PuertoBuceo,2012-03-14
f8531a4ebf50f072,source_ood,1,validation,Uruguay_Rio_de_la_Plata,Uruguay_Rio_de_la_Plata,waterbody:Uruguay_Rio_de_la_Plata:Cerro,2012-03-14
67bd3d908167eef5,source_ood,1,validation,Uruguay_Rio_de_la_Plata,Uruguay_Rio_de_la_Plata,waterbody:Uruguay_Rio_de_la_Plata:PajasBlancas,2012-03-19
e103cbefb6be6a97,source_ood,1,validation,Uruguay_Rio_de_la_Plata,Uruguay_Rio_de_la_Plata,waterbody:Uruguay_Rio_de_la_Plata:Cerro,2012-03-19
5cbebe83ee6d0201,source_ood,1,validation,Uruguay_Rio_de_la_Plata,Uruguay_Rio_de_la_Plata,waterbody:Uruguay_Rio_de_la_Plata:Ramirez,2012-03-19
3713fe4c5fe78cf0,source_ood,1,validation,Uruguay_Rio_de_la_Plata,Uruguay_Rio_de_la_Plata,waterbody:Uruguay_Rio_de_la_Plata:PocitosBarreiro,2012-03-19
ab0d3d2cc6e3e334,source_ood,1,validation,Uruguay_Rio_de_la_Plata,Uruguay_Rio_de_la_Plata,waterbody:Uruguay_Rio_de_la_Plata:Malvin,2012-03-19
b6d36e16904196f8,source_ood,1,validation,Uruguay_Rio_de_la_Plata,Uruguay_Rio_de_la_Plata,waterbody:Uruguay_Rio_de_la_Plata:Carrasco,2012-03-19
18ec3b3c891e8be6,source_ood,1,validation,Uruguay_Rio_de_la_Plata,Uruguay_Rio_de_la_Plata,waterbody:Uruguay_Rio_de_la_Plata:PajasBlancas,2012-03-25
95cff800202ebe6f,source_ood,1,validation,Uruguay_Rio_de_la_Plata,Uruguay_Rio_de_la_Plata,waterbody:Uruguay_Rio_de_la_Plata:Carrasco,2012-03-25
c44080a9fcff3221,source_ood,1,validation,Uruguay_Rio_de_la_Plata,Uruguay_Rio_de_la_Plata,waterbody:Uruguay_Rio_de_la_Plata:LaColorada,2012-03-25
ed5c71a3f594b1a8,source_ood,1,validation,Uruguay_Rio_de_la_Plata,Uruguay_Rio_de_la_Plata,waterbody:Uruguay_Rio_de_la_Plata:PocitosBarreiro,2012-03-25
91513ed6506c67e4,source_ood,1,validation,Uruguay_Rio_de_la_Plata,Uruguay_Rio_de_la_Plata,waterbody:Uruguay_Rio_de_la_Plata:Malvin,2012-03-25
e7e685f203e151e9,source_ood,1,validation,Uruguay_Rio_de_la_Plata,Uruguay_Rio_de_la_Plata,waterbody:Uruguay_Rio_de_la_Plata:LaColorada,2012-03-26
427fa11591e531ef,source_ood,1,validation,Uruguay_Rio_de_la_Plata,Uruguay_Rio_de_la_Plata,waterbody:Uruguay_Rio_de_la_Plata:Buceo,2012-03-26
1f94a3fc3a5f4c1e,source_ood,1,validation,Uruguay_Rio_de_la_Plata,Uruguay_Rio_de_la_Plata,waterbody:Uruguay_Rio_de_la_Plata:Malvin,2012-03-26
e0cc74ded265831a,source_ood,1,validation,Uruguay_Rio_de_la_Plata,Uruguay_Rio_de_la_Plata,waterbody:Uruguay_Rio_de_la_Plata:Ingleses,2012-03-26
23e1c0dad9ee83ac,source_ood,1,validation,Uruguay_Rio_de_la_Plata,Uruguay_Rio_de_la_Plata,waterbody:Uruguay_Rio_de_la_Plata:Malvin,2012-03-28
9139c00d54e2cbf0,source_ood,1,validation,Uruguay_Rio_de_la_Plata,Uruguay_Rio_de_la_Plata,waterbody:Uruguay_Rio_de_la_Plata:Carrasco,2012-03-28
1eda1586fbdab8e5,source_ood,1,validation,Uruguay_Rio_de_la_Plata,Uruguay_Rio_de_la_Plata,waterbody:Uruguay_Rio_de_la_Plata:PajasBlancas,2012-03-28
492e2c6e16d42a5e,source_ood,1,validation,Uruguay_Rio_de_la_Plata,Uruguay_Rio_de_la_Plata,waterbody:Uruguay_Rio_de_la_Plata:Ramirez,2012-03-28
7a1df1c5855d19ef,source_ood,1,validation,Uruguay_Rio_de_la_Plata,Uruguay_Rio_de_la_Plata,waterbody:Uruguay_Rio_de_la_Plata:Cerro,2012-03-28
e5e2b923db139de4,source_ood,1,validation,Uruguay_Rio_de_la_Plata,Uruguay_Rio_de_la_Plata,waterbody:Uruguay_Rio_de_la_Plata:Malvin,2012-03-30
381391165bc14362,source_ood,1,validation,Uruguay_Rio_de_la_Plata,Uruguay_Rio_de_la_Plata,waterbody:Uruguay_Rio_de_la_Plata:Carrasco,2012-03-30
0c66155bf82fcb83,source_ood,1,validation,Uruguay_Rio_de_la_Plata,Uruguay_Rio_de_la_Plata,waterbody:Uruguay_Rio_de_la_Plata:Miramar,2012-03-30
0e4fa338fc30655c,source_ood,1,validation,Uruguay_Rio_de_la_Plata,Uruguay_Rio_de_la_Plata,waterbody:Uruguay_Rio_de_la_Plata:Zabala,2012-03-30
c09f6ef64c54e5aa,source_ood,1,validation,Uruguay_Rio_de_la_Plata,Uruguay_Rio_de_la_Plata,waterbody:Uruguay_Rio_de_la_Plata:PajasBlancas,2012-04-10
aa81474b1787e951,source_ood,1,validation,Uruguay_Rio_de_la_Plata,Uruguay_Rio_de_la_Plata,waterbody:Uruguay_Rio_de_la_Plata:PuntaEspinillo,2012-04-10
446afc534eb59cf3,source_ood,1,validation,Uruguay_Rio_de_la_Plata,Uruguay_Rio_de_la_Plata,waterbody:Uruguay_Rio_de_la_Plata:PocitosBarreiro,2012-04-10
60236d3f5bcaf686,source_ood,1,validation,Uruguay_Rio_de_la_Plata,Uruguay_Rio_de_la_Plata,waterbody:Uruguay_Rio_de_la_Plata:Ingleses,2012-04-10
8f640af2815baee4,source_ood,1,validation,Uruguay_Rio_de_la_Plata,Uruguay_Rio_de_la_Plata,waterbody:Uruguay_Rio_de_la_Plata:Cerro,2012-04-10
e8126dcfdb0c63fd,source_ood,1,validation,Uruguay_Rio_de_la_Plata,Uruguay_Rio_de_la_Plata,waterbody:Uruguay_Rio_de_la_Plata:Ramirez,2012-04-10
d5886f4d4270214e,source_ood,1,validation,Uruguay_Rio_de_la_Plata,Uruguay_Rio_de_la_Plata,waterbody:Uruguay_Rio_de_la_Plata:Carrasco,2012-04-10
9dfd5cf1999f2577,source_ood,1,validation,Uruguay_Rio_de_la_Plata,Uruguay_Rio_de_la_Plata,waterbody:Uruguay_Rio_de_la_Plata:PajasBlancas,2012-04-12
5507aec7fb459532,source_ood,1,validation,Uruguay_Rio_de_la_Plata,Uruguay_Rio_de_la_Plata,waterbody:Uruguay_Rio_de_la_Plata:Ramirez,2012-04-12
f7f855db55fc6fd8,source_ood,1,validation,Uruguay_Rio_de_la_Plata,Uruguay_Rio_de_la_Plata,waterbody:Uruguay_Rio_de_la_Plata:Cerro,2012-04-12
dc254f028ef86158,source_ood,1,validation,Uruguay_Rio_de_la_Plata,Uruguay_Rio_de_la_Plata,waterbody:Uruguay_Rio_de_la_Plata:PocitosBarreiro,2012-04-12
fdc2f53e876d0b49,source_ood,1,validation,Uruguay_Rio_de_la_Plata,Uruguay_Rio_de_la_Plata,waterbody:Uruguay_Rio_de_la_Plata:Malvin,2012-04-12
de3b805232d852e8,source_ood,1,validation,Uruguay_Rio_de_la_Plata,Uruguay_Rio_de_la_Plata,waterbody:Uruguay_Rio_de_la_Plata:Carrasco,2012-04-12
f7fb952bae6634e4,source_ood,1,validation,Uruguay_Rio_de_la_Plata,Uruguay_Rio_de_la_Plata,waterbody:Uruguay_Rio_de_la_Plata:Carrasco,2012-04-25
5359a374ab9d085f,source_ood,1,validation,Uruguay_Rio_de_la_Plata,Uruguay_Rio_de_la_Plata,waterbody:Uruguay_Rio_de_la_Plata:PocitosBarreiro,2012-04-25
b75e81f4b6924362,source_ood,1,validation,Uruguay_Rio_de_la_Plata,Uruguay_Rio_de_la_Plata,waterbody:Uruguay_Rio_de_la_Plata:Malvin,2012-04-25
3841807a03d78d9f,source_ood,1,validation,Uruguay_Rio_de_la_Plata,Uruguay_Rio_de_la_Plata,waterbody:Uruguay_Rio_de_la_Plata:PajasBlancas,2012-04-25
88d6fd1e7ceed84e,source_ood,1,validation,Uruguay_Rio_de_la_Plata,Uruguay_Rio_de_la_Plata,waterbody:Uruguay_Rio_de_la_Plata:Cerro,2012-04-25
7b583fcd3c4f39e7,source_ood,1,validation,Uruguay_Rio_de_la_Plata,Uruguay_Rio_de_la_Plata,waterbody:Uruguay_Rio_de_la_Plata:Ramirez,2012-04-25
8b48fb07b9db5d69,source_ood,1,validation,Uruguay_Rio_de_la_Plata,Uruguay_Rio_de_la_Plata,waterbody:Uruguay_Rio_de_la_Plata:PajasBlancas,2012-05-09
fefbf542d6b8165f,source_ood,1,validation,Uruguay_Rio_de_la_Plata,Uruguay_Rio_de_la_Plata,waterbody:Uruguay_Rio_de_la_Plata:Carrasco,2012-05-09
220447d8a536daa4,source_ood,1,validation,Uruguay_Rio_de_la_Plata,Uruguay_Rio_de_la_Plata,waterbody:Uruguay_Rio_de_la_Plata:Cerro,2012-05-09
2e000cfa3b71d2c6,source_ood,1,validation,Uruguay_Rio_de_la_Plata,Uruguay_Rio_de_la_Plata,waterbody:Uruguay_Rio_de_la_Plata:PocitosBarreiro,2012-05-09
7b574345cc5b382f,source_ood,1,validation,Uruguay_Rio_de_la_Plata,Uruguay_Rio_de_la_Plata,waterbody:Uruguay_Rio_de_la_Plata:Malvin,2012-05-09
ab229f543f939292,source_ood,1,validation,Uruguay_Rio_de_la_Plata,Uruguay_Rio_de_la_Plata,waterbody:Uruguay_Rio_de_la_Plata:Ramirez,2012-05-09
9831a268c857a313,source_ood,1,validation,Uruguay_Rio_de_la_Plata,Uruguay_Rio_de_la_Plata,waterbody:Uruguay_Rio_de_la_Plata:PajasBlancas,2012-05-23
57a0d0aad21fd295,source_ood,1,validation,Uruguay_Rio_de_la_Plata,Uruguay_Rio_de_la_Plata,waterbody:Uruguay_Rio_de_la_Plata:Malvin,2012-05-23
9e318f750b3b6681,source_ood,1,validation,Uruguay_Rio_de_la_Plata,Uruguay_Rio_de_la_Plata,waterbody:Uruguay_Rio_de_la_Plata:Cerro,2012-05-23
d49cb6bd06190ec6,source_ood,1,validation,Uruguay_Rio_de_la_Plata,Uruguay_Rio_de_la_Plata,waterbody:Uruguay_Rio_de_la_Plata:Carrasco,2012-05-23
37b77c8c7a253dda,source_ood,1,validation,Uruguay_Rio_de_la_Plata,Uruguay_Rio_de_la_Plata,waterbody:Uruguay_Rio_de_la_Plata:Ramirez,2012-05-23
e2732f400711bb1f,source_ood,1,validation,Uruguay_Rio_de_la_Plata,Uruguay_Rio_de_la_Plata,waterbody:Uruguay_Rio_de_la_Plata:PocitosBarreiro,2012-05-23
9dafeb8d0e0309d9,source_ood,1,validation,Uruguay_Rio_de_la_Plata,Uruguay_Rio_de_la_Plata,waterbody:Uruguay_Rio_de_la_Plata:Carrasco,2012-06-04
16a48c71f1823f37,source_ood,1,validation,Uruguay_Rio_de_la_Plata,Uruguay_Rio_de_la_Plata,waterbody:Uruguay_Rio_de_la_Plata:Ramirez,2012-06-04
8330fb003896e8ac,source_ood,1,validation,Uruguay_Rio_de_la_Plata,Uruguay_Rio_de_la_Plata,waterbody:Uruguay_Rio_de_la_Plata:PajasBlancas,2012-06-04
646625b7d50b4742,source_ood,1,validation,Uruguay_Rio_de_la_Plata,Uruguay_Rio_de_la_Plata,waterbody:Uruguay_Rio_de_la_Plata:PocitosBarreiro,2012-06-04
d541d8682e36f5fc,source_ood,1,validation,Uruguay_Rio_de_la_Plata,Uruguay_Rio_de_la_Plata,waterbody:Uruguay_Rio_de_la_Plata:Malvin,2012-06-04
010a391c1403217a,source_ood,1,validation,Uruguay_Rio_de_la_Plata,Uruguay_Rio_de_la_Plata,waterbody:Uruguay_Rio_de_la_Plata:Cerro,2012-06-04
fe2d2d3c9a5f80f4,source_ood,1,validation,Uruguay_Rio_de_la_Plata,Uruguay_Rio_de_la_Plata,waterbody:Uruguay_Rio_de_la_Plata:Cerro,2012-06-20
f3b2fe45109ddc4d,source_ood,1,validation,Uruguay_Rio_de_la_Plata,Uruguay_Rio_de_la_Plata,waterbody:Uruguay_Rio_de_la_Plata:Malvin,2012-06-20
19162b956899be37,source_ood,1,validation,Uruguay_Rio_de_la_Plata,Uruguay_Rio_de_la_Plata,waterbody:Uruguay_Rio_de_la_Plata:Ramirez,2012-06-20
c64b45d5843a7ca3,source_ood,1,validation,Uruguay_Rio_de_la_Plata,Uruguay_Rio_de_la_Plata,waterbody:Uruguay_Rio_de_la_Plata:PocitosBarreiro,2012-06-20
2b25aaea87a3f180,source_ood,1,validation,Uruguay_Rio_de_la_Plata,Uruguay_Rio_de_la_Plata,waterbody:Uruguay_Rio_de_la_Plata:PajasBlancas,2012-06-20
fdf121a06a381a6e,source_ood,1,validation,Uruguay_Rio_de_la_Plata,Uruguay_Rio_de_la_Plata,waterbody:Uruguay_Rio_de_la_Plata:Carrasco,2012-06-20
6ebcce1fa584ac8c,source_ood,1,validation,Uruguay_Rio_de_la_Plata,Uruguay_Rio_de_la_Plata,waterbody:Uruguay_Rio_de_la_Plata:PajasBlancas,2012-07-05
1765fa4de55b2eff,source_ood,1,validation,Uruguay_Rio_de_la_Plata,Uruguay_Rio_de_la_Plata,waterbody:Uruguay_Rio_de_la_Plata:Cerro,2012-07-05
9453074d26ac63ed,source_ood,1,validation,Uruguay_Rio_de_la_Plata,Uruguay_Rio_de_la_Plata,waterbody:Uruguay_Rio_de_la_Plata:Ramirez,2012-07-05
4eff8391087af663,source_ood,1,validation,Uruguay_Rio_de_la_Plata,Uruguay_Rio_de_la_Plata,waterbody:Uruguay_Rio_de_la_Plata:PocitosBarreiro,2012-07-05
d33014f23517ce9b,source_ood,1,validation,Uruguay_Rio_de_la_Plata,Uruguay_Rio_de_la_Plata,waterbody:Uruguay_Rio_de_la_Plata:Malvin,2012-07-05
9d83fd37854cb864,source_ood,1,validation,Uruguay_Rio_de_la_Plata,Uruguay_Rio_de_la_Plata,waterbody:Uruguay_Rio_de_la_Plata:Carrasco,2012-07-05
11176b1ae5b3bafa,source_ood,1,validation,Uruguay_Rio_de_la_Plata,Uruguay_Rio_de_la_Plata,waterbody:Uruguay_Rio_de_la_Plata:PajasBlancas,2012-07-16
3b11f466b20b55c4,source_ood,1,validation,Uruguay_Rio_de_la_Plata,Uruguay_Rio_de_la_Plata,waterbody:Uruguay_Rio_de_la_Plata:Carrasco,2012-07-16
04c552ba00b0f149,source_ood,1,validation,Uruguay_Rio_de_la_Plata,Uruguay_Rio_de_la_Plata,waterbody:Uruguay_Rio_de_la_Plata:PocitosBarreiro,2012-07-16
b5a9d502d1b45d66,source_ood,1,validation,Uruguay_Rio_de_la_Plata,Uruguay_Rio_de_la_Plata,waterbody:Uruguay_Rio_de_la_Plata:Cerro,2012-07-16
73c6fd6548e7a1f6,source_ood,1,validation,Uruguay_Rio_de_la_Plata,Uruguay_Rio_de_la_Plata,waterbody:Uruguay_Rio_de_la_Plata:Ramirez,2012-07-16
c7a395ea9cf13285,source_ood,1,validation,Uruguay_Rio_de_la_Plata,Uruguay_Rio_de_la_Plata,waterbody:Uruguay_Rio_de_la_Plata:Malvin,2012-07-16
38a9cb47a7be98c2,source_ood,1,validation,Uruguay_Rio_de_la_Plata,Uruguay_Rio_de_la_Plata,waterbody:Uruguay_Rio_de_la_Plata:Carrasco,2012-08-02
8592bce823e32e61,source_ood,1,validation,Uruguay_Rio_de_la_Plata,Uruguay_Rio_de_la_Plata,waterbody:Uruguay_Rio_de_la_Plata:PajasBlancas,2012-08-02
693ece630952bc0b,source_ood,1,validation,Uruguay_Rio_de_la_Plata,Uruguay_Rio_de_la_Plata,waterbody:Uruguay_Rio_de_la_Plata:Cerro,2012-08-02
616ed8820c61474d,source_ood,1,validation,Uruguay_Rio_de_la_Plata,Uruguay_Rio_de_la_Plata,waterbody:Uruguay_Rio_de_la_Plata:Ramirez,2012-08-02
216c5782ffb61261,source_ood,1,validation,Uruguay_Rio_de_la_Plata,Uruguay_Rio_de_la_Plata,waterbody:Uruguay_Rio_de_la_Plata:PocitosBarreiro,2012-08-02
13e31de59a4a1478,source_ood,1,validation,Uruguay_Rio_de_la_Plata,Uruguay_Rio_de_la_Plata,waterbody:Uruguay_Rio_de_la_Plata:Malvin,2012-08-02
9f255eb90509496b,source_ood,1,validation,Uruguay_Rio_de_la_Plata,Uruguay_Rio_de_la_Plata,waterbody:Uruguay_Rio_de_la_Plata:Carrasco,2012-08-16
08a9c8badb07e808,source_ood,1,validation,Uruguay_Rio_de_la_Plata,Uruguay_Rio_de_la_Plata,waterbody:Uruguay_Rio_de_la_Plata:Malvin,2012-08-16
6fd0ca5c6f2e94d3,source_ood,1,validation,Uruguay_Rio_de_la_Plata,Uruguay_Rio_de_la_Plata,waterbody:Uruguay_Rio_de_la_Plata:PajasBlancas,2012-08-16
054f649d33c8698f,source_ood,1,validation,Uruguay_Rio_de_la_Plata,Uruguay_Rio_de_la_Plata,waterbody:Uruguay_Rio_de_la_Plata:Cerro,2012-08-16
3de15ecc72b8cf3b,source_ood,1,validation,Uruguay_Rio_de_la_Plata,Uruguay_Rio_de_la_Plata,waterbody:Uruguay_Rio_de_la_Plata:Ramirez,2012-08-16
83b080face8fbaa8,source_ood,1,validation,Uruguay_Rio_de_la_Plata,Uruguay_Rio_de_la_Plata,waterbody:Uruguay_Rio_de_la_Plata:PocitosBarreiro,2012-08-16
a93ec6d178ad18e7,source_ood,1,validation,Uruguay_Rio_de_la_Plata,Uruguay_Rio_de_la_Plata,waterbody:Uruguay_Rio_de_la_Plata:PocitosBarreiro,2012-08-30
72d9756227487e61,source_ood,1,validation,Uruguay_Rio_de_la_Plata,Uruguay_Rio_de_la_Plata,waterbody:Uruguay_Rio_de_la_Plata:Cerro,2012-08-30
75d694d95f45609c,source_ood,1,validation,Uruguay_Rio_de_la_Plata,Uruguay_Rio_de_la_Plata,waterbody:Uruguay_Rio_de_la_Plata:Malvin,2012-08-30
bbf46d8493889329,source_ood,1,validation,Uruguay_Rio_de_la_Plata,Uruguay_Rio_de_la_Plata,waterbody:Uruguay_Rio_de_la_Plata:PajasBlancas,2012-08-30
68aa6bc1b5ee42c2,source_ood,1,validation,Uruguay_Rio_de_la_Plata,Uruguay_Rio_de_la_Plata,waterbody:Uruguay_Rio_de_la_Plata:Ramirez,2012-08-30
3967081f712a83ab,source_ood,1,validation,Uruguay_Rio_de_la_Plata,Uruguay_Rio_de_la_Plata,waterbody:Uruguay_Rio_de_la_Plata:Carrasco,2012-08-30
7f10b646e31fe0ed,source_ood,1,validation,Uruguay_Rio_de_la_Plata,Uruguay_Rio_de_la_Plata,waterbody:Uruguay_Rio_de_la_Plata:SantaCatalina,2012-09-04
0ce27cbc1acfa873,source_ood,1,validation,Uruguay_Rio_de_la_Plata,Uruguay_Rio_de_la_Plata,waterbody:Uruguay_Rio_de_la_Plata:Cerro,2012-09-04
fc6f17699819cfe5,source_ood,1,validation,Uruguay_Rio_de_la_Plata,Uruguay_Rio_de_la_Plata,waterbody:Uruguay_Rio_de_la_Plata:Ramirez,2012-09-04
ae3a653ba7bd7651,source_ood,1,validation,Uruguay_Rio_de_la_Plata,Uruguay_Rio_de_la_Plata,waterbody:Uruguay_Rio_de_la_Plata:PocitosBarreiro,2012-09-04
ec7c3bfa66f6bc37,source_ood,1,validation,Uruguay_Rio_de_la_Plata,Uruguay_Rio_de_la_Plata,waterbody:Uruguay_Rio_de_la_Plata:PajasBlancas,2012-09-04
ddd3ff23978bad55,source_ood,1,validation,Uruguay_Rio_de_la_Plata,Uruguay_Rio_de_la_Plata,waterbody:Uruguay_Rio_de_la_Plata:Carrasco,2012-09-04
f4d18ace89d57143,source_ood,1,validation,Uruguay_Rio_de_la_Plata,Uruguay_Rio_de_la_Plata,waterbody:Uruguay_Rio_de_la_Plata:Ingleses,2012-09-04
b1cd25ada348ab92,source_ood,1,validation,Uruguay_Rio_de_la_Plata,Uruguay_Rio_de_la_Plata,waterbody:Uruguay_Rio_de_la_Plata:PuntaEspinillo,2012-09-04
157aa0eb7790244b,source_ood,1,validation,Uruguay_Rio_de_la_Plata,Uruguay_Rio_de_la_Plata,waterbody:Uruguay_Rio_de_la_Plata:Malvin,2012-09-04
49d9f5e115640a87,source_ood,1,validation,Uruguay_Rio_de_la_Plata,Uruguay_Rio_de_la_Plata,waterbody:Uruguay_Rio_de_la_Plata:Ramirez,2012-09-14
6358dc8139b8430c,source_ood,1,validation,Uruguay_Rio_de_la_Plata,Uruguay_Rio_de_la_Plata,waterbody:Uruguay_Rio_de_la_Plata:Malvin,2012-09-14
c890eb3e772893f8,source_ood,1,validation,Uruguay_Rio_de_la_Plata,Uruguay_Rio_de_la_Plata,waterbody:Uruguay_Rio_de_la_Plata:PocitosBarreiro,2012-09-14
78225767605fc657,source_ood,1,validation,Uruguay_Rio_de_la_Plata,Uruguay_Rio_de_la_Plata,waterbody:Uruguay_Rio_de_la_Plata:Cerro,2012-09-14
121ce11c28c175b5,source_ood,1,validation,Uruguay_Rio_de_la_Plata,Uruguay_Rio_de_la_Plata,waterbody:Uruguay_Rio_de_la_Plata:PajasBlancas,2012-09-14
1c6bd70aafbb5a5a,source_ood,1,validation,Uruguay_Rio_de_la_Plata,Uruguay_Rio_de_la_Plata,waterbody:Uruguay_Rio_de_la_Plata:Carrasco,2012-09-14
574696b8c58d5ce8,source_ood,1,validation,Uruguay_Rio_de_la_Plata,Uruguay_Rio_de_la_Plata,waterbody:Uruguay_Rio_de_la_Plata:Cerro,2012-09-25
eb09f20b872cab3d,source_ood,1,validation,Uruguay_Rio_de_la_Plata,Uruguay_Rio_de_la_Plata,waterbody:Uruguay_Rio_de_la_Plata:Ramirez,2012-09-25
dac9cece26967999,source_ood,1,validation,Uruguay_Rio_de_la_Plata,Uruguay_Rio_de_la_Plata,waterbody:Uruguay_Rio_de_la_Plata:PajasBlancas,2012-09-25
8206df129fd52dac,source_ood,1,validation,Uruguay_Rio_de_la_Plata,Uruguay_Rio_de_la_Plata,waterbody:Uruguay_Rio_de_la_Plata:Malvin,2012-09-25
7f4f0728c4bbe681,source_ood,1,validation,Uruguay_Rio_de_la_Plata,Uruguay_Rio_de_la_Plata,waterbody:Uruguay_Rio_de_la_Plata:Carrasco,2012-09-25
aab5f01dd68da95f,source_ood,1,validation,Uruguay_Rio_de_la_Plata,Uruguay_Rio_de_la_Plata,waterbody:Uruguay_Rio_de_la_Plata:Cerro,2012-10-10
584add87b984eda7,source_ood,1,validation,Uruguay_Rio_de_la_Plata,Uruguay_Rio_de_la_Plata,waterbody:Uruguay_Rio_de_la_Plata:Malvin,2012-10-10
d0f47cd4610dfaea,source_ood,1,validation,Uruguay_Rio_de_la_Plata,Uruguay_Rio_de_la_Plata,waterbody:Uruguay_Rio_de_la_Plata:Ramirez,2012-10-10
3a70c6223232be55,source_ood,1,validation,Uruguay_Rio_de_la_Plata,Uruguay_Rio_de_la_Plata,waterbody:Uruguay_Rio_de_la_Plata:Carrasco,2012-10-10
07fada6dae99d1be,source_ood,1,validation,Uruguay_Rio_de_la_Plata,Uruguay_Rio_de_la_Plata,waterbody:Uruguay_Rio_de_la_Plata:PajasBlancas,2012-10-10
0eb32e1db52e194c,source_ood,1,validation,Uruguay_Rio_de_la_Plata,Uruguay_Rio_de_la_Plata,waterbody:Uruguay_Rio_de_la_Plata:Carrasco,2012-10-24
6310eef27c0eaa47,source_ood,1,validation,Uruguay_Rio_de_la_Plata,Uruguay_Rio_de_la_Plata,waterbody:Uruguay_Rio_de_la_Plata:Ramirez,2012-10-24
9a3fafce5cfd04cb,source_ood,1,validation,Uruguay_Rio_de_la_Plata,Uruguay_Rio_de_la_Plata,waterbody:Uruguay_Rio_de_la_Plata:Malvin,2012-10-24
3ba61c485972a8ea,source_ood,1,validation,Uruguay_Rio_de_la_Plata,Uruguay_Rio_de_la_Plata,waterbody:Uruguay_Rio_de_la_Plata:Cerro,2012-10-24
37d1588912dcd265,source_ood,1,validation,Uruguay_Rio_de_la_Plata,Uruguay_Rio_de_la_Plata,waterbody:Uruguay_Rio_de_la_Plata:PajasBlancas,2012-10-24
36a3c13efb6e3139,source_ood,1,validation,Uruguay_Rio_de_la_Plata,Uruguay_Rio_de_la_Plata,waterbody:Uruguay_Rio_de_la_Plata:PocitosBarreiro,2012-10-24
8650280db23c493e,source_ood,1,validation,Uruguay_Rio_de_la_Plata,Uruguay_Rio_de_la_Plata,waterbody:Uruguay_Rio_de_la_Plata:PajasBlancas,2012-11-05
8aa5508d5c74030b,source_ood,1,validation,Uruguay_Rio_de_la_Plata,Uruguay_Rio_de_la_Plata,waterbody:Uruguay_Rio_de_la_Plata:PocitosBarreiro,2012-11-05
416df9e3cb180c4f,source_ood,1,validation,Uruguay_Rio_de_la_Plata,Uruguay_Rio_de_la_Plata,waterbody:Uruguay_Rio_de_la_Plata:Malvin,2012-11-05
e316a2290a3d5dd9,source_ood,1,validation,Uruguay_Rio_de_la_Plata,Uruguay_Rio_de_la_Plata,waterbody:Uruguay_Rio_de_la_Plata:Cerro,2012-11-05
46220ab6c0433522,source_ood,1,validation,Uruguay_Rio_de_la_Plata,Uruguay_Rio_de_la_Plata,waterbody:Uruguay_Rio_de_la_Plata:Ramirez,2012-11-05
ea7011e1f72243d4,source_ood,1,validation,Uruguay_Rio_de_la_Plata,Uruguay_Rio_de_la_Plata,waterbody:Uruguay_Rio_de_la_Plata:Carrasco,2012-11-05
a389947ec5b2de75,source_ood,1,validation,Uruguay_Rio_de_la_Plata,Uruguay_Rio_de_la_Plata,waterbody:Uruguay_Rio_de_la_Plata:Malvin,2012-11-14
e52d6a23923a60c2,source_ood,1,validation,Uruguay_Rio_de_la_Plata,Uruguay_Rio_de_la_Plata,waterbody:Uruguay_Rio_de_la_Plata:Ramirez,2012-11-14
2b0ba4158016d6de,source_ood,1,validation,Uruguay_Rio_de_la_Plata,Uruguay_Rio_de_la_Plata,waterbody:Uruguay_Rio_de_la_Plata:Carrasco,2012-11-14
b25d6f2a6cfa2ffd,source_ood,1,validation,Uruguay_Rio_de_la_Plata,Uruguay_Rio_de_la_Plata,waterbody:Uruguay_Rio_de_la_Plata:PajasBlancas,2012-11-14
a4649604e53bd713,source_ood,1,validation,Uruguay_Rio_de_la_Plata,Uruguay_Rio_de_la_Plata,waterbody:Uruguay_Rio_de_la_Plata:PocitosBarreiro,2012-11-14
f1213958b918f6e8,source_ood,1,validation,Uruguay_Rio_de_la_Plata,Uruguay_Rio_de_la_Plata,waterbody:Uruguay_Rio_de_la_Plata:Cerro,2012-11-14
62dc1145a6e886f1,source_ood,1,validation,Uruguay_Rio_de_la_Plata,Uruguay_Rio_de_la_Plata,waterbody:Uruguay_Rio_de_la_Plata:Malvin,2012-11-21
18c800974c65775a,source_ood,1,validation,Uruguay_Rio_de_la_Plata,Uruguay_Rio_de_la_Plata,waterbody:Uruguay_Rio_de_la_Plata:PocitosBarreiro,2012-11-21
0afd3fa5bff61166,source_ood,1,validation,Uruguay_Rio_de_la_Plata,Uruguay_Rio_de_la_Plata,waterbody:Uruguay_Rio_de_la_Plata:Carrasco,2012-11-21
a8865acba9a33dfc,source_ood,1,validation,Uruguay_Rio_de_la_Plata,Uruguay_Rio_de_la_Plata,waterbody:Uruguay_Rio_de_la_Plata:Ramirez,2012-11-21
bd4c9f7fc2f5ee60,source_ood,1,validation,Uruguay_Rio_de_la_Plata,Uruguay_Rio_de_la_Plata,waterbody:Uruguay_Rio_de_la_Plata:PajasBlancas,2012-11-21
93a3bcc4ff4ed554,source_ood,1,validation,Uruguay_Rio_de_la_Plata,Uruguay_Rio_de_la_Plata,waterbody:Uruguay_Rio_de_la_Plata:Cerro,2012-11-21
953643d9a6c55e43,source_ood,1,validation,Uruguay_Rio_de_la_Plata,Uruguay_Rio_de_la_Plata,waterbody:Uruguay_Rio_de_la_Plata:Ramirez,2012-11-26
ae475fdc0f71025c,source_ood,1,validation,Uruguay_Rio_de_la_Plata,Uruguay_Rio_de_la_Plata,waterbody:Uruguay_Rio_de_la_Plata:Malvin,2012-11-26
f625f1566a6ccb92,source_ood,1,validation,Uruguay_Rio_de_la_Plata,Uruguay_Rio_de_la_Plata,waterbody:Uruguay_Rio_de_la_Plata:Cerro,2012-11-26
39d7fefbed1ad7ac,source_ood,1,validation,Uruguay_Rio_de_la_Plata,Uruguay_Rio_de_la_Plata,waterbody:Uruguay_Rio_de_la_Plata:PajasBlancas,2012-11-26
71ea0c5b5bb27589,source_ood,1,validation,Uruguay_Rio_de_la_Plata,Uruguay_Rio_de_la_Plata,waterbody:Uruguay_Rio_de_la_Plata:PocitosBarreiro,2012-11-26
dd2001e1498ab272,source_ood,1,validation,Uruguay_Rio_de_la_Plata,Uruguay_Rio_de_la_Plata,waterbody:Uruguay_Rio_de_la_Plata:Carrasco,2012-11-26
eb202e2b30c4cccf,source_ood,1,validation,Uruguay_Rio_de_la_Plata,Uruguay_Rio_de_la_Plata,waterbody:Uruguay_Rio_de_la_Plata:PajasBlancas,2012-12-06
de80e7d33eb4733d,source_ood,1,validation,Uruguay_Rio_de_la_Plata,Uruguay_Rio_de_la_Plata,waterbody:Uruguay_Rio_de_la_Plata:Malvin,2012-12-06
eb40b8d9fcdec34d,source_ood,1,validation,Uruguay_Rio_de_la_Plata,Uruguay_Rio_de_la_Plata,waterbody:Uruguay_Rio_de_la_Plata:Cerro,2012-12-06
7e386f59ab3ec709,source_ood,1,validation,Uruguay_Rio_de_la_Plata,Uruguay_Rio_de_la_Plata,waterbody:Uruguay_Rio_de_la_Plata:Ramirez,2012-12-06
9a09e1231216a44b,source_ood,1,validation,Uruguay_Rio_de_la_Plata,Uruguay_Rio_de_la_Plata,waterbody:Uruguay_Rio_de_la_Plata:PocitosBarreiro,2012-12-06
fa1ff1170a5d4ae6,source_ood,1,validation,Uruguay_Rio_de_la_Plata,Uruguay_Rio_de_la_Plata,waterbody:Uruguay_Rio_de_la_Plata:Carrasco,2012-12-06
0a2ef4f0c06e0d11,source_ood,1,validation,Uruguay_Rio_de_la_Plata,Uruguay_Rio_de_la_Plata,waterbody:Uruguay_Rio_de_la_Plata:Cerro,2012-12-10
7441724784366681,source_ood,1,validation,Uruguay_Rio_de_la_Plata,Uruguay_Rio_de_la_Plata,waterbody:Uruguay_Rio_de_la_Plata:Ramirez,2012-12-10
fe8a5aefb7e09ed2,source_ood,1,validation,Uruguay_Rio_de_la_Plata,Uruguay_Rio_de_la_Plata,waterbody:Uruguay_Rio_de_la_Plata:PajasBlancas,2012-12-10
05f4acbf8e18d756,source_ood,1,validation,Uruguay_Rio_de_la_Plata,Uruguay_Rio_de_la_Plata,waterbody:Uruguay_Rio_de_la_Plata:Carrasco,2012-12-10
7cde579f4551cf16,source_ood,1,validation,Uruguay_Rio_de_la_Plata,Uruguay_Rio_de_la_Plata,waterbody:Uruguay_Rio_de_la_Plata:PocitosBarreiro,2012-12-10
e5b4d36a70503c65,source_ood,1,validation,Uruguay_Rio_de_la_Plata,Uruguay_Rio_de_la_Plata,waterbody:Uruguay_Rio_de_la_Plata:Malvin,2012-12-10
22d13276c386ee0c,source_ood,1,validation,Uruguay_Rio_de_la_Plata,Uruguay_Rio_de_la_Plata,waterbody:Uruguay_Rio_de_la_Plata:Ramirez,2012-12-12
f518c39a3458e32d,source_ood,1,validation,Uruguay_Rio_de_la_Plata,Uruguay_Rio_de_la_Plata,waterbody:Uruguay_Rio_de_la_Plata:Carrasco,2012-12-12
3542c7ee43f6438a,source_ood,1,validation,Uruguay_Rio_de_la_Plata,Uruguay_Rio_de_la_Plata,waterbody:Uruguay_Rio_de_la_Plata:PajasBlancas,2012-12-12
07011f6bee5ffdb2,source_ood,1,validation,Uruguay_Rio_de_la_Plata,Uruguay_Rio_de_la_Plata,waterbody:Uruguay_Rio_de_la_Plata:Cerro,2012-12-12
032a6a72b71e8647,source_ood,1,validation,Uruguay_Rio_de_la_Plata,Uruguay_Rio_de_la_Plata,waterbody:Uruguay_Rio_de_la_Plata:PuntaEspinillo,2012-12-12
ddfc388091acaff9,source_ood,1,validation,Uruguay_Rio_de_la_Plata,Uruguay_Rio_de_la_Plata,waterbody:Uruguay_Rio_de_la_Plata:Ingleses,2012-12-12
e12445088cba7636,source_ood,1,validation,Uruguay_Rio_de_la_Plata,Uruguay_Rio_de_la_Plata,waterbody:Uruguay_Rio_de_la_Plata:PocitosBarreiro,2012-12-12
7a3c5123d8507263,source_ood,1,validation,Uruguay_Rio_de_la_Plata,Uruguay_Rio_de_la_Plata,waterbody:Uruguay_Rio_de_la_Plata:SantaCatalina,2012-12-12
37d8642d7182ccb8,source_ood,1,validation,Uruguay_Rio_de_la_Plata,Uruguay_Rio_de_la_Plata,waterbody:Uruguay_Rio_de_la_Plata:Malvin,2012-12-12
9eccbd597e2330f3,source_ood,1,validation,Uruguay_Rio_de_la_Plata,Uruguay_Rio_de_la_Plata,waterbody:Uruguay_Rio_de_la_Plata:Malvin,2012-12-18
f8d9921fa100c6a2,source_ood,1,validation,Uruguay_Rio_de_la_Plata,Uruguay_Rio_de_la_Plata,waterbody:Uruguay_Rio_de_la_Plata:Carrasco,2012-12-19
b71e6003a47de9c6,source_ood,1,validation,Uruguay_Rio_de_la_Plata,Uruguay_Rio_de_la_Plata,waterbody:Uruguay_Rio_de_la_Plata:PajasBlancas,2012-12-19
710df3b6629965f0,source_ood,1,validation,Uruguay_Rio_de_la_Plata,Uruguay_Rio_de_la_Plata,waterbody:Uruguay_Rio_de_la_Plata:Cerro,2012-12-19
6aca2976032e5449,source_ood,1,validation,Uruguay_Rio_de_la_Plata,Uruguay_Rio_de_la_Plata,waterbody:Uruguay_Rio_de_la_Plata:PocitosBarreiro,2012-12-19
8a2b4c3cca31888e,source_ood,1,validation,Uruguay_Rio_de_la_Plata,Uruguay_Rio_de_la_Plata,waterbody:Uruguay_Rio_de_la_Plata:Ramirez,2012-12-19
cc37ddd383196388,source_ood,1,validation,Uruguay_Rio_de_la_Plata,Uruguay_Rio_de_la_Plata,waterbody:Uruguay_Rio_de_la_Plata:Malvin,2012-12-19
0d13745f23392ff8,source_ood,1,validation,Uruguay_Rio_de_la_Plata,Uruguay_Rio_de_la_Plata,waterbody:Uruguay_Rio_de_la_Plata:PuntaEspinillo,2012-12-22
dfd2b31be95e270d,source_ood,1,validation,Uruguay_Rio_de_la_Plata,Uruguay_Rio_de_la_Plata,waterbody:Uruguay_Rio_de_la_Plata:Ingleses,2012-12-27
2febc5dc4791e9f4,source_ood,1,validation,Uruguay_Rio_de_la_Plata,Uruguay_Rio_de_la_Plata,waterbody:Uruguay_Rio_de_la_Plata:Ramirez,2012-12-27
b044330122e5c641,source_ood,1,validation,Uruguay_Rio_de_la_Plata,Uruguay_Rio_de_la_Plata,waterbody:Uruguay_Rio_de_la_Plata:PocitosBarreiro,2012-12-27
faf5f455d6135928,source_ood,1,validation,Uruguay_Rio_de_la_Plata,Uruguay_Rio_de_la_Plata,waterbody:Uruguay_Rio_de_la_Plata:Ramirez,2012-12-28
9d4bf2424f76a8d9,source_ood,1,validation,Uruguay_Rio_de_la_Plata,Uruguay_Rio_de_la_Plata,waterbody:Uruguay_Rio_de_la_Plata:PajasBlancas,2012-12-28
cdab1cd591ae10e5,source_ood,1,validation,Uruguay_Rio_de_la_Plata,Uruguay_Rio_de_la_Plata,waterbody:Uruguay_Rio_de_la_Plata:Cerro,2012-12-28
2c26c49035f3abbf,source_ood,1,validation,Uruguay_Rio_de_la_Plata,Uruguay_Rio_de_la_Plata,waterbody:Uruguay_Rio_de_la_Plata:PocitosBarreiro,2012-12-28
4cda4fdd0b1d3fdd,source_ood,1,validation,Uruguay_Rio_de_la_Plata,Uruguay_Rio_de_la_Plata,waterbody:Uruguay_Rio_de_la_Plata:Carrasco,2012-12-28
e579044213a00d84,source_ood,1,validation,Uruguay_Rio_de_la_Plata,Uruguay_Rio_de_la_Plata,waterbody:Uruguay_Rio_de_la_Plata:Cerro,2013-01-02
e18042f3fe93f6d2,source_ood,1,validation,Uruguay_Rio_de_la_Plata,Uruguay_Rio_de_la_Plata,waterbody:Uruguay_Rio_de_la_Plata:Ramirez,2013-01-02
c24f79489a15ecbe,source_ood,1,validation,Uruguay_Rio_de_la_Plata,Uruguay_Rio_de_la_Plata,waterbody:Uruguay_Rio_de_la_Plata:PocitosBarreiro,2013-01-02
f8f23b74f3fd6078,source_ood,1,validation,Uruguay_Rio_de_la_Plata,Uruguay_Rio_de_la_Plata,waterbody:Uruguay_Rio_de_la_Plata:Malvin,2013-01-02
e023a8b6018c6126,source_ood,1,validation,Uruguay_Rio_de_la_Plata,Uruguay_Rio_de_la_Plata,waterbody:Uruguay_Rio_de_la_Plata:SantaCatalina,2013-01-02
de8d3129d692c011,source_ood,1,validation,Uruguay_Rio_de_la_Plata,Uruguay_Rio_de_la_Plata,waterbody:Uruguay_Rio_de_la_Plata:Carrasco,2013-01-02
f3507adbaf715757,source_ood,1,validation,Uruguay_Rio_de_la_Plata,Uruguay_Rio_de_la_Plata,waterbody:Uruguay_Rio_de_la_Plata:Cerro,2013-01-08
a602f475e6d6257b,source_ood,1,validation,Uruguay_Rio_de_la_Plata,Uruguay_Rio_de_la_Plata,waterbody:Uruguay_Rio_de_la_Plata:PajasBlancas,2013-01-08
599adea97aa10fef,source_ood,1,validation,Uruguay_Rio_de_la_Plata,Uruguay_Rio_de_la_Plata,waterbody:Uruguay_Rio_de_la_Plata:PocitosBarreiro,2013-01-08
2499f54551894b73,source_ood,1,validation,Uruguay_Rio_de_la_Plata,Uruguay_Rio_de_la_Plata,waterbody:Uruguay_Rio_de_la_Plata:Ramirez,2013-01-08
21c6584317c40f29,source_ood,1,validation,Uruguay_Rio_de_la_Plata,Uruguay_Rio_de_la_Plata,waterbody:Uruguay_Rio_de_la_Plata:Malvin,2013-01-08
b49f34dd96bcba9d,source_ood,1,validation,Uruguay_Rio_de_la_Plata,Uruguay_Rio_de_la_Plata,waterbody:Uruguay_Rio_de_la_Plata:Carrasco,2013-01-08
f8e1a05be5121ebd,source_ood,1,validation,Uruguay_Rio_de_la_Plata,Uruguay_Rio_de_la_Plata,waterbody:Uruguay_Rio_de_la_Plata:PuntaEspinillo,2013-01-15
9bb9c370e3795808,source_ood,1,validation,Uruguay_Rio_de_la_Plata,Uruguay_Rio_de_la_Plata,waterbody:Uruguay_Rio_de_la_Plata:PajasBlancas,2013-01-15
496321cd203322b5,source_ood,1,validation,Uruguay_Rio_de_la_Plata,Uruguay_Rio_de_la_Plata,waterbody:Uruguay_Rio_de_la_Plata:SantaCatalina,2013-01-15
38e94dec7b7b039a,source_ood,1,validation,Uruguay_Rio_de_la_Plata,Uruguay_Rio_de_la_Plata,waterbody:Uruguay_Rio_de_la_Plata:Cerro,2013-01-15
6eebe259c9fdbb57,source_ood,1,validation,Uruguay_Rio_de_la_Plata,Uruguay_Rio_de_la_Plata,waterbody:Uruguay_Rio_de_la_Plata:Ramirez,2013-01-15
9054516d8a375fc8,source_ood,1,validation,Uruguay_Rio_de_la_Plata,Uruguay_Rio_de_la_Plata,waterbody:Uruguay_Rio_de_la_Plata:PocitosBarreiro,2013-01-15
115e0709459b2787,source_ood,1,validation,Uruguay_Rio_de_la_Plata,Uruguay_Rio_de_la_Plata,waterbody:Uruguay_Rio_de_la_Plata:Malvin,2013-01-15
988555c747dc6dd8,source_ood,1,validation,Uruguay_Rio_de_la_Plata,Uruguay_Rio_de_la_Plata,waterbody:Uruguay_Rio_de_la_Plata:Carrasco,2013-01-15
39a76c6404d034e1,source_ood,1,validation,Uruguay_Rio_de_la_Plata,Uruguay_Rio_de_la_Plata,waterbody:Uruguay_Rio_de_la_Plata:PajasBlancas,2013-01-24
1ff51c050c1f3cb7,source_ood,1,validation,Uruguay_Rio_de_la_Plata,Uruguay_Rio_de_la_Plata,waterbody:Uruguay_Rio_de_la_Plata:Cerro,2013-01-24
e13649bc39530abb,source_ood,1,validation,Uruguay_Rio_de_la_Plata,Uruguay_Rio_de_la_Plata,waterbody:Uruguay_Rio_de_la_Plata:Malvin,2013-01-24
d4558e6b4534c2f6,source_ood,1,validation,Uruguay_Rio_de_la_Plata,Uruguay_Rio_de_la_Plata,waterbody:Uruguay_Rio_de_la_Plata:Carrasco,2013-01-24
2586c87c785a88db,source_ood,1,validation,Uruguay_Rio_de_la_Plata,Uruguay_Rio_de_la_Plata,waterbody:Uruguay_Rio_de_la_Plata:Ramirez,2013-01-24
4a2ec7a258d03214,source_ood,1,validation,Uruguay_Rio_de_la_Plata,Uruguay_Rio_de_la_Plata,waterbody:Uruguay_Rio_de_la_Plata:PocitosBarreiro,2013-01-24
72ed13d3d0648ff3,source_ood,1,validation,Uruguay_Rio_de_la_Plata,Uruguay_Rio_de_la_Plata,waterbody:Uruguay_Rio_de_la_Plata:PajasBlancas,2013-01-28
416ff5687299eaa8,source_ood,1,validation,Uruguay_Rio_de_la_Plata,Uruguay_Rio_de_la_Plata,waterbody:Uruguay_Rio_de_la_Plata:Carrasco,2013-01-28
ab063d2c1099b57b,source_ood,1,validation,Uruguay_Rio_de_la_Plata,Uruguay_Rio_de_la_Plata,waterbody:Uruguay_Rio_de_la_Plata:PocitosBarreiro,2013-01-28
b3488d2bfcd7dd1c,source_ood,1,validation,Uruguay_Rio_de_la_Plata,Uruguay_Rio_de_la_Plata,waterbody:Uruguay_Rio_de_la_Plata:Cerro,2013-01-28
8a7bdbbaf0cda1be,source_ood,1,validation,Uruguay_Rio_de_la_Plata,Uruguay_Rio_de_la_Plata,waterbody:Uruguay_Rio_de_la_Plata:Ramirez,2013-01-28
b67c6734c2249ceb,source_ood,1,validation,Uruguay_Rio_de_la_Plata,Uruguay_Rio_de_la_Plata,waterbody:Uruguay_Rio_de_la_Plata:Malvin,2013-01-28
90f5fb463dbceee9,source_ood,1,validation,Uruguay_Rio_de_la_Plata,Uruguay_Rio_de_la_Plata,waterbody:Uruguay_Rio_de_la_Plata:Cerro,2013-02-07
e14cdad99d70975d,source_ood,1,validation,Uruguay_Rio_de_la_Plata,Uruguay_Rio_de_la_Plata,waterbody:Uruguay_Rio_de_la_Plata:Ramirez,2013-02-07
52631d6987f1e948,source_ood,1,validation,Uruguay_Rio_de_la_Plata,Uruguay_Rio_de_la_Plata,waterbody:Uruguay_Rio_de_la_Plata:Carrasco,2013-02-07
b12b5ab45caeeaf4,source_ood,1,validation,Uruguay_Rio_de_la_Plata,Uruguay_Rio_de_la_Plata,waterbody:Uruguay_Rio_de_la_Plata:PajasBlancas,2013-02-07
582430bfac307b69,source_ood,1,validation,Uruguay_Rio_de_la_Plata,Uruguay_Rio_de_la_Plata,waterbody:Uruguay_Rio_de_la_Plata:PocitosBarreiro,2013-02-07
c2d6f53d9aef9820,source_ood,1,validation,Uruguay_Rio_de_la_Plata,Uruguay_Rio_de_la_Plata,waterbody:Uruguay_Rio_de_la_Plata:Malvin,2013-02-07
153651a255c67ead,source_ood,1,validation,Uruguay_Rio_de_la_Plata,Uruguay_Rio_de_la_Plata,waterbody:Uruguay_Rio_de_la_Plata:Ramirez,2013-02-13
927db7e4add9e6ea,source_ood,1,validation,Uruguay_Rio_de_la_Plata,Uruguay_Rio_de_la_Plata,waterbody:Uruguay_Rio_de_la_Plata:Nacional,2013-02-13
cc619b9cde5b09b0,source_ood,1,validation,Uruguay_Rio_de_la_Plata,Uruguay_Rio_de_la_Plata,waterbody:Uruguay_Rio_de_la_Plata:Carrasco,2013-02-13
c152ec3416a8b1e5,source_ood,1,validation,Uruguay_Rio_de_la_Plata,Uruguay_Rio_de_la_Plata,waterbody:Uruguay_Rio_de_la_Plata:PocitosBarreiro,2013-02-13
c2f63bd3bd2c8438,source_ood,1,validation,Uruguay_Rio_de_la_Plata,Uruguay_Rio_de_la_Plata,waterbody:Uruguay_Rio_de_la_Plata:PajasBlancas,2013-02-13
b75d87b95413187e,source_ood,1,validation,Uruguay_Rio_de_la_Plata,Uruguay_Rio_de_la_Plata,waterbody:Uruguay_Rio_de_la_Plata:Cerro,2013-02-13
1fd7780460ce3313,source_ood,1,validation,Uruguay_Rio_de_la_Plata,Uruguay_Rio_de_la_Plata,waterbody:Uruguay_Rio_de_la_Plata:Malvin,2013-02-13
2dbf5ae03eff3ab7,source_ood,1,validation,Uruguay_Rio_de_la_Plata,Uruguay_Rio_de_la_Plata,waterbody:Uruguay_Rio_de_la_Plata:Malvin,2013-02-22
197b3a3aff76ca93,source_ood,1,validation,Uruguay_Rio_de_la_Plata,Uruguay_Rio_de_la_Plata,waterbody:Uruguay_Rio_de_la_Plata:Carrasco,2013-02-22
f07433b9cb6802de,source_ood,1,validation,Uruguay_Rio_de_la_Plata,Uruguay_Rio_de_la_Plata,waterbody:Uruguay_Rio_de_la_Plata:PajasBlancas,2013-02-22
63766c33fe761aea,source_ood,1,validation,Uruguay_Rio_de_la_Plata,Uruguay_Rio_de_la_Plata,waterbody:Uruguay_Rio_de_la_Plata:PocitosBarreiro,2013-02-22
7eb53b18a712b8d0,source_ood,1,validation,Uruguay_Rio_de_la_Plata,Uruguay_Rio_de_la_Plata,waterbody:Uruguay_Rio_de_la_Plata:Ramirez,2013-02-22
d999ecde620f56d8,source_ood,1,validation,Uruguay_Rio_de_la_Plata,Uruguay_Rio_de_la_Plata,waterbody:Uruguay_Rio_de_la_Plata:Cerro,2013-02-22
fdaf0d2d5627a5cd,source_ood,1,validation,Uruguay_Rio_de_la_Plata,Uruguay_Rio_de_la_Plata,waterbody:Uruguay_Rio_de_la_Plata:Malvin,2013-02-26
4aaf920bed65876a,source_ood,1,validation,Uruguay_Rio_de_la_Plata,Uruguay_Rio_de_la_Plata,waterbody:Uruguay_Rio_de_la_Plata:PocitosBarreiro,2013-02-26
e8bf4ad4a13d9349,source_ood,1,validation,Uruguay_Rio_de_la_Plata,Uruguay_Rio_de_la_Plata,waterbody:Uruguay_Rio_de_la_Plata:Carrasco,2013-02-26
148ef5147e2224cc,source_ood,1,validation,Uruguay_Rio_de_la_Plata,Uruguay_Rio_de_la_Plata,waterbody:Uruguay_Rio_de_la_Plata:PajasBlancas,2013-02-26
d8fa8048167cd2cf,source_ood,1,validation,Uruguay_Rio_de_la_Plata,Uruguay_Rio_de_la_Plata,waterbody:Uruguay_Rio_de_la_Plata:Cerro,2013-02-26
22429ee46bd0bdcd,source_ood,1,validation,Uruguay_Rio_de_la_Plata,Uruguay_Rio_de_la_Plata,waterbody:Uruguay_Rio_de_la_Plata:Malvin,2013-03-04
600480551427f41f,source_ood,1,validation,Uruguay_Rio_de_la_Plata,Uruguay_Rio_de_la_Plata,waterbody:Uruguay_Rio_de_la_Plata:PocitosBarreiro,2013-03-04
9cfff59df6c62886,source_ood,1,validation,Uruguay_Rio_de_la_Plata,Uruguay_Rio_de_la_Plata,waterbody:Uruguay_Rio_de_la_Plata:Carrasco,2013-03-04
5fccd56f355917da,source_ood,1,validation,Uruguay_Rio_de_la_Plata,Uruguay_Rio_de_la_Plata,waterbody:Uruguay_Rio_de_la_Plata:PajasBlancas,2013-03-04
a0c0bd97903dae22,source_ood,1,validation,Uruguay_Rio_de_la_Plata,Uruguay_Rio_de_la_Plata,waterbody:Uruguay_Rio_de_la_Plata:Ramirez,2013-03-04
c74302df7909a97d,source_ood,1,validation,Uruguay_Rio_de_la_Plata,Uruguay_Rio_de_la_Plata,waterbody:Uruguay_Rio_de_la_Plata:Cerro,2013-03-04
980e5d02f18ed966,source_ood,1,validation,Uruguay_Rio_de_la_Plata,Uruguay_Rio_de_la_Plata,waterbody:Uruguay_Rio_de_la_Plata:PajasBlancas,2013-03-07
59549186b72eac12,source_ood,1,validation,Uruguay_Rio_de_la_Plata,Uruguay_Rio_de_la_Plata,waterbody:Uruguay_Rio_de_la_Plata:Cerro,2013-03-07
450611df124ef0c2,source_ood,1,validation,Uruguay_Rio_de_la_Plata,Uruguay_Rio_de_la_Plata,waterbody:Uruguay_Rio_de_la_Plata:Ramirez,2013-03-07
fb26641febdd2884,source_ood,1,validation,Uruguay_Rio_de_la_Plata,Uruguay_Rio_de_la_Plata,waterbody:Uruguay_Rio_de_la_Plata:Malvin,2013-03-07
9860c77019d3cabe,source_ood,1,validation,Uruguay_Rio_de_la_Plata,Uruguay_Rio_de_la_Plata,waterbody:Uruguay_Rio_de_la_Plata:Carrasco,2013-03-07
ca831fd47e7dbe26,source_ood,1,validation,Uruguay_Rio_de_la_Plata,Uruguay_Rio_de_la_Plata,waterbody:Uruguay_Rio_de_la_Plata:PocitosBarreiro,2013-03-07
900a8fd0fea506e6,source_ood,1,validation,Uruguay_Rio_de_la_Plata,Uruguay_Rio_de_la_Plata,waterbody:Uruguay_Rio_de_la_Plata:Cerro,2013-03-12
071866126dd002e0,source_ood,1,validation,Uruguay_Rio_de_la_Plata,Uruguay_Rio_de_la_Plata,waterbody:Uruguay_Rio_de_la_Plata:Ramirez,2013-03-12
ff0e403a51a26c77,source_ood,1,validation,Uruguay_Rio_de_la_Plata,Uruguay_Rio_de_la_Plata,waterbody:Uruguay_Rio_de_la_Plata:PocitosBarreiro,2013-03-12
e369754f3a0e7171,source_ood,1,validation,Uruguay_Rio_de_la_Plata,Uruguay_Rio_de_la_Plata,waterbody:Uruguay_Rio_de_la_Plata:PajasBlancas,2013-03-12
0a6c8b96b4a9b6c1,source_ood,1,validation,Uruguay_Rio_de_la_Plata,Uruguay_Rio_de_la_Plata,waterbody:Uruguay_Rio_de_la_Plata:Malvin,2013-03-12
a7e3ee5897069465,source_ood,1,validation,Uruguay_Rio_de_la_Plata,Uruguay_Rio_de_la_Plata,waterbody:Uruguay_Rio_de_la_Plata:Carrasco,2013-03-12
f1e4de3e84716f78,source_ood,1,validation,Uruguay_Rio_de_la_Plata,Uruguay_Rio_de_la_Plata,waterbody:Uruguay_Rio_de_la_Plata:Ramirez,2013-03-13
6d53e57f84e0035e,source_ood,1,validation,Uruguay_Rio_de_la_Plata,Uruguay_Rio_de_la_Plata,waterbody:Uruguay_Rio_de_la_Plata:PuertoBuceo,2013-03-17
cd651da8c6bf7ccc,source_ood,1,validation,Uruguay_Rio_de_la_Plata,Uruguay_Rio_de_la_Plata,waterbody:Uruguay_Rio_de_la_Plata:Carrasco,2013-03-17
2f3948a9933ed7b7,source_ood,1,validation,Uruguay_Rio_de_la_Plata,Uruguay_Rio_de_la_Plata,waterbody:Uruguay_Rio_de_la_Plata:PocitosBarreiro,2013-03-21
6bdcfd5795be57f4,source_ood,1,validation,Uruguay_Rio_de_la_Plata,Uruguay_Rio_de_la_Plata,waterbody:Uruguay_Rio_de_la_Plata:PajasBlancas,2013-03-21
2e6497c3f1b4ee97,source_ood,1,validation,Uruguay_Rio_de_la_Plata,Uruguay_Rio_de_la_Plata,waterbody:Uruguay_Rio_de_la_Plata:Cerro,2013-03-21
e29b0a0fe6421877,source_ood,1,validation,Uruguay_Rio_de_la_Plata,Uruguay_Rio_de_la_Plata,waterbody:Uruguay_Rio_de_la_Plata:Ramirez,2013-03-21
f3ede318c9a82be6,source_ood,1,validation,Uruguay_Rio_de_la_Plata,Uruguay_Rio_de_la_Plata,waterbody:Uruguay_Rio_de_la_Plata:PuntaEspinillo,2013-03-21
d3fd720505222a28,source_ood,1,validation,Uruguay_Rio_de_la_Plata,Uruguay_Rio_de_la_Plata,waterbody:Uruguay_Rio_de_la_Plata:Malvin,2013-03-21
bb5cd622132f1ef9,source_ood,1,validation,Uruguay_Rio_de_la_Plata,Uruguay_Rio_de_la_Plata,waterbody:Uruguay_Rio_de_la_Plata:Carrasco,2013-03-21
8555f4d8bcccf677,source_ood,1,validation,Uruguay_Rio_de_la_Plata,Uruguay_Rio_de_la_Plata,waterbody:Uruguay_Rio_de_la_Plata:Ramirez,2013-03-23
fbfc70a41e295067,source_ood,1,validation,Uruguay_Rio_de_la_Plata,Uruguay_Rio_de_la_Plata,waterbody:Uruguay_Rio_de_la_Plata:Malvin,2013-04-10
1d9fab3ca4404d64,source_ood,1,validation,Uruguay_Rio_de_la_Plata,Uruguay_Rio_de_la_Plata,waterbody:Uruguay_Rio_de_la_Plata:Cerro,2013-04-10
edafcb33b19e645d,source_ood,1,validation,Uruguay_Rio_de_la_Plata,Uruguay_Rio_de_la_Plata,waterbody:Uruguay_Rio_de_la_Plata:Carrasco,2013-04-10
1510984a16708d0a,source_ood,1,validation,Uruguay_Rio_de_la_Plata,Uruguay_Rio_de_la_Plata,waterbody:Uruguay_Rio_de_la_Plata:Ramirez,2013-04-10
8aef234b910c70a7,source_ood,1,validation,Uruguay_Rio_de_la_Plata,Uruguay_Rio_de_la_Plata,waterbody:Uruguay_Rio_de_la_Plata:PajasBlancas,2013-04-10
4feab2a1cb02a55b,source_ood,1,validation,Uruguay_Rio_de_la_Plata,Uruguay_Rio_de_la_Plata,waterbody:Uruguay_Rio_de_la_Plata:PocitosBarreiro,2013-04-10
0d9094611dd2130e,source_ood,1,validation,Uruguay_Rio_de_la_Plata,Uruguay_Rio_de_la_Plata,waterbody:Uruguay_Rio_de_la_Plata:Malvin,2013-04-17
af30b13014a3600f,source_ood,1,validation,Uruguay_Rio_de_la_Plata,Uruguay_Rio_de_la_Plata,waterbody:Uruguay_Rio_de_la_Plata:PajasBlancas,2013-04-17
b9d7c6390edc94b3,source_ood,1,validation,Uruguay_Rio_de_la_Plata,Uruguay_Rio_de_la_Plata,waterbody:Uruguay_Rio_de_la_Plata:Cerro,2013-04-17
facbdafcc4d42eb0,source_ood,1,validation,Uruguay_Rio_de_la_Plata,Uruguay_Rio_de_la_Plata,waterbody:Uruguay_Rio_de_la_Plata:Ramirez,2013-04-17
cca2bcccea3072ef,source_ood,1,validation,Uruguay_Rio_de_la_Plata,Uruguay_Rio_de_la_Plata,waterbody:Uruguay_Rio_de_la_Plata:Carrasco,2013-04-17
27db7f47d9a31403,source_ood,1,validation,Uruguay_Rio_de_la_Plata,Uruguay_Rio_de_la_Plata,waterbody:Uruguay_Rio_de_la_Plata:Honda,2013-04-17
adebbbc4d37ffbe8,source_ood,1,validation,Uruguay_Rio_de_la_Plata,Uruguay_Rio_de_la_Plata,waterbody:Uruguay_Rio_de_la_Plata:Ingleses,2013-04-29
de536e81c74c2068,source_ood,1,validation,Uruguay_Rio_de_la_Plata,Uruguay_Rio_de_la_Plata,waterbody:Uruguay_Rio_de_la_Plata:Verde,2013-04-29
e82f3766061cbc1b,source_ood,1,validation,Uruguay_Rio_de_la_Plata,Uruguay_Rio_de_la_Plata,waterbody:Uruguay_Rio_de_la_Plata:PajasBlancas,2013-05-02
23dc663a99dc3459,source_ood,1,validation,Uruguay_Rio_de_la_Plata,Uruguay_Rio_de_la_Plata,waterbody:Uruguay_Rio_de_la_Plata:Carrasco,2013-05-02
035cd112c33236d4,source_ood,1,validation,Uruguay_Rio_de_la_Plata,Uruguay_Rio_de_la_Plata,waterbody:Uruguay_Rio_de_la_Plata:PocitosBarreiro,2013-05-02
2b083fa51129ee62,source_ood,1,validation,Uruguay_Rio_de_la_Plata,Uruguay_Rio_de_la_Plata,waterbody:Uruguay_Rio_de_la_Plata:Cerro,2013-05-02
2329dbf8b363cebf,source_ood,1,validation,Uruguay_Rio_de_la_Plata,Uruguay_Rio_de_la_Plata,waterbody:Uruguay_Rio_de_la_Plata:Ramirez,2013-05-02
c3122d63b5e2addc,source_ood,1,validation,Uruguay_Rio_de_la_Plata,Uruguay_Rio_de_la_Plata,waterbody:Uruguay_Rio_de_la_Plata:Malvin,2013-05-02
0b54266beef93937,source_ood,1,validation,Uruguay_Rio_de_la_Plata,Uruguay_Rio_de_la_Plata,waterbody:Uruguay_Rio_de_la_Plata:Carrasco,2013-05-25
4eb84c9300bef0d4,source_ood,1,validation,Uruguay_Rio_de_la_Plata,Uruguay_Rio_de_la_Plata,waterbody:Uruguay_Rio_de_la_Plata:PocitosBarreiro,2013-05-25
78ab2c567ea7da24,source_ood,1,validation,Uruguay_Rio_de_la_Plata,Uruguay_Rio_de_la_Plata,waterbody:Uruguay_Rio_de_la_Plata:Malvin,2013-05-25
9730f628c42705bb,source_ood,1,validation,Uruguay_Rio_de_la_Plata,Uruguay_Rio_de_la_Plata,waterbody:Uruguay_Rio_de_la_Plata:PajasBlancas,2013-05-25
9140cc5eead7ec28,source_ood,1,validation,Uruguay_Rio_de_la_Plata,Uruguay_Rio_de_la_Plata,waterbody:Uruguay_Rio_de_la_Plata:Cerro,2013-05-25
2718c9d4148e77b0,source_ood,1,validation,Uruguay_Rio_de_la_Plata,Uruguay_Rio_de_la_Plata,waterbody:Uruguay_Rio_de_la_Plata:Ramirez,2013-05-25
22dcc4e47fcd08f7,source_ood,1,validation,Uruguay_Rio_de_la_Plata,Uruguay_Rio_de_la_Plata,waterbody:Uruguay_Rio_de_la_Plata:Ramirez,2013-06-03
c7c835afd033c37e,source_ood,1,validation,Uruguay_Rio_de_la_Plata,Uruguay_Rio_de_la_Plata,waterbody:Uruguay_Rio_de_la_Plata:Malvin,2013-06-03
c18bdac1f1a867d4,source_ood,1,validation,Uruguay_Rio_de_la_Plata,Uruguay_Rio_de_la_Plata,waterbody:Uruguay_Rio_de_la_Plata:PocitosBarreiro,2013-06-03
42cddcb133f9d6a1,source_ood,1,validation,Uruguay_Rio_de_la_Plata,Uruguay_Rio_de_la_Plata,waterbody:Uruguay_Rio_de_la_Plata:PajasBlancas,2013-06-03
17b8adec0473a1bf,source_ood,1,validation,Uruguay_Rio_de_la_Plata,Uruguay_Rio_de_la_Plata,waterbody:Uruguay_Rio_de_la_Plata:Cerro,2013-06-03
37410da2b3cf76ff,source_ood,1,validation,Uruguay_Rio_de_la_Plata,Uruguay_Rio_de_la_Plata,waterbody:Uruguay_Rio_de_la_Plata:Carrasco,2013-06-03
7f29552c20a81330,source_ood,1,validation,Uruguay_Rio_de_la_Plata,Uruguay_Rio_de_la_Plata,waterbody:Uruguay_Rio_de_la_Plata:PocitosBarreiro,2013-06-18
d0dd3e804fa0e434,source_ood,1,validation,Uruguay_Rio_de_la_Plata,Uruguay_Rio_de_la_Plata,waterbody:Uruguay_Rio_de_la_Plata:Ramirez,2013-06-18
c78942ba7d0ec6e8,source_ood,1,validation,Uruguay_Rio_de_la_Plata,Uruguay_Rio_de_la_Plata,waterbody:Uruguay_Rio_de_la_Plata:PajasBlancas,2013-06-18
a556cedb68b094bf,source_ood,1,validation,Uruguay_Rio_de_la_Plata,Uruguay_Rio_de_la_Plata,waterbody:Uruguay_Rio_de_la_Plata:Cerro,2013-06-18
d0664fd40498ac7d,source_ood,1,validation,Uruguay_Rio_de_la_Plata,Uruguay_Rio_de_la_Plata,waterbody:Uruguay_Rio_de_la_Plata:Malvin,2013-06-18
4f4472cd8f96e597,source_ood,1,validation,Uruguay_Rio_de_la_Plata,Uruguay_Rio_de_la_Plata,waterbody:Uruguay_Rio_de_la_Plata:Carrasco,2013-06-18
7b82d4889b8c6440,source_ood,1,validation,Uruguay_Rio_de_la_Plata,Uruguay_Rio_de_la_Plata,waterbody:Uruguay_Rio_de_la_Plata:PocitosBarreiro,2013-07-04
50b7e979fbfd5afc,source_ood,1,validation,Uruguay_Rio_de_la_Plata,Uruguay_Rio_de_la_Plata,waterbody:Uruguay_Rio_de_la_Plata:Malvin,2013-07-04
ec8c0c473d67006b,source_ood,1,validation,Uruguay_Rio_de_la_Plata,Uruguay_Rio_de_la_Plata,waterbody:Uruguay_Rio_de_la_Plata:Cerro,2013-07-04
a63a0bc4ebfa2a10,source_ood,1,validation,Uruguay_Rio_de_la_Plata,Uruguay_Rio_de_la_Plata,waterbody:Uruguay_Rio_de_la_Plata:Ramirez,2013-07-04
58f9948f2d79244a,source_ood,1,validation,Uruguay_Rio_de_la_Plata,Uruguay_Rio_de_la_Plata,waterbody:Uruguay_Rio_de_la_Plata:Carrasco,2013-07-04
07c76a100616bb76,source_ood,1,validation,Uruguay_Rio_de_la_Plata,Uruguay_Rio_de_la_Plata,waterbody:Uruguay_Rio_de_la_Plata:PajasBlancas,2013-07-04
0c28df9509040081,source_ood,1,validation,Uruguay_Rio_de_la_Plata,Uruguay_Rio_de_la_Plata,waterbody:Uruguay_Rio_de_la_Plata:PocitosBarreiro,2013-07-17
137321f438e8a508,source_ood,1,validation,Uruguay_Rio_de_la_Plata,Uruguay_Rio_de_la_Plata,waterbody:Uruguay_Rio_de_la_Plata:Ramirez,2013-07-17
be80fae7d8461ea0,source_ood,1,validation,Uruguay_Rio_de_la_Plata,Uruguay_Rio_de_la_Plata,waterbody:Uruguay_Rio_de_la_Plata:Carrasco,2013-07-17
68c57f1a27d00121,source_ood,1,validation,Uruguay_Rio_de_la_Plata,Uruguay_Rio_de_la_Plata,waterbody:Uruguay_Rio_de_la_Plata:Cerro,2013-07-17
d9721912029b6db9,source_ood,1,validation,Uruguay_Rio_de_la_Plata,Uruguay_Rio_de_la_Plata,waterbody:Uruguay_Rio_de_la_Plata:PajasBlancas,2013-07-17
000f2b7713aade38,source_ood,1,validation,Uruguay_Rio_de_la_Plata,Uruguay_Rio_de_la_Plata,waterbody:Uruguay_Rio_de_la_Plata:Malvin,2013-07-17
023ff9b9251a9bfa,source_ood,1,validation,Uruguay_Rio_de_la_Plata,Uruguay_Rio_de_la_Plata,waterbody:Uruguay_Rio_de_la_Plata:PajasBlancas,2013-07-29
98cb068de4395929,source_ood,1,validation,Uruguay_Rio_de_la_Plata,Uruguay_Rio_de_la_Plata,waterbody:Uruguay_Rio_de_la_Plata:Cerro,2013-07-29
c01f67c592ea5223,source_ood,1,validation,Uruguay_Rio_de_la_Plata,Uruguay_Rio_de_la_Plata,waterbody:Uruguay_Rio_de_la_Plata:Ramirez,2013-07-29
aedb467ce3a1a66c,source_ood,1,validation,Uruguay_Rio_de_la_Plata,Uruguay_Rio_de_la_Plata,waterbody:Uruguay_Rio_de_la_Plata:PocitosBarreiro,2013-07-29
f40b9a2fe85e50b4,source_ood,1,validation,Uruguay_Rio_de_la_Plata,Uruguay_Rio_de_la_Plata,waterbody:Uruguay_Rio_de_la_Plata:Malvin,2013-07-29
ad54e0427c11de7c,source_ood,1,validation,Uruguay_Rio_de_la_Plata,Uruguay_Rio_de_la_Plata,waterbody:Uruguay_Rio_de_la_Plata:Carrasco,2013-07-29
ed0f6ba78c525401,source_ood,1,validation,Uruguay_Rio_de_la_Plata,Uruguay_Rio_de_la_Plata,waterbody:Uruguay_Rio_de_la_Plata:Cerro,2013-08-08
989a5e11419979c4,source_ood,1,validation,Uruguay_Rio_de_la_Plata,Uruguay_Rio_de_la_Plata,waterbody:Uruguay_Rio_de_la_Plata:Carrasco,2013-08-08
1b3232a6a411f232,source_ood,1,validation,Uruguay_Rio_de_la_Plata,Uruguay_Rio_de_la_Plata,waterbody:Uruguay_Rio_de_la_Plata:PajasBlancas,2013-08-08
7e5e07ca3beee004,source_ood,1,validation,Uruguay_Rio_de_la_Plata,Uruguay_Rio_de_la_Plata,waterbody:Uruguay_Rio_de_la_Plata:Ramirez,2013-08-08
dc2ecb4254d09a2e,source_ood,1,validation,Uruguay_Rio_de_la_Plata,Uruguay_Rio_de_la_Plata,waterbody:Uruguay_Rio_de_la_Plata:PocitosBarreiro,2013-08-08
b36350f8b84e558d,source_ood,1,validation,Uruguay_Rio_de_la_Plata,Uruguay_Rio_de_la_Plata,waterbody:Uruguay_Rio_de_la_Plata:Malvin,2013-08-08
d7a06f3a77835ea0,source_ood,1,validation,Uruguay_Rio_de_la_Plata,Uruguay_Rio_de_la_Plata,waterbody:Uruguay_Rio_de_la_Plata:Carrasco,2013-08-19
528e27e5ff0e7595,source_ood,1,validation,Uruguay_Rio_de_la_Plata,Uruguay_Rio_de_la_Plata,waterbody:Uruguay_Rio_de_la_Plata:Cerro,2013-08-19
73e82cf2280440d4,source_ood,1,validation,Uruguay_Rio_de_la_Plata,Uruguay_Rio_de_la_Plata,waterbody:Uruguay_Rio_de_la_Plata:PajasBlancas,2013-08-19
1e427cbd3ec06319,source_ood,1,validation,Uruguay_Rio_de_la_Plata,Uruguay_Rio_de_la_Plata,waterbody:Uruguay_Rio_de_la_Plata:PocitosBarreiro,2013-08-19
21593f641f56e40c,source_ood,1,validation,Uruguay_Rio_de_la_Plata,Uruguay_Rio_de_la_Plata,waterbody:Uruguay_Rio_de_la_Plata:Ramirez,2013-08-19
59b27a7abcc59bdd,source_ood,1,validation,Uruguay_Rio_de_la_Plata,Uruguay_Rio_de_la_Plata,waterbody:Uruguay_Rio_de_la_Plata:Malvin,2013-08-19
248c1e1841995b96,source_ood,1,validation,Uruguay_Rio_de_la_Plata,Uruguay_Rio_de_la_Plata,waterbody:Uruguay_Rio_de_la_Plata:SantaCatalina,2013-09-04
b6698d66812eee33,source_ood,1,validation,Uruguay_Rio_de_la_Plata,Uruguay_Rio_de_la_Plata,waterbody:Uruguay_Rio_de_la_Plata:Cerro,2013-09-04
193105a85bb20acf,source_ood,1,validation,Uruguay_Rio_de_la_Plata,Uruguay_Rio_de_la_Plata,waterbody:Uruguay_Rio_de_la_Plata:Ramirez,2013-09-04
1c863f26a7106c2f,source_ood,1,validation,Uruguay_Rio_de_la_Plata,Uruguay_Rio_de_la_Plata,waterbody:Uruguay_Rio_de_la_Plata:PajasBlancas,2013-09-04
90ec49641d9766af,source_ood,1,validation,Uruguay_Rio_de_la_Plata,Uruguay_Rio_de_la_Plata,waterbody:Uruguay_Rio_de_la_Plata:Malvin,2013-09-04
719dc544e583eb88,source_ood,1,validation,Uruguay_Rio_de_la_Plata,Uruguay_Rio_de_la_Plata,waterbody:Uruguay_Rio_de_la_Plata:PocitosBarreiro,2013-09-04
3c7054d0ea51e8da,source_ood,1,validation,Uruguay_Rio_de_la_Plata,Uruguay_Rio_de_la_Plata,waterbody:Uruguay_Rio_de_la_Plata:Carrasco,2013-09-04
2d49dff5abccfff1,source_ood,1,validation,Uruguay_Rio_de_la_Plata,Uruguay_Rio_de_la_Plata,waterbody:Uruguay_Rio_de_la_Plata:PuntaEspinillo,2013-09-04
b2072a8c44d0be02,source_ood,1,validation,Uruguay_Rio_de_la_Plata,Uruguay_Rio_de_la_Plata,waterbody:Uruguay_Rio_de_la_Plata:PajasBlancas,2013-09-19
b9f73bcd9a00b577,source_ood,1,validation,Uruguay_Rio_de_la_Plata,Uruguay_Rio_de_la_Plata,waterbody:Uruguay_Rio_de_la_Plata:Carrasco,2013-09-19
b7345b9ea4d4b01b,source_ood,1,validation,Uruguay_Rio_de_la_Plata,Uruguay_Rio_de_la_Plata,waterbody:Uruguay_Rio_de_la_Plata:Cerro,2013-09-19
64352c029e8f9dd7,source_ood,1,validation,Uruguay_Rio_de_la_Plata,Uruguay_Rio_de_la_Plata,waterbody:Uruguay_Rio_de_la_Plata:Ramirez,2013-09-19
1e0a695e547a36a6,source_ood,1,validation,Uruguay_Rio_de_la_Plata,Uruguay_Rio_de_la_Plata,waterbody:Uruguay_Rio_de_la_Plata:PocitosBarreiro,2013-09-19
46885caef0620e18,source_ood,1,validation,Uruguay_Rio_de_la_Plata,Uruguay_Rio_de_la_Plata,waterbody:Uruguay_Rio_de_la_Plata:Malvin,2013-09-19
738cf05bd94422e3,source_ood,1,validation,Uruguay_Rio_de_la_Plata,Uruguay_Rio_de_la_Plata,waterbody:Uruguay_Rio_de_la_Plata:PocitosBarreiro,2013-09-30
34c58c214a484bcc,source_ood,1,validation,Uruguay_Rio_de_la_Plata,Uruguay_Rio_de_la_Plata,waterbody:Uruguay_Rio_de_la_Plata:Carrasco,2013-09-30
8e4f5cf4cbad8054,source_ood,1,validation,Uruguay_Rio_de_la_Plata,Uruguay_Rio_de_la_Plata,waterbody:Uruguay_Rio_de_la_Plata:Malvin,2013-09-30
2ca5155cd70db118,source_ood,1,validation,Uruguay_Rio_de_la_Plata,Uruguay_Rio_de_la_Plata,waterbody:Uruguay_Rio_de_la_Plata:PajasBlancas,2013-09-30
81822534a524bf6d,source_ood,1,validation,Uruguay_Rio_de_la_Plata,Uruguay_Rio_de_la_Plata,waterbody:Uruguay_Rio_de_la_Plata:Cerro,2013-09-30
ea840b960767f6d5,source_ood,1,validation,Uruguay_Rio_de_la_Plata,Uruguay_Rio_de_la_Plata,waterbody:Uruguay_Rio_de_la_Plata:Ramirez,2013-09-30
27fee91a64d1b9d3,source_ood,1,validation,Uruguay_Rio_de_la_Plata,Uruguay_Rio_de_la_Plata,waterbody:Uruguay_Rio_de_la_Plata:Cerro,2013-10-11
2ff29b70fadb9563,source_ood,1,validation,Uruguay_Rio_de_la_Plata,Uruguay_Rio_de_la_Plata,waterbody:Uruguay_Rio_de_la_Plata:Ramirez,2013-10-11
016ecd552f6bce2e,source_ood,1,validation,Uruguay_Rio_de_la_Plata,Uruguay_Rio_de_la_Plata,waterbody:Uruguay_Rio_de_la_Plata:PocitosBarreiro,2013-10-11
bd3bbd89f2fbde55,source_ood,1,validation,Uruguay_Rio_de_la_Plata,Uruguay_Rio_de_la_Plata,waterbody:Uruguay_Rio_de_la_Plata:Malvin,2013-10-11
ec32077493d563d0,source_ood,1,validation,Uruguay_Rio_de_la_Plata,Uruguay_Rio_de_la_Plata,waterbody:Uruguay_Rio_de_la_Plata:PajasBlancas,2013-10-11
a827ad3231c4b36c,source_ood,1,validation,Uruguay_Rio_de_la_Plata,Uruguay_Rio_de_la_Plata,waterbody:Uruguay_Rio_de_la_Plata:Carrasco,2013-10-11
abdfb7838153396f,source_ood,1,validation,Uruguay_Rio_de_la_Plata,Uruguay_Rio_de_la_Plata,waterbody:Uruguay_Rio_de_la_Plata:Cerro,2013-10-24
ec0ce689cc6b810b,source_ood,1,validation,Uruguay_Rio_de_la_Plata,Uruguay_Rio_de_la_Plata,waterbody:Uruguay_Rio_de_la_Plata:Ramirez,2013-10-24
4b146a769cd5b67e,source_ood,1,validation,Uruguay_Rio_de_la_Plata,Uruguay_Rio_de_la_Plata,waterbody:Uruguay_Rio_de_la_Plata:PocitosBarreiro,2013-10-24
80637b9c856e2987,source_ood,1,validation,Uruguay_Rio_de_la_Plata,Uruguay_Rio_de_la_Plata,waterbody:Uruguay_Rio_de_la_Plata:Carrasco,2013-10-24
b26249144f8907a2,source_ood,1,validation,Uruguay_Rio_de_la_Plata,Uruguay_Rio_de_la_Plata,waterbody:Uruguay_Rio_de_la_Plata:PajasBlancas,2013-10-24
4b44a6bc7e7a0c3f,source_ood,1,validation,Uruguay_Rio_de_la_Plata,Uruguay_Rio_de_la_Plata,waterbody:Uruguay_Rio_de_la_Plata:Malvin,2013-10-24
282e0ca086309364,source_ood,1,validation,Uruguay_Rio_de_la_Plata,Uruguay_Rio_de_la_Plata,waterbody:Uruguay_Rio_de_la_Plata:PajasBlancas,2013-11-05
37fd9f6947500378,source_ood,1,validation,Uruguay_Rio_de_la_Plata,Uruguay_Rio_de_la_Plata,waterbody:Uruguay_Rio_de_la_Plata:Malvin,2013-11-05
1567a57b78b779b7,source_ood,1,validation,Uruguay_Rio_de_la_Plata,Uruguay_Rio_de_la_Plata,waterbody:Uruguay_Rio_de_la_Plata:Carrasco,2013-11-05
29e0812eea6cf391,source_ood,1,validation,Uruguay_Rio_de_la_Plata,Uruguay_Rio_de_la_Plata,waterbody:Uruguay_Rio_de_la_Plata:Cerro,2013-11-05
110b9ce97cfa1770,source_ood,1,validation,Uruguay_Rio_de_la_Plata,Uruguay_Rio_de_la_Plata,waterbody:Uruguay_Rio_de_la_Plata:Ramirez,2013-11-05
415adc77c8552a8c,source_ood,1,validation,Uruguay_Rio_de_la_Plata,Uruguay_Rio_de_la_Plata,waterbody:Uruguay_Rio_de_la_Plata:PocitosBarreiro,2013-11-05
198246886204aee7,source_ood,1,validation,Uruguay_Rio_de_la_Plata,Uruguay_Rio_de_la_Plata,waterbody:Uruguay_Rio_de_la_Plata:Cerro,2013-11-13
0d4b2cf81a921d6b,source_ood,1,validation,Uruguay_Rio_de_la_Plata,Uruguay_Rio_de_la_Plata,waterbody:Uruguay_Rio_de_la_Plata:PocitosBarreiro,2013-11-13
752df183bad132c6,source_ood,1,validation,Uruguay_Rio_de_la_Plata,Uruguay_Rio_de_la_Plata,waterbody:Uruguay_Rio_de_la_Plata:Carrasco,2013-11-13
7aab2d3fceb6d977,source_ood,1,validation,Uruguay_Rio_de_la_Plata,Uruguay_Rio_de_la_Plata,waterbody:Uruguay_Rio_de_la_Plata:Malvin,2013-11-13
4b91dd846f235bc0,source_ood,1,validation,Uruguay_Rio_de_la_Plata,Uruguay_Rio_de_la_Plata,waterbody:Uruguay_Rio_de_la_Plata:PajasBlancas,2013-11-13
f5d9c8b1c1520ad1,source_ood,1,validation,Uruguay_Rio_de_la_Plata,Uruguay_Rio_de_la_Plata,waterbody:Uruguay_Rio_de_la_Plata:Ramirez,2013-11-13
bd94cd2235509214,source_ood,1,validation,Uruguay_Rio_de_la_Plata,Uruguay_Rio_de_la_Plata,waterbody:Uruguay_Rio_de_la_Plata:PocitosBarreiro,2013-11-19
60402a81cb89937c,source_ood,1,validation,Uruguay_Rio_de_la_Plata,Uruguay_Rio_de_la_Plata,waterbody:Uruguay_Rio_de_la_Plata:PajasBlancas,2013-11-19
fa887a7486689e40,source_ood,1,validation,Uruguay_Rio_de_la_Plata,Uruguay_Rio_de_la_Plata,waterbody:Uruguay_Rio_de_la_Plata:Malvin,2013-11-19
08880fe6058d0f30,source_ood,1,validation,Uruguay_Rio_de_la_Plata,Uruguay_Rio_de_la_Plata,waterbody:Uruguay_Rio_de_la_Plata:Carrasco,2013-11-19
aa18f3a30732e599,source_ood,1,validation,Uruguay_Rio_de_la_Plata,Uruguay_Rio_de_la_Plata,waterbody:Uruguay_Rio_de_la_Plata:Cerro,2013-11-19
50e148eb67ecadaa,source_ood,1,validation,Uruguay_Rio_de_la_Plata,Uruguay_Rio_de_la_Plata,waterbody:Uruguay_Rio_de_la_Plata:Ramirez,2013-11-19
241e9cd84599a853,source_ood,1,validation,Uruguay_Rio_de_la_Plata,Uruguay_Rio_de_la_Plata,waterbody:Uruguay_Rio_de_la_Plata:Carrasco,2013-11-28
0af0305e7c3aff78,source_ood,1,validation,Uruguay_Rio_de_la_Plata,Uruguay_Rio_de_la_Plata,waterbody:Uruguay_Rio_de_la_Plata:Cerro,2013-11-28
788a24e9d3f9eae0,source_ood,1,validation,Uruguay_Rio_de_la_Plata,Uruguay_Rio_de_la_Plata,waterbody:Uruguay_Rio_de_la_Plata:Ramirez,2013-11-28
9646a4bc84ef754b,source_ood,1,validation,Uruguay_Rio_de_la_Plata,Uruguay_Rio_de_la_Plata,waterbody:Uruguay_Rio_de_la_Plata:PajasBlancas,2013-11-28
b6ef9b6f29529525,source_ood,1,validation,Uruguay_Rio_de_la_Plata,Uruguay_Rio_de_la_Plata,waterbody:Uruguay_Rio_de_la_Plata:Malvin,2013-11-28
6c4f65ed787449d9,source_ood,1,validation,Uruguay_Rio_de_la_Plata,Uruguay_Rio_de_la_Plata,waterbody:Uruguay_Rio_de_la_Plata:PocitosBarreiro,2013-11-28
484f68cf3c5da063,source_ood,1,validation,Uruguay_Rio_de_la_Plata,Uruguay_Rio_de_la_Plata,waterbody:Uruguay_Rio_de_la_Plata:SantaCatalina,2013-11-29
febe148edf7bb221,source_ood,1,validation,Uruguay_Rio_de_la_Plata,Uruguay_Rio_de_la_Plata,waterbody:Uruguay_Rio_de_la_Plata:PuntaEspinillo,2013-11-29
d833765e3971d75e,source_ood,1,validation,Uruguay_Rio_de_la_Plata,Uruguay_Rio_de_la_Plata,waterbody:Uruguay_Rio_de_la_Plata:PajasBlancas,2013-11-29
51cadb49f8c8a83b,source_ood,1,validation,Uruguay_Rio_de_la_Plata,Uruguay_Rio_de_la_Plata,waterbody:Uruguay_Rio_de_la_Plata:Ramirez,2013-11-29
ab86de322e83396d,source_ood,1,validation,Uruguay_Rio_de_la_Plata,Uruguay_Rio_de_la_Plata,waterbody:Uruguay_Rio_de_la_Plata:PocitosBarreiro,2013-11-29
044f255b0eb4f7d2,source_ood,1,validation,Uruguay_Rio_de_la_Plata,Uruguay_Rio_de_la_Plata,waterbody:Uruguay_Rio_de_la_Plata:Malvin,2013-11-29
6b0733fe678585f1,source_ood,1,validation,Uruguay_Rio_de_la_Plata,Uruguay_Rio_de_la_Plata,waterbody:Uruguay_Rio_de_la_Plata:Cerro,2013-11-29
fbb4bb51ca1eb364,source_ood,1,validation,Uruguay_Rio_de_la_Plata,Uruguay_Rio_de_la_Plata,waterbody:Uruguay_Rio_de_la_Plata:Carrasco,2013-11-29
31862e8a3287f721,source_ood,1,validation,Uruguay_Rio_de_la_Plata,Uruguay_Rio_de_la_Plata,waterbody:Uruguay_Rio_de_la_Plata:Ingleses,2013-11-29
08eb84dc8dfe5efe,source_ood,1,validation,Uruguay_Rio_de_la_Plata,Uruguay_Rio_de_la_Plata,waterbody:Uruguay_Rio_de_la_Plata:PocitosBarreiro,2013-12-02
c48f445729e32d64,source_ood,1,validation,Uruguay_Rio_de_la_Plata,Uruguay_Rio_de_la_Plata,waterbody:Uruguay_Rio_de_la_Plata:Malvin,2013-12-02
b2512b340596fbbe,source_ood,1,validation,Uruguay_Rio_de_la_Plata,Uruguay_Rio_de_la_Plata,waterbody:Uruguay_Rio_de_la_Plata:PajasBlancas,2013-12-02
e994a5e857de57d8,source_ood,1,validation,Uruguay_Rio_de_la_Plata,Uruguay_Rio_de_la_Plata,waterbody:Uruguay_Rio_de_la_Plata:Cerro,2013-12-02
94ceaa7466772495,source_ood,1,validation,Uruguay_Rio_de_la_Plata,Uruguay_Rio_de_la_Plata,waterbody:Uruguay_Rio_de_la_Plata:Ramirez,2013-12-02
3909db9a55cbc054,source_ood,1,validation,Uruguay_Rio_de_la_Plata,Uruguay_Rio_de_la_Plata,waterbody:Uruguay_Rio_de_la_Plata:Carrasco,2013-12-02
d88840c1009f189d,source_ood,1,validation,Uruguay_Rio_de_la_Plata,Uruguay_Rio_de_la_Plata,waterbody:Uruguay_Rio_de_la_Plata:Carrasco,2013-12-13
1befc2a38ac8bb37,source_ood,1,validation,Uruguay_Rio_de_la_Plata,Uruguay_Rio_de_la_Plata,waterbody:Uruguay_Rio_de_la_Plata:PajasBlancas,2013-12-13
5266c48940952cf1,source_ood,1,validation,Uruguay_Rio_de_la_Plata,Uruguay_Rio_de_la_Plata,waterbody:Uruguay_Rio_de_la_Plata:Ramirez,2013-12-13
6d8179b32267434e,source_ood,1,validation,Uruguay_Rio_de_la_Plata,Uruguay_Rio_de_la_Plata,waterbody:Uruguay_Rio_de_la_Plata:Cerro,2013-12-13
f50e700966fb1410,source_ood,1,validation,Uruguay_Rio_de_la_Plata,Uruguay_Rio_de_la_Plata,waterbody:Uruguay_Rio_de_la_Plata:PocitosBarreiro,2013-12-13
a92df327e8229612,source_ood,1,validation,Uruguay_Rio_de_la_Plata,Uruguay_Rio_de_la_Plata,waterbody:Uruguay_Rio_de_la_Plata:Malvin,2013-12-13
5e9b1564928924ac,source_ood,1,validation,Uruguay_Rio_de_la_Plata,Uruguay_Rio_de_la_Plata,waterbody:Uruguay_Rio_de_la_Plata:PocitosBarreiro,2013-12-16
8dec5c72175b5705,source_ood,1,validation,Uruguay_Rio_de_la_Plata,Uruguay_Rio_de_la_Plata,waterbody:Uruguay_Rio_de_la_Plata:Malvin,2013-12-16
154470b522bfce8c,source_ood,1,validation,Uruguay_Rio_de_la_Plata,Uruguay_Rio_de_la_Plata,waterbody:Uruguay_Rio_de_la_Plata:Cerro,2013-12-16
b70e9470684f8e9d,source_ood,1,validation,Uruguay_Rio_de_la_Plata,Uruguay_Rio_de_la_Plata,waterbody:Uruguay_Rio_de_la_Plata:Ramirez,2013-12-16
7831398b4aa5df7b,source_ood,1,validation,Uruguay_Rio_de_la_Plata,Uruguay_Rio_de_la_Plata,waterbody:Uruguay_Rio_de_la_Plata:PuntaEspinillo,2013-12-16
77a7c20b1d9f1bb6,source_ood,1,validation,Uruguay_Rio_de_la_Plata,Uruguay_Rio_de_la_Plata,waterbody:Uruguay_Rio_de_la_Plata:PajasBlancas,2013-12-16
f8b4b044b9f22ed4,source_ood,1,validation,Uruguay_Rio_de_la_Plata,Uruguay_Rio_de_la_Plata,waterbody:Uruguay_Rio_de_la_Plata:SantaCatalina,2013-12-16
ba7a4f15f9982a77,source_ood,1,validation,Uruguay_Rio_de_la_Plata,Uruguay_Rio_de_la_Plata,waterbody:Uruguay_Rio_de_la_Plata:Ingleses,2013-12-16
a8ecebf31dcea182,source_ood,1,validation,Uruguay_Rio_de_la_Plata,Uruguay_Rio_de_la_Plata,waterbody:Uruguay_Rio_de_la_Plata:Carrasco,2013-12-16
8f47b07b3bdd7fc1,source_ood,1,validation,Uruguay_Rio_de_la_Plata,Uruguay_Rio_de_la_Plata,waterbody:Uruguay_Rio_de_la_Plata:Ramirez,2013-12-20
f28db82c4f1ba7d6,source_ood,1,validation,Uruguay_Rio_de_la_Plata,Uruguay_Rio_de_la_Plata,waterbody:Uruguay_Rio_de_la_Plata:PocitosBarreiro,2013-12-20
3cd59a3569093754,source_ood,1,validation,Uruguay_Rio_de_la_Plata,Uruguay_Rio_de_la_Plata,waterbody:Uruguay_Rio_de_la_Plata:Cerro,2013-12-20
147748f344ffc596,source_ood,1,validation,Uruguay_Rio_de_la_Plata,Uruguay_Rio_de_la_Plata,waterbody:Uruguay_Rio_de_la_Plata:PajasBlancas,2013-12-20
6e011165e24390a6,source_ood,1,validation,Uruguay_Rio_de_la_Plata,Uruguay_Rio_de_la_Plata,waterbody:Uruguay_Rio_de_la_Plata:Malvin,2013-12-20
f410349c3225d765,source_ood,1,validation,Uruguay_Rio_de_la_Plata,Uruguay_Rio_de_la_Plata,waterbody:Uruguay_Rio_de_la_Plata:Carrasco,2013-12-20
54e1177ba8a7070d,source_ood,1,validation,Uruguay_Rio_de_la_Plata,Uruguay_Rio_de_la_Plata,waterbody:Uruguay_Rio_de_la_Plata:Carrasco,2013-12-26
d00c84bfcbb5031b,source_ood,1,validation,Uruguay_Rio_de_la_Plata,Uruguay_Rio_de_la_Plata,waterbody:Uruguay_Rio_de_la_Plata:Cerro,2013-12-26
8dcb2a6b19d0e833,source_ood,1,validation,Uruguay_Rio_de_la_Plata,Uruguay_Rio_de_la_Plata,waterbody:Uruguay_Rio_de_la_Plata:Ramirez,2013-12-26
5cb1522b55189d7d,source_ood,1,validation,Uruguay_Rio_de_la_Plata,Uruguay_Rio_de_la_Plata,waterbody:Uruguay_Rio_de_la_Plata:PocitosBarreiro,2013-12-26
305fb8715811ba9a,source_ood,1,validation,Uruguay_Rio_de_la_Plata,Uruguay_Rio_de_la_Plata,waterbody:Uruguay_Rio_de_la_Plata:Malvin,2013-12-26
cb8735781157b6d6,source_ood,1,validation,Uruguay_Rio_de_la_Plata,Uruguay_Rio_de_la_Plata,waterbody:Uruguay_Rio_de_la_Plata:PajasBlancas,2013-12-26
351db2375f63be32,source_ood,1,validation,Uruguay_Rio_de_la_Plata,Uruguay_Rio_de_la_Plata,waterbody:Uruguay_Rio_de_la_Plata:Ramirez,2013-12-30
90647db57f2de67f,source_ood,1,validation,Uruguay_Rio_de_la_Plata,Uruguay_Rio_de_la_Plata,waterbody:Uruguay_Rio_de_la_Plata:Cerro,2013-12-30
d24fc69666e32faa,source_ood,1,validation,Uruguay_Rio_de_la_Plata,Uruguay_Rio_de_la_Plata,waterbody:Uruguay_Rio_de_la_Plata:PocitosBarreiro,2014-01-03
1440e272ed7c570f,source_ood,1,validation,Uruguay_Rio_de_la_Plata,Uruguay_Rio_de_la_Plata,waterbody:Uruguay_Rio_de_la_Plata:Malvin,2014-01-03
325ab85f6acca581,source_ood,1,validation,Uruguay_Rio_de_la_Plata,Uruguay_Rio_de_la_Plata,waterbody:Uruguay_Rio_de_la_Plata:PajasBlancas,2014-01-03
f864c37ea264f71a,source_ood,1,validation,Uruguay_Rio_de_la_Plata,Uruguay_Rio_de_la_Plata,waterbody:Uruguay_Rio_de_la_Plata:Cerro,2014-01-03
de5e94f2cb38f94a,source_ood,1,validation,Uruguay_Rio_de_la_Plata,Uruguay_Rio_de_la_Plata,waterbody:Uruguay_Rio_de_la_Plata:Ramirez,2014-01-03
94a5186299873c79,source_ood,1,validation,Uruguay_Rio_de_la_Plata,Uruguay_Rio_de_la_Plata,waterbody:Uruguay_Rio_de_la_Plata:Carrasco,2014-01-03
877734029f19802e,source_ood,1,validation,Uruguay_Rio_de_la_Plata,Uruguay_Rio_de_la_Plata,waterbody:Uruguay_Rio_de_la_Plata:PocitosBarreiro,2014-01-08
a2ff368e19d4d505,source_ood,1,validation,Uruguay_Rio_de_la_Plata,Uruguay_Rio_de_la_Plata,waterbody:Uruguay_Rio_de_la_Plata:Malvin,2014-01-08
3ecb8e6cac6a02ca,source_ood,1,validation,Uruguay_Rio_de_la_Plata,Uruguay_Rio_de_la_Plata,waterbody:Uruguay_Rio_de_la_Plata:PajasBlancas,2014-01-08
215493ea78f6d6b9,source_ood,1,validation,Uruguay_Rio_de_la_Plata,Uruguay_Rio_de_la_Plata,waterbody:Uruguay_Rio_de_la_Plata:Carrasco,2014-01-08
acfb76c87109b121,source_ood,1,validation,Uruguay_Rio_de_la_Plata,Uruguay_Rio_de_la_Plata,waterbody:Uruguay_Rio_de_la_Plata:Ramirez,2014-01-08
09727d3dc56358c2,source_ood,1,validation,Uruguay_Rio_de_la_Plata,Uruguay_Rio_de_la_Plata,waterbody:Uruguay_Rio_de_la_Plata:Cerro,2014-01-08
cefccd7bc9a0a5b8,source_ood,1,validation,Uruguay_Rio_de_la_Plata,Uruguay_Rio_de_la_Plata,waterbody:Uruguay_Rio_de_la_Plata:PuntaEspinillo,2014-01-09
50fe85e14f1bca44,source_ood,1,validation,Uruguay_Rio_de_la_Plata,Uruguay_Rio_de_la_Plata,waterbody:Uruguay_Rio_de_la_Plata:PajasBlancas,2014-01-09
d66034dad8c14018,source_ood,1,validation,Uruguay_Rio_de_la_Plata,Uruguay_Rio_de_la_Plata,waterbody:Uruguay_Rio_de_la_Plata:Ramirez,2014-01-09
e55039d174177b5b,source_ood,1,validation,Uruguay_Rio_de_la_Plata,Uruguay_Rio_de_la_Plata,waterbody:Uruguay_Rio_de_la_Plata:PocitosBarreiro,2014-01-09
df526c4a24769276,source_ood,1,validation,Uruguay_Rio_de_la_Plata,Uruguay_Rio_de_la_Plata,waterbody:Uruguay_Rio_de_la_Plata:SantaCatalina,2014-01-09
2cd69244ff97565a,source_ood,1,validation,Uruguay_Rio_de_la_Plata,Uruguay_Rio_de_la_Plata,waterbody:Uruguay_Rio_de_la_Plata:Cerro,2014-01-09
02fa2e8c7c1e47c9,source_ood,1,validation,Uruguay_Rio_de_la_Plata,Uruguay_Rio_de_la_Plata,waterbody:Uruguay_Rio_de_la_Plata:Carrasco,2014-01-09
b452d92a3c2871a9,source_ood,1,validation,Uruguay_Rio_de_la_Plata,Uruguay_Rio_de_la_Plata,waterbody:Uruguay_Rio_de_la_Plata:Malvin,2014-01-09
969b15f500311fa4,source_ood,1,validation,Uruguay_Rio_de_la_Plata,Uruguay_Rio_de_la_Plata,waterbody:Uruguay_Rio_de_la_Plata:Ingleses,2014-01-09
5e831b7855b27615,source_ood,1,validation,Uruguay_Rio_de_la_Plata,Uruguay_Rio_de_la_Plata,waterbody:Uruguay_Rio_de_la_Plata:PajasBlancas,2014-01-17
2fb969b34cfd0165,source_ood,1,validation,Uruguay_Rio_de_la_Plata,Uruguay_Rio_de_la_Plata,waterbody:Uruguay_Rio_de_la_Plata:Carrasco,2014-01-17
f7841bdee45e48f6,source_ood,1,validation,Uruguay_Rio_de_la_Plata,Uruguay_Rio_de_la_Plata,waterbody:Uruguay_Rio_de_la_Plata:Ramirez,2014-01-17
0db764f1e0451d80,source_ood,1,validation,Uruguay_Rio_de_la_Plata,Uruguay_Rio_de_la_Plata,waterbody:Uruguay_Rio_de_la_Plata:PocitosBarreiro,2014-01-17
b724e6ab04671344,source_ood,1,validation,Uruguay_Rio_de_la_Plata,Uruguay_Rio_de_la_Plata,waterbody:Uruguay_Rio_de_la_Plata:Cerro,2014-01-17
94270c9ad04992a3,source_ood,1,validation,Uruguay_Rio_de_la_Plata,Uruguay_Rio_de_la_Plata,waterbody:Uruguay_Rio_de_la_Plata:Malvin,2014-01-17
b59eb30c0ecd1c65,source_ood,1,validation,Uruguay_Rio_de_la_Plata,Uruguay_Rio_de_la_Plata,waterbody:Uruguay_Rio_de_la_Plata:PajasBlancas,2014-01-20
b2377322ad4abec1,source_ood,1,validation,Uruguay_Rio_de_la_Plata,Uruguay_Rio_de_la_Plata,waterbody:Uruguay_Rio_de_la_Plata:Ramirez,2014-01-22
c953826f9980e2d1,source_ood,1,validation,Uruguay_Rio_de_la_Plata,Uruguay_Rio_de_la_Plata,waterbody:Uruguay_Rio_de_la_Plata:Carrasco,2014-01-22
7b3d2147a433b9e6,source_ood,1,validation,Uruguay_Rio_de_la_Plata,Uruguay_Rio_de_la_Plata,waterbody:Uruguay_Rio_de_la_Plata:PocitosBarreiro,2014-01-22
f4b6f95632005dc2,source_ood,1,validation,Uruguay_Rio_de_la_Plata,Uruguay_Rio_de_la_Plata,waterbody:Uruguay_Rio_de_la_Plata:PajasBlancas,2014-01-22
468b30a0a815b4ea,source_ood,1,validation,Uruguay_Rio_de_la_Plata,Uruguay_Rio_de_la_Plata,waterbody:Uruguay_Rio_de_la_Plata:Malvin,2014-01-22
98461308faaf4ad4,source_ood,1,validation,Uruguay_Rio_de_la_Plata,Uruguay_Rio_de_la_Plata,waterbody:Uruguay_Rio_de_la_Plata:Cerro,2014-01-22
fbd9ebd3b599f6cd,source_ood,1,validation,Uruguay_Rio_de_la_Plata,Uruguay_Rio_de_la_Plata,waterbody:Uruguay_Rio_de_la_Plata:Ramirez,2014-01-29
950a4f1c1fecbe74,source_ood,1,validation,Uruguay_Rio_de_la_Plata,Uruguay_Rio_de_la_Plata,waterbody:Uruguay_Rio_de_la_Plata:Cerro,2014-01-29
8244162fd1f04890,source_ood,1,validation,Uruguay_Rio_de_la_Plata,Uruguay_Rio_de_la_Plata,waterbody:Uruguay_Rio_de_la_Plata:Malvin,2014-01-29
a03770d5d83bbca7,source_ood,1,validation,Uruguay_Rio_de_la_Plata,Uruguay_Rio_de_la_Plata,waterbody:Uruguay_Rio_de_la_Plata:PajasBlancas,2014-01-29
04e2449bc0e4b43a,source_ood,1,validation,Uruguay_Rio_de_la_Plata,Uruguay_Rio_de_la_Plata,waterbody:Uruguay_Rio_de_la_Plata:Carrasco,2014-01-29
d626bf1f09faf88e,source_ood,1,validation,Uruguay_Rio_de_la_Plata,Uruguay_Rio_de_la_Plata,waterbody:Uruguay_Rio_de_la_Plata:PocitosBarreiro,2014-01-29
c3e96e285917d07e,source_ood,1,validation,Uruguay_Rio_de_la_Plata,Uruguay_Rio_de_la_Plata,waterbody:Uruguay_Rio_de_la_Plata:Carrasco,2014-02-10
78be9845d34fc70c,source_ood,1,validation,Uruguay_Rio_de_la_Plata,Uruguay_Rio_de_la_Plata,waterbody:Uruguay_Rio_de_la_Plata:PajasBlancas,2014-02-10
beb129bd2306c7f6,source_ood,1,validation,Uruguay_Rio_de_la_Plata,Uruguay_Rio_de_la_Plata,waterbody:Uruguay_Rio_de_la_Plata:Cerro,2014-02-10
9dd15c176b8f0bbc,source_ood,1,validation,Uruguay_Rio_de_la_Plata,Uruguay_Rio_de_la_Plata,waterbody:Uruguay_Rio_de_la_Plata:Ramirez,2014-02-10
f024d4d286a6a371,source_ood,1,validation,Uruguay_Rio_de_la_Plata,Uruguay_Rio_de_la_Plata,waterbody:Uruguay_Rio_de_la_Plata:PocitosBarreiro,2014-02-10
ffdc6fe71716e332,source_ood,1,validation,Uruguay_Rio_de_la_Plata,Uruguay_Rio_de_la_Plata,waterbody:Uruguay_Rio_de_la_Plata:Malvin,2014-02-10
e540428ddbed7899,source_ood,1,validation,Uruguay_Rio_de_la_Plata,Uruguay_Rio_de_la_Plata,waterbody:Uruguay_Rio_de_la_Plata:Carrasco,2014-02-11
f106f9221b219488,source_ood,1,validation,Uruguay_Rio_de_la_Plata,Uruguay_Rio_de_la_Plata,waterbody:Uruguay_Rio_de_la_Plata:PajasBlancas,2014-02-11
b931aab0def1b35b,source_ood,1,validation,Uruguay_Rio_de_la_Plata,Uruguay_Rio_de_la_Plata,waterbody:Uruguay_Rio_de_la_Plata:Malvin,2014-02-11
3ada108815424d74,source_ood,1,validation,Uruguay_Rio_de_la_Plata,Uruguay_Rio_de_la_Plata,waterbody:Uruguay_Rio_de_la_Plata:Ingleses,2014-02-11
0e7daf1aad12b622,source_ood,1,validation,Uruguay_Rio_de_la_Plata,Uruguay_Rio_de_la_Plata,waterbody:Uruguay_Rio_de_la_Plata:PuntaEspinillo,2014-02-11
b7e04c37f79d7b06,source_ood,1,validation,Uruguay_Rio_de_la_Plata,Uruguay_Rio_de_la_Plata,waterbody:Uruguay_Rio_de_la_Plata:SantaCatalina,2014-02-11
55a206bb9d8bbbdd,source_ood,1,validation,Uruguay_Rio_de_la_Plata,Uruguay_Rio_de_la_Plata,waterbody:Uruguay_Rio_de_la_Plata:Cerro,2014-02-11
7b08dda28c151152,source_ood,1,validation,Uruguay_Rio_de_la_Plata,Uruguay_Rio_de_la_Plata,waterbody:Uruguay_Rio_de_la_Plata:Ramirez,2014-02-11
d57cf7ebd41e8ccf,source_ood,1,validation,Uruguay_Rio_de_la_Plata,Uruguay_Rio_de_la_Plata,waterbody:Uruguay_Rio_de_la_Plata:PocitosBarreiro,2014-02-11
2fb46c9d58143f6e,source_ood,1,validation,Uruguay_Rio_de_la_Plata,Uruguay_Rio_de_la_Plata,waterbody:Uruguay_Rio_de_la_Plata:Carrasco,2014-02-19
22e01314f591b105,source_ood,1,validation,Uruguay_Rio_de_la_Plata,Uruguay_Rio_de_la_Plata,waterbody:Uruguay_Rio_de_la_Plata:Cerro,2014-02-19
6f377e5cf51c0044,source_ood,1,validation,Uruguay_Rio_de_la_Plata,Uruguay_Rio_de_la_Plata,waterbody:Uruguay_Rio_de_la_Plata:Malvin,2014-02-19
4af14b8e11d4d069,source_ood,1,validation,Uruguay_Rio_de_la_Plata,Uruguay_Rio_de_la_Plata,waterbody:Uruguay_Rio_de_la_Plata:PajasBlancas,2014-02-19
1512efbcf9c4b60f,source_ood,1,validation,Uruguay_Rio_de_la_Plata,Uruguay_Rio_de_la_Plata,waterbody:Uruguay_Rio_de_la_Plata:Ramirez,2014-02-19
7d0b2cbeb3e94101,source_ood,1,validation,Uruguay_Rio_de_la_Plata,Uruguay_Rio_de_la_Plata,waterbody:Uruguay_Rio_de_la_Plata:PocitosBarreiro,2014-02-19
3da6487c1959ed37,source_ood,1,validation,Uruguay_Rio_de_la_Plata,Uruguay_Rio_de_la_Plata,waterbody:Uruguay_Rio_de_la_Plata:PocitosBarreiro,2014-02-21
5c92154982ede098,source_ood,1,validation,Uruguay_Rio_de_la_Plata,Uruguay_Rio_de_la_Plata,waterbody:Uruguay_Rio_de_la_Plata:Malvin,2014-02-21
6226a3ad4ed6aa5f,source_ood,1,validation,Uruguay_Rio_de_la_Plata,Uruguay_Rio_de_la_Plata,waterbody:Uruguay_Rio_de_la_Plata:Ramirez,2014-02-21
c3c30d1dfeabaef2,source_ood,1,validation,Uruguay_Rio_de_la_Plata,Uruguay_Rio_de_la_Plata,waterbody:Uruguay_Rio_de_la_Plata:Carrasco,2014-02-21
c940d1b0fa671b8d,source_ood,1,validation,Uruguay_Rio_de_la_Plata,Uruguay_Rio_de_la_Plata,waterbody:Uruguay_Rio_de_la_Plata:Carrasco,2014-02-23
db8ca43abcb95675,source_ood,1,validation,Uruguay_Rio_de_la_Plata,Uruguay_Rio_de_la_Plata,waterbody:Uruguay_Rio_de_la_Plata:Miramar,2014-02-23
7e273794b3869200,source_ood,1,validation,Uruguay_Rio_de_la_Plata,Uruguay_Rio_de_la_Plata,waterbody:Uruguay_Rio_de_la_Plata:LaColorada,2014-02-23
5c5ae31e7b9defab,source_ood,1,validation,Uruguay_Rio_de_la_Plata,Uruguay_Rio_de_la_Plata,waterbody:Uruguay_Rio_de_la_Plata:PajasBlancas,2014-02-23
4b8112bd0d32b4d9,source_ood,1,validation,Uruguay_Rio_de_la_Plata,Uruguay_Rio_de_la_Plata,waterbody:Uruguay_Rio_de_la_Plata:PocitosBarreiro,2014-02-23
687294fd2894764d,source_ood,1,validation,Uruguay_Rio_de_la_Plata,Uruguay_Rio_de_la_Plata,waterbody:Uruguay_Rio_de_la_Plata:PocitosBarreiro,2014-02-24
3c2a2ac20950ab25,source_ood,1,validation,Uruguay_Rio_de_la_Plata,Uruguay_Rio_de_la_Plata,waterbody:Uruguay_Rio_de_la_Plata:Buceo,2014-02-24
c48dd7b6abc2b70d,source_ood,1,validation,Uruguay_Rio_de_la_Plata,Uruguay_Rio_de_la_Plata,waterbody:Uruguay_Rio_de_la_Plata:Malvin,2014-02-24
d696adcc416f3ea2,source_ood,1,validation,Uruguay_Rio_de_la_Plata,Uruguay_Rio_de_la_Plata,waterbody:Uruguay_Rio_de_la_Plata:PuntaYeguas,2014-02-24
8d9c59534dbc67e9,source_ood,1,validation,Uruguay_Rio_de_la_Plata,Uruguay_Rio_de_la_Plata,waterbody:Uruguay_Rio_de_la_Plata:SantaCatalina,2014-02-24
33b86c721431a28b,source_ood,1,validation,Uruguay_Rio_de_la_Plata,Uruguay_Rio_de_la_Plata,waterbody:Uruguay_Rio_de_la_Plata:Cerro,2014-02-24
f2a8a9d0e8de101e,source_ood,1,validation,Uruguay_Rio_de_la_Plata,Uruguay_Rio_de_la_Plata,waterbody:Uruguay_Rio_de_la_Plata:Ramirez,2014-02-24
3dd9af13c8ffec9f,source_ood,1,validation,Uruguay_Rio_de_la_Plata,Uruguay_Rio_de_la_Plata,waterbody:Uruguay_Rio_de_la_Plata:Carrasco,2014-02-24
6555f275df03331c,source_ood,1,validation,Uruguay_Rio_de_la_Plata,Uruguay_Rio_de_la_Plata,waterbody:Uruguay_Rio_de_la_Plata:PocitosBarreiro,2014-02-25
a83096c8a6fdd99b,source_ood,1,validation,Uruguay_Rio_de_la_Plata,Uruguay_Rio_de_la_Plata,waterbody:Uruguay_Rio_de_la_Plata:Carrasco,2014-02-26
8a2b5be71e022fe6,source_ood,1,validation,Uruguay_Rio_de_la_Plata,Uruguay_Rio_de_la_Plata,waterbody:Uruguay_Rio_de_la_Plata:PuertoBuceo,2014-02-26
1dcd878a9158b405,source_ood,1,validation,Uruguay_Rio_de_la_Plata,Uruguay_Rio_de_la_Plata,waterbody:Uruguay_Rio_de_la_Plata:PocitosBarreiro,2014-02-28
05df65d9b28114fa,source_ood,1,validation,Uruguay_Rio_de_la_Plata,Uruguay_Rio_de_la_Plata,waterbody:Uruguay_Rio_de_la_Plata:Malvin,2014-02-28
c6fe8310d00891c0,source_ood,1,validation,Uruguay_Rio_de_la_Plata,Uruguay_Rio_de_la_Plata,waterbody:Uruguay_Rio_de_la_Plata:PajasBlancas,2014-02-28
e88054d7e8856f0b,source_ood,1,validation,Uruguay_Rio_de_la_Plata,Uruguay_Rio_de_la_Plata,waterbody:Uruguay_Rio_de_la_Plata:Cerro,2014-02-28
b66be37796b3d31e,source_ood,1,validation,Uruguay_Rio_de_la_Plata,Uruguay_Rio_de_la_Plata,waterbody:Uruguay_Rio_de_la_Plata:Ramirez,2014-02-28
a68bc51f18af6273,source_ood,1,validation,Uruguay_Rio_de_la_Plata,Uruguay_Rio_de_la_Plata,waterbody:Uruguay_Rio_de_la_Plata:Carrasco,2014-02-28
083ccea4bfc17dd4,source_ood,1,validation,Uruguay_Rio_de_la_Plata,Uruguay_Rio_de_la_Plata,waterbody:Uruguay_Rio_de_la_Plata:Cerro,2014-03-01
ac550018109a35f1,source_ood,1,validation,Uruguay_Rio_de_la_Plata,Uruguay_Rio_de_la_Plata,waterbody:Uruguay_Rio_de_la_Plata:PuntaEspinillo,2014-03-01
2d6931c39eed410e,source_ood,1,validation,Uruguay_Rio_de_la_Plata,Uruguay_Rio_de_la_Plata,waterbody:Uruguay_Rio_de_la_Plata:PuntaYeguas,2014-03-01
b9780aae460af1b7,source_ood,1,validation,Uruguay_Rio_de_la_Plata,Uruguay_Rio_de_la_Plata,waterbody:Uruguay_Rio_de_la_Plata:Ramirez,2014-03-05
70d88551252bd068,source_ood,1,validation,Uruguay_Rio_de_la_Plata,Uruguay_Rio_de_la_Plata,waterbody:Uruguay_Rio_de_la_Plata:Cerro,2014-03-05
1087dd99c92f52ee,source_ood,1,validation,Uruguay_Rio_de_la_Plata,Uruguay_Rio_de_la_Plata,waterbody:Uruguay_Rio_de_la_Plata:PocitosBarreiro,2014-03-05
be76a6cd4e564771,source_ood,1,validation,Uruguay_Rio_de_la_Plata,Uruguay_Rio_de_la_Plata,waterbody:Uruguay_Rio_de_la_Plata:PajasBlancas,2014-03-05
c48c63f700d1f04a,source_ood,1,validation,Uruguay_Rio_de_la_Plata,Uruguay_Rio_de_la_Plata,waterbody:Uruguay_Rio_de_la_Plata:Carrasco,2014-03-05
93847cce2dd8b6a7,source_ood,1,validation,Uruguay_Rio_de_la_Plata,Uruguay_Rio_de_la_Plata,waterbody:Uruguay_Rio_de_la_Plata:Malvin,2014-03-05
4ce76ca3b96d131f,source_ood,1,validation,Uruguay_Rio_de_la_Plata,Uruguay_Rio_de_la_Plata,waterbody:Uruguay_Rio_de_la_Plata:PocitosAvenidaBrasil,2014-03-06
1b46bf46053406c0,source_ood,1,validation,Uruguay_Rio_de_la_Plata,Uruguay_Rio_de_la_Plata,waterbody:Uruguay_Rio_de_la_Plata:Ramirez,2014-03-06
8ea14f475dcacab8,source_ood,1,validation,Uruguay_Rio_de_la_Plata,Uruguay_Rio_de_la_Plata,waterbody:Uruguay_Rio_de_la_Plata:Nacional,2014-03-07
4f12437237a66166,source_ood,1,validation,Uruguay_Rio_de_la_Plata,Uruguay_Rio_de_la_Plata,waterbody:Uruguay_Rio_de_la_Plata:PocitosBarreiro,2014-03-07
f6eefa4b6237ac8f,source_ood,1,validation,Uruguay_Rio_de_la_Plata,Uruguay_Rio_de_la_Plata,waterbody:Uruguay_Rio_de_la_Plata:LaColorada,2014-03-07
134704310a822de9,source_ood,1,validation,Uruguay_Rio_de_la_Plata,Uruguay_Rio_de_la_Plata,waterbody:Uruguay_Rio_de_la_Plata:PajasBlancas,2014-03-07
42ef2ef97e940ec6,source_ood,1,validation,Uruguay_Rio_de_la_Plata,Uruguay_Rio_de_la_Plata,waterbody:Uruguay_Rio_de_la_Plata:Carrasco,2014-03-09
4a82d1e5f5e16843,source_ood,1,validation,Uruguay_Rio_de_la_Plata,Uruguay_Rio_de_la_Plata,waterbody:Uruguay_Rio_de_la_Plata:Malvin,2014-03-09
69e2ac5f25b8b25a,source_ood,1,validation,Uruguay_Rio_de_la_Plata,Uruguay_Rio_de_la_Plata,waterbody:Uruguay_Rio_de_la_Plata:PocitosBarreiro,2014-03-09
c42e7f4c7af11a17,source_ood,1,validation,Uruguay_Rio_de_la_Plata,Uruguay_Rio_de_la_Plata,waterbody:Uruguay_Rio_de_la_Plata:Ramirez,2014-03-11
67c6e3f3be67c9d4,source_ood,1,validation,Uruguay_Rio_de_la_Plata,Uruguay_Rio_de_la_Plata,waterbody:Uruguay_Rio_de_la_Plata:Malvin,2014-03-11
310f1ac0cf35492b,source_ood,1,validation,Uruguay_Rio_de_la_Plata,Uruguay_Rio_de_la_Plata,waterbody:Uruguay_Rio_de_la_Plata:PajasBlancas,2014-03-11
94398f0e106c1a51,source_ood,1,validation,Uruguay_Rio_de_la_Plata,Uruguay_Rio_de_la_Plata,waterbody:Uruguay_Rio_de_la_Plata:PocitosBarreiro,2014-03-11
3b545b67d556e19b,source_ood,1,validation,Uruguay_Rio_de_la_Plata,Uruguay_Rio_de_la_Plata,waterbody:Uruguay_Rio_de_la_Plata:Cerro,2014-03-11
a0e1b1da79045bd8,source_ood,1,validation,Uruguay_Rio_de_la_Plata,Uruguay_Rio_de_la_Plata,waterbody:Uruguay_Rio_de_la_Plata:Carrasco,2014-03-11
6a397154c0c16c00,source_ood,1,validation,Uruguay_Rio_de_la_Plata,Uruguay_Rio_de_la_Plata,waterbody:Uruguay_Rio_de_la_Plata:LaColorada,2014-03-14
dde93d366b92cd0e,source_ood,1,validation,Uruguay_Rio_de_la_Plata,Uruguay_Rio_de_la_Plata,waterbody:Uruguay_Rio_de_la_Plata:PajasBlancas,2014-03-14
bb1e51c06951750e,source_ood,1,validation,Uruguay_Rio_de_la_Plata,Uruguay_Rio_de_la_Plata,waterbody:Uruguay_Rio_de_la_Plata:Cerro,2014-03-14
e2dd51044b0038aa,source_ood,1,validation,Uruguay_Rio_de_la_Plata,Uruguay_Rio_de_la_Plata,waterbody:Uruguay_Rio_de_la_Plata:Ramirez,2014-03-14
f061e47406a1f4ee,source_ood,1,validation,Uruguay_Rio_de_la_Plata,Uruguay_Rio_de_la_Plata,waterbody:Uruguay_Rio_de_la_Plata:PocitosBarreiro,2014-03-18
a59199b4b9fa8832,source_ood,1,validation,Uruguay_Rio_de_la_Plata,Uruguay_Rio_de_la_Plata,waterbody:Uruguay_Rio_de_la_Plata:Cerro,2014-03-18
627da17d1422678a,source_ood,1,validation,Uruguay_Rio_de_la_Plata,Uruguay_Rio_de_la_Plata,waterbody:Uruguay_Rio_de_la_Plata:Ramirez,2014-03-18
3201ae4deb1edd73,source_ood,1,validation,Uruguay_Rio_de_la_Plata,Uruguay_Rio_de_la_Plata,waterbody:Uruguay_Rio_de_la_Plata:Malvin,2014-03-18
20a7fb0718ec4609,source_ood,1,validation,Uruguay_Rio_de_la_Plata,Uruguay_Rio_de_la_Plata,waterbody:Uruguay_Rio_de_la_Plata:PajasBlancas,2014-03-18
725d11fb4354d2fc,source_ood,1,validation,Uruguay_Rio_de_la_Plata,Uruguay_Rio_de_la_Plata,waterbody:Uruguay_Rio_de_la_Plata:Carrasco,2014-03-18
586b2d570ac221ce,source_ood,1,validation,Uruguay_Rio_de_la_Plata,Uruguay_Rio_de_la_Plata,waterbody:Uruguay_Rio_de_la_Plata:Cerro,2014-03-25
3c8086cbd8b00565,source_ood,1,validation,Uruguay_Rio_de_la_Plata,Uruguay_Rio_de_la_Plata,waterbody:Uruguay_Rio_de_la_Plata:PajasBlancas,2014-03-25
6daa168e18111571,source_ood,1,validation,Uruguay_Rio_de_la_Plata,Uruguay_Rio_de_la_Plata,waterbody:Uruguay_Rio_de_la_Plata:Malvin,2014-03-25
eadf307efc0bbf08,source_ood,1,validation,Uruguay_Rio_de_la_Plata,Uruguay_Rio_de_la_Plata,waterbody:Uruguay_Rio_de_la_Plata:Carrasco,2014-03-25
99182d4d924ea93f,source_ood,1,validation,Uruguay_Rio_de_la_Plata,Uruguay_Rio_de_la_Plata,waterbody:Uruguay_Rio_de_la_Plata:PocitosBarreiro,2014-03-25
2d0fc3971d3518c2,source_ood,1,validation,Uruguay_Rio_de_la_Plata,Uruguay_Rio_de_la_Plata,waterbody:Uruguay_Rio_de_la_Plata:Ramirez,2014-03-25
7e7cebddf8c025a3,source_ood,1,validation,Uruguay_Rio_de_la_Plata,Uruguay_Rio_de_la_Plata,waterbody:Uruguay_Rio_de_la_Plata:Malvin,2014-04-09
604d5100dc3f4f1f,source_ood,1,validation,Uruguay_Rio_de_la_Plata,Uruguay_Rio_de_la_Plata,waterbody:Uruguay_Rio_de_la_Plata:Cerro,2014-04-09
7a6c9609d7a5d36f,source_ood,1,validation,Uruguay_Rio_de_la_Plata,Uruguay_Rio_de_la_Plata,waterbody:Uruguay_Rio_de_la_Plata:PocitosBarreiro,2014-04-09
e2af51e5dd7c4d3a,source_ood,1,validation,Uruguay_Rio_de_la_Plata,Uruguay_Rio_de_la_Plata,waterbody:Uruguay_Rio_de_la_Plata:PajasBlancas,2014-04-09
fbd24ba3336194b0,source_ood,1,validation,Uruguay_Rio_de_la_Plata,Uruguay_Rio_de_la_Plata,waterbody:Uruguay_Rio_de_la_Plata:Ramirez,2014-04-09
c04329aa3fe4ebc6,source_ood,1,validation,Uruguay_Rio_de_la_Plata,Uruguay_Rio_de_la_Plata,waterbody:Uruguay_Rio_de_la_Plata:Carrasco,2014-04-09
b4e0780e2d9ae5bf,source_ood,1,validation,Uruguay_Rio_de_la_Plata,Uruguay_Rio_de_la_Plata,waterbody:Uruguay_Rio_de_la_Plata:Cerro,2014-05-02
263a4d9a37730ee4,source_ood,1,validation,Uruguay_Rio_de_la_Plata,Uruguay_Rio_de_la_Plata,waterbody:Uruguay_Rio_de_la_Plata:Ramirez,2014-05-02
ed8096c9dc2ba5dc,source_ood,1,validation,Uruguay_Rio_de_la_Plata,Uruguay_Rio_de_la_Plata,waterbody:Uruguay_Rio_de_la_Plata:Malvin,2014-05-02
dfaf60ea8ea3eadc,source_ood,1,validation,Uruguay_Rio_de_la_Plata,Uruguay_Rio_de_la_Plata,waterbody:Uruguay_Rio_de_la_Plata:PocitosBarreiro,2014-05-02
d0f0951a99326200,source_ood,1,validation,Uruguay_Rio_de_la_Plata,Uruguay_Rio_de_la_Plata,waterbody:Uruguay_Rio_de_la_Plata:PajasBlancas,2014-05-02
75d1d06a5058b5c0,source_ood,1,validation,Uruguay_Rio_de_la_Plata,Uruguay_Rio_de_la_Plata,waterbody:Uruguay_Rio_de_la_Plata:Carrasco,2014-05-02
ff0ab7bf14412893,source_ood,1,validation,Uruguay_Rio_de_la_Plata,Uruguay_Rio_de_la_Plata,waterbody:Uruguay_Rio_de_la_Plata:Cerro,2014-05-12
c02434e296fd8a16,source_ood,1,validation,Uruguay_Rio_de_la_Plata,Uruguay_Rio_de_la_Plata,waterbody:Uruguay_Rio_de_la_Plata:Ramirez,2014-05-12
0b8410b1c8afd641,source_ood,1,validation,Uruguay_Rio_de_la_Plata,Uruguay_Rio_de_la_Plata,waterbody:Uruguay_Rio_de_la_Plata:PajasBlancas,2014-05-12
a62d481293a4bae8,source_ood,1,validation,Uruguay_Rio_de_la_Plata,Uruguay_Rio_de_la_Plata,waterbody:Uruguay_Rio_de_la_Plata:PocitosBarreiro,2014-05-12
2b0ddb127f3b194e,source_ood,1,validation,Uruguay_Rio_de_la_Plata,Uruguay_Rio_de_la_Plata,waterbody:Uruguay_Rio_de_la_Plata:Malvin,2014-05-12
3603ab91c03f38c2,source_ood,1,validation,Uruguay_Rio_de_la_Plata,Uruguay_Rio_de_la_Plata,waterbody:Uruguay_Rio_de_la_Plata:Carrasco,2014-05-12
c6c63d7bd11967c1,source_ood,1,validation,Uruguay_Rio_de_la_Plata,Uruguay_Rio_de_la_Plata,waterbody:Uruguay_Rio_de_la_Plata:PajasBlancas,2014-05-27
6ea69c85661d7c4d,source_ood,1,validation,Uruguay_Rio_de_la_Plata,Uruguay_Rio_de_la_Plata,waterbody:Uruguay_Rio_de_la_Plata:Carrasco,2014-05-27
24c8b45806d34026,source_ood,1,validation,Uruguay_Rio_de_la_Plata,Uruguay_Rio_de_la_Plata,waterbody:Uruguay_Rio_de_la_Plata:PocitosBarreiro,2014-05-27
575831cbafd5a533,source_ood,1,validation,Uruguay_Rio_de_la_Plata,Uruguay_Rio_de_la_Plata,waterbody:Uruguay_Rio_de_la_Plata:Cerro,2014-05-27
2237137b53427642,source_ood,1,validation,Uruguay_Rio_de_la_Plata,Uruguay_Rio_de_la_Plata,waterbody:Uruguay_Rio_de_la_Plata:Ramirez,2014-05-27
df828d32d0713d19,source_ood,1,validation,Uruguay_Rio_de_la_Plata,Uruguay_Rio_de_la_Plata,waterbody:Uruguay_Rio_de_la_Plata:Malvin,2014-05-27
c784358321bf289a,source_ood,1,validation,Uruguay_Rio_de_la_Plata,Uruguay_Rio_de_la_Plata,waterbody:Uruguay_Rio_de_la_Plata:Malvin,2014-08-18
e822e956150b0649,source_ood,1,validation,Uruguay_Rio_de_la_Plata,Uruguay_Rio_de_la_Plata,waterbody:Uruguay_Rio_de_la_Plata:Carrasco,2014-08-18
f704d7e34a195adf,source_ood,1,validation,Uruguay_Rio_de_la_Plata,Uruguay_Rio_de_la_Plata,waterbody:Uruguay_Rio_de_la_Plata:PajasBlancas,2014-08-18
2d4af33e6437080c,source_ood,1,validation,Uruguay_Rio_de_la_Plata,Uruguay_Rio_de_la_Plata,waterbody:Uruguay_Rio_de_la_Plata:Cerro,2014-08-18
4db7b060c9b77281,source_ood,1,validation,Uruguay_Rio_de_la_Plata,Uruguay_Rio_de_la_Plata,waterbody:Uruguay_Rio_de_la_Plata:Ramirez,2014-08-18
6a2405f38999bbe2,source_ood,1,validation,Uruguay_Rio_de_la_Plata,Uruguay_Rio_de_la_Plata,waterbody:Uruguay_Rio_de_la_Plata:PocitosBarreiro,2014-08-18
a05518d224d870fe,source_ood,1,validation,Uruguay_Rio_de_la_Plata,Uruguay_Rio_de_la_Plata,waterbody:Uruguay_Rio_de_la_Plata:PocitosBarreiro,2014-08-20
74f1aa8540dd9d0b,source_ood,1,validation,Uruguay_Rio_de_la_Plata,Uruguay_Rio_de_la_Plata,waterbody:Uruguay_Rio_de_la_Plata:Cerro,2014-08-20
83d233a914e8269b,source_ood,1,validation,Uruguay_Rio_de_la_Plata,Uruguay_Rio_de_la_Plata,waterbody:Uruguay_Rio_de_la_Plata:SantaCatalina,2014-08-20
895f1fa6603486c8,source_ood,1,validation,Uruguay_Rio_de_la_Plata,Uruguay_Rio_de_la_Plata,waterbody:Uruguay_Rio_de_la_Plata:Malvin,2014-08-20
f58226f775b950ac,source_ood,1,validation,Uruguay_Rio_de_la_Plata,Uruguay_Rio_de_la_Plata,waterbody:Uruguay_Rio_de_la_Plata:PajasBlancas,2014-08-20
0e30e2617c9f2a29,source_ood,1,validation,Uruguay_Rio_de_la_Plata,Uruguay_Rio_de_la_Plata,waterbody:Uruguay_Rio_de_la_Plata:PuntaEspinillo,2014-08-20
3457c8824d94c9b3,source_ood,1,validation,Uruguay_Rio_de_la_Plata,Uruguay_Rio_de_la_Plata,waterbody:Uruguay_Rio_de_la_Plata:Ramirez,2014-08-20
156794bc277799a4,source_ood,1,validation,Uruguay_Rio_de_la_Plata,Uruguay_Rio_de_la_Plata,waterbody:Uruguay_Rio_de_la_Plata:Ingleses,2014-08-20
9d42311ffe4777b1,source_ood,1,validation,Uruguay_Rio_de_la_Plata,Uruguay_Rio_de_la_Plata,waterbody:Uruguay_Rio_de_la_Plata:Carrasco,2014-08-20
30432e71c263002a,source_ood,1,validation,Uruguay_Rio_de_la_Plata,Uruguay_Rio_de_la_Plata,waterbody:Uruguay_Rio_de_la_Plata:Carrasco,2014-09-12
417207d3622c6885,source_ood,1,validation,Uruguay_Rio_de_la_Plata,Uruguay_Rio_de_la_Plata,waterbody:Uruguay_Rio_de_la_Plata:Malvin,2014-09-12
735ce52c5b07916a,source_ood,1,validation,Uruguay_Rio_de_la_Plata,Uruguay_Rio_de_la_Plata,waterbody:Uruguay_Rio_de_la_Plata:PajasBlancas,2014-09-12
e2c6fb0765d4ee7b,source_ood,1,validation,Uruguay_Rio_de_la_Plata,Uruguay_Rio_de_la_Plata,waterbody:Uruguay_Rio_de_la_Plata:PocitosBarreiro,2014-09-12
563cfccbb4cb97c5,source_ood,1,validation,Uruguay_Rio_de_la_Plata,Uruguay_Rio_de_la_Plata,waterbody:Uruguay_Rio_de_la_Plata:Cerro,2014-09-12
25feee6b0b9f16d5,source_ood,1,validation,Uruguay_Rio_de_la_Plata,Uruguay_Rio_de_la_Plata,waterbody:Uruguay_Rio_de_la_Plata:Ramirez,2014-09-12
cbe62819dce5f95d,source_ood,1,validation,Uruguay_Rio_de_la_Plata,Uruguay_Rio_de_la_Plata,waterbody:Uruguay_Rio_de_la_Plata:Malvin,2014-09-24
1b6d65a1d2dc1084,source_ood,1,validation,Uruguay_Rio_de_la_Plata,Uruguay_Rio_de_la_Plata,waterbody:Uruguay_Rio_de_la_Plata:Ramirez,2014-09-24
91bfe998157569ff,source_ood,1,validation,Uruguay_Rio_de_la_Plata,Uruguay_Rio_de_la_Plata,waterbody:Uruguay_Rio_de_la_Plata:Cerro,2014-09-24
1ef5dddeff42e40d,source_ood,1,validation,Uruguay_Rio_de_la_Plata,Uruguay_Rio_de_la_Plata,waterbody:Uruguay_Rio_de_la_Plata:Carrasco,2014-09-24
4ba86eaaef449481,source_ood,1,validation,Uruguay_Rio_de_la_Plata,Uruguay_Rio_de_la_Plata,waterbody:Uruguay_Rio_de_la_Plata:PajasBlancas,2014-09-24
7a8113318f2f7497,source_ood,1,validation,Uruguay_Rio_de_la_Plata,Uruguay_Rio_de_la_Plata,waterbody:Uruguay_Rio_de_la_Plata:PocitosBarreiro,2014-09-24
51b9e14b482a57b0,source_ood,1,validation,Uruguay_Rio_de_la_Plata,Uruguay_Rio_de_la_Plata,waterbody:Uruguay_Rio_de_la_Plata:PocitosBarreiro,2014-10-02
d5e7b9542a28cd2e,source_ood,1,validation,Uruguay_Rio_de_la_Plata,Uruguay_Rio_de_la_Plata,waterbody:Uruguay_Rio_de_la_Plata:Malvin,2014-10-02
9de7bda330a5f105,source_ood,1,validation,Uruguay_Rio_de_la_Plata,Uruguay_Rio_de_la_Plata,waterbody:Uruguay_Rio_de_la_Plata:PajasBlancas,2014-10-02
669c9f41cd3c80d0,source_ood,1,validation,Uruguay_Rio_de_la_Plata,Uruguay_Rio_de_la_Plata,waterbody:Uruguay_Rio_de_la_Plata:Cerro,2014-10-02
92acaad71b5fbc34,source_ood,1,validation,Uruguay_Rio_de_la_Plata,Uruguay_Rio_de_la_Plata,waterbody:Uruguay_Rio_de_la_Plata:Ramirez,2014-10-02
3b967517cd959cd5,source_ood,1,validation,Uruguay_Rio_de_la_Plata,Uruguay_Rio_de_la_Plata,waterbody:Uruguay_Rio_de_la_Plata:Carrasco,2014-10-02
851da620ec81b3e8,source_ood,1,validation,Uruguay_Rio_de_la_Plata,Uruguay_Rio_de_la_Plata,waterbody:Uruguay_Rio_de_la_Plata:Carrasco,2014-10-15
15a52859174efb30,source_ood,1,validation,Uruguay_Rio_de_la_Plata,Uruguay_Rio_de_la_Plata,waterbody:Uruguay_Rio_de_la_Plata:PajasBlancas,2014-10-15
9739ad6172ec5972,source_ood,1,validation,Uruguay_Rio_de_la_Plata,Uruguay_Rio_de_la_Plata,waterbody:Uruguay_Rio_de_la_Plata:PocitosBarreiro,2014-10-15
0a074f55901a5faa,source_ood,1,validation,Uruguay_Rio_de_la_Plata,Uruguay_Rio_de_la_Plata,waterbody:Uruguay_Rio_de_la_Plata:Ramirez,2014-10-15
daf2f9ceb9190fa9,source_ood,1,validation,Uruguay_Rio_de_la_Plata,Uruguay_Rio_de_la_Plata,waterbody:Uruguay_Rio_de_la_Plata:Cerro,2014-10-15
f406ee5094b5451c,source_ood,1,validation,Uruguay_Rio_de_la_Plata,Uruguay_Rio_de_la_Plata,waterbody:Uruguay_Rio_de_la_Plata:Malvin,2014-10-15
5791bc4972d72f97,source_ood,1,validation,Uruguay_Rio_de_la_Plata,Uruguay_Rio_de_la_Plata,waterbody:Uruguay_Rio_de_la_Plata:PajasBlancas,2014-10-31
2ce9c2ed750e0902,source_ood,1,validation,Uruguay_Rio_de_la_Plata,Uruguay_Rio_de_la_Plata,waterbody:Uruguay_Rio_de_la_Plata:Carrasco,2014-10-31
d07f524ef6f6bd10,source_ood,1,validation,Uruguay_Rio_de_la_Plata,Uruguay_Rio_de_la_Plata,waterbody:Uruguay_Rio_de_la_Plata:Malvin,2014-10-31
572984aa5e6fa6c3,source_ood,1,validation,Uruguay_Rio_de_la_Plata,Uruguay_Rio_de_la_Plata,waterbody:Uruguay_Rio_de_la_Plata:Cerro,2014-10-31
d76da148e80818f2,source_ood,1,validation,Uruguay_Rio_de_la_Plata,Uruguay_Rio_de_la_Plata,waterbody:Uruguay_Rio_de_la_Plata:Ramirez,2014-10-31
80fc54f5370b8267,source_ood,1,validation,Uruguay_Rio_de_la_Plata,Uruguay_Rio_de_la_Plata,waterbody:Uruguay_Rio_de_la_Plata:PocitosBarreiro,2014-10-31
e68589b85a7c439e,source_ood,1,validation,Uruguay_Rio_de_la_Plata,Uruguay_Rio_de_la_Plata,waterbody:Uruguay_Rio_de_la_Plata:Malvin,2014-11-06
2e13e3e693c35840,source_ood,1,validation,Uruguay_Rio_de_la_Plata,Uruguay_Rio_de_la_Plata,waterbody:Uruguay_Rio_de_la_Plata:Carrasco,2014-11-06
65dc9e715530623a,source_ood,1,validation,Uruguay_Rio_de_la_Plata,Uruguay_Rio_de_la_Plata,waterbody:Uruguay_Rio_de_la_Plata:PajasBlancas,2014-11-06
bd300df33de58285,source_ood,1,validation,Uruguay_Rio_de_la_Plata,Uruguay_Rio_de_la_Plata,waterbody:Uruguay_Rio_de_la_Plata:Cerro,2014-11-06
43d3c661fd4c3e6e,source_ood,1,validation,Uruguay_Rio_de_la_Plata,Uruguay_Rio_de_la_Plata,waterbody:Uruguay_Rio_de_la_Plata:Ramirez,2014-11-06
66e8ab2717d09279,source_ood,1,validation,Uruguay_Rio_de_la_Plata,Uruguay_Rio_de_la_Plata,waterbody:Uruguay_Rio_de_la_Plata:PocitosBarreiro,2014-11-06
f66a87fc8bfdb4e7,source_ood,1,validation,Uruguay_Rio_de_la_Plata,Uruguay_Rio_de_la_Plata,waterbody:Uruguay_Rio_de_la_Plata:Cerro,2014-11-12
e9d72c4dfce59e8b,source_ood,1,validation,Uruguay_Rio_de_la_Plata,Uruguay_Rio_de_la_Plata,waterbody:Uruguay_Rio_de_la_Plata:PajasBlancas,2014-11-12
95b570c8dff88625,source_ood,1,validation,Uruguay_Rio_de_la_Plata,Uruguay_Rio_de_la_Plata,waterbody:Uruguay_Rio_de_la_Plata:Malvin,2014-11-12
0a41b2c29dc850d7,source_ood,1,validation,Uruguay_Rio_de_la_Plata,Uruguay_Rio_de_la_Plata,waterbody:Uruguay_Rio_de_la_Plata:PocitosBarreiro,2014-11-12
3b7e57fcc1b5289e,source_ood,1,validation,Uruguay_Rio_de_la_Plata,Uruguay_Rio_de_la_Plata,waterbody:Uruguay_Rio_de_la_Plata:Ramirez,2014-11-12
de1c6b3ac5b71d18,source_ood,1,validation,Uruguay_Rio_de_la_Plata,Uruguay_Rio_de_la_Plata,waterbody:Uruguay_Rio_de_la_Plata:Carrasco,2014-11-12
27413aa0b6d1b177,source_ood,1,validation,Uruguay_Rio_de_la_Plata,Uruguay_Rio_de_la_Plata,waterbody:Uruguay_Rio_de_la_Plata:Ramirez,2014-11-18
b8b8e736e195d87f,source_ood,1,validation,Uruguay_Rio_de_la_Plata,Uruguay_Rio_de_la_Plata,waterbody:Uruguay_Rio_de_la_Plata:SantaCatalina,2014-11-18
94512175b7743a8b,source_ood,1,validation,Uruguay_Rio_de_la_Plata,Uruguay_Rio_de_la_Plata,waterbody:Uruguay_Rio_de_la_Plata:Cerro,2014-11-18
0f03dbeb92c5939d,source_ood,1,validation,Uruguay_Rio_de_la_Plata,Uruguay_Rio_de_la_Plata,waterbody:Uruguay_Rio_de_la_Plata:PuntaEspinillo,2014-11-18
1f97ce257784a1ef,source_ood,1,validation,Uruguay_Rio_de_la_Plata,Uruguay_Rio_de_la_Plata,waterbody:Uruguay_Rio_de_la_Plata:PajasBlancas,2014-11-18
822e97bff26201b8,source_ood,1,validation,Uruguay_Rio_de_la_Plata,Uruguay_Rio_de_la_Plata,waterbody:Uruguay_Rio_de_la_Plata:PocitosBarreiro,2014-11-18
fdda16168d6175be,source_ood,1,validation,Uruguay_Rio_de_la_Plata,Uruguay_Rio_de_la_Plata,waterbody:Uruguay_Rio_de_la_Plata:Malvin,2014-11-18
3eff9865aad1a253,source_ood,1,validation,Uruguay_Rio_de_la_Plata,Uruguay_Rio_de_la_Plata,waterbody:Uruguay_Rio_de_la_Plata:Ingleses,2014-11-18
afcce717c04b2a93,source_ood,1,validation,Uruguay_Rio_de_la_Plata,Uruguay_Rio_de_la_Plata,waterbody:Uruguay_Rio_de_la_Plata:Carrasco,2014-11-18
36111f0ed12bc3bb,source_ood,1,validation,Uruguay_Rio_de_la_Plata,Uruguay_Rio_de_la_Plata,waterbody:Uruguay_Rio_de_la_Plata:PajasBlancas,2014-11-25
fbc0264037755343,source_ood,1,validation,Uruguay_Rio_de_la_Plata,Uruguay_Rio_de_la_Plata,waterbody:Uruguay_Rio_de_la_Plata:Carrasco,2014-11-25
fd430f21276cbe00,source_ood,1,validation,Uruguay_Rio_de_la_Plata,Uruguay_Rio_de_la_Plata,waterbody:Uruguay_Rio_de_la_Plata:Cerro,2014-11-25
e9d7d014b5807ff5,source_ood,1,validation,Uruguay_Rio_de_la_Plata,Uruguay_Rio_de_la_Plata,waterbody:Uruguay_Rio_de_la_Plata:Ramirez,2014-11-25
7ff962fa2810f8ea,source_ood,1,validation,Uruguay_Rio_de_la_Plata,Uruguay_Rio_de_la_Plata,waterbody:Uruguay_Rio_de_la_Plata:PocitosBarreiro,2014-11-25
c9362563d35eba47,source_ood,1,validation,Uruguay_Rio_de_la_Plata,Uruguay_Rio_de_la_Plata,waterbody:Uruguay_Rio_de_la_Plata:Malvin,2014-11-25
6aa90dff08321ef9,source_ood,1,validation,Uruguay_Rio_de_la_Plata,Uruguay_Rio_de_la_Plata,waterbody:Uruguay_Rio_de_la_Plata:SantaCatalina,2014-11-29
c7ece1440ca86ecb,source_ood,1,validation,Uruguay_Rio_de_la_Plata,Uruguay_Rio_de_la_Plata,waterbody:Uruguay_Rio_de_la_Plata:PocitosBarreiro,2014-12-04
81743ad6848d5a6d,source_ood,1,validation,Uruguay_Rio_de_la_Plata,Uruguay_Rio_de_la_Plata,waterbody:Uruguay_Rio_de_la_Plata:Malvin,2014-12-04
4630e83765f27526,source_ood,1,validation,Uruguay_Rio_de_la_Plata,Uruguay_Rio_de_la_Plata,waterbody:Uruguay_Rio_de_la_Plata:PajasBlancas,2014-12-04
716fb8e205b553ba,source_ood,1,validation,Uruguay_Rio_de_la_Plata,Uruguay_Rio_de_la_Plata,waterbody:Uruguay_Rio_de_la_Plata:Cerro,2014-12-04
41ffa3e4fa231018,source_ood,1,validation,Uruguay_Rio_de_la_Plata,Uruguay_Rio_de_la_Plata,waterbody:Uruguay_Rio_de_la_Plata:Ramirez,2014-12-04
0e8970ecb823a822,source_ood,1,validation,Uruguay_Rio_de_la_Plata,Uruguay_Rio_de_la_Plata,waterbody:Uruguay_Rio_de_la_Plata:Carrasco,2014-12-04
0d308cb8bcdc2bbb,source_ood,1,validation,Uruguay_Rio_de_la_Plata,Uruguay_Rio_de_la_Plata,waterbody:Uruguay_Rio_de_la_Plata:PocitosBarreiro,2014-12-09
46f8e700bd01c7ef,source_ood,1,validation,Uruguay_Rio_de_la_Plata,Uruguay_Rio_de_la_Plata,waterbody:Uruguay_Rio_de_la_Plata:Malvin,2014-12-09
0915a3a475d0ab8b,source_ood,1,validation,Uruguay_Rio_de_la_Plata,Uruguay_Rio_de_la_Plata,waterbody:Uruguay_Rio_de_la_Plata:PajasBlancas,2014-12-09
c6325789b4d72ba6,source_ood,1,validation,Uruguay_Rio_de_la_Plata,Uruguay_Rio_de_la_Plata,waterbody:Uruguay_Rio_de_la_Plata:Cerro,2014-12-09
2c4e014c9d8015d5,source_ood,1,validation,Uruguay_Rio_de_la_Plata,Uruguay_Rio_de_la_Plata,waterbody:Uruguay_Rio_de_la_Plata:Ramirez,2014-12-09
b32e01fbb2362c98,source_ood,1,validation,Uruguay_Rio_de_la_Plata,Uruguay_Rio_de_la_Plata,waterbody:Uruguay_Rio_de_la_Plata:PocitosAvenidaBrasil,2014-12-09
3c4f4f9c22182775,source_ood,1,validation,Uruguay_Rio_de_la_Plata,Uruguay_Rio_de_la_Plata,waterbody:Uruguay_Rio_de_la_Plata:Carrasco,2014-12-09
f99d1eeed6f9ff8a,source_ood,1,validation,Uruguay_Rio_de_la_Plata,Uruguay_Rio_de_la_Plata,waterbody:Uruguay_Rio_de_la_Plata:PuntaEspinillo,2014-12-17
4fd4fde98d35598e,source_ood,1,validation,Uruguay_Rio_de_la_Plata,Uruguay_Rio_de_la_Plata,waterbody:Uruguay_Rio_de_la_Plata:LaColorada,2014-12-17
f20c09a44ad75853,source_ood,1,validation,Uruguay_Rio_de_la_Plata,Uruguay_Rio_de_la_Plata,waterbody:Uruguay_Rio_de_la_Plata:Ramirez,2014-12-18
4a9e53cdde0f5f59,source_ood,1,validation,Uruguay_Rio_de_la_Plata,Uruguay_Rio_de_la_Plata,waterbody:Uruguay_Rio_de_la_Plata:Cerro,2014-12-18
f84a12a3bba72679,source_ood,1,validation,Uruguay_Rio_de_la_Plata,Uruguay_Rio_de_la_Plata,waterbody:Uruguay_Rio_de_la_Plata:PajasBlancas,2014-12-18
ae75b1f467be8efd,source_ood,1,validation,Uruguay_Rio_de_la_Plata,Uruguay_Rio_de_la_Plata,waterbody:Uruguay_Rio_de_la_Plata:Carrasco,2014-12-18
8c7d0bb13422e0aa,source_ood,1,validation,Uruguay_Rio_de_la_Plata,Uruguay_Rio_de_la_Plata,waterbody:Uruguay_Rio_de_la_Plata:PocitosBarreiro,2014-12-18
3f2b94ceb3b7dd1b,source_ood,1,validation,Uruguay_Rio_de_la_Plata,Uruguay_Rio_de_la_Plata,waterbody:Uruguay_Rio_de_la_Plata:Malvin,2014-12-18
d59825390cb35ab4,source_ood,1,validation,Uruguay_Rio_de_la_Plata,Uruguay_Rio_de_la_Plata,waterbody:Uruguay_Rio_de_la_Plata:Malvin,2014-12-22
d8b561ccef8f7db4,source_ood,1,validation,Uruguay_Rio_de_la_Plata,Uruguay_Rio_de_la_Plata,waterbody:Uruguay_Rio_de_la_Plata:PajasBlancas,2014-12-22
5af97271c5fbf8e7,source_ood,1,validation,Uruguay_Rio_de_la_Plata,Uruguay_Rio_de_la_Plata,waterbody:Uruguay_Rio_de_la_Plata:Cerro,2014-12-22
41f080c3cbc6c2e9,source_ood,1,validation,Uruguay_Rio_de_la_Plata,Uruguay_Rio_de_la_Plata,waterbody:Uruguay_Rio_de_la_Plata:Ramirez,2014-12-22
b394934732fa97ef,source_ood,1,validation,Uruguay_Rio_de_la_Plata,Uruguay_Rio_de_la_Plata,waterbody:Uruguay_Rio_de_la_Plata:PocitosBarreiro,2014-12-22
5071c46e710620ad,source_ood,1,validation,Uruguay_Rio_de_la_Plata,Uruguay_Rio_de_la_Plata,waterbody:Uruguay_Rio_de_la_Plata:Carrasco,2014-12-22
13af3e4dbb367b69,source_ood,1,validation,Uruguay_Rio_de_la_Plata,Uruguay_Rio_de_la_Plata,waterbody:Uruguay_Rio_de_la_Plata:Ramirez,2014-12-23
33801cf96e5edfa7,source_ood,1,validation,Uruguay_Rio_de_la_Plata,Uruguay_Rio_de_la_Plata,waterbody:Uruguay_Rio_de_la_Plata:Malvin,2014-12-26
645df3f0c621fa8f,source_ood,1,validation,Uruguay_Rio_de_la_Plata,Uruguay_Rio_de_la_Plata,waterbody:Uruguay_Rio_de_la_Plata:Cerro,2014-12-26
de2b7b59738a2289,source_ood,1,validation,Uruguay_Rio_de_la_Plata,Uruguay_Rio_de_la_Plata,waterbody:Uruguay_Rio_de_la_Plata:Ramirez,2014-12-26
9ed35730166c4a9b,source_ood,1,validation,Uruguay_Rio_de_la_Plata,Uruguay_Rio_de_la_Plata,waterbody:Uruguay_Rio_de_la_Plata:Carrasco,2014-12-26
7a7e900e81e3501c,source_ood,1,validation,Uruguay_Rio_de_la_Plata,Uruguay_Rio_de_la_Plata,waterbody:Uruguay_Rio_de_la_Plata:PajasBlancas,2014-12-26
03d5437b8a760d64,source_ood,1,validation,Uruguay_Rio_de_la_Plata,Uruguay_Rio_de_la_Plata,waterbody:Uruguay_Rio_de_la_Plata:PocitosBarreiro,2014-12-26
48ac85ef709d88c1,source_ood,1,validation,Uruguay_Rio_de_la_Plata,Uruguay_Rio_de_la_Plata,waterbody:Uruguay_Rio_de_la_Plata:Carrasco,2014-12-29
496466662cf4be25,source_ood,1,validation,Uruguay_Rio_de_la_Plata,Uruguay_Rio_de_la_Plata,waterbody:Uruguay_Rio_de_la_Plata:PuntaEspinillo,2014-12-29
5dbe9a759625e789,source_ood,1,validation,Uruguay_Rio_de_la_Plata,Uruguay_Rio_de_la_Plata,waterbody:Uruguay_Rio_de_la_Plata:PajasBlancas,2014-12-29
1cd8404ba108b901,source_ood,1,validation,Uruguay_Rio_de_la_Plata,Uruguay_Rio_de_la_Plata,waterbody:Uruguay_Rio_de_la_Plata:Cerro,2014-12-29
c89c7af72028e765,source_ood,1,validation,Uruguay_Rio_de_la_Plata,Uruguay_Rio_de_la_Plata,waterbody:Uruguay_Rio_de_la_Plata:Ramirez,2014-12-29
37ee8a3cb80bef71,source_ood,1,validation,Uruguay_Rio_de_la_Plata,Uruguay_Rio_de_la_Plata,waterbody:Uruguay_Rio_de_la_Plata:SantaCatalina,2014-12-29
6975d64498f6dd74,source_ood,1,validation,Uruguay_Rio_de_la_Plata,Uruguay_Rio_de_la_Plata,waterbody:Uruguay_Rio_de_la_Plata:PocitosBarreiro,2014-12-29
0605426343f672f4,source_ood,1,validation,Uruguay_Rio_de_la_Plata,Uruguay_Rio_de_la_Plata,waterbody:Uruguay_Rio_de_la_Plata:Malvin,2014-12-29
f390ca01a57f3c8c,source_ood,1,validation,Uruguay_Rio_de_la_Plata,Uruguay_Rio_de_la_Plata,waterbody:Uruguay_Rio_de_la_Plata:PajasBlancas,2014-12-30
0fcaa14c333cbde7,source_ood,1,validation,Uruguay_Rio_de_la_Plata,Uruguay_Rio_de_la_Plata,waterbody:Uruguay_Rio_de_la_Plata:Buceo,2014-12-30
32386d20a6607aeb,source_ood,1,validation,Uruguay_Rio_de_la_Plata,Uruguay_Rio_de_la_Plata,waterbody:Uruguay_Rio_de_la_Plata:Malvin,2015-01-05
59c22704b3b3a647,source_ood,1,validation,Uruguay_Rio_de_la_Plata,Uruguay_Rio_de_la_Plata,waterbody:Uruguay_Rio_de_la_Plata:Carrasco,2015-01-05
0b65202726be0fbc,source_ood,1,validation,Uruguay_Rio_de_la_Plata,Uruguay_Rio_de_la_Plata,waterbody:Uruguay_Rio_de_la_Plata:PajasBlancas,2015-01-07
c0dc4495c21205c1,source_ood,1,validation,Uruguay_Rio_de_la_Plata,Uruguay_Rio_de_la_Plata,waterbody:Uruguay_Rio_de_la_Plata:Cerro,2015-01-07
591a69fa2a3bd525,source_ood,1,validation,Uruguay_Rio_de_la_Plata,Uruguay_Rio_de_la_Plata,waterbody:Uruguay_Rio_de_la_Plata:PocitosBarreiro,2015-01-07
443736d58a76b6d8,source_ood,1,validation,Uruguay_Rio_de_la_Plata,Uruguay_Rio_de_la_Plata,waterbody:Uruguay_Rio_de_la_Plata:Ramirez,2015-01-07
f0fb423a23ef0923,source_ood,1,validation,Uruguay_Rio_de_la_Plata,Uruguay_Rio_de_la_Plata,waterbody:Uruguay_Rio_de_la_Plata:Malvin,2015-01-07
2bfdead45d20b206,source_ood,1,validation,Uruguay_Rio_de_la_Plata,Uruguay_Rio_de_la_Plata,waterbody:Uruguay_Rio_de_la_Plata:Carrasco,2015-01-07
e5a7a8084e2cb0e7,source_ood,1,validation,Uruguay_Rio_de_la_Plata,Uruguay_Rio_de_la_Plata,waterbody:Uruguay_Rio_de_la_Plata:PocitosBarreiro,2015-01-12
429e0dc3fc0305fa,source_ood,1,validation,Uruguay_Rio_de_la_Plata,Uruguay_Rio_de_la_Plata,waterbody:Uruguay_Rio_de_la_Plata:Cerro,2015-01-12
65fa60d78ed15918,source_ood,1,validation,Uruguay_Rio_de_la_Plata,Uruguay_Rio_de_la_Plata,waterbody:Uruguay_Rio_de_la_Plata:Ramirez,2015-01-12
cdc5d019c7dafbcf,source_ood,1,validation,Uruguay_Rio_de_la_Plata,Uruguay_Rio_de_la_Plata,waterbody:Uruguay_Rio_de_la_Plata:PajasBlancas,2015-01-12
3e0ebd49bdfe251b,source_ood,1,validation,Uruguay_Rio_de_la_Plata,Uruguay_Rio_de_la_Plata,waterbody:Uruguay_Rio_de_la_Plata:PuntaYeguas,2015-01-12
fb979e6f77cfdb46,source_ood,1,validation,Uruguay_Rio_de_la_Plata,Uruguay_Rio_de_la_Plata,waterbody:Uruguay_Rio_de_la_Plata:Carrasco,2015-01-12
280089ec967feadb,source_ood,1,validation,Uruguay_Rio_de_la_Plata,Uruguay_Rio_de_la_Plata,waterbody:Uruguay_Rio_de_la_Plata:Malvin,2015-01-12
1f66f3cb3c977350,source_ood,1,validation,Uruguay_Rio_de_la_Plata,Uruguay_Rio_de_la_Plata,waterbody:Uruguay_Rio_de_la_Plata:Ramirez,2015-01-14
9625c1dd2d8fb619,source_ood,1,validation,Uruguay_Rio_de_la_Plata,Uruguay_Rio_de_la_Plata,waterbody:Uruguay_Rio_de_la_Plata:Cerro,2015-01-20
6bddbeb26ed7b110,source_ood,1,validation,Uruguay_Rio_de_la_Plata,Uruguay_Rio_de_la_Plata,waterbody:Uruguay_Rio_de_la_Plata:PocitosBarreiro,2015-01-20
7316a8578a727c5e,source_ood,1,validation,Uruguay_Rio_de_la_Plata,Uruguay_Rio_de_la_Plata,waterbody:Uruguay_Rio_de_la_Plata:Ramirez,2015-01-20
22120946f0433b0f,source_ood,1,validation,Uruguay_Rio_de_la_Plata,Uruguay_Rio_de_la_Plata,waterbody:Uruguay_Rio_de_la_Plata:Carrasco,2015-01-20
017d978014c83c85,source_ood,1,validation,Uruguay_Rio_de_la_Plata,Uruguay_Rio_de_la_Plata,waterbody:Uruguay_Rio_de_la_Plata:Malvin,2015-01-20
7ef81cbfab24047a,source_ood,1,validation,Uruguay_Rio_de_la_Plata,Uruguay_Rio_de_la_Plata,waterbody:Uruguay_Rio_de_la_Plata:PuntaYeguas,2015-01-22
0864f02668962dd3,source_ood,1,validation,Uruguay_Rio_de_la_Plata,Uruguay_Rio_de_la_Plata,waterbody:Uruguay_Rio_de_la_Plata:Cerro,2015-01-26
32de260dfd4ba6fb,source_ood,1,validation,Uruguay_Rio_de_la_Plata,Uruguay_Rio_de_la_Plata,waterbody:Uruguay_Rio_de_la_Plata:Ramirez,2015-01-26
b8e7560cbc02123d,source_ood,1,validation,Uruguay_Rio_de_la_Plata,Uruguay_Rio_de_la_Plata,waterbody:Uruguay_Rio_de_la_Plata:PajasBlancas,2015-01-26
083cf37997fa282d,source_ood,1,validation,Uruguay_Rio_de_la_Plata,Uruguay_Rio_de_la_Plata,waterbody:Uruguay_Rio_de_la_Plata:Ingleses,2015-01-26
4f8e56cc8d3ffed1,source_ood,1,validation,Uruguay_Rio_de_la_Plata,Uruguay_Rio_de_la_Plata,waterbody:Uruguay_Rio_de_la_Plata:Carrasco,2015-01-26
57e502d560dcfb37,source_ood,1,validation,Uruguay_Rio_de_la_Plata,Uruguay_Rio_de_la_Plata,waterbody:Uruguay_Rio_de_la_Plata:Malvin,2015-01-26
56369bd97a34d277,source_ood,1,validation,Uruguay_Rio_de_la_Plata,Uruguay_Rio_de_la_Plata,waterbody:Uruguay_Rio_de_la_Plata:PocitosBarreiro,2015-01-26
fd4519b1638411a4,source_ood,1,validation,Uruguay_Rio_de_la_Plata,Uruguay_Rio_de_la_Plata,waterbody:Uruguay_Rio_de_la_Plata:Cerro,2015-01-27
bb26850dfae347bd,source_ood,1,validation,Uruguay_Rio_de_la_Plata,Uruguay_Rio_de_la_Plata,waterbody:Uruguay_Rio_de_la_Plata:Ramirez,2015-01-27
9d44499ca5fbe4d3,source_ood,1,validation,Uruguay_Rio_de_la_Plata,Uruguay_Rio_de_la_Plata,waterbody:Uruguay_Rio_de_la_Plata:Ramirez,2015-02-04
e57a435034941326,source_ood,1,validation,Uruguay_Rio_de_la_Plata,Uruguay_Rio_de_la_Plata,waterbody:Uruguay_Rio_de_la_Plata:Cerro,2015-02-04
70c5ccf6e1bf03d7,source_ood,1,validation,Uruguay_Rio_de_la_Plata,Uruguay_Rio_de_la_Plata,waterbody:Uruguay_Rio_de_la_Plata:PajasBlancas,2015-02-04
c674a00a012e63d7,source_ood,1,validation,Uruguay_Rio_de_la_Plata,Uruguay_Rio_de_la_Plata,waterbody:Uruguay_Rio_de_la_Plata:PocitosBarreiro,2015-02-04
ebfbca921360e1ee,source_ood,1,validation,Uruguay_Rio_de_la_Plata,Uruguay_Rio_de_la_Plata,waterbody:Uruguay_Rio_de_la_Plata:Carrasco,2015-02-04
a9d4d085fbf5ba55,source_ood,1,validation,Uruguay_Rio_de_la_Plata,Uruguay_Rio_de_la_Plata,waterbody:Uruguay_Rio_de_la_Plata:Malvin,2015-02-04
3f2f27015e8db931,source_ood,1,validation,Uruguay_Rio_de_la_Plata,Uruguay_Rio_de_la_Plata,waterbody:Uruguay_Rio_de_la_Plata:Carrasco,2015-02-09
4f104537c7a2b68d,source_ood,1,validation,Uruguay_Rio_de_la_Plata,Uruguay_Rio_de_la_Plata,waterbody:Uruguay_Rio_de_la_Plata:PuntaEspinillo,2015-02-09
00efbf2e08162d1e,source_ood,1,validation,Uruguay_Rio_de_la_Plata,Uruguay_Rio_de_la_Plata,waterbody:Uruguay_Rio_de_la_Plata:PocitosBarreiro,2015-02-09
70198eb069aa9d82,source_ood,1,validation,Uruguay_Rio_de_la_Plata,Uruguay_Rio_de_la_Plata,waterbody:Uruguay_Rio_de_la_Plata:Malvin,2015-02-09
eeded79f5f320d5f,source_ood,1,validation,Uruguay_Rio_de_la_Plata,Uruguay_Rio_de_la_Plata,waterbody:Uruguay_Rio_de_la_Plata:SantaCatalina,2015-02-09
e0aed502b7b0b16d,source_ood,1,validation,Uruguay_Rio_de_la_Plata,Uruguay_Rio_de_la_Plata,waterbody:Uruguay_Rio_de_la_Plata:PajasBlancas,2015-02-09
5a3d84533b81a6ad,source_ood,1,validation,Uruguay_Rio_de_la_Plata,Uruguay_Rio_de_la_Plata,waterbody:Uruguay_Rio_de_la_Plata:Cerro,2015-02-09
e8ec9b2f7741b19d,source_ood,1,validation,Uruguay_Rio_de_la_Plata,Uruguay_Rio_de_la_Plata,waterbody:Uruguay_Rio_de_la_Plata:Ramirez,2015-02-09
b2edeb167c8b7748,source_ood,1,validation,Uruguay_Rio_de_la_Plata,Uruguay_Rio_de_la_Plata,waterbody:Uruguay_Rio_de_la_Plata:PajasBlancas,2015-02-11
3fe3106fd62c8eef,source_ood,1,validation,Uruguay_Rio_de_la_Plata,Uruguay_Rio_de_la_Plata,waterbody:Uruguay_Rio_de_la_Plata:PocitosBarreiro,2015-02-11
bd4c12f6d6e6c31d,source_ood,1,validation,Uruguay_Rio_de_la_Plata,Uruguay_Rio_de_la_Plata,waterbody:Uruguay_Rio_de_la_Plata:Cerro,2015-02-11
6362887efe4b855a,source_ood,1,validation,Uruguay_Rio_de_la_Plata,Uruguay_Rio_de_la_Plata,waterbody:Uruguay_Rio_de_la_Plata:Carrasco,2015-02-11
2a2ee321d4c73aee,source_ood,1,validation,Uruguay_Rio_de_la_Plata,Uruguay_Rio_de_la_Plata,waterbody:Uruguay_Rio_de_la_Plata:Ramirez,2015-02-11
bd355b8053604898,source_ood,1,validation,Uruguay_Rio_de_la_Plata,Uruguay_Rio_de_la_Plata,waterbody:Uruguay_Rio_de_la_Plata:Malvin,2015-02-11
864fdfdd35eb85c1,source_ood,1,validation,Uruguay_Rio_de_la_Plata,Uruguay_Rio_de_la_Plata,waterbody:Uruguay_Rio_de_la_Plata:Carrasco,2015-02-18
bd7395d148f31409,source_ood,1,validation,Uruguay_Rio_de_la_Plata,Uruguay_Rio_de_la_Plata,waterbody:Uruguay_Rio_de_la_Plata:Cerro,2015-02-18
557dc10daf7ef03a,source_ood,1,validation,Uruguay_Rio_de_la_Plata,Uruguay_Rio_de_la_Plata,waterbody:Uruguay_Rio_de_la_Plata:PocitosBarreiro,2015-02-18
2fc1a995ab7698d8,source_ood,1,validation,Uruguay_Rio_de_la_Plata,Uruguay_Rio_de_la_Plata,waterbody:Uruguay_Rio_de_la_Plata:Malvin,2015-02-18
151a7930ad623d2c,source_ood,1,validation,Uruguay_Rio_de_la_Plata,Uruguay_Rio_de_la_Plata,waterbody:Uruguay_Rio_de_la_Plata:PajasBlancas,2015-02-18
848f85aa07457f74,source_ood,1,validation,Uruguay_Rio_de_la_Plata,Uruguay_Rio_de_la_Plata,waterbody:Uruguay_Rio_de_la_Plata:Ramirez,2015-02-18
6424f0726144c9b9,source_ood,1,validation,Uruguay_Rio_de_la_Plata,Uruguay_Rio_de_la_Plata,waterbody:Uruguay_Rio_de_la_Plata:Ramirez,2015-02-20
4612d8dcb407a632,source_ood,1,validation,Uruguay_Rio_de_la_Plata,Uruguay_Rio_de_la_Plata,waterbody:Uruguay_Rio_de_la_Plata:Malvin,2015-02-25
d54e90d24916ba05,source_ood,1,validation,Uruguay_Rio_de_la_Plata,Uruguay_Rio_de_la_Plata,waterbody:Uruguay_Rio_de_la_Plata:Ramirez,2015-02-25
dd7c05308f773325,source_ood,1,validation,Uruguay_Rio_de_la_Plata,Uruguay_Rio_de_la_Plata,waterbody:Uruguay_Rio_de_la_Plata:Carrasco,2015-02-25
20756b02debff423,source_ood,1,validation,Uruguay_Rio_de_la_Plata,Uruguay_Rio_de_la_Plata,waterbody:Uruguay_Rio_de_la_Plata:Cerro,2015-02-25
8d208e46d6afbbb4,source_ood,1,validation,Uruguay_Rio_de_la_Plata,Uruguay_Rio_de_la_Plata,waterbody:Uruguay_Rio_de_la_Plata:PocitosBarreiro,2015-02-25
7e592605a5dba42d,source_ood,1,validation,Uruguay_Rio_de_la_Plata,Uruguay_Rio_de_la_Plata,waterbody:Uruguay_Rio_de_la_Plata:PajasBlancas,2015-02-25
1da568965d1c972a,source_ood,1,validation,Uruguay_Rio_de_la_Plata,Uruguay_Rio_de_la_Plata,waterbody:Uruguay_Rio_de_la_Plata:Carrasco,2015-03-03
1d0188998f82050d,source_ood,1,validation,Uruguay_Rio_de_la_Plata,Uruguay_Rio_de_la_Plata,waterbody:Uruguay_Rio_de_la_Plata:Malvin,2015-03-03
8a570e7e893888d7,source_ood,1,validation,Uruguay_Rio_de_la_Plata,Uruguay_Rio_de_la_Plata,waterbody:Uruguay_Rio_de_la_Plata:Ramirez,2015-03-03
4f7a1fa756284a3d,source_ood,1,validation,Uruguay_Rio_de_la_Plata,Uruguay_Rio_de_la_Plata,waterbody:Uruguay_Rio_de_la_Plata:PocitosBarreiro,2015-03-03
6ef888876a14dc22,source_ood,1,validation,Uruguay_Rio_de_la_Plata,Uruguay_Rio_de_la_Plata,waterbody:Uruguay_Rio_de_la_Plata:PajasBlancas,2015-03-03
886efd0c9e0e37e1,source_ood,1,validation,Uruguay_Rio_de_la_Plata,Uruguay_Rio_de_la_Plata,waterbody:Uruguay_Rio_de_la_Plata:Cerro,2015-03-03
3c9f0d61b3323983,source_ood,1,validation,Uruguay_Rio_de_la_Plata,Uruguay_Rio_de_la_Plata,waterbody:Uruguay_Rio_de_la_Plata:Carrasco,2015-03-13
97b9c9d69fd2a449,source_ood,1,validation,Uruguay_Rio_de_la_Plata,Uruguay_Rio_de_la_Plata,waterbody:Uruguay_Rio_de_la_Plata:PajasBlancas,2015-03-13
ad4f0467bd932e20,source_ood,1,validation,Uruguay_Rio_de_la_Plata,Uruguay_Rio_de_la_Plata,waterbody:Uruguay_Rio_de_la_Plata:Cerro,2015-03-13
a21a403c2a868e5f,source_ood,1,validation,Uruguay_Rio_de_la_Plata,Uruguay_Rio_de_la_Plata,waterbody:Uruguay_Rio_de_la_Plata:Ramirez,2015-03-13
baca0adf1733c8e1,source_ood,1,validation,Uruguay_Rio_de_la_Plata,Uruguay_Rio_de_la_Plata,waterbody:Uruguay_Rio_de_la_Plata:PocitosBarreiro,2015-03-13
5aa51b00c5366a42,source_ood,1,validation,Uruguay_Rio_de_la_Plata,Uruguay_Rio_de_la_Plata,waterbody:Uruguay_Rio_de_la_Plata:Malvin,2015-03-13
4e9118f8782fcbf1,source_ood,1,validation,Uruguay_Rio_de_la_Plata,Uruguay_Rio_de_la_Plata,waterbody:Uruguay_Rio_de_la_Plata:Ramirez,2015-03-16
4ffbdba506f3df6c,source_ood,1,validation,Uruguay_Rio_de_la_Plata,Uruguay_Rio_de_la_Plata,waterbody:Uruguay_Rio_de_la_Plata:PocitosBarreiro,2015-03-16
7a75f716e2d031d3,source_ood,1,validation,Uruguay_Rio_de_la_Plata,Uruguay_Rio_de_la_Plata,waterbody:Uruguay_Rio_de_la_Plata:PajasBlancas,2015-03-16
f9e8e8d3ac9faae0,source_ood,1,validation,Uruguay_Rio_de_la_Plata,Uruguay_Rio_de_la_Plata,waterbody:Uruguay_Rio_de_la_Plata:Cerro,2015-03-16
014b552ad13dafe1,source_ood,1,validation,Uruguay_Rio_de_la_Plata,Uruguay_Rio_de_la_Plata,waterbody:Uruguay_Rio_de_la_Plata:Carrasco,2015-03-16
b860a3d5f22fd70e,source_ood,1,validation,Uruguay_Rio_de_la_Plata,Uruguay_Rio_de_la_Plata,waterbody:Uruguay_Rio_de_la_Plata:Malvin,2015-03-16
3e7120ac1b6a6fb9,source_ood,1,validation,Uruguay_Rio_de_la_Plata,Uruguay_Rio_de_la_Plata,waterbody:Uruguay_Rio_de_la_Plata:PocitosAvenidaBrasil,2015-03-17
f66974a85bd0bc5c,source_ood,1,validation,Uruguay_Rio_de_la_Plata,Uruguay_Rio_de_la_Plata,waterbody:Uruguay_Rio_de_la_Plata:Ramirez,2015-03-17
c0580449a7172a8b,source_ood,1,validation,Uruguay_Rio_de_la_Plata,Uruguay_Rio_de_la_Plata,waterbody:Uruguay_Rio_de_la_Plata:PuntaEspinillo,2015-03-23
7fe8d5d092bb4512,source_ood,1,validation,Uruguay_Rio_de_la_Plata,Uruguay_Rio_de_la_Plata,waterbody:Uruguay_Rio_de_la_Plata:PajasBlancas,2015-03-23
bb5ed2f41a131e2a,source_ood,1,validation,Uruguay_Rio_de_la_Plata,Uruguay_Rio_de_la_Plata,waterbody:Uruguay_Rio_de_la_Plata:SantaCatalina,2015-03-23
abdecf4a5187a188,source_ood,1,validation,Uruguay_Rio_de_la_Plata,Uruguay_Rio_de_la_Plata,waterbody:Uruguay_Rio_de_la_Plata:Carrasco,2015-03-23
fc8ad178a48aebe1,source_ood,1,validation,Uruguay_Rio_de_la_Plata,Uruguay_Rio_de_la_Plata,waterbody:Uruguay_Rio_de_la_Plata:Ramirez,2015-03-23
34854fc11f6279b5,source_ood,1,validation,Uruguay_Rio_de_la_Plata,Uruguay_Rio_de_la_Plata,waterbody:Uruguay_Rio_de_la_Plata:PocitosBarreiro,2015-03-23
bf6eefb8efde40cd,source_ood,1,validation,Uruguay_Rio_de_la_Plata,Uruguay_Rio_de_la_Plata,waterbody:Uruguay_Rio_de_la_Plata:Malvin,2015-03-23
cb8092d35d4536e0,source_ood,1,validation,Uruguay_Rio_de_la_Plata,Uruguay_Rio_de_la_Plata,waterbody:Uruguay_Rio_de_la_Plata:Cerro,2015-03-23
9e0739bf7eda73a7,source_ood,1,validation,Uruguay_Rio_de_la_Plata,Uruguay_Rio_de_la_Plata,waterbody:Uruguay_Rio_de_la_Plata:Ingleses,2015-03-23
3f2a582b4a06e00c,source_ood,1,validation,Uruguay_Rio_de_la_Plata,Uruguay_Rio_de_la_Plata,waterbody:Uruguay_Rio_de_la_Plata:PocitosBarreiro,2015-04-07
20c2ac4827233e8a,source_ood,1,validation,Uruguay_Rio_de_la_Plata,Uruguay_Rio_de_la_Plata,waterbody:Uruguay_Rio_de_la_Plata:Cerro,2015-04-07
4ee23f1eb97f8829,source_ood,1,validation,Uruguay_Rio_de_la_Plata,Uruguay_Rio_de_la_Plata,waterbody:Uruguay_Rio_de_la_Plata:Ramirez,2015-04-07
90972aba55c71fa7,source_ood,1,validation,Uruguay_Rio_de_la_Plata,Uruguay_Rio_de_la_Plata,waterbody:Uruguay_Rio_de_la_Plata:Malvin,2015-04-07
aeaa30b565dcbcdb,source_ood,1,validation,Uruguay_Rio_de_la_Plata,Uruguay_Rio_de_la_Plata,waterbody:Uruguay_Rio_de_la_Plata:Carrasco,2015-04-07
29971dfae270a7be,source_ood,1,validation,Uruguay_Rio_de_la_Plata,Uruguay_Rio_de_la_Plata,waterbody:Uruguay_Rio_de_la_Plata:PajasBlancas,2015-04-07
a540b3e282fdf4a6,source_ood,1,validation,Uruguay_Rio_de_la_Plata,Uruguay_Rio_de_la_Plata,waterbody:Uruguay_Rio_de_la_Plata:Cerro,2015-04-16
9e8d2500b76c13f5,source_ood,1,validation,Uruguay_Rio_de_la_Plata,Uruguay_Rio_de_la_Plata,waterbody:Uruguay_Rio_de_la_Plata:Ramirez,2015-04-16
abce3c5dcef3643a,source_ood,1,validation,Uruguay_Rio_de_la_Plata,Uruguay_Rio_de_la_Plata,waterbody:Uruguay_Rio_de_la_Plata:PocitosBarreiro,2015-04-16
a48711ad4405c010,source_ood,1,validation,Uruguay_Rio_de_la_Plata,Uruguay_Rio_de_la_Plata,waterbody:Uruguay_Rio_de_la_Plata:Malvin,2015-04-16
fdf2e18be8461b30,source_ood,1,validation,Uruguay_Rio_de_la_Plata,Uruguay_Rio_de_la_Plata,waterbody:Uruguay_Rio_de_la_Plata:PajasBlancas,2015-04-16
b239c841b2180965,source_ood,1,validation,Uruguay_Rio_de_la_Plata,Uruguay_Rio_de_la_Plata,waterbody:Uruguay_Rio_de_la_Plata:Carrasco,2015-04-16
c52049ae2a2effef,source_ood,1,validation,Uruguay_Rio_de_la_Plata,Uruguay_Rio_de_la_Plata,waterbody:Uruguay_Rio_de_la_Plata:PajasBlancas,2015-04-22
3dd3f2eb4da99181,source_ood,1,validation,Uruguay_Rio_de_la_Plata,Uruguay_Rio_de_la_Plata,waterbody:Uruguay_Rio_de_la_Plata:Cerro,2015-04-22
e52241b2194880b3,source_ood,1,validation,Uruguay_Rio_de_la_Plata,Uruguay_Rio_de_la_Plata,waterbody:Uruguay_Rio_de_la_Plata:Malvin,2015-04-22
9c62257ee6070cad,source_ood,1,validation,Uruguay_Rio_de_la_Plata,Uruguay_Rio_de_la_Plata,waterbody:Uruguay_Rio_de_la_Plata:PocitosBarreiro,2015-04-22
e5a9ee61f278ad52,source_ood,1,validation,Uruguay_Rio_de_la_Plata,Uruguay_Rio_de_la_Plata,waterbody:Uruguay_Rio_de_la_Plata:Carrasco,2015-04-22
e85842a74c0459f1,source_ood,1,validation,Uruguay_Rio_de_la_Plata,Uruguay_Rio_de_la_Plata,waterbody:Uruguay_Rio_de_la_Plata:Ramirez,2015-04-22
4f6d07b6683933ad,source_ood,1,validation,Uruguay_Rio_de_la_Plata,Uruguay_Rio_de_la_Plata,waterbody:Uruguay_Rio_de_la_Plata:PajasBlancas,2015-04-27
2df5636b583fb64f,source_ood,1,validation,Uruguay_Rio_de_la_Plata,Uruguay_Rio_de_la_Plata,waterbody:Uruguay_Rio_de_la_Plata:PocitosBarreiro,2015-04-27
71f2cdeba13ff3de,source_ood,1,validation,Uruguay_Rio_de_la_Plata,Uruguay_Rio_de_la_Plata,waterbody:Uruguay_Rio_de_la_Plata:Cerro,2015-04-27
3003753dde5df7b4,source_ood,1,validation,Uruguay_Rio_de_la_Plata,Uruguay_Rio_de_la_Plata,waterbody:Uruguay_Rio_de_la_Plata:Ramirez,2015-04-27
5d9dd386785a1561,source_ood,1,validation,Uruguay_Rio_de_la_Plata,Uruguay_Rio_de_la_Plata,waterbody:Uruguay_Rio_de_la_Plata:Malvin,2015-04-27
61195b4d1491ba3a,source_ood,1,validation,Uruguay_Rio_de_la_Plata,Uruguay_Rio_de_la_Plata,waterbody:Uruguay_Rio_de_la_Plata:Carrasco,2015-04-27
f4b6084fa71c3747,source_ood,1,validation,Uruguay_Rio_de_la_Plata,Uruguay_Rio_de_la_Plata,waterbody:Uruguay_Rio_de_la_Plata:PajasBlancas,2015-05-07
1642bde1c8762057,source_ood,1,validation,Uruguay_Rio_de_la_Plata,Uruguay_Rio_de_la_Plata,waterbody:Uruguay_Rio_de_la_Plata:Carrasco,2015-05-07
488bd72ad3b29984,source_ood,1,validation,Uruguay_Rio_de_la_Plata,Uruguay_Rio_de_la_Plata,waterbody:Uruguay_Rio_de_la_Plata:Cerro,2015-05-07
c5e88cafe2f04a5a,source_ood,1,validation,Uruguay_Rio_de_la_Plata,Uruguay_Rio_de_la_Plata,waterbody:Uruguay_Rio_de_la_Plata:Ramirez,2015-05-07
b6ea707c7436cdd3,source_ood,1,validation,Uruguay_Rio_de_la_Plata,Uruguay_Rio_de_la_Plata,waterbody:Uruguay_Rio_de_la_Plata:PocitosBarreiro,2015-05-07
810503ad087403f2,source_ood,1,validation,Uruguay_Rio_de_la_Plata,Uruguay_Rio_de_la_Plata,waterbody:Uruguay_Rio_de_la_Plata:Malvin,2015-05-07
96f4de8830b01923,source_ood,1,validation,Uruguay_Rio_de_la_Plata,Uruguay_Rio_de_la_Plata,waterbody:Uruguay_Rio_de_la_Plata:PajasBlancas,2015-05-12
8f17a43e473e42e7,source_ood,1,validation,Uruguay_Rio_de_la_Plata,Uruguay_Rio_de_la_Plata,waterbody:Uruguay_Rio_de_la_Plata:Carrasco,2015-05-12
8bfbc6484c3d8b94,source_ood,1,validation,Uruguay_Rio_de_la_Plata,Uruguay_Rio_de_la_Plata,waterbody:Uruguay_Rio_de_la_Plata:Cerro,2015-05-12
54114efb286b8ae4,source_ood,1,validation,Uruguay_Rio_de_la_Plata,Uruguay_Rio_de_la_Plata,waterbody:Uruguay_Rio_de_la_Plata:Ramirez,2015-05-12
d24e74ec0364cfe0,source_ood,1,validation,Uruguay_Rio_de_la_Plata,Uruguay_Rio_de_la_Plata,waterbody:Uruguay_Rio_de_la_Plata:PocitosBarreiro,2015-05-12
fe463fc0a434f2bf,source_ood,1,validation,Uruguay_Rio_de_la_Plata,Uruguay_Rio_de_la_Plata,waterbody:Uruguay_Rio_de_la_Plata:Malvin,2015-05-12
69d42065a50ce072,source_ood,1,validation,Uruguay_Rio_de_la_Plata,Uruguay_Rio_de_la_Plata,waterbody:Uruguay_Rio_de_la_Plata:PajasBlancas,2015-05-22
9cebfe4924af7984,source_ood,1,validation,Uruguay_Rio_de_la_Plata,Uruguay_Rio_de_la_Plata,waterbody:Uruguay_Rio_de_la_Plata:Cerro,2015-05-22
2531ad3567be373e,source_ood,1,validation,Uruguay_Rio_de_la_Plata,Uruguay_Rio_de_la_Plata,waterbody:Uruguay_Rio_de_la_Plata:Carrasco,2015-05-22
9db3ce95afa4f049,source_ood,1,validation,Uruguay_Rio_de_la_Plata,Uruguay_Rio_de_la_Plata,waterbody:Uruguay_Rio_de_la_Plata:PocitosBarreiro,2015-05-22
b2f7caa1ca9a1184,source_ood,1,validation,Uruguay_Rio_de_la_Plata,Uruguay_Rio_de_la_Plata,waterbody:Uruguay_Rio_de_la_Plata:Ramirez,2015-05-22
fdff3841235ae53c,source_ood,1,validation,Uruguay_Rio_de_la_Plata,Uruguay_Rio_de_la_Plata,waterbody:Uruguay_Rio_de_la_Plata:Malvin,2015-05-22
740ae47b8c2c3015,source_ood,1,validation,Uruguay_Rio_de_la_Plata,Uruguay_Rio_de_la_Plata,waterbody:Uruguay_Rio_de_la_Plata:PocitosBarreiro,2015-05-26
a16c80c8f77cddcc,source_ood,1,validation,Uruguay_Rio_de_la_Plata,Uruguay_Rio_de_la_Plata,waterbody:Uruguay_Rio_de_la_Plata:Cerro,2015-05-26
25728445d1b8bbbb,source_ood,1,validation,Uruguay_Rio_de_la_Plata,Uruguay_Rio_de_la_Plata,waterbody:Uruguay_Rio_de_la_Plata:Ramirez,2015-05-26
004b287d79601a74,source_ood,1,validation,Uruguay_Rio_de_la_Plata,Uruguay_Rio_de_la_Plata,waterbody:Uruguay_Rio_de_la_Plata:Carrasco,2015-05-26
39d5f83786d98474,source_ood,1,validation,Uruguay_Rio_de_la_Plata,Uruguay_Rio_de_la_Plata,waterbody:Uruguay_Rio_de_la_Plata:Malvin,2015-05-26
0a19269cd1952aa7,source_ood,1,validation,Uruguay_Rio_de_la_Plata,Uruguay_Rio_de_la_Plata,waterbody:Uruguay_Rio_de_la_Plata:PajasBlancas,2015-05-26
d0e35e73e85fe0e2,source_ood,1,validation,Uruguay_Rio_de_la_Plata,Uruguay_Rio_de_la_Plata,waterbody:Uruguay_Rio_de_la_Plata:PajasBlancas,2015-06-03
fe088a137e765e25,source_ood,1,validation,Uruguay_Rio_de_la_Plata,Uruguay_Rio_de_la_Plata,waterbody:Uruguay_Rio_de_la_Plata:PocitosBarreiro,2015-06-03
60f79fc5ff4779b3,source_ood,1,validation,Uruguay_Rio_de_la_Plata,Uruguay_Rio_de_la_Plata,waterbody:Uruguay_Rio_de_la_Plata:Ramirez,2015-06-03
01450e69ba187892,source_ood,1,validation,Uruguay_Rio_de_la_Plata,Uruguay_Rio_de_la_Plata,waterbody:Uruguay_Rio_de_la_Plata:Cerro,2015-06-03
a0a7c6768a6f679e,source_ood,1,validation,Uruguay_Rio_de_la_Plata,Uruguay_Rio_de_la_Plata,waterbody:Uruguay_Rio_de_la_Plata:Carrasco,2015-06-03
fa823b244ad10b63,source_ood,1,validation,Uruguay_Rio_de_la_Plata,Uruguay_Rio_de_la_Plata,waterbody:Uruguay_Rio_de_la_Plata:Malvin,2015-06-03
59b5f72cd62a0fb7,source_ood,1,validation,Uruguay_Rio_de_la_Plata,Uruguay_Rio_de_la_Plata,waterbody:Uruguay_Rio_de_la_Plata:Carrasco,2015-06-10
353b02b24f08ea22,source_ood,1,validation,Uruguay_Rio_de_la_Plata,Uruguay_Rio_de_la_Plata,waterbody:Uruguay_Rio_de_la_Plata:PajasBlancas,2015-06-10
8f31c4daa8e3d69e,source_ood,1,validation,Uruguay_Rio_de_la_Plata,Uruguay_Rio_de_la_Plata,waterbody:Uruguay_Rio_de_la_Plata:Malvin,2015-06-10
a1690600ceca0510,source_ood,1,validation,Uruguay_Rio_de_la_Plata,Uruguay_Rio_de_la_Plata,waterbody:Uruguay_Rio_de_la_Plata:PocitosBarreiro,2015-06-10
9bd58175f1fa0dc8,source_ood,1,validation,Uruguay_Rio_de_la_Plata,Uruguay_Rio_de_la_Plata,waterbody:Uruguay_Rio_de_la_Plata:Cerro,2015-06-10
efcb82ff8de3be40,source_ood,1,validation,Uruguay_Rio_de_la_Plata,Uruguay_Rio_de_la_Plata,waterbody:Uruguay_Rio_de_la_Plata:Ramirez,2015-06-10
423605a419f32d07,source_ood,1,validation,Uruguay_Rio_de_la_Plata,Uruguay_Rio_de_la_Plata,waterbody:Uruguay_Rio_de_la_Plata:Carrasco,2015-06-17
ae4c9eea8e6d3483,source_ood,1,validation,Uruguay_Rio_de_la_Plata,Uruguay_Rio_de_la_Plata,waterbody:Uruguay_Rio_de_la_Plata:Cerro,2015-06-17
b154440e65fc07b2,source_ood,1,validation,Uruguay_Rio_de_la_Plata,Uruguay_Rio_de_la_Plata,waterbody:Uruguay_Rio_de_la_Plata:PajasBlancas,2015-06-17
d99240bea215d258,source_ood,1,validation,Uruguay_Rio_de_la_Plata,Uruguay_Rio_de_la_Plata,waterbody:Uruguay_Rio_de_la_Plata:Ramirez,2015-06-17
a42ea7e702a7836f,source_ood,1,validation,Uruguay_Rio_de_la_Plata,Uruguay_Rio_de_la_Plata,waterbody:Uruguay_Rio_de_la_Plata:Malvin,2015-06-17
c97398a67d102bf6,source_ood,1,validation,Uruguay_Rio_de_la_Plata,Uruguay_Rio_de_la_Plata,waterbody:Uruguay_Rio_de_la_Plata:PocitosBarreiro,2015-06-17
ad8fe0831a050a41,source_ood,1,validation,Uruguay_Rio_de_la_Plata,Uruguay_Rio_de_la_Plata,waterbody:Uruguay_Rio_de_la_Plata:Ramirez,2015-06-26
aefa15c283d726d2,source_ood,1,validation,Uruguay_Rio_de_la_Plata,Uruguay_Rio_de_la_Plata,waterbody:Uruguay_Rio_de_la_Plata:PocitosBarreiro,2015-06-26
37e6ea1a71b633bf,source_ood,1,validation,Uruguay_Rio_de_la_Plata,Uruguay_Rio_de_la_Plata,waterbody:Uruguay_Rio_de_la_Plata:Malvin,2015-06-26
a0c6f367eea851a9,source_ood,1,validation,Uruguay_Rio_de_la_Plata,Uruguay_Rio_de_la_Plata,waterbody:Uruguay_Rio_de_la_Plata:PajasBlancas,2015-06-26
502bfd00047ca6ed,source_ood,1,validation,Uruguay_Rio_de_la_Plata,Uruguay_Rio_de_la_Plata,waterbody:Uruguay_Rio_de_la_Plata:Cerro,2015-06-26
8773a1be5df7afb1,source_ood,1,validation,Uruguay_Rio_de_la_Plata,Uruguay_Rio_de_la_Plata,waterbody:Uruguay_Rio_de_la_Plata:Carrasco,2015-06-26
3fb0eb1e1d5870e2,source_ood,1,validation,Uruguay_Rio_de_la_Plata,Uruguay_Rio_de_la_Plata,waterbody:Uruguay_Rio_de_la_Plata:Malvin,2015-06-29
5c000eae3840ad27,source_ood,1,validation,Uruguay_Rio_de_la_Plata,Uruguay_Rio_de_la_Plata,waterbody:Uruguay_Rio_de_la_Plata:Carrasco,2015-06-29
bd6b0ae94f28ba15,source_ood,1,validation,Uruguay_Rio_de_la_Plata,Uruguay_Rio_de_la_Plata,waterbody:Uruguay_Rio_de_la_Plata:PocitosBarreiro,2015-06-29
eba79a9a87cc984c,source_ood,1,validation,Uruguay_Rio_de_la_Plata,Uruguay_Rio_de_la_Plata,waterbody:Uruguay_Rio_de_la_Plata:Cerro,2015-06-29
63f208b30f02b063,source_ood,1,validation,Uruguay_Rio_de_la_Plata,Uruguay_Rio_de_la_Plata,waterbody:Uruguay_Rio_de_la_Plata:PajasBlancas,2015-06-29
aa7e52c5f0191b2d,source_ood,1,validation,Uruguay_Rio_de_la_Plata,Uruguay_Rio_de_la_Plata,waterbody:Uruguay_Rio_de_la_Plata:Ramirez,2015-06-29
8399142a1e9a3c75,source_ood,1,validation,Uruguay_Rio_de_la_Plata,Uruguay_Rio_de_la_Plata,waterbody:Uruguay_Rio_de_la_Plata:PajasBlancas,2015-07-09
b08617ba0c58b723,source_ood,1,validation,Uruguay_Rio_de_la_Plata,Uruguay_Rio_de_la_Plata,waterbody:Uruguay_Rio_de_la_Plata:Cerro,2015-07-09
094fbd3afded9a59,source_ood,1,validation,Uruguay_Rio_de_la_Plata,Uruguay_Rio_de_la_Plata,waterbody:Uruguay_Rio_de_la_Plata:Ramirez,2015-07-09
bc3cf46317a8df93,source_ood,1,validation,Uruguay_Rio_de_la_Plata,Uruguay_Rio_de_la_Plata,waterbody:Uruguay_Rio_de_la_Plata:PocitosBarreiro,2015-07-09
dece00061728237f,source_ood,1,validation,Uruguay_Rio_de_la_Plata,Uruguay_Rio_de_la_Plata,waterbody:Uruguay_Rio_de_la_Plata:Malvin,2015-07-09
07996ed0e7334b96,source_ood,1,validation,Uruguay_Rio_de_la_Plata,Uruguay_Rio_de_la_Plata,waterbody:Uruguay_Rio_de_la_Plata:Carrasco,2015-07-09
db6839fc28b9a906,source_ood,1,validation,Uruguay_Rio_de_la_Plata,Uruguay_Rio_de_la_Plata,waterbody:Uruguay_Rio_de_la_Plata:Cerro,2015-07-15
90cd23bd96ebed58,source_ood,1,validation,Uruguay_Rio_de_la_Plata,Uruguay_Rio_de_la_Plata,waterbody:Uruguay_Rio_de_la_Plata:Ramirez,2015-07-15
05208b72ebfb084e,source_ood,1,validation,Uruguay_Rio_de_la_Plata,Uruguay_Rio_de_la_Plata,waterbody:Uruguay_Rio_de_la_Plata:PajasBlancas,2015-07-15
4b04704a0d6895c5,source_ood,1,validation,Uruguay_Rio_de_la_Plata,Uruguay_Rio_de_la_Plata,waterbody:Uruguay_Rio_de_la_Plata:Carrasco,2015-07-15
da6c70f1a709bf38,source_ood,1,validation,Uruguay_Rio_de_la_Plata,Uruguay_Rio_de_la_Plata,waterbody:Uruguay_Rio_de_la_Plata:Malvin,2015-07-15
e68ad4f09263b570,source_ood,1,validation,Uruguay_Rio_de_la_Plata,Uruguay_Rio_de_la_Plata,waterbody:Uruguay_Rio_de_la_Plata:PocitosBarreiro,2015-07-15
7e034bc45227ff79,source_ood,1,validation,Uruguay_Rio_de_la_Plata,Uruguay_Rio_de_la_Plata,waterbody:Uruguay_Rio_de_la_Plata:Cerro,2015-07-23
c18dbadc3d7eeef4,source_ood,1,validation,Uruguay_Rio_de_la_Plata,Uruguay_Rio_de_la_Plata,waterbody:Uruguay_Rio_de_la_Plata:PocitosBarreiro,2015-07-23
c6f20c01784fc104,source_ood,1,validation,Uruguay_Rio_de_la_Plata,Uruguay_Rio_de_la_Plata,waterbody:Uruguay_Rio_de_la_Plata:Ramirez,2015-07-23
96972e21b34cf1e7,source_ood,1,validation,Uruguay_Rio_de_la_Plata,Uruguay_Rio_de_la_Plata,waterbody:Uruguay_Rio_de_la_Plata:Malvin,2015-07-23
6d32da21a4da44c8,source_ood,1,validation,Uruguay_Rio_de_la_Plata,Uruguay_Rio_de_la_Plata,waterbody:Uruguay_Rio_de_la_Plata:PajasBlancas,2015-07-23
b06fa66009851ebd,source_ood,1,validation,Uruguay_Rio_de_la_Plata,Uruguay_Rio_de_la_Plata,waterbody:Uruguay_Rio_de_la_Plata:Carrasco,2015-07-23
838978cb14679dac,source_ood,1,validation,Uruguay_Rio_de_la_Plata,Uruguay_Rio_de_la_Plata,waterbody:Uruguay_Rio_de_la_Plata:PocitosBarreiro,2015-07-29
a2597899c0579aa6,source_ood,1,validation,Uruguay_Rio_de_la_Plata,Uruguay_Rio_de_la_Plata,waterbody:Uruguay_Rio_de_la_Plata:Malvin,2015-07-29
2f31b3aa027997a5,source_ood,1,validation,Uruguay_Rio_de_la_Plata,Uruguay_Rio_de_la_Plata,waterbody:Uruguay_Rio_de_la_Plata:Carrasco,2015-07-29
46e15f992c08305d,source_ood,1,validation,Uruguay_Rio_de_la_Plata,Uruguay_Rio_de_la_Plata,waterbody:Uruguay_Rio_de_la_Plata:PajasBlancas,2015-07-29
e7c8a0a08a674c64,source_ood,1,validation,Uruguay_Rio_de_la_Plata,Uruguay_Rio_de_la_Plata,waterbody:Uruguay_Rio_de_la_Plata:Cerro,2015-07-29
c93cf31693a3cd27,source_ood,1,validation,Uruguay_Rio_de_la_Plata,Uruguay_Rio_de_la_Plata,waterbody:Uruguay_Rio_de_la_Plata:Ramirez,2015-07-29
042f7fcc1de79a00,source_ood,1,validation,Uruguay_Rio_de_la_Plata,Uruguay_Rio_de_la_Plata,waterbody:Uruguay_Rio_de_la_Plata:PajasBlancas,2015-08-04
072bfdb06f05b717,source_ood,1,validation,Uruguay_Rio_de_la_Plata,Uruguay_Rio_de_la_Plata,waterbody:Uruguay_Rio_de_la_Plata:Carrasco,2015-08-04
cadf420ec26dbd19,source_ood,1,validation,Uruguay_Rio_de_la_Plata,Uruguay_Rio_de_la_Plata,waterbody:Uruguay_Rio_de_la_Plata:Cerro,2015-08-04
e3f08b3b4a19c711,source_ood,1,validation,Uruguay_Rio_de_la_Plata,Uruguay_Rio_de_la_Plata,waterbody:Uruguay_Rio_de_la_Plata:Ramirez,2015-08-04
0150c0c012f6aaad,source_ood,1,validation,Uruguay_Rio_de_la_Plata,Uruguay_Rio_de_la_Plata,waterbody:Uruguay_Rio_de_la_Plata:PocitosBarreiro,2015-08-04
8a0fefa7e302cd5d,source_ood,1,validation,Uruguay_Rio_de_la_Plata,Uruguay_Rio_de_la_Plata,waterbody:Uruguay_Rio_de_la_Plata:Malvin,2015-08-04
0f89d793de759338,source_ood,1,validation,Uruguay_Rio_de_la_Plata,Uruguay_Rio_de_la_Plata,waterbody:Uruguay_Rio_de_la_Plata:Cerro,2015-08-14
1f8664834bae3691,source_ood,1,validation,Uruguay_Rio_de_la_Plata,Uruguay_Rio_de_la_Plata,waterbody:Uruguay_Rio_de_la_Plata:PocitosBarreiro,2015-08-14
17eae44f9fd66b03,source_ood,1,validation,Uruguay_Rio_de_la_Plata,Uruguay_Rio_de_la_Plata,waterbody:Uruguay_Rio_de_la_Plata:Ramirez,2015-08-14
2b7d77aba7305054,source_ood,1,validation,Uruguay_Rio_de_la_Plata,Uruguay_Rio_de_la_Plata,waterbody:Uruguay_Rio_de_la_Plata:PajasBlancas,2015-08-14
7d94f72d1f1dc472,source_ood,1,validation,Uruguay_Rio_de_la_Plata,Uruguay_Rio_de_la_Plata,waterbody:Uruguay_Rio_de_la_Plata:Malvin,2015-08-14
1eb3c29e23568605,source_ood,1,validation,Uruguay_Rio_de_la_Plata,Uruguay_Rio_de_la_Plata,waterbody:Uruguay_Rio_de_la_Plata:Carrasco,2015-08-14
72a5cb581ffb59e7,source_ood,1,validation,Uruguay_Rio_de_la_Plata,Uruguay_Rio_de_la_Plata,waterbody:Uruguay_Rio_de_la_Plata:Ramirez,2015-08-20
75caf1e4653a0dce,source_ood,1,validation,Uruguay_Rio_de_la_Plata,Uruguay_Rio_de_la_Plata,waterbody:Uruguay_Rio_de_la_Plata:PocitosBarreiro,2015-08-20
93d0c416ec29425f,source_ood,1,validation,Uruguay_Rio_de_la_Plata,Uruguay_Rio_de_la_Plata,waterbody:Uruguay_Rio_de_la_Plata:Malvin,2015-08-20
2fb06dda4539526f,source_ood,1,validation,Uruguay_Rio_de_la_Plata,Uruguay_Rio_de_la_Plata,waterbody:Uruguay_Rio_de_la_Plata:PajasBlancas,2015-08-20
53acea7427acac8b,source_ood,1,validation,Uruguay_Rio_de_la_Plata,Uruguay_Rio_de_la_Plata,waterbody:Uruguay_Rio_de_la_Plata:Cerro,2015-08-20
45d3b6b7637a564e,source_ood,1,validation,Uruguay_Rio_de_la_Plata,Uruguay_Rio_de_la_Plata,waterbody:Uruguay_Rio_de_la_Plata:Carrasco,2015-08-20
d0badbea9dde46d8,source_ood,1,validation,Uruguay_Rio_de_la_Plata,Uruguay_Rio_de_la_Plata,waterbody:Uruguay_Rio_de_la_Plata:PocitosBarreiro,2015-08-28
ae209a0fc9d25f36,source_ood,1,validation,Uruguay_Rio_de_la_Plata,Uruguay_Rio_de_la_Plata,waterbody:Uruguay_Rio_de_la_Plata:Malvin,2015-08-28
4526d62114d70e39,source_ood,1,validation,Uruguay_Rio_de_la_Plata,Uruguay_Rio_de_la_Plata,waterbody:Uruguay_Rio_de_la_Plata:Ramirez,2015-08-28
ac684abeff532416,source_ood,1,validation,Uruguay_Rio_de_la_Plata,Uruguay_Rio_de_la_Plata,waterbody:Uruguay_Rio_de_la_Plata:PajasBlancas,2015-08-28
01d7769a09651e63,source_ood,1,validation,Uruguay_Rio_de_la_Plata,Uruguay_Rio_de_la_Plata,waterbody:Uruguay_Rio_de_la_Plata:Cerro,2015-08-28
afe6bbd2508b40ef,source_ood,1,validation,Uruguay_Rio_de_la_Plata,Uruguay_Rio_de_la_Plata,waterbody:Uruguay_Rio_de_la_Plata:Carrasco,2015-08-28
ebd189c29e652513,source_ood,1,validation,Uruguay_Rio_de_la_Plata,Uruguay_Rio_de_la_Plata,waterbody:Uruguay_Rio_de_la_Plata:Malvin,2015-09-02
31e4d9b1983c44e5,source_ood,1,validation,Uruguay_Rio_de_la_Plata,Uruguay_Rio_de_la_Plata,waterbody:Uruguay_Rio_de_la_Plata:PocitosBarreiro,2015-09-02
7487763e43edb1de,source_ood,1,validation,Uruguay_Rio_de_la_Plata,Uruguay_Rio_de_la_Plata,waterbody:Uruguay_Rio_de_la_Plata:Cerro,2015-09-02
d4be99b3f24a6adc,source_ood,1,validation,Uruguay_Rio_de_la_Plata,Uruguay_Rio_de_la_Plata,waterbody:Uruguay_Rio_de_la_Plata:PajasBlancas,2015-09-02
d8da622b540fae1e,source_ood,1,validation,Uruguay_Rio_de_la_Plata,Uruguay_Rio_de_la_Plata,waterbody:Uruguay_Rio_de_la_Plata:Carrasco,2015-09-02
ea9dec057c079a41,source_ood,1,validation,Uruguay_Rio_de_la_Plata,Uruguay_Rio_de_la_Plata,waterbody:Uruguay_Rio_de_la_Plata:Ramirez,2015-09-02
7760e96e27084227,source_ood,1,validation,Uruguay_Rio_de_la_Plata,Uruguay_Rio_de_la_Plata,waterbody:Uruguay_Rio_de_la_Plata:Cerro,2015-09-08
d02afd55b5bc5537,source_ood,1,validation,Uruguay_Rio_de_la_Plata,Uruguay_Rio_de_la_Plata,waterbody:Uruguay_Rio_de_la_Plata:PocitosBarreiro,2015-09-08
2b6a299792ab26d3,source_ood,1,validation,Uruguay_Rio_de_la_Plata,Uruguay_Rio_de_la_Plata,waterbody:Uruguay_Rio_de_la_Plata:Ramirez,2015-09-08
e5208d58016017e9,source_ood,1,validation,Uruguay_Rio_de_la_Plata,Uruguay_Rio_de_la_Plata,waterbody:Uruguay_Rio_de_la_Plata:PajasBlancas,2015-09-08
1a5913b122b7ec18,source_ood,1,validation,Uruguay_Rio_de_la_Plata,Uruguay_Rio_de_la_Plata,waterbody:Uruguay_Rio_de_la_Plata:Carrasco,2015-09-08
cb99e3ea6f058cf3,source_ood,1,validation,Uruguay_Rio_de_la_Plata,Uruguay_Rio_de_la_Plata,waterbody:Uruguay_Rio_de_la_Plata:Malvin,2015-09-08
e5ebe6d3d7a3daf1,source_ood,1,validation,Uruguay_Rio_de_la_Plata,Uruguay_Rio_de_la_Plata,waterbody:Uruguay_Rio_de_la_Plata:PocitosBarreiro,2015-09-15
34b4c6839175c18c,source_ood,1,validation,Uruguay_Rio_de_la_Plata,Uruguay_Rio_de_la_Plata,waterbody:Uruguay_Rio_de_la_Plata:Malvin,2015-09-15
52daa738b9470e74,source_ood,1,validation,Uruguay_Rio_de_la_Plata,Uruguay_Rio_de_la_Plata,waterbody:Uruguay_Rio_de_la_Plata:Ramirez,2015-09-15
e8a3799d9d080fe1,source_ood,1,validation,Uruguay_Rio_de_la_Plata,Uruguay_Rio_de_la_Plata,waterbody:Uruguay_Rio_de_la_Plata:Carrasco,2015-09-15
4d76b51e287e34d8,source_ood,1,validation,Uruguay_Rio_de_la_Plata,Uruguay_Rio_de_la_Plata,waterbody:Uruguay_Rio_de_la_Plata:PajasBlancas,2015-09-15
9e641b3ba2aefd6f,source_ood,1,validation,Uruguay_Rio_de_la_Plata,Uruguay_Rio_de_la_Plata,waterbody:Uruguay_Rio_de_la_Plata:Cerro,2015-09-15
11e7b29eaec714cd,source_ood,1,validation,Uruguay_Rio_de_la_Plata,Uruguay_Rio_de_la_Plata,waterbody:Uruguay_Rio_de_la_Plata:Carrasco,2015-10-05
759725479b8954f0,source_ood,1,validation,Uruguay_Rio_de_la_Plata,Uruguay_Rio_de_la_Plata,waterbody:Uruguay_Rio_de_la_Plata:Cerro,2015-10-05
797e0302d8878666,source_ood,1,validation,Uruguay_Rio_de_la_Plata,Uruguay_Rio_de_la_Plata,waterbody:Uruguay_Rio_de_la_Plata:Ramirez,2015-10-05
d5874dae719641a5,source_ood,1,validation,Uruguay_Rio_de_la_Plata,Uruguay_Rio_de_la_Plata,waterbody:Uruguay_Rio_de_la_Plata:PajasBlancas,2015-10-05
ea9296d77f6d6057,source_ood,1,validation,Uruguay_Rio_de_la_Plata,Uruguay_Rio_de_la_Plata,waterbody:Uruguay_Rio_de_la_Plata:PocitosBarreiro,2015-10-05
17c1f27867bf75d2,source_ood,1,validation,Uruguay_Rio_de_la_Plata,Uruguay_Rio_de_la_Plata,waterbody:Uruguay_Rio_de_la_Plata:Malvin,2015-10-05
b9815e5cc996646d,source_ood,1,validation,Uruguay_Rio_de_la_Plata,Uruguay_Rio_de_la_Plata,waterbody:Uruguay_Rio_de_la_Plata:Malvin,2015-10-14
e886bf419ec66c3d,source_ood,1,validation,Uruguay_Rio_de_la_Plata,Uruguay_Rio_de_la_Plata,waterbody:Uruguay_Rio_de_la_Plata:PocitosBarreiro,2015-10-14
a57622db186fe0c4,source_ood,1,validation,Uruguay_Rio_de_la_Plata,Uruguay_Rio_de_la_Plata,waterbody:Uruguay_Rio_de_la_Plata:Carrasco,2015-10-14
92d4fdf067b8d00a,source_ood,1,validation,Uruguay_Rio_de_la_Plata,Uruguay_Rio_de_la_Plata,waterbody:Uruguay_Rio_de_la_Plata:Ramirez,2015-10-14
50781e6cc131f438,source_ood,1,validation,Uruguay_Rio_de_la_Plata,Uruguay_Rio_de_la_Plata,waterbody:Uruguay_Rio_de_la_Plata:PajasBlancas,2015-10-14
5a158bddba0eaf9e,source_ood,1,validation,Uruguay_Rio_de_la_Plata,Uruguay_Rio_de_la_Plata,waterbody:Uruguay_Rio_de_la_Plata:Cerro,2015-10-14
b6eed860ed31aa89,source_ood,1,validation,Uruguay_Rio_de_la_Plata,Uruguay_Rio_de_la_Plata,waterbody:Uruguay_Rio_de_la_Plata:Carrasco,2015-10-22
30a9008eff33951f,source_ood,1,validation,Uruguay_Rio_de_la_Plata,Uruguay_Rio_de_la_Plata,waterbody:Uruguay_Rio_de_la_Plata:PocitosBarreiro,2015-10-22
3a524e946ab4275a,source_ood,1,validation,Uruguay_Rio_de_la_Plata,Uruguay_Rio_de_la_Plata,waterbody:Uruguay_Rio_de_la_Plata:Malvin,2015-10-22
0ac29f788cbadc6a,source_ood,1,validation,Uruguay_Rio_de_la_Plata,Uruguay_Rio_de_la_Plata,waterbody:Uruguay_Rio_de_la_Plata:PajasBlancas,2015-10-22
0a79cc08678d981a,source_ood,1,validation,Uruguay_Rio_de_la_Plata,Uruguay_Rio_de_la_Plata,waterbody:Uruguay_Rio_de_la_Plata:Cerro,2015-10-22
e808041c222aec4b,source_ood,1,validation,Uruguay_Rio_de_la_Plata,Uruguay_Rio_de_la_Plata,waterbody:Uruguay_Rio_de_la_Plata:Ramirez,2015-10-22
15bcdf842b33dc5c,source_ood,1,validation,Uruguay_Rio_de_la_Plata,Uruguay_Rio_de_la_Plata,waterbody:Uruguay_Rio_de_la_Plata:PocitosBarreiro,2015-10-29
c8367766897899f4,source_ood,1,validation,Uruguay_Rio_de_la_Plata,Uruguay_Rio_de_la_Plata,waterbody:Uruguay_Rio_de_la_Plata:Malvin,2015-10-29
33a89cf2a660ca9c,source_ood,1,validation,Uruguay_Rio_de_la_Plata,Uruguay_Rio_de_la_Plata,waterbody:Uruguay_Rio_de_la_Plata:Cerro,2015-10-29
ef73e8694b666530,source_ood,1,validation,Uruguay_Rio_de_la_Plata,Uruguay_Rio_de_la_Plata,waterbody:Uruguay_Rio_de_la_Plata:Ramirez,2015-10-29
68de5f8f1917b1e3,source_ood,1,validation,Uruguay_Rio_de_la_Plata,Uruguay_Rio_de_la_Plata,waterbody:Uruguay_Rio_de_la_Plata:PajasBlancas,2015-10-29
1510358d886563fc,source_ood,1,validation,Uruguay_Rio_de_la_Plata,Uruguay_Rio_de_la_Plata,waterbody:Uruguay_Rio_de_la_Plata:Carrasco,2015-10-29
b4d5cd15a3e62012,source_ood,1,validation,Uruguay_Rio_de_la_Plata,Uruguay_Rio_de_la_Plata,waterbody:Uruguay_Rio_de_la_Plata:Malvin,2015-11-05
a30e8fcb2d44fde5,source_ood,1,validation,Uruguay_Rio_de_la_Plata,Uruguay_Rio_de_la_Plata,waterbody:Uruguay_Rio_de_la_Plata:SantaCatalina,2015-11-05
a821ce377aa9c295,source_ood,1,validation,Uruguay_Rio_de_la_Plata,Uruguay_Rio_de_la_Plata,waterbody:Uruguay_Rio_de_la_Plata:Cerro,2015-11-05
59a6072937b47585,source_ood,1,validation,Uruguay_Rio_de_la_Plata,Uruguay_Rio_de_la_Plata,waterbody:Uruguay_Rio_de_la_Plata:Ramirez,2015-11-05
fd18363f4e29c1f7,source_ood,1,validation,Uruguay_Rio_de_la_Plata,Uruguay_Rio_de_la_Plata,waterbody:Uruguay_Rio_de_la_Plata:Ingleses,2015-11-05
04a4cfb31aa852eb,source_ood,1,validation,Uruguay_Rio_de_la_Plata,Uruguay_Rio_de_la_Plata,waterbody:Uruguay_Rio_de_la_Plata:Carrasco,2015-11-05
0deaa214093ce860,source_ood,1,validation,Uruguay_Rio_de_la_Plata,Uruguay_Rio_de_la_Plata,waterbody:Uruguay_Rio_de_la_Plata:PuntaEspinillo,2015-11-05
7a387a9c1b359472,source_ood,1,validation,Uruguay_Rio_de_la_Plata,Uruguay_Rio_de_la_Plata,waterbody:Uruguay_Rio_de_la_Plata:PajasBlancas,2015-11-05
0208978c579a370d,source_ood,1,validation,Uruguay_Rio_de_la_Plata,Uruguay_Rio_de_la_Plata,waterbody:Uruguay_Rio_de_la_Plata:PocitosBarreiro,2015-11-05
d709aa3f0a55bcf8,source_ood,1,validation,Uruguay_Rio_de_la_Plata,Uruguay_Rio_de_la_Plata,waterbody:Uruguay_Rio_de_la_Plata:Cerro,2015-11-11
58a9241368a2b551,source_ood,1,validation,Uruguay_Rio_de_la_Plata,Uruguay_Rio_de_la_Plata,waterbody:Uruguay_Rio_de_la_Plata:PocitosBarreiro,2015-11-11
67f59adb5d661f6a,source_ood,1,validation,Uruguay_Rio_de_la_Plata,Uruguay_Rio_de_la_Plata,waterbody:Uruguay_Rio_de_la_Plata:Carrasco,2015-11-11
3f5224af2352696c,source_ood,1,validation,Uruguay_Rio_de_la_Plata,Uruguay_Rio_de_la_Plata,waterbody:Uruguay_Rio_de_la_Plata:PajasBlancas,2015-11-11
021cb9321d383aa3,source_ood,1,validation,Uruguay_Rio_de_la_Plata,Uruguay_Rio_de_la_Plata,waterbody:Uruguay_Rio_de_la_Plata:Malvin,2015-11-11
10ea7b9b7537218e,source_ood,1,validation,Uruguay_Rio_de_la_Plata,Uruguay_Rio_de_la_Plata,waterbody:Uruguay_Rio_de_la_Plata:Ramirez,2015-11-11
f00ef3a7ac553568,source_ood,1,validation,Uruguay_Rio_de_la_Plata,Uruguay_Rio_de_la_Plata,waterbody:Uruguay_Rio_de_la_Plata:Cerro,2015-11-18
b5e4a87ae300f32d,source_ood,1,validation,Uruguay_Rio_de_la_Plata,Uruguay_Rio_de_la_Plata,waterbody:Uruguay_Rio_de_la_Plata:Malvin,2015-11-18
eb1e8b0d710b4138,source_ood,1,validation,Uruguay_Rio_de_la_Plata,Uruguay_Rio_de_la_Plata,waterbody:Uruguay_Rio_de_la_Plata:Carrasco,2015-11-18
a217603054a3af04,source_ood,1,validation,Uruguay_Rio_de_la_Plata,Uruguay_Rio_de_la_Plata,waterbody:Uruguay_Rio_de_la_Plata:Ramirez,2015-11-18
4fd1409501824a33,source_ood,1,validation,Uruguay_Rio_de_la_Plata,Uruguay_Rio_de_la_Plata,waterbody:Uruguay_Rio_de_la_Plata:PocitosBarreiro,2015-11-18
a0dc540e2dd23e5a,source_ood,1,validation,Uruguay_Rio_de_la_Plata,Uruguay_Rio_de_la_Plata,waterbody:Uruguay_Rio_de_la_Plata:PajasBlancas,2015-11-18
be6658da8c066020,source_ood,1,validation,Uruguay_Rio_de_la_Plata,Uruguay_Rio_de_la_Plata,waterbody:Uruguay_Rio_de_la_Plata:PocitosBarreiro,2015-11-25
9815bc5ce6b047df,source_ood,1,validation,Uruguay_Rio_de_la_Plata,Uruguay_Rio_de_la_Plata,waterbody:Uruguay_Rio_de_la_Plata:PajasBlancas,2015-11-25
0bfbc5a48cf43eab,source_ood,1,validation,Uruguay_Rio_de_la_Plata,Uruguay_Rio_de_la_Plata,waterbody:Uruguay_Rio_de_la_Plata:Carrasco,2015-11-25
dfd566978b2f8524,source_ood,1,validation,Uruguay_Rio_de_la_Plata,Uruguay_Rio_de_la_Plata,waterbody:Uruguay_Rio_de_la_Plata:Ramirez,2015-11-25
fc56b5967dfa459b,source_ood,1,validation,Uruguay_Rio_de_la_Plata,Uruguay_Rio_de_la_Plata,waterbody:Uruguay_Rio_de_la_Plata:Malvin,2015-11-25
36d4a8e24eb700dc,source_ood,1,validation,Uruguay_Rio_de_la_Plata,Uruguay_Rio_de_la_Plata,waterbody:Uruguay_Rio_de_la_Plata:Cerro,2015-11-25
9f47520ff2806cd3,source_ood,1,validation,Uruguay_Rio_de_la_Plata,Uruguay_Rio_de_la_Plata,waterbody:Uruguay_Rio_de_la_Plata:Malvin,2015-12-02
d1f9adefa9c1bd31,source_ood,1,validation,Uruguay_Rio_de_la_Plata,Uruguay_Rio_de_la_Plata,waterbody:Uruguay_Rio_de_la_Plata:PocitosBarreiro,2015-12-02
d428fcd87097afad,source_ood,1,validation,Uruguay_Rio_de_la_Plata,Uruguay_Rio_de_la_Plata,waterbody:Uruguay_Rio_de_la_Plata:Carrasco,2015-12-02
3395a0399dd5139e,source_ood,1,validation,Uruguay_Rio_de_la_Plata,Uruguay_Rio_de_la_Plata,waterbody:Uruguay_Rio_de_la_Plata:Cerro,2015-12-02
777f732dadecf3a7,source_ood,1,validation,Uruguay_Rio_de_la_Plata,Uruguay_Rio_de_la_Plata,waterbody:Uruguay_Rio_de_la_Plata:PajasBlancas,2015-12-02
453aab5403696257,source_ood,1,validation,Uruguay_Rio_de_la_Plata,Uruguay_Rio_de_la_Plata,waterbody:Uruguay_Rio_de_la_Plata:Ramirez,2015-12-02
cabab5c060a24fe2,source_ood,1,validation,Uruguay_Rio_de_la_Plata,Uruguay_Rio_de_la_Plata,waterbody:Uruguay_Rio_de_la_Plata:PuntaYeguas,2015-12-08
db1e0c13ce9e7469,source_ood,1,validation,Uruguay_Rio_de_la_Plata,Uruguay_Rio_de_la_Plata,waterbody:Uruguay_Rio_de_la_Plata:PajasBlancas,2015-12-08
9579b7fa57756099,source_ood,1,validation,Uruguay_Rio_de_la_Plata,Uruguay_Rio_de_la_Plata,waterbody:Uruguay_Rio_de_la_Plata:Carrasco,2015-12-08
4cbd0658ea5635a2,source_ood,1,validation,Uruguay_Rio_de_la_Plata,Uruguay_Rio_de_la_Plata,waterbody:Uruguay_Rio_de_la_Plata:Cerro,2015-12-08
eef10664f1760934,source_ood,1,validation,Uruguay_Rio_de_la_Plata,Uruguay_Rio_de_la_Plata,waterbody:Uruguay_Rio_de_la_Plata:Ramirez,2015-12-08
201df09557d80328,source_ood,1,validation,Uruguay_Rio_de_la_Plata,Uruguay_Rio_de_la_Plata,waterbody:Uruguay_Rio_de_la_Plata:PocitosBarreiro,2015-12-08
9009bc6263f587f7,source_ood,1,validation,Uruguay_Rio_de_la_Plata,Uruguay_Rio_de_la_Plata,waterbody:Uruguay_Rio_de_la_Plata:Malvin,2015-12-08
215b6ef78881eb8d,source_ood,1,validation,Uruguay_Rio_de_la_Plata,Uruguay_Rio_de_la_Plata,waterbody:Uruguay_Rio_de_la_Plata:Ramirez,2015-12-09
30786e599c1fb3f6,source_ood,1,validation,Uruguay_Rio_de_la_Plata,Uruguay_Rio_de_la_Plata,waterbody:Uruguay_Rio_de_la_Plata:PajasBlancas,2015-12-16
654d11467dde4831,source_ood,1,validation,Uruguay_Rio_de_la_Plata,Uruguay_Rio_de_la_Plata,waterbody:Uruguay_Rio_de_la_Plata:Cerro,2015-12-16
bd34c35ad99db185,source_ood,1,validation,Uruguay_Rio_de_la_Plata,Uruguay_Rio_de_la_Plata,waterbody:Uruguay_Rio_de_la_Plata:SantaCatalina,2015-12-16
dd7df0f409681a68,source_ood,1,validation,Uruguay_Rio_de_la_Plata,Uruguay_Rio_de_la_Plata,waterbody:Uruguay_Rio_de_la_Plata:PocitosBarreiro,2015-12-16
9ade18f57e8dcb4e,source_ood,1,validation,Uruguay_Rio_de_la_Plata,Uruguay_Rio_de_la_Plata,waterbody:Uruguay_Rio_de_la_Plata:PuntaEspinillo,2015-12-16
1b99ea7633487899,source_ood,1,validation,Uruguay_Rio_de_la_Plata,Uruguay_Rio_de_la_Plata,waterbody:Uruguay_Rio_de_la_Plata:Malvin,2015-12-16
7ad49a71fb8611be,source_ood,1,validation,Uruguay_Rio_de_la_Plata,Uruguay_Rio_de_la_Plata,waterbody:Uruguay_Rio_de_la_Plata:Ramirez,2015-12-16
d73d2166d5f36d44,source_ood,1,validation,Uruguay_Rio_de_la_Plata,Uruguay_Rio_de_la_Plata,waterbody:Uruguay_Rio_de_la_Plata:Ingleses,2015-12-16
5dcde35185a72425,source_ood,1,validation,Uruguay_Rio_de_la_Plata,Uruguay_Rio_de_la_Plata,waterbody:Uruguay_Rio_de_la_Plata:Carrasco,2015-12-16
f1128c57b8944eb3,source_ood,1,validation,Uruguay_Rio_de_la_Plata,Uruguay_Rio_de_la_Plata,waterbody:Uruguay_Rio_de_la_Plata:PocitosBarreiro,2015-12-19
afd5d0686987328b,source_ood,1,validation,Uruguay_Rio_de_la_Plata,Uruguay_Rio_de_la_Plata,waterbody:Uruguay_Rio_de_la_Plata:PajasBlancas,2015-12-23
b1ea88e2d0cc4357,source_ood,1,validation,Uruguay_Rio_de_la_Plata,Uruguay_Rio_de_la_Plata,waterbody:Uruguay_Rio_de_la_Plata:Malvin,2015-12-23
c80f5590c69b96b0,source_ood,1,validation,Uruguay_Rio_de_la_Plata,Uruguay_Rio_de_la_Plata,waterbody:Uruguay_Rio_de_la_Plata:PocitosBarreiro,2015-12-23
023c9c279cb6709b,source_ood,1,validation,Uruguay_Rio_de_la_Plata,Uruguay_Rio_de_la_Plata,waterbody:Uruguay_Rio_de_la_Plata:Carrasco,2015-12-23
d05db6252ab41b35,source_ood,1,validation,Uruguay_Rio_de_la_Plata,Uruguay_Rio_de_la_Plata,waterbody:Uruguay_Rio_de_la_Plata:Ramirez,2015-12-23
4fa6766d51cde0b1,source_ood,1,validation,Uruguay_Rio_de_la_Plata,Uruguay_Rio_de_la_Plata,waterbody:Uruguay_Rio_de_la_Plata:Cerro,2015-12-23
c42ccc63d4dff054,source_ood,1,validation,Uruguay_Rio_de_la_Plata,Uruguay_Rio_de_la_Plata,waterbody:Uruguay_Rio_de_la_Plata:Ramirez,2015-12-28
e187640515b6371f,source_ood,1,validation,Uruguay_Rio_de_la_Plata,Uruguay_Rio_de_la_Plata,waterbody:Uruguay_Rio_de_la_Plata:PajasBlancas,2015-12-29
d990926d3a3c6da2,source_ood,1,validation,Uruguay_Rio_de_la_Plata,Uruguay_Rio_de_la_Plata,waterbody:Uruguay_Rio_de_la_Plata:Malvin,2015-12-29
b074a2f3d2f8b058,source_ood,1,validation,Uruguay_Rio_de_la_Plata,Uruguay_Rio_de_la_Plata,waterbody:Uruguay_Rio_de_la_Plata:Cerro,2015-12-29
6850e5b6afda903d,source_ood,1,validation,Uruguay_Rio_de_la_Plata,Uruguay_Rio_de_la_Plata,waterbody:Uruguay_Rio_de_la_Plata:Ramirez,2015-12-29
37c57d59e3dcc7c1,source_ood,1,validation,Uruguay_Rio_de_la_Plata,Uruguay_Rio_de_la_Plata,waterbody:Uruguay_Rio_de_la_Plata:Carrasco,2015-12-29
e16b196380834da7,source_ood,1,validation,Uruguay_Rio_de_la_Plata,Uruguay_Rio_de_la_Plata,waterbody:Uruguay_Rio_de_la_Plata:PocitosBarreiro,2015-12-29
418654d5bb18b329,source_ood,1,validation,Uruguay_Rio_de_la_Plata,Uruguay_Rio_de_la_Plata,waterbody:Uruguay_Rio_de_la_Plata:PuertoBuceo,2015-12-29
3372fdf3ee48e131,source_ood,1,validation,Uruguay_Rio_de_la_Plata,Uruguay_Rio_de_la_Plata,waterbody:Uruguay_Rio_de_la_Plata:PajasBlancas,2016-01-04
f81c4aad85d39603,source_ood,1,validation,Uruguay_Rio_de_la_Plata,Uruguay_Rio_de_la_Plata,waterbody:Uruguay_Rio_de_la_Plata:Carrasco,2016-01-04
8e6a50680838d27e,source_ood,1,validation,Uruguay_Rio_de_la_Plata,Uruguay_Rio_de_la_Plata,waterbody:Uruguay_Rio_de_la_Plata:Cerro,2016-01-04
27e617e2ccc082c8,source_ood,1,validation,Uruguay_Rio_de_la_Plata,Uruguay_Rio_de_la_Plata,waterbody:Uruguay_Rio_de_la_Plata:Ramirez,2016-01-04
7116079448aa8cb1,source_ood,1,validation,Uruguay_Rio_de_la_Plata,Uruguay_Rio_de_la_Plata,waterbody:Uruguay_Rio_de_la_Plata:Malvin,2016-01-04
cd6a98585c4e7c56,source_ood,1,validation,Uruguay_Rio_de_la_Plata,Uruguay_Rio_de_la_Plata,waterbody:Uruguay_Rio_de_la_Plata:PocitosBarreiro,2016-01-04
3100b071172e7ecc,source_ood,1,validation,Uruguay_Rio_de_la_Plata,Uruguay_Rio_de_la_Plata,waterbody:Uruguay_Rio_de_la_Plata:PajasBlancas,2016-01-05
b6460587aeb3b8a0,source_ood,1,validation,Uruguay_Rio_de_la_Plata,Uruguay_Rio_de_la_Plata,waterbody:Uruguay_Rio_de_la_Plata:Cerro,2016-01-05
6c20d605345bcfa8,source_ood,1,validation,Uruguay_Rio_de_la_Plata,Uruguay_Rio_de_la_Plata,waterbody:Uruguay_Rio_de_la_Plata:Malvin,2016-01-11
90d68b32e3b3b5c0,source_ood,1,validation,Uruguay_Rio_de_la_Plata,Uruguay_Rio_de_la_Plata,waterbody:Uruguay_Rio_de_la_Plata:Carrasco,2016-01-11
ad4888675ae6ed65,source_ood,1,validation,Uruguay_Rio_de_la_Plata,Uruguay_Rio_de_la_Plata,waterbody:Uruguay_Rio_de_la_Plata:PajasBlancas,2016-01-11
5c49e41d1e752877,source_ood,1,validation,Uruguay_Rio_de_la_Plata,Uruguay_Rio_de_la_Plata,waterbody:Uruguay_Rio_de_la_Plata:Cerro,2016-01-11
749209356ba53873,source_ood,1,validation,Uruguay_Rio_de_la_Plata,Uruguay_Rio_de_la_Plata,waterbody:Uruguay_Rio_de_la_Plata:Ramirez,2016-01-11
1deb68ee44f99571,source_ood,1,validation,Uruguay_Rio_de_la_Plata,Uruguay_Rio_de_la_Plata,waterbody:Uruguay_Rio_de_la_Plata:PocitosBarreiro,2016-01-11
04aed44986e88791,source_ood,1,validation,Uruguay_Rio_de_la_Plata,Uruguay_Rio_de_la_Plata,waterbody:Uruguay_Rio_de_la_Plata:Ramirez,2016-01-21
a967a1756ee2b37e,source_ood,1,validation,Uruguay_Rio_de_la_Plata,Uruguay_Rio_de_la_Plata,waterbody:Uruguay_Rio_de_la_Plata:PocitosBarreiro,2016-01-21
20dc56cd8e5b1593,source_ood,1,validation,Uruguay_Rio_de_la_Plata,Uruguay_Rio_de_la_Plata,waterbody:Uruguay_Rio_de_la_Plata:PajasBlancas,2016-01-21
c32dc2c7e0704cae,source_ood,1,validation,Uruguay_Rio_de_la_Plata,Uruguay_Rio_de_la_Plata,waterbody:Uruguay_Rio_de_la_Plata:Cerro,2016-01-21
1081886e4b731272,source_ood,1,validation,Uruguay_Rio_de_la_Plata,Uruguay_Rio_de_la_Plata,waterbody:Uruguay_Rio_de_la_Plata:Malvin,2016-01-21
bab4cdc2c6649a39,source_ood,1,validation,Uruguay_Rio_de_la_Plata,Uruguay_Rio_de_la_Plata,waterbody:Uruguay_Rio_de_la_Plata:Carrasco,2016-01-21
77b164f4cee008b3,source_ood,1,validation,Uruguay_Rio_de_la_Plata,Uruguay_Rio_de_la_Plata,waterbody:Uruguay_Rio_de_la_Plata:Cerro,2016-01-28
97183cb5aa9d3b94,source_ood,1,validation,Uruguay_Rio_de_la_Plata,Uruguay_Rio_de_la_Plata,waterbody:Uruguay_Rio_de_la_Plata:Ramirez,2016-01-28
aacad3b777b4d5d0,source_ood,1,validation,Uruguay_Rio_de_la_Plata,Uruguay_Rio_de_la_Plata,waterbody:Uruguay_Rio_de_la_Plata:PajasBlancas,2016-01-28
450612391038f9ba,source_ood,1,validation,Uruguay_Rio_de_la_Plata,Uruguay_Rio_de_la_Plata,waterbody:Uruguay_Rio_de_la_Plata:Carrasco,2016-01-28
5ee7fb6fee9464fe,source_ood,1,validation,Uruguay_Rio_de_la_Plata,Uruguay_Rio_de_la_Plata,waterbody:Uruguay_Rio_de_la_Plata:Malvin,2016-01-28
643ac77262f229bc,source_ood,1,validation,Uruguay_Rio_de_la_Plata,Uruguay_Rio_de_la_Plata,waterbody:Uruguay_Rio_de_la_Plata:PocitosBarreiro,2016-01-28
54d68579dfc6ff2a,source_ood,1,validation,Uruguay_Rio_de_la_Plata,Uruguay_Rio_de_la_Plata,waterbody:Uruguay_Rio_de_la_Plata:PajasBlancas,2016-02-02
714376341b9ac089,source_ood,1,validation,Uruguay_Rio_de_la_Plata,Uruguay_Rio_de_la_Plata,waterbody:Uruguay_Rio_de_la_Plata:PocitosBarreiro,2016-02-02
4a3ce8f1c8410670,source_ood,1,validation,Uruguay_Rio_de_la_Plata,Uruguay_Rio_de_la_Plata,waterbody:Uruguay_Rio_de_la_Plata:Malvin,2016-02-02
bab48ce1f61afbd9,source_ood,1,validation,Uruguay_Rio_de_la_Plata,Uruguay_Rio_de_la_Plata,waterbody:Uruguay_Rio_de_la_Plata:Carrasco,2016-02-02
623a04441071fba5,source_ood,1,validation,Uruguay_Rio_de_la_Plata,Uruguay_Rio_de_la_Plata,waterbody:Uruguay_Rio_de_la_Plata:Ramirez,2016-02-02
79d658212c52d0e4,source_ood,1,validation,Uruguay_Rio_de_la_Plata,Uruguay_Rio_de_la_Plata,waterbody:Uruguay_Rio_de_la_Plata:Cerro,2016-02-02
f034944e2683e8cc,source_ood,1,validation,Uruguay_Rio_de_la_Plata,Uruguay_Rio_de_la_Plata,waterbody:Uruguay_Rio_de_la_Plata:PajasBlancas,2016-02-11
cb223620e2e13d2d,source_ood,1,validation,Uruguay_Rio_de_la_Plata,Uruguay_Rio_de_la_Plata,waterbody:Uruguay_Rio_de_la_Plata:Cerro,2016-02-11
5f370dcadc253bc0,source_ood,1,validation,Uruguay_Rio_de_la_Plata,Uruguay_Rio_de_la_Plata,waterbody:Uruguay_Rio_de_la_Plata:Ramirez,2016-02-11
ff9c02c3a19105d4,source_ood,1,validation,Uruguay_Rio_de_la_Plata,Uruguay_Rio_de_la_Plata,waterbody:Uruguay_Rio_de_la_Plata:PocitosBarreiro,2016-02-11
09eeea0651c811ba,source_ood,1,validation,Uruguay_Rio_de_la_Plata,Uruguay_Rio_de_la_Plata,waterbody:Uruguay_Rio_de_la_Plata:Malvin,2016-02-11
d07642a92e9f563c,source_ood,1,validation,Uruguay_Rio_de_la_Plata,Uruguay_Rio_de_la_Plata,waterbody:Uruguay_Rio_de_la_Plata:Carrasco,2016-02-11
0e1ba086fe1d1ab1,source_ood,1,validation,Uruguay_Rio_de_la_Plata,Uruguay_Rio_de_la_Plata,waterbody:Uruguay_Rio_de_la_Plata:PocitosBarreiro,2016-02-15
fa0447cdfc00cf0a,source_ood,1,validation,Uruguay_Rio_de_la_Plata,Uruguay_Rio_de_la_Plata,waterbody:Uruguay_Rio_de_la_Plata:SantaCatalina,2016-02-15
ef0fe8f3af7e63df,source_ood,1,validation,Uruguay_Rio_de_la_Plata,Uruguay_Rio_de_la_Plata,waterbody:Uruguay_Rio_de_la_Plata:Nacional,2016-02-15
005f2a70b98c2045,source_ood,1,validation,Uruguay_Rio_de_la_Plata,Uruguay_Rio_de_la_Plata,waterbody:Uruguay_Rio_de_la_Plata:Cerro,2016-02-15
f1521f311bd63284,source_ood,1,validation,Uruguay_Rio_de_la_Plata,Uruguay_Rio_de_la_Plata,waterbody:Uruguay_Rio_de_la_Plata:PocitosAvenidaBrasil,2016-02-15
5ba8ec30e4a622b0,source_ood,1,validation,Uruguay_Rio_de_la_Plata,Uruguay_Rio_de_la_Plata,waterbody:Uruguay_Rio_de_la_Plata:Malvin,2016-02-16
65329e2b5f3447c3,source_ood,1,validation,Uruguay_Rio_de_la_Plata,Uruguay_Rio_de_la_Plata,waterbody:Uruguay_Rio_de_la_Plata:PajasBlancas,2016-02-16
003bca43daebd255,source_ood,1,validation,Uruguay_Rio_de_la_Plata,Uruguay_Rio_de_la_Plata,waterbody:Uruguay_Rio_de_la_Plata:Cerro,2016-02-16
222f771faddceb74,source_ood,1,validation,Uruguay_Rio_de_la_Plata,Uruguay_Rio_de_la_Plata,waterbody:Uruguay_Rio_de_la_Plata:PocitosBarreiro,2016-02-16
c419dd407d071e28,source_ood,1,validation,Uruguay_Rio_de_la_Plata,Uruguay_Rio_de_la_Plata,waterbody:Uruguay_Rio_de_la_Plata:Carrasco,2016-02-23
55b7930a5a8d04eb,source_ood,1,validation,Uruguay_Rio_de_la_Plata,Uruguay_Rio_de_la_Plata,waterbody:Uruguay_Rio_de_la_Plata:Ramirez,2016-02-23
b32824f48176040a,source_ood,1,validation,Uruguay_Rio_de_la_Plata,Uruguay_Rio_de_la_Plata,waterbody:Uruguay_Rio_de_la_Plata:PocitosBarreiro,2016-02-23
426d6bb14c7b06db,source_ood,1,validation,Uruguay_Rio_de_la_Plata,Uruguay_Rio_de_la_Plata,waterbody:Uruguay_Rio_de_la_Plata:Malvin,2016-02-23
5a32ecdf50700539,source_ood,1,validation,Uruguay_Rio_de_la_Plata,Uruguay_Rio_de_la_Plata,waterbody:Uruguay_Rio_de_la_Plata:Cerro,2016-02-23
5d84b78fbaad0ba2,source_ood,1,validation,Uruguay_Rio_de_la_Plata,Uruguay_Rio_de_la_Plata,waterbody:Uruguay_Rio_de_la_Plata:Malvin,2016-02-29
52fe6818df46f5bd,source_ood,1,validation,Uruguay_Rio_de_la_Plata,Uruguay_Rio_de_la_Plata,waterbody:Uruguay_Rio_de_la_Plata:PocitosBarreiro,2016-02-29
83612fab04cec46d,source_ood,1,validation,Uruguay_Rio_de_la_Plata,Uruguay_Rio_de_la_Plata,waterbody:Uruguay_Rio_de_la_Plata:Carrasco,2016-02-29
630e39b69e9766e3,source_ood,1,validation,Uruguay_Rio_de_la_Plata,Uruguay_Rio_de_la_Plata,waterbody:Uruguay_Rio_de_la_Plata:Malvin,2016-03-01
deebb3e4d42a37fe,source_ood,1,validation,Uruguay_Rio_de_la_Plata,Uruguay_Rio_de_la_Plata,waterbody:Uruguay_Rio_de_la_Plata:Carrasco,2016-03-01
ff62fbaf6f7d81af,source_ood,1,validation,Uruguay_Rio_de_la_Plata,Uruguay_Rio_de_la_Plata,waterbody:Uruguay_Rio_de_la_Plata:PocitosBarreiro,2016-03-01
894ea961da53b54d,source_ood,1,validation,Uruguay_Rio_de_la_Plata,Uruguay_Rio_de_la_Plata,waterbody:Uruguay_Rio_de_la_Plata:Cerro,2016-03-01
b8475ef48bf605ef,source_ood,1,validation,Uruguay_Rio_de_la_Plata,Uruguay_Rio_de_la_Plata,waterbody:Uruguay_Rio_de_la_Plata:SantaCatalina,2016-03-07
c3e51d0feddf17f9,source_ood,1,validation,Uruguay_Rio_de_la_Plata,Uruguay_Rio_de_la_Plata,waterbody:Uruguay_Rio_de_la_Plata:LaColorada,2016-03-07
68d03e2d69c9e843,source_ood,1,validation,Uruguay_Rio_de_la_Plata,Uruguay_Rio_de_la_Plata,waterbody:Uruguay_Rio_de_la_Plata:Ramirez,2016-03-08
8f964c0a9e6356ed,source_ood,1,validation,Uruguay_Rio_de_la_Plata,Uruguay_Rio_de_la_Plata,waterbody:Uruguay_Rio_de_la_Plata:PocitosBarreiro,2016-03-11
8ebd4153378b1128,source_ood,1,validation,Uruguay_Rio_de_la_Plata,Uruguay_Rio_de_la_Plata,waterbody:Uruguay_Rio_de_la_Plata:Malvin,2016-03-11
7c48a27306f1eb78,source_ood,1,validation,Uruguay_Rio_de_la_Plata,Uruguay_Rio_de_la_Plata,waterbody:Uruguay_Rio_de_la_Plata:Carrasco,2016-03-11
83459529f60750bf,source_ood,1,validation,Uruguay_Rio_de_la_Plata,Uruguay_Rio_de_la_Plata,waterbody:Uruguay_Rio_de_la_Plata:PajasBlancas,2016-03-11
1ac00caf6b70f61a,source_ood,1,validation,Uruguay_Rio_de_la_Plata,Uruguay_Rio_de_la_Plata,waterbody:Uruguay_Rio_de_la_Plata:Cerro,2016-03-11
cac8d3d32f6e52d5,source_ood,1,validation,Uruguay_Rio_de_la_Plata,Uruguay_Rio_de_la_Plata,waterbody:Uruguay_Rio_de_la_Plata:Ramirez,2016-03-11
1531ffbc59c41ed4,source_ood,1,validation,Uruguay_Rio_de_la_Plata,Uruguay_Rio_de_la_Plata,waterbody:Uruguay_Rio_de_la_Plata:PajasBlancas,2016-03-16
be8e2ff45637ec5e,source_ood,1,validation,Uruguay_Rio_de_la_Plata,Uruguay_Rio_de_la_Plata,waterbody:Uruguay_Rio_de_la_Plata:Malvin,2016-03-16
20a6e2b991ef5eef,source_ood,1,validation,Uruguay_Rio_de_la_Plata,Uruguay_Rio_de_la_Plata,waterbody:Uruguay_Rio_de_la_Plata:Ramirez,2016-03-16
e67279f0ef3250c2,source_ood,1,validation,Uruguay_Rio_de_la_Plata,Uruguay_Rio_de_la_Plata,waterbody:Uruguay_Rio_de_la_Plata:PocitosBarreiro,2016-03-16
2dd15fe8a9940181,source_ood,1,validation,Uruguay_Rio_de_la_Plata,Uruguay_Rio_de_la_Plata,waterbody:Uruguay_Rio_de_la_Plata:Carrasco,2016-03-16
794428d6f131dadd,source_ood,1,validation,Uruguay_Rio_de_la_Plata,Uruguay_Rio_de_la_Plata,waterbody:Uruguay_Rio_de_la_Plata:Cerro,2016-03-16
68ad4305c3dfdcb7,source_ood,1,validation,Uruguay_Rio_de_la_Plata,Uruguay_Rio_de_la_Plata,waterbody:Uruguay_Rio_de_la_Plata:Ramirez,2016-03-29
1852c4f5b4f09ece,source_ood,1,validation,Uruguay_Rio_de_la_Plata,Uruguay_Rio_de_la_Plata,waterbody:Uruguay_Rio_de_la_Plata:PajasBlancas,2016-03-29
72f78cb57bb0a2a6,source_ood,1,validation,Uruguay_Rio_de_la_Plata,Uruguay_Rio_de_la_Plata,waterbody:Uruguay_Rio_de_la_Plata:Cerro,2016-03-31
331f21e53019b8f1,source_ood,1,validation,Uruguay_Rio_de_la_Plata,Uruguay_Rio_de_la_Plata,waterbody:Uruguay_Rio_de_la_Plata:Ramirez,2016-03-31
41dbf2e133c82a65,source_ood,1,validation,Uruguay_Rio_de_la_Plata,Uruguay_Rio_de_la_Plata,waterbody:Uruguay_Rio_de_la_Plata:Carrasco,2016-03-31
54842b8a02d02384,source_ood,1,validation,Uruguay_Rio_de_la_Plata,Uruguay_Rio_de_la_Plata,waterbody:Uruguay_Rio_de_la_Plata:PocitosBarreiro,2016-03-31
2f24aaaf1be7f8f1,source_ood,1,validation,Uruguay_Rio_de_la_Plata,Uruguay_Rio_de_la_Plata,waterbody:Uruguay_Rio_de_la_Plata:Malvin,2016-03-31
2442f75cd3e328e1,source_ood,1,validation,Uruguay_Rio_de_la_Plata,Uruguay_Rio_de_la_Plata,waterbody:Uruguay_Rio_de_la_Plata:PajasBlancas,2016-03-31
9256119133d515b7,source_ood,1,validation,Uruguay_Rio_de_la_Plata,Uruguay_Rio_de_la_Plata,waterbody:Uruguay_Rio_de_la_Plata:PocitosBarreiro,2016-04-07
cb4f5813622531e5,source_ood,1,validation,Uruguay_Rio_de_la_Plata,Uruguay_Rio_de_la_Plata,waterbody:Uruguay_Rio_de_la_Plata:Ramirez,2016-04-07
4b9b40f7c52d63a6,source_ood,1,validation,Uruguay_Rio_de_la_Plata,Uruguay_Rio_de_la_Plata,waterbody:Uruguay_Rio_de_la_Plata:Carrasco,2016-04-07
0077510de3b4aca7,source_ood,1,validation,Uruguay_Rio_de_la_Plata,Uruguay_Rio_de_la_Plata,waterbody:Uruguay_Rio_de_la_Plata:Malvin,2016-04-07
0b0c96d8cfa876ac,source_ood,1,validation,Uruguay_Rio_de_la_Plata,Uruguay_Rio_de_la_Plata,waterbody:Uruguay_Rio_de_la_Plata:PajasBlancas,2016-04-07
aee10986bd8d20e2,source_ood,1,validation,Uruguay_Rio_de_la_Plata,Uruguay_Rio_de_la_Plata,waterbody:Uruguay_Rio_de_la_Plata:Cerro,2016-04-07
c402e82842b15e94,source_ood,1,validation,Uruguay_Rio_de_la_Plata,Uruguay_Rio_de_la_Plata,waterbody:Uruguay_Rio_de_la_Plata:PajasBlancas,2016-04-15
48b2bdffc2cdfa6c,source_ood,1,validation,Uruguay_Rio_de_la_Plata,Uruguay_Rio_de_la_Plata,waterbody:Uruguay_Rio_de_la_Plata:Cerro,2016-04-15
5c0040c99a7b1b1c,source_ood,1,validation,Uruguay_Rio_de_la_Plata,Uruguay_Rio_de_la_Plata,waterbody:Uruguay_Rio_de_la_Plata:Ramirez,2016-04-15
43f88cab431cb4ca,source_ood,1,validation,Uruguay_Rio_de_la_Plata,Uruguay_Rio_de_la_Plata,waterbody:Uruguay_Rio_de_la_Plata:PocitosBarreiro,2016-04-15
5de6b4cbf522fad6,source_ood,1,validation,Uruguay_Rio_de_la_Plata,Uruguay_Rio_de_la_Plata,waterbody:Uruguay_Rio_de_la_Plata:Malvin,2016-04-15
12484ddec9bd24d0,source_ood,1,validation,Uruguay_Rio_de_la_Plata,Uruguay_Rio_de_la_Plata,waterbody:Uruguay_Rio_de_la_Plata:PocitosBarreiro,2016-04-22
458ce78fb9c63473,source_ood,1,validation,Uruguay_Rio_de_la_Plata,Uruguay_Rio_de_la_Plata,waterbody:Uruguay_Rio_de_la_Plata:Malvin,2016-04-22
36ace58125b509fe,source_ood,1,validation,Uruguay_Rio_de_la_Plata,Uruguay_Rio_de_la_Plata,waterbody:Uruguay_Rio_de_la_Plata:Cerro,2016-04-22
1213a0778cb01f1b,source_ood,1,validation,Uruguay_Rio_de_la_Plata,Uruguay_Rio_de_la_Plata,waterbody:Uruguay_Rio_de_la_Plata:Ramirez,2016-04-22
1d89e7efe10824b7,source_ood,1,validation,Uruguay_Rio_de_la_Plata,Uruguay_Rio_de_la_Plata,waterbody:Uruguay_Rio_de_la_Plata:Carrasco,2016-04-22
d2571b133b41735e,source_ood,1,validation,Uruguay_Rio_de_la_Plata,Uruguay_Rio_de_la_Plata,waterbody:Uruguay_Rio_de_la_Plata:PajasBlancas,2016-04-22
d26b1d8ff9798998,source_ood,1,validation,Uruguay_Rio_de_la_Plata,Uruguay_Rio_de_la_Plata,waterbody:Uruguay_Rio_de_la_Plata:PocitosBarreiro,2016-04-28
896c7dcb9a6e98d4,source_ood,1,validation,Uruguay_Rio_de_la_Plata,Uruguay_Rio_de_la_Plata,waterbody:Uruguay_Rio_de_la_Plata:Carrasco,2016-04-28
4fb3cd71d7ab169f,source_ood,1,validation,Uruguay_Rio_de_la_Plata,Uruguay_Rio_de_la_Plata,waterbody:Uruguay_Rio_de_la_Plata:PajasBlancas,2016-04-28
7c07d1d5ad77f2fe,source_ood,1,validation,Uruguay_Rio_de_la_Plata,Uruguay_Rio_de_la_Plata,waterbody:Uruguay_Rio_de_la_Plata:Cerro,2016-04-28
d4d19b356b1c76a9,source_ood,1,validation,Uruguay_Rio_de_la_Plata,Uruguay_Rio_de_la_Plata,waterbody:Uruguay_Rio_de_la_Plata:Ramirez,2016-04-28
2cbd62edb19a2a88,source_ood,1,validation,Uruguay_Rio_de_la_Plata,Uruguay_Rio_de_la_Plata,waterbody:Uruguay_Rio_de_la_Plata:Malvin,2016-04-28
8f22cc82c40525ba,source_ood,1,validation,Uruguay_Rio_de_la_Plata,Uruguay_Rio_de_la_Plata,waterbody:Uruguay_Rio_de_la_Plata:PajasBlancas,2016-05-10
576bebbd2b793ddd,source_ood,1,validation,Uruguay_Rio_de_la_Plata,Uruguay_Rio_de_la_Plata,waterbody:Uruguay_Rio_de_la_Plata:Malvin,2016-05-10
41916594f8f2d1d1,source_ood,1,validation,Uruguay_Rio_de_la_Plata,Uruguay_Rio_de_la_Plata,waterbody:Uruguay_Rio_de_la_Plata:Carrasco,2016-05-10
c33078449a5aa4ff,source_ood,1,validation,Uruguay_Rio_de_la_Plata,Uruguay_Rio_de_la_Plata,waterbody:Uruguay_Rio_de_la_Plata:Cerro,2016-05-10
cbd083c1a1aebdda,source_ood,1,validation,Uruguay_Rio_de_la_Plata,Uruguay_Rio_de_la_Plata,waterbody:Uruguay_Rio_de_la_Plata:Ramirez,2016-05-10
94c47c59fa29a484,source_ood,1,validation,Uruguay_Rio_de_la_Plata,Uruguay_Rio_de_la_Plata,waterbody:Uruguay_Rio_de_la_Plata:PocitosBarreiro,2016-05-10
b7a9f6968964e71e,source_ood,1,validation,Uruguay_Rio_de_la_Plata,Uruguay_Rio_de_la_Plata,waterbody:Uruguay_Rio_de_la_Plata:Malvin,2016-06-07
790b038691a4dfe1,source_ood,1,validation,Uruguay_Rio_de_la_Plata,Uruguay_Rio_de_la_Plata,waterbody:Uruguay_Rio_de_la_Plata:Carrasco,2016-06-07
ec13d6f54d6911e8,source_ood,1,validation,Uruguay_Rio_de_la_Plata,Uruguay_Rio_de_la_Plata,waterbody:Uruguay_Rio_de_la_Plata:Ramirez,2016-06-07
6497788d0610f789,source_ood,1,validation,Uruguay_Rio_de_la_Plata,Uruguay_Rio_de_la_Plata,waterbody:Uruguay_Rio_de_la_Plata:PajasBlancas,2016-06-07
696b46a1ac19f71c,source_ood,1,validation,Uruguay_Rio_de_la_Plata,Uruguay_Rio_de_la_Plata,waterbody:Uruguay_Rio_de_la_Plata:Cerro,2016-06-07
f41479a6ceed1850,source_ood,1,validation,Uruguay_Rio_de_la_Plata,Uruguay_Rio_de_la_Plata,waterbody:Uruguay_Rio_de_la_Plata:PocitosBarreiro,2016-06-07
993e47cc8ff12b77,source_ood,1,validation,Uruguay_Rio_de_la_Plata,Uruguay_Rio_de_la_Plata,waterbody:Uruguay_Rio_de_la_Plata:Carrasco,2016-07-11
79378bff9d867fd2,source_ood,1,validation,Uruguay_Rio_de_la_Plata,Uruguay_Rio_de_la_Plata,waterbody:Uruguay_Rio_de_la_Plata:PajasBlancas,2016-07-11
c45fdf1e053ab1b4,source_ood,1,validation,Uruguay_Rio_de_la_Plata,Uruguay_Rio_de_la_Plata,waterbody:Uruguay_Rio_de_la_Plata:PocitosBarreiro,2016-07-11
158f2dbc04f7dbea,source_ood,1,validation,Uruguay_Rio_de_la_Plata,Uruguay_Rio_de_la_Plata,waterbody:Uruguay_Rio_de_la_Plata:Malvin,2016-07-11
1c235c359a8d3cb5,source_ood,1,validation,Uruguay_Rio_de_la_Plata,Uruguay_Rio_de_la_Plata,waterbody:Uruguay_Rio_de_la_Plata:Ramirez,2016-07-11
ba348fba18c6730e,source_ood,1,validation,Uruguay_Rio_de_la_Plata,Uruguay_Rio_de_la_Plata,waterbody:Uruguay_Rio_de_la_Plata:Cerro,2016-07-11
62c80c720bb534eb,source_ood,1,validation,Uruguay_Rio_de_la_Plata,Uruguay_Rio_de_la_Plata,waterbody:Uruguay_Rio_de_la_Plata:PajasBlancas,2016-08-15
092a634541765036,source_ood,1,validation,Uruguay_Rio_de_la_Plata,Uruguay_Rio_de_la_Plata,waterbody:Uruguay_Rio_de_la_Plata:Carrasco,2016-08-15
b8f87547b2dc73c4,source_ood,1,validation,Uruguay_Rio_de_la_Plata,Uruguay_Rio_de_la_Plata,waterbody:Uruguay_Rio_de_la_Plata:Ramirez,2016-08-15
a1c753942c059a4d,source_ood,1,validation,Uruguay_Rio_de_la_Plata,Uruguay_Rio_de_la_Plata,waterbody:Uruguay_Rio_de_la_Plata:Cerro,2016-08-15
9a8c8b596fc8b726,source_ood,1,validation,Uruguay_Rio_de_la_Plata,Uruguay_Rio_de_la_Plata,waterbody:Uruguay_Rio_de_la_Plata:Malvin,2016-08-15
7d93e9588a487887,source_ood,1,validation,Uruguay_Rio_de_la_Plata,Uruguay_Rio_de_la_Plata,waterbody:Uruguay_Rio_de_la_Plata:PocitosBarreiro,2016-08-15
9abaf27eca02f6de,source_ood,1,validation,Uruguay_Rio_de_la_Plata,Uruguay_Rio_de_la_Plata,waterbody:Uruguay_Rio_de_la_Plata:PocitosBarreiro,2016-09-08
e2cae6c949721f9b,source_ood,1,validation,Uruguay_Rio_de_la_Plata,Uruguay_Rio_de_la_Plata,waterbody:Uruguay_Rio_de_la_Plata:Malvin,2016-09-08
b967fe0a392d0eb5,source_ood,1,validation,Uruguay_Rio_de_la_Plata,Uruguay_Rio_de_la_Plata,waterbody:Uruguay_Rio_de_la_Plata:PajasBlancas,2016-09-08
bdf2dadd2a3bf805,source_ood,1,validation,Uruguay_Rio_de_la_Plata,Uruguay_Rio_de_la_Plata,waterbody:Uruguay_Rio_de_la_Plata:Carrasco,2016-09-08
2ea127119faa57a2,source_ood,1,validation,Uruguay_Rio_de_la_Plata,Uruguay_Rio_de_la_Plata,waterbody:Uruguay_Rio_de_la_Plata:Ramirez,2016-09-08
26ef1cfa2bc5f643,source_ood,1,validation,Uruguay_Rio_de_la_Plata,Uruguay_Rio_de_la_Plata,waterbody:Uruguay_Rio_de_la_Plata:Cerro,2016-09-08
3220f16313cce680,source_ood,1,validation,Uruguay_Rio_de_la_Plata,Uruguay_Rio_de_la_Plata,waterbody:Uruguay_Rio_de_la_Plata:Carrasco,2016-10-11
fbd4b05c94c9088a,source_ood,1,validation,Uruguay_Rio_de_la_Plata,Uruguay_Rio_de_la_Plata,waterbody:Uruguay_Rio_de_la_Plata:PocitosBarreiro,2016-10-11
c72bd4995fbb4954,source_ood,1,validation,Uruguay_Rio_de_la_Plata,Uruguay_Rio_de_la_Plata,waterbody:Uruguay_Rio_de_la_Plata:Malvin,2016-10-11
1867efe8ff157781,source_ood,1,validation,Uruguay_Rio_de_la_Plata,Uruguay_Rio_de_la_Plata,waterbody:Uruguay_Rio_de_la_Plata:Cerro,2016-10-11
23a090b8bdd97677,source_ood,1,validation,Uruguay_Rio_de_la_Plata,Uruguay_Rio_de_la_Plata,waterbody:Uruguay_Rio_de_la_Plata:PajasBlancas,2016-10-11
13888f6fd6c262c7,source_ood,1,validation,Uruguay_Rio_de_la_Plata,Uruguay_Rio_de_la_Plata,waterbody:Uruguay_Rio_de_la_Plata:Ramirez,2016-10-11
430f4c4aaaea7fba,source_ood,1,validation,Uruguay_Rio_de_la_Plata,Uruguay_Rio_de_la_Plata,waterbody:Uruguay_Rio_de_la_Plata:Malvin,2016-10-14
f8f5eec5f6f48740,source_ood,1,validation,Uruguay_Rio_de_la_Plata,Uruguay_Rio_de_la_Plata,waterbody:Uruguay_Rio_de_la_Plata:PajasBlancas,2016-10-14
99d04b6f3a4b9651,source_ood,1,validation,Uruguay_Rio_de_la_Plata,Uruguay_Rio_de_la_Plata,waterbody:Uruguay_Rio_de_la_Plata:Carrasco,2016-10-14
88d74b15a1aca635,source_ood,1,validation,Uruguay_Rio_de_la_Plata,Uruguay_Rio_de_la_Plata,waterbody:Uruguay_Rio_de_la_Plata:Ramirez,2016-10-14
a2c56bb64c061643,source_ood,1,validation,Uruguay_Rio_de_la_Plata,Uruguay_Rio_de_la_Plata,waterbody:Uruguay_Rio_de_la_Plata:Cerro,2016-10-14
0831f6af6098575d,source_ood,1,validation,Uruguay_Rio_de_la_Plata,Uruguay_Rio_de_la_Plata,waterbody:Uruguay_Rio_de_la_Plata:PocitosBarreiro,2016-10-14
52cfdcd830bc97c9,source_ood,1,validation,Uruguay_Rio_de_la_Plata,Uruguay_Rio_de_la_Plata,waterbody:Uruguay_Rio_de_la_Plata:Cerro,2016-11-08
3b1f3efd244b6744,source_ood,1,validation,Uruguay_Rio_de_la_Plata,Uruguay_Rio_de_la_Plata,waterbody:Uruguay_Rio_de_la_Plata:Ramirez,2016-11-08
0230eb7d5d7f04ff,source_ood,1,validation,Uruguay_Rio_de_la_Plata,Uruguay_Rio_de_la_Plata,waterbody:Uruguay_Rio_de_la_Plata:PocitosBarreiro,2016-11-08
6ee71edf69387bf0,source_ood,1,validation,Uruguay_Rio_de_la_Plata,Uruguay_Rio_de_la_Plata,waterbody:Uruguay_Rio_de_la_Plata:Carrasco,2016-11-08
782d77e3ec29ab51,source_ood,1,validation,Uruguay_Rio_de_la_Plata,Uruguay_Rio_de_la_Plata,waterbody:Uruguay_Rio_de_la_Plata:PajasBlancas,2016-11-08
e45b6d4cae1ff098,source_ood,1,validation,Uruguay_Rio_de_la_Plata,Uruguay_Rio_de_la_Plata,waterbody:Uruguay_Rio_de_la_Plata:Malvin,2016-11-08
a33fb7e1f3f981f0,source_ood,1,validation,Uruguay_Rio_de_la_Plata,Uruguay_Rio_de_la_Plata,waterbody:Uruguay_Rio_de_la_Plata:PocitosBarreiro,2016-11-23
5b9a5e7b3ff3897a,source_ood,1,validation,Uruguay_Rio_de_la_Plata,Uruguay_Rio_de_la_Plata,waterbody:Uruguay_Rio_de_la_Plata:PajasBlancas,2016-11-23
3b1c9b236600be6c,source_ood,1,validation,Uruguay_Rio_de_la_Plata,Uruguay_Rio_de_la_Plata,waterbody:Uruguay_Rio_de_la_Plata:Cerro,2016-11-23
c697e855bde592f1,source_ood,1,validation,Uruguay_Rio_de_la_Plata,Uruguay_Rio_de_la_Plata,waterbody:Uruguay_Rio_de_la_Plata:Carrasco,2016-11-23
b48553b435a6125f,source_ood,1,validation,Uruguay_Rio_de_la_Plata,Uruguay_Rio_de_la_Plata,waterbody:Uruguay_Rio_de_la_Plata:Ramirez,2016-11-23
d1ff0aef9f78f9f9,source_ood,1,validation,Uruguay_Rio_de_la_Plata,Uruguay_Rio_de_la_Plata,waterbody:Uruguay_Rio_de_la_Plata:Malvin,2016-11-23
353e3d4fe861f719,source_ood,1,validation,Uruguay_Rio_de_la_Plata,Uruguay_Rio_de_la_Plata,waterbody:Uruguay_Rio_de_la_Plata:PocitosBarreiro,2016-12-09
397c3295a50b0d29,source_ood,1,validation,Uruguay_Rio_de_la_Plata,Uruguay_Rio_de_la_Plata,waterbody:Uruguay_Rio_de_la_Plata:Ramirez,2016-12-09
294d0a5bd7de6472,source_ood,1,validation,Uruguay_Rio_de_la_Plata,Uruguay_Rio_de_la_Plata,waterbody:Uruguay_Rio_de_la_Plata:Cerro,2016-12-09
e9bd3d2ccb9ae741,source_ood,1,validation,Uruguay_Rio_de_la_Plata,Uruguay_Rio_de_la_Plata,waterbody:Uruguay_Rio_de_la_Plata:PajasBlancas,2016-12-09
7448ac088a059782,source_ood,1,validation,Uruguay_Rio_de_la_Plata,Uruguay_Rio_de_la_Plata,waterbody:Uruguay_Rio_de_la_Plata:Carrasco,2016-12-09
e5c07960139ef79e,source_ood,1,validation,Uruguay_Rio_de_la_Plata,Uruguay_Rio_de_la_Plata,waterbody:Uruguay_Rio_de_la_Plata:Malvin,2016-12-09
e5e395a0faf821fa,source_ood,1,validation,Uruguay_Rio_de_la_Plata,Uruguay_Rio_de_la_Plata,waterbody:Uruguay_Rio_de_la_Plata:Carrasco,2016-12-19
dccb677c5cf9a344,source_ood,1,validation,Uruguay_Rio_de_la_Plata,Uruguay_Rio_de_la_Plata,waterbody:Uruguay_Rio_de_la_Plata:Cerro,2016-12-19
74a43a3993a56d5c,source_ood,1,validation,Uruguay_Rio_de_la_Plata,Uruguay_Rio_de_la_Plata,waterbody:Uruguay_Rio_de_la_Plata:Ramirez,2016-12-19
81ebaf78af57e632,source_ood,1,validation,Uruguay_Rio_de_la_Plata,Uruguay_Rio_de_la_Plata,waterbody:Uruguay_Rio_de_la_Plata:PocitosBarreiro,2016-12-19
2e7c1cd88964952e,source_ood,1,validation,Uruguay_Rio_de_la_Plata,Uruguay_Rio_de_la_Plata,waterbody:Uruguay_Rio_de_la_Plata:Malvin,2016-12-19
5fb76ef201f6a239,source_ood,1,validation,Uruguay_Rio_de_la_Plata,Uruguay_Rio_de_la_Plata,waterbody:Uruguay_Rio_de_la_Plata:PajasBlancas,2016-12-19
54aec49b6846008e,source_ood,1,validation,Uruguay_Rio_de_la_Plata,Uruguay_Rio_de_la_Plata,waterbody:Uruguay_Rio_de_la_Plata:Cerro,2016-12-29
8df0ca775b980fbb,source_ood,1,validation,Uruguay_Rio_de_la_Plata,Uruguay_Rio_de_la_Plata,waterbody:Uruguay_Rio_de_la_Plata:PajasBlancas,2016-12-29
7905ea635834f3ab,source_ood,1,validation,Uruguay_Rio_de_la_Plata,Uruguay_Rio_de_la_Plata,waterbody:Uruguay_Rio_de_la_Plata:PocitosBarreiro,2017-01-05
62543028a7c31a32,source_ood,1,validation,Uruguay_Rio_de_la_Plata,Uruguay_Rio_de_la_Plata,waterbody:Uruguay_Rio_de_la_Plata:PajasBlancas,2017-01-05
3c75fc3eba8e52c0,source_ood,1,validation,Uruguay_Rio_de_la_Plata,Uruguay_Rio_de_la_Plata,waterbody:Uruguay_Rio_de_la_Plata:Malvin,2017-01-05
0d50e113bf6d4d38,source_ood,1,validation,Uruguay_Rio_de_la_Plata,Uruguay_Rio_de_la_Plata,waterbody:Uruguay_Rio_de_la_Plata:Carrasco,2017-01-05
3976f9c6481512be,source_ood,1,validation,Uruguay_Rio_de_la_Plata,Uruguay_Rio_de_la_Plata,waterbody:Uruguay_Rio_de_la_Plata:Cerro,2017-01-05
665819e915109922,source_ood,1,validation,Uruguay_Rio_de_la_Plata,Uruguay_Rio_de_la_Plata,waterbody:Uruguay_Rio_de_la_Plata:Ramirez,2017-01-05
d7af9a3bea184920,source_ood,1,validation,Uruguay_Rio_de_la_Plata,Uruguay_Rio_de_la_Plata,waterbody:Uruguay_Rio_de_la_Plata:PajasBlancas,2017-01-12
4a78fe48243abc4e,source_ood,1,validation,Uruguay_Rio_de_la_Plata,Uruguay_Rio_de_la_Plata,waterbody:Uruguay_Rio_de_la_Plata:Nacional,2017-01-17
77a31b735a914c60,source_ood,1,validation,Uruguay_Rio_de_la_Plata,Uruguay_Rio_de_la_Plata,waterbody:Uruguay_Rio_de_la_Plata:Cerro,2017-01-17
391fc3f07abe699e,source_ood,1,validation,Uruguay_Rio_de_la_Plata,Uruguay_Rio_de_la_Plata,waterbody:Uruguay_Rio_de_la_Plata:Cerro,2017-01-19
c0f0e0302ad77aa9,source_ood,1,validation,Uruguay_Rio_de_la_Plata,Uruguay_Rio_de_la_Plata,waterbody:Uruguay_Rio_de_la_Plata:PajasBlancas,2017-01-19
fed2f8065b80d691,source_ood,1,validation,Uruguay_Rio_de_la_Plata,Uruguay_Rio_de_la_Plata,waterbody:Uruguay_Rio_de_la_Plata:Carrasco,2017-01-19
e0378d3b2a3102e0,source_ood,1,validation,Uruguay_Rio_de_la_Plata,Uruguay_Rio_de_la_Plata,waterbody:Uruguay_Rio_de_la_Plata:Ramirez,2017-01-19
24801369fb82e25a,source_ood,1,validation,Uruguay_Rio_de_la_Plata,Uruguay_Rio_de_la_Plata,waterbody:Uruguay_Rio_de_la_Plata:PocitosBarreiro,2017-01-19
6674a0fccea11dbc,source_ood,1,validation,Uruguay_Rio_de_la_Plata,Uruguay_Rio_de_la_Plata,waterbody:Uruguay_Rio_de_la_Plata:Malvin,2017-01-19
7addd3c185be5568,source_ood,1,validation,Uruguay_Rio_de_la_Plata,Uruguay_Rio_de_la_Plata,waterbody:Uruguay_Rio_de_la_Plata:PuntaEspinillo,2017-01-23
d27e48f80a278c4c,source_ood,1,validation,Uruguay_Rio_de_la_Plata,Uruguay_Rio_de_la_Plata,waterbody:Uruguay_Rio_de_la_Plata:Zabala,2017-01-31
bed2745420680899,source_ood,1,validation,Uruguay_Rio_de_la_Plata,Uruguay_Rio_de_la_Plata,waterbody:Uruguay_Rio_de_la_Plata:PajasBlancas,2017-02-02
784d0a4eef393222,source_ood,1,validation,Uruguay_Rio_de_la_Plata,Uruguay_Rio_de_la_Plata,waterbody:Uruguay_Rio_de_la_Plata:Cerro,2017-02-02
76d4d986c9165cb8,source_ood,1,validation,Uruguay_Rio_de_la_Plata,Uruguay_Rio_de_la_Plata,waterbody:Uruguay_Rio_de_la_Plata:Carrasco,2017-02-02
23f4866947d4adb8,source_ood,1,validation,Uruguay_Rio_de_la_Plata,Uruguay_Rio_de_la_Plata,waterbody:Uruguay_Rio_de_la_Plata:Ramirez,2017-02-02
0e327d7ea0b70a0d,source_ood,1,validation,Uruguay_Rio_de_la_Plata,Uruguay_Rio_de_la_Plata,waterbody:Uruguay_Rio_de_la_Plata:Malvin,2017-02-02
db514ef815a57a1e,source_ood,1,validation,Uruguay_Rio_de_la_Plata,Uruguay_Rio_de_la_Plata,waterbody:Uruguay_Rio_de_la_Plata:PocitosBarreiro,2017-02-02
fd89d6ee4ce912e6,source_ood,1,validation,Uruguay_Rio_de_la_Plata,Uruguay_Rio_de_la_Plata,waterbody:Uruguay_Rio_de_la_Plata:Cerro,2017-02-03
9e47d3b79d0cfa97,source_ood,1,validation,Uruguay_Rio_de_la_Plata,Uruguay_Rio_de_la_Plata,waterbody:Uruguay_Rio_de_la_Plata:PuntaEspinillo,2017-02-07
07bd877d3205b81d,source_ood,1,validation,Uruguay_Rio_de_la_Plata,Uruguay_Rio_de_la_Plata,waterbody:Uruguay_Rio_de_la_Plata:PuertoBuceo,2017-02-10
459bf9e1065761d8,source_ood,1,validation,Uruguay_Rio_de_la_Plata,Uruguay_Rio_de_la_Plata,waterbody:Uruguay_Rio_de_la_Plata:Ramirez,2017-02-14
c1d9c991b29690a7,source_ood,1,validation,Uruguay_Rio_de_la_Plata,Uruguay_Rio_de_la_Plata,waterbody:Uruguay_Rio_de_la_Plata:PajasBlancas,2017-02-14
3647652876523389,source_ood,1,validation,Uruguay_Rio_de_la_Plata,Uruguay_Rio_de_la_Plata,waterbody:Uruguay_Rio_de_la_Plata:Malvin,2017-02-14
c07a3aa3790b844b,source_ood,1,validation,Uruguay_Rio_de_la_Plata,Uruguay_Rio_de_la_Plata,waterbody:Uruguay_Rio_de_la_Plata:Cerro,2017-02-14
47146739b80bf672,source_ood,1,validation,Uruguay_Rio_de_la_Plata,Uruguay_Rio_de_la_Plata,waterbody:Uruguay_Rio_de_la_Plata:PocitosBarreiro,2017-02-14
840d5cedb1d1eac7,source_ood,1,validation,Uruguay_Rio_de_la_Plata,Uruguay_Rio_de_la_Plata,waterbody:Uruguay_Rio_de_la_Plata:Carrasco,2017-02-14
417396b6bb7323ed,source_ood,1,validation,Uruguay_Rio_de_la_Plata,Uruguay_Rio_de_la_Plata,waterbody:Uruguay_Rio_de_la_Plata:Ramirez,2017-02-16
4e144797deb9bd82,source_ood,1,validation,Uruguay_Rio_de_la_Plata,Uruguay_Rio_de_la_Plata,waterbody:Uruguay_Rio_de_la_Plata:Zabala,2017-03-02
ee5c33ed61bbd79b,source_ood,1,validation,Uruguay_Rio_de_la_Plata,Uruguay_Rio_de_la_Plata,waterbody:Uruguay_Rio_de_la_Plata:SantaCatalina,2017-03-02
e3b455b7c15a579f,source_ood,1,validation,Uruguay_Rio_de_la_Plata,Uruguay_Rio_de_la_Plata,waterbody:Uruguay_Rio_de_la_Plata:PuertoBuceo,2017-03-05
7f307baa4195e893,source_ood,1,validation,Uruguay_Rio_de_la_Plata,Uruguay_Rio_de_la_Plata,waterbody:Uruguay_Rio_de_la_Plata:PocitosAvenidaBrasil,2017-03-05
8d29d8d42e0908a5,source_ood,1,validation,Uruguay_Rio_de_la_Plata,Uruguay_Rio_de_la_Plata,waterbody:Uruguay_Rio_de_la_Plata:Zabala,2017-03-05
0d49bb87fb2c53b2,source_ood,1,validation,Uruguay_Rio_de_la_Plata,Uruguay_Rio_de_la_Plata,waterbody:Uruguay_Rio_de_la_Plata:Nacional,2017-03-06
4f5210a331d20e6d,source_ood,1,validation,Uruguay_Rio_de_la_Plata,Uruguay_Rio_de_la_Plata,waterbody:Uruguay_Rio_de_la_Plata:Ramirez,2017-03-06
fdf38eb97780fc8f,source_ood,1,validation,Uruguay_Rio_de_la_Plata,Uruguay_Rio_de_la_Plata,waterbody:Uruguay_Rio_de_la_Plata:Malvin,2017-03-07
88c6ee002a1b949a,source_ood,1,validation,Uruguay_Rio_de_la_Plata,Uruguay_Rio_de_la_Plata,waterbody:Uruguay_Rio_de_la_Plata:PajasBlancas,2017-03-07
fc580da9a18c945c,source_ood,1,validation,Uruguay_Rio_de_la_Plata,Uruguay_Rio_de_la_Plata,waterbody:Uruguay_Rio_de_la_Plata:Cerro,2017-03-07
de2b7de1a1630bf4,source_ood,1,validation,Uruguay_Rio_de_la_Plata,Uruguay_Rio_de_la_Plata,waterbody:Uruguay_Rio_de_la_Plata:Ramirez,2017-03-07
62701972373928b8,source_ood,1,validation,Uruguay_Rio_de_la_Plata,Uruguay_Rio_de_la_Plata,waterbody:Uruguay_Rio_de_la_Plata:PocitosBarreiro,2017-03-07
f8b920117dc3f5ca,source_ood,1,validation,Uruguay_Rio_de_la_Plata,Uruguay_Rio_de_la_Plata,waterbody:Uruguay_Rio_de_la_Plata:Carrasco,2017-03-07
4c9d237a59c7a3ab,source_ood,1,validation,Uruguay_Rio_de_la_Plata,Uruguay_Rio_de_la_Plata,waterbody:Uruguay_Rio_de_la_Plata:Ramirez,2017-03-17
57296311ece9891d,source_ood,1,validation,Uruguay_Rio_de_la_Plata,Uruguay_Rio_de_la_Plata,waterbody:Uruguay_Rio_de_la_Plata:PocitosBarreiro,2017-03-20
e51a455d42b9a5ce,source_ood,1,validation,Uruguay_Rio_de_la_Plata,Uruguay_Rio_de_la_Plata,waterbody:Uruguay_Rio_de_la_Plata:Ramirez,2017-03-20
3b0a7ff5e8ece1d7,source_ood,1,validation,Uruguay_Rio_de_la_Plata,Uruguay_Rio_de_la_Plata,waterbody:Uruguay_Rio_de_la_Plata:PajasBlancas,2017-03-20
2007101692e98820,source_ood,1,validation,Uruguay_Rio_de_la_Plata,Uruguay_Rio_de_la_Plata,waterbody:Uruguay_Rio_de_la_Plata:Malvin,2017-03-20
51e07b0f1e8cd6b7,source_ood,1,validation,Uruguay_Rio_de_la_Plata,Uruguay_Rio_de_la_Plata,waterbody:Uruguay_Rio_de_la_Plata:Cerro,2017-03-20
4788a9a6dfc8c0e1,source_ood,1,validation,Uruguay_Rio_de_la_Plata,Uruguay_Rio_de_la_Plata,waterbody:Uruguay_Rio_de_la_Plata:Carrasco,2017-03-20
7fae6b483ba0cad6,source_ood,1,validation,Uruguay_Rio_de_la_Plata,Uruguay_Rio_de_la_Plata,waterbody:Uruguay_Rio_de_la_Plata:PocitosBarreiro,2017-04-03
528f77d0006efaf8,source_ood,1,validation,Uruguay_Rio_de_la_Plata,Uruguay_Rio_de_la_Plata,waterbody:Uruguay_Rio_de_la_Plata:Malvin,2017-04-03
2fe0863dd84ce724,source_ood,1,validation,Uruguay_Rio_de_la_Plata,Uruguay_Rio_de_la_Plata,waterbody:Uruguay_Rio_de_la_Plata:PajasBlancas,2017-04-03
8e24056e883180f2,source_ood,1,validation,Uruguay_Rio_de_la_Plata,Uruguay_Rio_de_la_Plata,waterbody:Uruguay_Rio_de_la_Plata:Cerro,2017-04-03
d477e8d04732410e,source_ood,1,validation,Uruguay_Rio_de_la_Plata,Uruguay_Rio_de_la_Plata,waterbody:Uruguay_Rio_de_la_Plata:Ramirez,2017-04-03
78ebe3803012b951,source_ood,1,validation,Uruguay_Rio_de_la_Plata,Uruguay_Rio_de_la_Plata,waterbody:Uruguay_Rio_de_la_Plata:Carrasco,2017-04-03
84bf06e77aa2ae4d,source_ood,1,validation,Uruguay_Rio_de_la_Plata,Uruguay_Rio_de_la_Plata,waterbody:Uruguay_Rio_de_la_Plata:PajasBlancas,2017-05-09
54ec785cea19de97,source_ood,1,validation,Uruguay_Rio_de_la_Plata,Uruguay_Rio_de_la_Plata,waterbody:Uruguay_Rio_de_la_Plata:PocitosBarreiro,2017-05-09
32c3fca88f8b5e4d,source_ood,1,validation,Uruguay_Rio_de_la_Plata,Uruguay_Rio_de_la_Plata,waterbody:Uruguay_Rio_de_la_Plata:Cerro,2017-05-09
aba56335d0442383,source_ood,1,validation,Uruguay_Rio_de_la_Plata,Uruguay_Rio_de_la_Plata,waterbody:Uruguay_Rio_de_la_Plata:Ramirez,2017-05-09
19d8a2e7b3bf4924,source_ood,1,validation,Uruguay_Rio_de_la_Plata,Uruguay_Rio_de_la_Plata,waterbody:Uruguay_Rio_de_la_Plata:Malvin,2017-05-09
a601e29cec379841,source_ood,1,validation,Uruguay_Rio_de_la_Plata,Uruguay_Rio_de_la_Plata,waterbody:Uruguay_Rio_de_la_Plata:Carrasco,2017-05-09
947226a5b0e04484,source_ood,1,validation,Uruguay_Rio_de_la_Plata,Uruguay_Rio_de_la_Plata,waterbody:Uruguay_Rio_de_la_Plata:Malvin,2017-06-15
42ca2c3fd7802f2d,source_ood,1,validation,Uruguay_Rio_de_la_Plata,Uruguay_Rio_de_la_Plata,waterbody:Uruguay_Rio_de_la_Plata:PocitosBarreiro,2017-06-15
39edb0428c4686c7,source_ood,1,validation,Uruguay_Rio_de_la_Plata,Uruguay_Rio_de_la_Plata,waterbody:Uruguay_Rio_de_la_Plata:PajasBlancas,2017-06-15
be5502673a051373,source_ood,1,validation,Uruguay_Rio_de_la_Plata,Uruguay_Rio_de_la_Plata,waterbody:Uruguay_Rio_de_la_Plata:Cerro,2017-06-15
a53ca80889a20029,source_ood,1,validation,Uruguay_Rio_de_la_Plata,Uruguay_Rio_de_la_Plata,waterbody:Uruguay_Rio_de_la_Plata:Ramirez,2017-06-15
f7347921ce80e2a4,source_ood,1,validation,Uruguay_Rio_de_la_Plata,Uruguay_Rio_de_la_Plata,waterbody:Uruguay_Rio_de_la_Plata:Carrasco,2017-06-15
1b0fb5984b8d2286,source_ood,1,validation,Uruguay_Rio_de_la_Plata,Uruguay_Rio_de_la_Plata,waterbody:Uruguay_Rio_de_la_Plata:Salto,2013-01-20
147601b1af5a82dd,source_ood,1,validation,Uruguay_Rio_de_la_Plata,Uruguay_Rio_de_la_Plata,waterbody:Uruguay_Rio_de_la_Plata:PuntaDelEste,2013-01-20
bbd0804bdaefc352,source_ood,1,validation,Uruguay_Rio_de_la_Plata,Uruguay_Rio_de_la_Plata,waterbody:Uruguay_Rio_de_la_Plata:Montevideo,2013-01-20
1dc8bc2863a08155,source_ood,1,validation,Uruguay_Rio_de_la_Plata,Uruguay_Rio_de_la_Plata,waterbody:Uruguay_Rio_de_la_Plata:Colonia,2013-01-20
ea3c4e111321734b,source_ood,1,validation,Uruguay_Rio_de_la_Plata,Uruguay_Rio_de_la_Plata,waterbody:Uruguay_Rio_de_la_Plata:Carmelo,2013-01-20
6f9c1b6db6827e64,source_ood,1,validation,Uruguay_Rio_de_la_Plata,Uruguay_Rio_de_la_Plata,waterbody:Uruguay_Rio_de_la_Plata:FrayBentos,2013-01-20
82fe2da76d5cf7c2,source_ood,1,validation,Uruguay_Rio_de_la_Plata,Uruguay_Rio_de_la_Plata,waterbody:Uruguay_Rio_de_la_Plata:Salto,2013-01-20
6c40949acd831766,source_ood,1,validation,Uruguay_Rio_de_la_Plata,Uruguay_Rio_de_la_Plata,waterbody:Uruguay_Rio_de_la_Plata:Carmelo,2013-01-20
84f05e28a09c5cb2,source_ood,1,validation,Uruguay_Rio_de_la_Plata,Uruguay_Rio_de_la_Plata,waterbody:Uruguay_Rio_de_la_Plata:PuntaDelEste,2013-01-20
4f6f004467f69d9a,source_ood,1,validation,Uruguay_Rio_de_la_Plata,Uruguay_Rio_de_la_Plata,waterbody:Uruguay_Rio_de_la_Plata:Montevideo,2013-01-20
2269c3344daa28d8,source_ood,1,validation,Uruguay_Rio_de_la_Plata,Uruguay_Rio_de_la_Plata,waterbody:Uruguay_Rio_de_la_Plata:Colonia,2013-01-20
237a5682f314a083,source_ood,1,validation,Uruguay_Rio_de_la_Plata,Uruguay_Rio_de_la_Plata,waterbody:Uruguay_Rio_de_la_Plata:FrayBentos,2013-01-20
cc4fcb17ed8b32c6,source_ood,1,validation,Uruguay_Rio_de_la_Plata,Uruguay_Rio_de_la_Plata,waterbody:Uruguay_Rio_de_la_Plata:Salto,2013-03-16
3decd85764d46532,source_ood,1,validation,Uruguay_Rio_de_la_Plata,Uruguay_Rio_de_la_Plata,waterbody:Uruguay_Rio_de_la_Plata:FrayBentos,2013-03-16
11d6a593a03ca065,source_ood,1,validation,Uruguay_Rio_de_la_Plata,Uruguay_Rio_de_la_Plata,waterbody:Uruguay_Rio_de_la_Plata:Salto,2013-03-16
c3e0b4eab83294fd,source_ood,1,validation,Uruguay_Rio_de_la_Plata,Uruguay_Rio_de_la_Plata,waterbody:Uruguay_Rio_de_la_Plata:PuntaDelEste,2013-03-16
fccbbc5f306583d3,source_ood,1,validation,Uruguay_Rio_de_la_Plata,Uruguay_Rio_de_la_Plata,waterbody:Uruguay_Rio_de_la_Plata:Montevideo,2013-03-16
75267eefd290e0f1,source_ood,1,validation,Uruguay_Rio_de_la_Plata,Uruguay_Rio_de_la_Plata,waterbody:Uruguay_Rio_de_la_Plata:Colonia,2013-03-16
3a097b875aeddccb,source_ood,1,validation,Uruguay_Rio_de_la_Plata,Uruguay_Rio_de_la_Plata,waterbody:Uruguay_Rio_de_la_Plata:Carmelo,2013-03-16
ff7f6b69b30a3d16,source_ood,1,validation,Uruguay_Rio_de_la_Plata,Uruguay_Rio_de_la_Plata,waterbody:Uruguay_Rio_de_la_Plata:FrayBentos,2013-03-16
dde98f15dfa6b78b,source_ood,1,validation,Uruguay_Rio_de_la_Plata,Uruguay_Rio_de_la_Plata,waterbody:Uruguay_Rio_de_la_Plata:Colonia,2013-03-16
9d73338136efcf69,source_ood,1,validation,Uruguay_Rio_de_la_Plata,Uruguay_Rio_de_la_Plata,waterbody:Uruguay_Rio_de_la_Plata:Carmelo,2013-03-16
24cc80d4f3598d8b,source_ood,1,validation,Uruguay_Rio_de_la_Plata,Uruguay_Rio_de_la_Plata,waterbody:Uruguay_Rio_de_la_Plata:PuntaDelEste,2013-03-16
a779fd4f1d42b4fb,source_ood,1,validation,Uruguay_Rio_de_la_Plata,Uruguay_Rio_de_la_Plata,waterbody:Uruguay_Rio_de_la_Plata:Montevideo,2013-03-16
4f718b64c990ec2d,source_ood,1,validation,Uruguay_Rio_de_la_Plata,Uruguay_Rio_de_la_Plata,waterbody:Uruguay_Rio_de_la_Plata:FrayBentos,2013-06-22
6144406da68be9be,source_ood,1,validation,Uruguay_Rio_de_la_Plata,Uruguay_Rio_de_la_Plata,waterbody:Uruguay_Rio_de_la_Plata:Salto,2013-06-22
7e41943a3207d9b1,source_ood,1,validation,Uruguay_Rio_de_la_Plata,Uruguay_Rio_de_la_Plata,waterbody:Uruguay_Rio_de_la_Plata:Carmelo,2013-06-22
f84b12614ac58c86,source_ood,1,validation,Uruguay_Rio_de_la_Plata,Uruguay_Rio_de_la_Plata,waterbody:Uruguay_Rio_de_la_Plata:FrayBentos,2013-06-22
3c3bb350cc336883,source_ood,1,validation,Uruguay_Rio_de_la_Plata,Uruguay_Rio_de_la_Plata,waterbody:Uruguay_Rio_de_la_Plata:Salto,2013-06-22
dcda295988c90e41,source_ood,1,validation,Uruguay_Rio_de_la_Plata,Uruguay_Rio_de_la_Plata,waterbody:Uruguay_Rio_de_la_Plata:PuntaDelEste,2013-06-22
0dbd8ca3d23427da,source_ood,1,validation,Uruguay_Rio_de_la_Plata,Uruguay_Rio_de_la_Plata,waterbody:Uruguay_Rio_de_la_Plata:Montevideo,2013-06-22
b7c46c3c9477d507,source_ood,1,validation,Uruguay_Rio_de_la_Plata,Uruguay_Rio_de_la_Plata,waterbody:Uruguay_Rio_de_la_Plata:Colonia,2013-06-22
eeefe45462055dae,source_ood,1,validation,Uruguay_Rio_de_la_Plata,Uruguay_Rio_de_la_Plata,waterbody:Uruguay_Rio_de_la_Plata:Carmelo,2013-06-22
971eb86d3d2ab25b,source_ood,1,validation,Uruguay_Rio_de_la_Plata,Uruguay_Rio_de_la_Plata,waterbody:Uruguay_Rio_de_la_Plata:Montevideo,2013-06-22
77e59d506e8ebcc6,source_ood,1,validation,Uruguay_Rio_de_la_Plata,Uruguay_Rio_de_la_Plata,waterbody:Uruguay_Rio_de_la_Plata:Colonia,2013-06-22
014c01396881d014,source_ood,1,validation,Uruguay_Rio_de_la_Plata,Uruguay_Rio_de_la_Plata,waterbody:Uruguay_Rio_de_la_Plata:PuntaDelEste,2013-06-22
e54902a7e38ddd49,source_ood,1,validation,Uruguay_Rio_de_la_Plata,Uruguay_Rio_de_la_Plata,waterbody:Uruguay_Rio_de_la_Plata:Salto,2013-10-05
49bcd9f62589ee66,source_ood,1,validation,Uruguay_Rio_de_la_Plata,Uruguay_Rio_de_la_Plata,waterbody:Uruguay_Rio_de_la_Plata:Carmelo,2013-10-05
b564aa09c17a4050,source_ood,1,validation,Uruguay_Rio_de_la_Plata,Uruguay_Rio_de_la_Plata,waterbody:Uruguay_Rio_de_la_Plata:FrayBentos,2013-10-05
a279fef21634fb3a,source_ood,1,validation,Uruguay_Rio_de_la_Plata,Uruguay_Rio_de_la_Plata,waterbody:Uruguay_Rio_de_la_Plata:Colonia,2013-10-05
42afe8d482a4c88e,source_ood,1,validation,Uruguay_Rio_de_la_Plata,Uruguay_Rio_de_la_Plata,waterbody:Uruguay_Rio_de_la_Plata:Carmelo,2013-10-05
759626fd28230e3c,source_ood,1,validation,Uruguay_Rio_de_la_Plata,Uruguay_Rio_de_la_Plata,waterbody:Uruguay_Rio_de_la_Plata:FrayBentos,2013-10-05
ab226c365d2649a4,source_ood,1,validation,Uruguay_Rio_de_la_Plata,Uruguay_Rio_de_la_Plata,waterbody:Uruguay_Rio_de_la_Plata:Salto,2013-10-05
645537b2c682530b,source_ood,1,validation,Uruguay_Rio_de_la_Plata,Uruguay_Rio_de_la_Plata,waterbody:Uruguay_Rio_de_la_Plata:PuntaDelEste,2013-10-05
f39ee0326c6e7f16,source_ood,1,validation,Uruguay_Rio_de_la_Plata,Uruguay_Rio_de_la_Plata,waterbody:Uruguay_Rio_de_la_Plata:Montevideo,2013-10-05
cb9c12de6622fbb9,source_ood,1,validation,Uruguay_Rio_de_la_Plata,Uruguay_Rio_de_la_Plata,waterbody:Uruguay_Rio_de_la_Plata:Colonia,2013-10-05
52ef12066e07763b,source_ood,1,validation,Uruguay_Rio_de_la_Plata,Uruguay_Rio_de_la_Plata,waterbody:Uruguay_Rio_de_la_Plata:PuntaDelEste,2013-10-05
e9d4484bc31ddd07,source_ood,1,validation,Uruguay_Rio_de_la_Plata,Uruguay_Rio_de_la_Plata,waterbody:Uruguay_Rio_de_la_Plata:Montevideo,2013-10-05
125c86c0fff4fa88,source_ood,1,validation,Uruguay_Rio_de_la_Plata,Uruguay_Rio_de_la_Plata,waterbody:Uruguay_Rio_de_la_Plata:FrayBentos,2013-11-30
13e16ca85b3c4547,source_ood,1,validation,Uruguay_Rio_de_la_Plata,Uruguay_Rio_de_la_Plata,waterbody:Uruguay_Rio_de_la_Plata:Salto,2013-11-30
363efdeb9ca0494a,source_ood,1,validation,Uruguay_Rio_de_la_Plata,Uruguay_Rio_de_la_Plata,waterbody:Uruguay_Rio_de_la_Plata:Colonia,2013-11-30
f0c10af7471ef935,source_ood,1,validation,Uruguay_Rio_de_la_Plata,Uruguay_Rio_de_la_Plata,waterbody:Uruguay_Rio_de_la_Plata:Carmelo,2013-11-30
a6096295b6eaffd5,source_ood,1,validation,Uruguay_Rio_de_la_Plata,Uruguay_Rio_de_la_Plata,waterbody:Uruguay_Rio_de_la_Plata:Montevideo,2013-11-30
e7c1eaa556ad1abf,source_ood,1,validation,Uruguay_Rio_de_la_Plata,Uruguay_Rio_de_la_Plata,waterbody:Uruguay_Rio_de_la_Plata:Colonia,2013-11-30
5e47e241ab79c7ac,source_ood,1,validation,Uruguay_Rio_de_la_Plata,Uruguay_Rio_de_la_Plata,waterbody:Uruguay_Rio_de_la_Plata:Carmelo,2013-11-30
cf407b00f1b17d0d,source_ood,1,validation,Uruguay_Rio_de_la_Plata,Uruguay_Rio_de_la_Plata,waterbody:Uruguay_Rio_de_la_Plata:FrayBentos,2013-11-30
10c451fcd50f71d5,source_ood,1,validation,Uruguay_Rio_de_la_Plata,Uruguay_Rio_de_la_Plata,waterbody:Uruguay_Rio_de_la_Plata:Salto,2013-11-30
fcfdbfef2c1a9f97,source_ood,1,validation,Uruguay_Rio_de_la_Plata,Uruguay_Rio_de_la_Plata,waterbody:Uruguay_Rio_de_la_Plata:PuntaDelEste,2013-11-30
1ab7ace29f461e65,source_ood,1,validation,Uruguay_Rio_de_la_Plata,Uruguay_Rio_de_la_Plata,waterbody:Uruguay_Rio_de_la_Plata:Montevideo,2013-11-30
730535d9eee8d629,source_ood,1,validation,Uruguay_Rio_de_la_Plata,Uruguay_Rio_de_la_Plata,waterbody:Uruguay_Rio_de_la_Plata:PuntaDelEste,2013-11-30
22dbd8ecbd89760e,source_ood,1,validation,Uruguay_Rio_de_la_Plata,Uruguay_Rio_de_la_Plata,waterbody:Uruguay_Rio_de_la_Plata:Montevideo,2014-03-23
5900ca571a08095a,source_ood,1,validation,Uruguay_Rio_de_la_Plata,Uruguay_Rio_de_la_Plata,waterbody:Uruguay_Rio_de_la_Plata:Carmelo,2014-03-23
99646481372a0883,source_ood,1,validation,Uruguay_Rio_de_la_Plata,Uruguay_Rio_de_la_Plata,waterbody:Uruguay_Rio_de_la_Plata:FrayBentos,2014-03-23
17ffb10464f93088,source_ood,1,validation,Uruguay_Rio_de_la_Plata,Uruguay_Rio_de_la_Plata,waterbody:Uruguay_Rio_de_la_Plata:Salto,2014-03-23
2cccf694aad32077,source_ood,1,validation,Uruguay_Rio_de_la_Plata,Uruguay_Rio_de_la_Plata,waterbody:Uruguay_Rio_de_la_Plata:Colonia,2014-03-23
1d0bf557db573625,source_ood,1,validation,Uruguay_Rio_de_la_Plata,Uruguay_Rio_de_la_Plata,waterbody:Uruguay_Rio_de_la_Plata:PuntaDelEste,2014-03-23
8174bf427e8a31d7,source_ood,1,validation,Uruguay_Rio_de_la_Plata,Uruguay_Rio_de_la_Plata,waterbody:Uruguay_Rio_de_la_Plata:Montevideo,2014-03-23
f9c670d79a93d3cd,source_ood,1,validation,Uruguay_Rio_de_la_Plata,Uruguay_Rio_de_la_Plata,waterbody:Uruguay_Rio_de_la_Plata:Colonia,2014-03-23
ba78529b7873d5b9,source_ood,1,validation,Uruguay_Rio_de_la_Plata,Uruguay_Rio_de_la_Plata,waterbody:Uruguay_Rio_de_la_Plata:Carmelo,2014-03-23
f6c2afc8a106e5c0,source_ood,1,validation,Uruguay_Rio_de_la_Plata,Uruguay_Rio_de_la_Plata,waterbody:Uruguay_Rio_de_la_Plata:FrayBentos,2014-03-23
4de1f3a777546b87,source_ood,1,validation,Uruguay_Rio_de_la_Plata,Uruguay_Rio_de_la_Plata,waterbody:Uruguay_Rio_de_la_Plata:Salto,2014-03-23
ec2f97c14c76d575,source_ood,1,validation,Uruguay_Rio_de_la_Plata,Uruguay_Rio_de_la_Plata,waterbody:Uruguay_Rio_de_la_Plata:PuntaDelEste,2014-03-23
bd4863f2ed4e34dc,source_ood,0,test,Buffalo_Pound_2018_2019,Buffalo_Pound_2018_2019,waterbody:Buffalo_Pound_2018_2019:Buffalo Pound Lake,2018-05-29
432242ef7eaaf084,source_ood,0,test,Buffalo_Pound_2018_2019,Buffalo_Pound_2018_2019,waterbody:Buffalo_Pound_2018_2019:Buffalo Pound Lake,2018-05-29
7fe36d3def3553aa,source_ood,0,test,Buffalo_Pound_2018_2019,Buffalo_Pound_2018_2019,waterbody:Buffalo_Pound_2018_2019:Buffalo Pound Lake,2018-05-29
cba204e5bc4ac9b5,source_ood,0,test,Buffalo_Pound_2018_2019,Buffalo_Pound_2018_2019,waterbody:Buffalo_Pound_2018_2019:Buffalo Pound Lake,2018-06-07
4c31ac4b233a6d12,source_ood,0,test,Buffalo_Pound_2018_2019,Buffalo_Pound_2018_2019,waterbody:Buffalo_Pound_2018_2019:Buffalo Pound Lake,2018-06-07
a89c6b131f972e2f,source_ood,0,test,Buffalo_Pound_2018_2019,Buffalo_Pound_2018_2019,waterbody:Buffalo_Pound_2018_2019:Buffalo Pound Lake,2018-06-07
1643fcf179eb2050,source_ood,0,test,Buffalo_Pound_2018_2019,Buffalo_Pound_2018_2019,waterbody:Buffalo_Pound_2018_2019:Buffalo Pound Lake,2018-06-13
76c41b925e0bb06e,source_ood,0,test,Buffalo_Pound_2018_2019,Buffalo_Pound_2018_2019,waterbody:Buffalo_Pound_2018_2019:Buffalo Pound Lake,2018-06-13
744e538f5bcbde84,source_ood,0,test,Buffalo_Pound_2018_2019,Buffalo_Pound_2018_2019,waterbody:Buffalo_Pound_2018_2019:Buffalo Pound Lake,2018-06-13
022ebc307e632de3,source_ood,0,test,Buffalo_Pound_2018_2019,Buffalo_Pound_2018_2019,waterbody:Buffalo_Pound_2018_2019:Buffalo Pound Lake,2018-06-19
408a22bdb0f4b225,source_ood,0,test,Buffalo_Pound_2018_2019,Buffalo_Pound_2018_2019,waterbody:Buffalo_Pound_2018_2019:Buffalo Pound Lake,2018-06-19
70ee80f918fa4c36,source_ood,0,test,Buffalo_Pound_2018_2019,Buffalo_Pound_2018_2019,waterbody:Buffalo_Pound_2018_2019:Buffalo Pound Lake,2018-06-19
d180b8d6fe0c5334,source_ood,0,test,Buffalo_Pound_2018_2019,Buffalo_Pound_2018_2019,waterbody:Buffalo_Pound_2018_2019:Buffalo Pound Lake,2018-06-25
a7183b2962bc1203,source_ood,0,test,Buffalo_Pound_2018_2019,Buffalo_Pound_2018_2019,waterbody:Buffalo_Pound_2018_2019:Buffalo Pound Lake,2018-06-25
2ecc4b8d833d00e3,source_ood,0,test,Buffalo_Pound_2018_2019,Buffalo_Pound_2018_2019,waterbody:Buffalo_Pound_2018_2019:Buffalo Pound Lake,2018-06-25
0e02d54c2ca5d5a2,source_ood,0,test,Buffalo_Pound_2018_2019,Buffalo_Pound_2018_2019,waterbody:Buffalo_Pound_2018_2019:Buffalo Pound Lake,2018-07-03
6dba53c1c8d568d8,source_ood,0,test,Buffalo_Pound_2018_2019,Buffalo_Pound_2018_2019,waterbody:Buffalo_Pound_2018_2019:Buffalo Pound Lake,2018-07-06
205796a08c52a376,source_ood,0,test,Buffalo_Pound_2018_2019,Buffalo_Pound_2018_2019,waterbody:Buffalo_Pound_2018_2019:Buffalo Pound Lake,2018-07-06
a37106ea4a7a807d,source_ood,0,test,Buffalo_Pound_2018_2019,Buffalo_Pound_2018_2019,waterbody:Buffalo_Pound_2018_2019:Buffalo Pound Lake,2018-07-06
98d8d91b21a80a06,source_ood,0,test,Buffalo_Pound_2018_2019,Buffalo_Pound_2018_2019,waterbody:Buffalo_Pound_2018_2019:Buffalo Pound Lake,2018-07-09
af94037c613845b9,source_ood,0,test,Buffalo_Pound_2018_2019,Buffalo_Pound_2018_2019,waterbody:Buffalo_Pound_2018_2019:Buffalo Pound Lake,2018-07-09
be209e8a8b82b415,source_ood,0,test,Buffalo_Pound_2018_2019,Buffalo_Pound_2018_2019,waterbody:Buffalo_Pound_2018_2019:Buffalo Pound Lake,2018-07-09
fc0a1df27a6eafe3,source_ood,0,test,Buffalo_Pound_2018_2019,Buffalo_Pound_2018_2019,waterbody:Buffalo_Pound_2018_2019:Buffalo Pound Lake,2018-07-12
94b3451f2b7cc95e,source_ood,0,test,Buffalo_Pound_2018_2019,Buffalo_Pound_2018_2019,waterbody:Buffalo_Pound_2018_2019:Buffalo Pound Lake,2018-07-12
77524dce34a0e401,source_ood,0,test,Buffalo_Pound_2018_2019,Buffalo_Pound_2018_2019,waterbody:Buffalo_Pound_2018_2019:Buffalo Pound Lake,2018-07-12
e1a5fbd9a8f156e6,source_ood,0,test,Buffalo_Pound_2018_2019,Buffalo_Pound_2018_2019,waterbody:Buffalo_Pound_2018_2019:Buffalo Pound Lake,2018-07-16
e4025529968de225,source_ood,0,test,Buffalo_Pound_2018_2019,Buffalo_Pound_2018_2019,waterbody:Buffalo_Pound_2018_2019:Buffalo Pound Lake,2018-07-16
61ce701194a211e7,source_ood,0,test,Buffalo_Pound_2018_2019,Buffalo_Pound_2018_2019,waterbody:Buffalo_Pound_2018_2019:Buffalo Pound Lake,2018-07-16
ffde573a71696625,source_ood,0,test,Buffalo_Pound_2018_2019,Buffalo_Pound_2018_2019,waterbody:Buffalo_Pound_2018_2019:Buffalo Pound Lake,2018-07-18
a675dc5500b55f33,source_ood,0,test,Buffalo_Pound_2018_2019,Buffalo_Pound_2018_2019,waterbody:Buffalo_Pound_2018_2019:Buffalo Pound Lake,2018-07-18
e4dee2bd0e1fecae,source_ood,0,test,Buffalo_Pound_2018_2019,Buffalo_Pound_2018_2019,waterbody:Buffalo_Pound_2018_2019:Buffalo Pound Lake,2018-07-18
e6e5dbd1e8fbd3fc,source_ood,0,test,Buffalo_Pound_2018_2019,Buffalo_Pound_2018_2019,waterbody:Buffalo_Pound_2018_2019:Buffalo Pound Lake,2018-08-09
5b5224d4e6a2ce6a,source_ood,0,test,Buffalo_Pound_2018_2019,Buffalo_Pound_2018_2019,waterbody:Buffalo_Pound_2018_2019:Buffalo Pound Lake,2018-08-09
eb43723b6b304990,source_ood,0,test,Buffalo_Pound_2018_2019,Buffalo_Pound_2018_2019,waterbody:Buffalo_Pound_2018_2019:Buffalo Pound Lake,2018-08-14
33503e95bbb644f7,source_ood,0,test,Buffalo_Pound_2018_2019,Buffalo_Pound_2018_2019,waterbody:Buffalo_Pound_2018_2019:Buffalo Pound Lake,2018-08-14
5792a13a8f7a5667,source_ood,0,test,Buffalo_Pound_2018_2019,Buffalo_Pound_2018_2019,waterbody:Buffalo_Pound_2018_2019:Buffalo Pound Lake,2018-08-14
f0c22849618eefc3,source_ood,0,test,Buffalo_Pound_2018_2019,Buffalo_Pound_2018_2019,waterbody:Buffalo_Pound_2018_2019:Buffalo Pound Lake,2018-08-17
782d9f337f50d4eb,source_ood,0,test,Buffalo_Pound_2018_2019,Buffalo_Pound_2018_2019,waterbody:Buffalo_Pound_2018_2019:Buffalo Pound Lake,2018-08-17
fe88976437f617c7,source_ood,0,test,Buffalo_Pound_2018_2019,Buffalo_Pound_2018_2019,waterbody:Buffalo_Pound_2018_2019:Buffalo Pound Lake,2018-08-17
c83f86b53557d99a,source_ood,0,test,Buffalo_Pound_2018_2019,Buffalo_Pound_2018_2019,waterbody:Buffalo_Pound_2018_2019:Buffalo Pound Lake,2018-08-21
47905f41dd99edc7,source_ood,0,test,Buffalo_Pound_2018_2019,Buffalo_Pound_2018_2019,waterbody:Buffalo_Pound_2018_2019:Buffalo Pound Lake,2018-08-21
93610fd8bdd41ea3,source_ood,0,test,Buffalo_Pound_2018_2019,Buffalo_Pound_2018_2019,waterbody:Buffalo_Pound_2018_2019:Buffalo Pound Lake,2018-08-21
aea5ba6512cc3077,source_ood,0,test,Buffalo_Pound_2018_2019,Buffalo_Pound_2018_2019,waterbody:Buffalo_Pound_2018_2019:Buffalo Pound Lake,2018-08-23
6120956835c01898,source_ood,0,test,Buffalo_Pound_2018_2019,Buffalo_Pound_2018_2019,waterbody:Buffalo_Pound_2018_2019:Buffalo Pound Lake,2018-08-23
b8643f3909c55878,source_ood,0,test,Buffalo_Pound_2018_2019,Buffalo_Pound_2018_2019,waterbody:Buffalo_Pound_2018_2019:Buffalo Pound Lake,2018-08-23
4ee44ba7377559f4,source_ood,0,test,Buffalo_Pound_2018_2019,Buffalo_Pound_2018_2019,waterbody:Buffalo_Pound_2018_2019:Buffalo Pound Lake,2018-08-28
8c75da4cf2d5e998,source_ood,0,test,Buffalo_Pound_2018_2019,Buffalo_Pound_2018_2019,waterbody:Buffalo_Pound_2018_2019:Buffalo Pound Lake,2018-08-28
62ed3b40b5937e2e,source_ood,0,test,Buffalo_Pound_2018_2019,Buffalo_Pound_2018_2019,waterbody:Buffalo_Pound_2018_2019:Buffalo Pound Lake,2018-08-28
4f792146fead0b56,source_ood,0,test,Buffalo_Pound_2018_2019,Buffalo_Pound_2018_2019,waterbody:Buffalo_Pound_2018_2019:Buffalo Pound Lake,2018-09-05
140107285a60b731,source_ood,0,test,Buffalo_Pound_2018_2019,Buffalo_Pound_2018_2019,waterbody:Buffalo_Pound_2018_2019:Buffalo Pound Lake,2018-09-05
d3d7de62cc26bc95,source_ood,0,test,Buffalo_Pound_2018_2019,Buffalo_Pound_2018_2019,waterbody:Buffalo_Pound_2018_2019:Buffalo Pound Lake,2018-09-05
0d9abbe65a072e26,source_ood,0,test,Buffalo_Pound_2018_2019,Buffalo_Pound_2018_2019,waterbody:Buffalo_Pound_2018_2019:Buffalo Pound Lake,2018-09-17
f3b9ec4b56af3a74,source_ood,0,test,Buffalo_Pound_2018_2019,Buffalo_Pound_2018_2019,waterbody:Buffalo_Pound_2018_2019:Buffalo Pound Lake,2018-09-17
9e26f9b77e6074f4,source_ood,0,test,Buffalo_Pound_2018_2019,Buffalo_Pound_2018_2019,waterbody:Buffalo_Pound_2018_2019:Buffalo Pound Lake,2018-09-17
d0367d702fee6f8f,source_ood,0,test,Buffalo_Pound_2018_2019,Buffalo_Pound_2018_2019,waterbody:Buffalo_Pound_2018_2019:Buffalo Pound Lake,2019-06-03
e8d60ad93723c08c,source_ood,0,test,Buffalo_Pound_2018_2019,Buffalo_Pound_2018_2019,waterbody:Buffalo_Pound_2018_2019:Buffalo Pound Lake,2019-06-03
67fc0b7ebe659407,source_ood,0,test,Buffalo_Pound_2018_2019,Buffalo_Pound_2018_2019,waterbody:Buffalo_Pound_2018_2019:Buffalo Pound Lake,2019-06-03
3970fbbdd788dfa3,source_ood,0,test,Buffalo_Pound_2018_2019,Buffalo_Pound_2018_2019,waterbody:Buffalo_Pound_2018_2019:Buffalo Pound Lake,2019-06-12
15a51d43ef9d9c94,source_ood,0,test,Buffalo_Pound_2018_2019,Buffalo_Pound_2018_2019,waterbody:Buffalo_Pound_2018_2019:Buffalo Pound Lake,2019-06-12
d80baa4a0d283751,source_ood,0,test,Buffalo_Pound_2018_2019,Buffalo_Pound_2018_2019,waterbody:Buffalo_Pound_2018_2019:Buffalo Pound Lake,2019-06-12
150f10a99d029071,source_ood,0,test,Buffalo_Pound_2018_2019,Buffalo_Pound_2018_2019,waterbody:Buffalo_Pound_2018_2019:Buffalo Pound Lake,2019-06-19
a77b00c69ec9d565,source_ood,0,test,Buffalo_Pound_2018_2019,Buffalo_Pound_2018_2019,waterbody:Buffalo_Pound_2018_2019:Buffalo Pound Lake,2019-06-19
f8196d2078df55cb,source_ood,0,test,Buffalo_Pound_2018_2019,Buffalo_Pound_2018_2019,waterbody:Buffalo_Pound_2018_2019:Buffalo Pound Lake,2019-06-19
33197435c262ec9b,source_ood,0,test,Buffalo_Pound_2018_2019,Buffalo_Pound_2018_2019,waterbody:Buffalo_Pound_2018_2019:Buffalo Pound Lake,2019-07-05
ebbe867ad3e52be3,source_ood,0,test,Buffalo_Pound_2018_2019,Buffalo_Pound_2018_2019,waterbody:Buffalo_Pound_2018_2019:Buffalo Pound Lake,2019-07-05
6eeb55ac62ac361a,source_ood,0,test,Buffalo_Pound_2018_2019,Buffalo_Pound_2018_2019,waterbody:Buffalo_Pound_2018_2019:Buffalo Pound Lake,2019-07-05
fdbebc08c4fccdc1,source_ood,0,test,Buffalo_Pound_2018_2019,Buffalo_Pound_2018_2019,waterbody:Buffalo_Pound_2018_2019:Buffalo Pound Lake,2019-07-10
cf9d8680dd91fa25,source_ood,0,test,Buffalo_Pound_2018_2019,Buffalo_Pound_2018_2019,waterbody:Buffalo_Pound_2018_2019:Buffalo Pound Lake,2019-07-10
c9ec83a4686e310d,source_ood,0,test,Buffalo_Pound_2018_2019,Buffalo_Pound_2018_2019,waterbody:Buffalo_Pound_2018_2019:Buffalo Pound Lake,2019-07-10
048301c574f17de1,source_ood,0,test,Buffalo_Pound_2018_2019,Buffalo_Pound_2018_2019,waterbody:Buffalo_Pound_2018_2019:Buffalo Pound Lake,2019-07-17
245fb5a33d455627,source_ood,0,test,Buffalo_Pound_2018_2019,Buffalo_Pound_2018_2019,waterbody:Buffalo_Pound_2018_2019:Buffalo Pound Lake,2019-07-17
614d9efc56ad7656,source_ood,0,test,Buffalo_Pound_2018_2019,Buffalo_Pound_2018_2019,waterbody:Buffalo_Pound_2018_2019:Buffalo Pound Lake,2019-07-17
164342595f7af234,source_ood,0,test,Buffalo_Pound_2018_2019,Buffalo_Pound_2018_2019,waterbody:Buffalo_Pound_2018_2019:Buffalo Pound Lake,2019-07-29
9891879c92459322,source_ood,0,test,Buffalo_Pound_2018_2019,Buffalo_Pound_2018_2019,waterbody:Buffalo_Pound_2018_2019:Buffalo Pound Lake,2019-07-29
11de53cecc9338d3,source_ood,0,test,Buffalo_Pound_2018_2019,Buffalo_Pound_2018_2019,waterbody:Buffalo_Pound_2018_2019:Buffalo Pound Lake,2019-07-29
faa9ae690e68202f,source_ood,0,test,Buffalo_Pound_2018_2019,Buffalo_Pound_2018_2019,waterbody:Buffalo_Pound_2018_2019:Buffalo Pound Lake,2019-08-07
8d22e248909a5290,source_ood,0,test,Buffalo_Pound_2018_2019,Buffalo_Pound_2018_2019,waterbody:Buffalo_Pound_2018_2019:Buffalo Pound Lake,2019-08-07
4932c6c072aa347f,source_ood,0,test,Buffalo_Pound_2018_2019,Buffalo_Pound_2018_2019,waterbody:Buffalo_Pound_2018_2019:Buffalo Pound Lake,2019-08-07
259e7bd2f0b3903f,source_ood,0,test,Buffalo_Pound_2018_2019,Buffalo_Pound_2018_2019,waterbody:Buffalo_Pound_2018_2019:Buffalo Pound Lake,2019-08-15
55ea28585b5cae5c,source_ood,0,test,Buffalo_Pound_2018_2019,Buffalo_Pound_2018_2019,waterbody:Buffalo_Pound_2018_2019:Buffalo Pound Lake,2019-08-15
e563b266f79300ff,source_ood,0,test,Buffalo_Pound_2018_2019,Buffalo_Pound_2018_2019,waterbody:Buffalo_Pound_2018_2019:Buffalo Pound Lake,2019-08-15
aac124c90566c458,source_ood,0,test,Buffalo_Pound_2018_2019,Buffalo_Pound_2018_2019,waterbody:Buffalo_Pound_2018_2019:Buffalo Pound Lake,2019-08-21
e42d470a70b2422e,source_ood,0,test,Buffalo_Pound_2018_2019,Buffalo_Pound_2018_2019,waterbody:Buffalo_Pound_2018_2019:Buffalo Pound Lake,2019-08-21
c63b3cabd6b7767d,source_ood,0,test,Buffalo_Pound_2018_2019,Buffalo_Pound_2018_2019,waterbody:Buffalo_Pound_2018_2019:Buffalo Pound Lake,2019-08-21
0deb5446f3ed2cff,source_ood,0,test,Buffalo_Pound_2018_2019,Buffalo_Pound_2018_2019,waterbody:Buffalo_Pound_2018_2019:Buffalo Pound Lake,2019-08-30
74e99b4d3bdbe1f3,source_ood,0,test,Buffalo_Pound_2018_2019,Buffalo_Pound_2018_2019,waterbody:Buffalo_Pound_2018_2019:Buffalo Pound Lake,2019-08-30
6c6569be836e526e,source_ood,0,test,Buffalo_Pound_2018_2019,Buffalo_Pound_2018_2019,waterbody:Buffalo_Pound_2018_2019:Buffalo Pound Lake,2019-08-30
51fc7d868c9600ad,source_ood,0,test,Buffalo_Pound_2018_2019,Buffalo_Pound_2018_2019,waterbody:Buffalo_Pound_2018_2019:Buffalo Pound Lake,2019-09-03
2bec10d117a620cf,source_ood,0,test,Buffalo_Pound_2018_2019,Buffalo_Pound_2018_2019,waterbody:Buffalo_Pound_2018_2019:Buffalo Pound Lake,2019-09-03
64cfa1617c2364ed,source_ood,0,test,Buffalo_Pound_2018_2019,Buffalo_Pound_2018_2019,waterbody:Buffalo_Pound_2018_2019:Buffalo Pound Lake,2019-09-03
8ef1e4a70f98d4ad,source_ood,0,test,Buffalo_Pound_2018_2019,Buffalo_Pound_2018_2019,waterbody:Buffalo_Pound_2018_2019:Buffalo Pound Lake,2019-09-13
d749d164013f2388,source_ood,0,test,Buffalo_Pound_2018_2019,Buffalo_Pound_2018_2019,waterbody:Buffalo_Pound_2018_2019:Buffalo Pound Lake,2019-09-13
4fb4ca3f3d56c48f,source_ood,0,test,Buffalo_Pound_2018_2019,Buffalo_Pound_2018_2019,waterbody:Buffalo_Pound_2018_2019:Buffalo Pound Lake,2019-09-13
43ac8fe97570c722,source_ood,0,test,Buffalo_Pound_2018_2019,Buffalo_Pound_2018_2019,waterbody:Buffalo_Pound_2018_2019:Buffalo Pound Lake,2019-09-17
24d71d01bc7afc7f,source_ood,0,test,Buffalo_Pound_2018_2019,Buffalo_Pound_2018_2019,waterbody:Buffalo_Pound_2018_2019:Buffalo Pound Lake,2019-09-17
fe4e137bc6adfdf3,source_ood,0,test,Buffalo_Pound_2018_2019,Buffalo_Pound_2018_2019,waterbody:Buffalo_Pound_2018_2019:Buffalo Pound Lake,2019-09-17
986035eb281558cb,source_ood,0,test,Buffalo_Pound_2018_2019,Buffalo_Pound_2018_2019,waterbody:Buffalo_Pound_2018_2019:Buffalo Pound Lake,2019-09-26
a2a214290cf4e6be,source_ood,0,test,Buffalo_Pound_2018_2019,Buffalo_Pound_2018_2019,waterbody:Buffalo_Pound_2018_2019:Buffalo Pound Lake,2019-09-26
32fc2fa4f35a493e,source_ood,0,test,Buffalo_Pound_2018_2019,Buffalo_Pound_2018_2019,waterbody:Buffalo_Pound_2018_2019:Buffalo Pound Lake,2019-09-26
c45c3ab7330c832b,source_ood,0,test,Buffalo_Pound_2018_2019,Buffalo_Pound_2018_2019,waterbody:Buffalo_Pound_2018_2019:Buffalo Pound Lake,2019-10-03
d383bbb98de20a07,source_ood,0,test,Buffalo_Pound_2018_2019,Buffalo_Pound_2018_2019,waterbody:Buffalo_Pound_2018_2019:Buffalo Pound Lake,2019-10-03
6c6c059bbb7fa1de,source_ood,0,test,Buffalo_Pound_2018_2019,Buffalo_Pound_2018_2019,waterbody:Buffalo_Pound_2018_2019:Buffalo Pound Lake,2019-10-03
