record_id,protocol,fold,role,split_group,source_group,waterbody_group,sample_date
434c4eb6013ee711,source_ood,3,train,EMLS,EMLS,waterbody:EMLS:Mondsee,2015-08-03
f0ef732afc13cc54,source_ood,3,train,EMLS,EMLS,waterbody:EMLS:Brenet,2015-08-12
dfb93e473473a69a,source_ood,3,train,EMLS,EMLS,waterbody:EMLS:Bret,2015-08-25
386f7156c393db31,source_ood,3,train,EMLS,EMLS,waterbody:EMLS:Divonne,2015-08-14
b4fd16d85807d793,source_ood,3,train,EMLS,EMLS,waterbody:EMLS:Geneva_GE3,2015-08-10
bfce12a5def6c2ee,source_ood,3,train,EMLS,EMLS,waterbody:EMLS:Greifen,2015-08-20
3544b3a001fa3f2e,source_ood,3,train,EMLS,EMLS,waterbody:EMLS:Hallwil,2015-08-17
2bdafed09608089d,source_ood,3,train,EMLS,EMLS,waterbody:EMLS:Joux,2015-08-12
faf508dd86e81b45,source_ood,3,train,EMLS,EMLS,waterbody:EMLS:Lucerne,2015-08-27
96349ff735de95da,source_ood,3,train,EMLS,EMLS,waterbody:EMLS:Morat,2015-08-13
ddceba431a0ea6e0,source_ood,3,train,EMLS,EMLS,waterbody:EMLS:Ober,2015-08-18
a5b18d462546202f,source_ood,3,train,EMLS,EMLS,waterbody:EMLS:Pfaffikon,2015-08-20
9d1c44812f22880c,source_ood,3,train,EMLS,EMLS,waterbody:EMLS:Sempacher,2015-08-22
3c0c7fa10f517b3e,source_ood,3,train,EMLS,EMLS,waterbody:EMLS:Geneva_SHL2,2015-08-03
2c69d599178c5ef7,source_ood,3,train,EMLS,EMLS,waterbody:EMLS:Sopen,2015-08-04
a678d4421c444b33,source_ood,3,train,EMLS,EMLS,waterbody:EMLS:Zurich,2015-08-18
0db8295708be9ec6,source_ood,3,train,EMLS,EMLS,waterbody:EMLS:Akaki_Malounda,2015-06-24
478859efc3edde1f,source_ood,3,train,EMLS,EMLS,waterbody:EMLS:Asprokremmos Reservoir,2015-06-10
0382d4fde11e8bf4,source_ood,3,train,EMLS,EMLS,waterbody:EMLS:Kannaviou Reservoir,2015-06-09
d5455762d8283cb6,source_ood,3,train,EMLS,EMLS,waterbody:EMLS:Kouris Reservoir,2015-06-11
66859a183de212ce,source_ood,3,train,EMLS,EMLS,waterbody:EMLS:Polemidia,2015-06-17
b76e4878295d3cf5,source_ood,3,train,EMLS,EMLS,waterbody:EMLS:Boskovice,2015-07-13
2783ff5202a475c3,source_ood,3,train,EMLS,EMLS,waterbody:EMLS:Brnenska prehrada,2015-07-09
72e42d7b7e27dadf,source_ood,3,train,EMLS,EMLS,waterbody:EMLS:Hamry,2015-07-15
8f0e4cc6b7d576b4,source_ood,3,train,EMLS,EMLS,waterbody:EMLS:Letovice,2015-07-13
ff68371562831929,source_ood,3,train,EMLS,EMLS,waterbody:EMLS:Luhacovice,2015-07-09
4785a08b8020dd4c,source_ood,3,train,EMLS,EMLS,waterbody:EMLS:Matejovsky,2015-07-15
0fcd971414ee1f2f,source_ood,3,train,EMLS,EMLS,waterbody:EMLS:Mostiste,2015-07-20
764e4d713b6332ea,source_ood,3,train,EMLS,EMLS,waterbody:EMLS:Nesyt,2015-07-07
eb2126571bb495e7,source_ood,3,train,EMLS,EMLS,waterbody:EMLS:Nove Mlyny II,2015-07-07
70a9017512a0c0be,source_ood,3,train,EMLS,EMLS,waterbody:EMLS:Novovesky,2015-07-07
ef30f0b8972c21b1,source_ood,3,train,EMLS,EMLS,waterbody:EMLS:Velke Dako,2015-07-15
279e6f32c2c47285,source_ood,3,train,EMLS,EMLS,waterbody:EMLS:Bikowsee,2015-09-02
07931f72b441c1eb,source_ood,3,train,EMLS,EMLS,waterbody:EMLS:Carwitzersee,2015-08-13
290235d0cabbc901,source_ood,3,train,EMLS,EMLS,waterbody:EMLS:Constance,2015-08-04
b5ccbbb405d7c73b,source_ood,3,train,EMLS,EMLS,waterbody:EMLS:Grosser Dabelowsee,2015-09-07
3ec6b6cbec43f1e8,source_ood,3,train,EMLS,EMLS,waterbody:EMLS:Dagowsee,2015-07-09
961f661c1108d018,source_ood,3,train,EMLS,EMLS,waterbody:EMLS:Domjuchsee,2015-09-07
a5c3b47ef79be1dd,source_ood,3,train,EMLS,EMLS,waterbody:EMLS:Ellengowsee,2015-09-04
08eee8430b639c02,source_ood,3,train,EMLS,EMLS,waterbody:EMLS:Fuirstensersee,2015-09-07
2a07c843f81a98dd,source_ood,3,train,EMLS,EMLS,waterbody:EMLS:Fukuschkule,2015-09-03
4f42011da318a019,source_ood,3,train,EMLS,EMLS,waterbody:EMLS:Kleiner Wentowsee,2015-09-01
b431c7529fc141f3,source_ood,3,train,EMLS,EMLS,waterbody:EMLS:Labusee,2015-09-04
804236c18df57826,source_ood,3,train,EMLS,EMLS,waterbody:EMLS:LangerSee,2015-07-27
c7ad3ed522e036f6,source_ood,3,train,EMLS,EMLS,waterbody:EMLS:Muggelsee,2015-08-25
14ca4c15fd86251b,source_ood,3,train,EMLS,EMLS,waterbody:EMLS:Oberuckersee,2015-08-07
7a33c7a0b7812116,source_ood,3,train,EMLS,EMLS,waterbody:EMLS:Peetschsee,2015-08-16
0348407e64fd92ad,source_ood,3,train,EMLS,EMLS,waterbody:EMLS:Pfsarrsee,2015-09-07
1dd26b2cd7db5425,source_ood,3,train,EMLS,EMLS,waterbody:EMLS:Plauersee,2015-08-19
bbb1f96dd62df49c,source_ood,3,train,EMLS,EMLS,waterbody:EMLS:Platinsee,2015-08-31
6eaf2c72625653a8,source_ood,3,train,EMLS,EMLS,waterbody:EMLS:Prebelowsee,2015-09-15
dcdf92c828d4a2cf,source_ood,3,train,EMLS,EMLS,waterbody:EMLS:Roblinsee,2015-08-31
c2aa26c2a65300d4,source_ood,3,train,EMLS,EMLS,waterbody:EMLS:Roofensee,2015-09-01
5944ca6f7e274421,source_ood,3,train,EMLS,EMLS,waterbody:EMLS:Scharmutzelsee,2015-07-20
fe77a48b170f6e04,source_ood,3,train,EMLS,EMLS,waterbody:EMLS:Scharmutzelsee,2015-08-27
3bdd369cff0f47f1,source_ood,3,train,EMLS,EMLS,waterbody:EMLS:Schlabornsee,2015-09-02
82bd92d82f25a342,source_ood,3,train,EMLS,EMLS,waterbody:EMLS:Schwedtsee,2015-08-31
9b15e3853228455b,source_ood,3,train,EMLS,EMLS,waterbody:EMLS:Stechlinsee,2015-08-11
fba010fea7b1e859,source_ood,3,train,EMLS,EMLS,waterbody:EMLS:Stolpsee,2015-08-31
a94990bab4562e4f,source_ood,3,train,EMLS,EMLS,waterbody:EMLS:Tiwarensee,2015-08-20
5ae831d544ea6bd3,source_ood,3,train,EMLS,EMLS,waterbody:EMLS:Wanzkaersee,2015-08-24
4fededff2b0dbaf5,source_ood,3,train,EMLS,EMLS,waterbody:EMLS:Grosser Wentowsee,2015-09-01
def852f820ecb1c4,source_ood,3,train,EMLS,EMLS,waterbody:EMLS:Wittwesee,2015-09-03
cd00715da932cc81,source_ood,3,train,EMLS,EMLS,waterbody:EMLS:Wurlsee,2015-09-11
0d72ef5a6ed968d0,source_ood,3,train,EMLS,EMLS,waterbody:EMLS:Bagsvaerd,2015-08-26
f6aa6187b636ad54,source_ood,3,train,EMLS,EMLS,waterbody:EMLS:Bastrup,2015-08-25
0a407c87b0fdd81f,source_ood,3,train,EMLS,EMLS,waterbody:EMLS:Farum,2015-08-25
d4ebe83550ac1e98,source_ood,3,train,EMLS,EMLS,waterbody:EMLS:Fure,2015-08-26
e56d8646780d33f0,source_ood,3,train,EMLS,EMLS,waterbody:EMLS:Gyrstinge,2015-08-12
c4fbbb81c932d2c4,source_ood,3,train,EMLS,EMLS,waterbody:EMLS:Haraldsted,2015-08-12
84e8e40baf120240,source_ood,3,train,EMLS,EMLS,waterbody:EMLS:Lyngby,2015-08-31
7b677fbae82c2842,source_ood,3,train,EMLS,EMLS,waterbody:EMLS:Slaen,2015-08-26
1c5dc746db3c160c,source_ood,3,train,EMLS,EMLS,waterbody:EMLS:Elistvere,2015-07-25
eeb635eb77706e37,source_ood,3,train,EMLS,EMLS,waterbody:EMLS:Kaiavere,2015-07-25
fe7d06f4a79d8173,source_ood,3,train,EMLS,EMLS,waterbody:EMLS:Kuremaa,2015-07-25
b4300e66bab2eb34,source_ood,3,train,EMLS,EMLS,waterbody:EMLS:Lammijarv,2015-08-17
fa70efd9d2e612a0,source_ood,3,train,EMLS,EMLS,waterbody:EMLS:Peipsi,2015-08-18
7f57b9af07e82aa1,source_ood,3,train,EMLS,EMLS,waterbody:EMLS:Raigastvere,2015-07-25
9de9cf041c1b1d3c,source_ood,3,train,EMLS,EMLS,waterbody:EMLS:Saadjarv,2015-08-12
12e9eadc7e2b698d,source_ood,3,train,EMLS,EMLS,waterbody:EMLS:Verevijarv,2015-08-11
9668ac8a2ce04248,source_ood,3,train,EMLS,EMLS,waterbody:EMLS:Vortsjarv,2015-08-18
1646b8fc38a6e2b9,source_ood,3,train,EMLS,EMLS,waterbody:EMLS:Abegondo-Cecebre,2015-09-08
a38bd2bb83669d47,source_ood,3,train,EMLS,EMLS,waterbody:EMLS:Albufera de Valencia,2015-08-05
2ba8e5538461c9d8,source_ood,3,train,EMLS,EMLS,waterbody:EMLS:Alcantara,2015-09-03
d67cf9875cf48716,source_ood,3,train,EMLS,EMLS,waterbody:EMLS:Embalse de Arcos de la Frontera,2015-09-18
e84de7a86b667521,source_ood,3,train,EMLS,EMLS,waterbody:EMLS:Azutan,2015-08-21
5699ea8eada856a8,source_ood,3,train,EMLS,EMLS,waterbody:EMLS:La Baells,2015-08-13
1286696e980cd61f,source_ood,3,train,EMLS,EMLS,waterbody:EMLS:Baxe reservoir,2015-09-10
a1f67acdd88d689f,source_ood,3,train,EMLS,EMLS,waterbody:EMLS:Boadella,2015-08-10
c88813dc07f79c50,source_ood,3,train,EMLS,EMLS,waterbody:EMLS:Branas,2015-08-20
340c36799239d1ff,source_ood,3,train,EMLS,EMLS,waterbody:EMLS:Basturs petit,2015-09-02
9e826f4e7b6101b9,source_ood,3,train,EMLS,EMLS,waterbody:EMLS:Basturs,2015-09-02
10be42ba8fe951fa,source_ood,3,train,EMLS,EMLS,waterbody:EMLS:Laguna Camarones,2015-08-22
e5dda7f4ea0e134e,source_ood,3,train,EMLS,EMLS,waterbody:EMLS:Laguna Canas,2015-08-22
141590f978ceb6ea,source_ood,3,train,EMLS,EMLS,waterbody:EMLS:Cedillo,2015-09-08
fc063e90efeed162,source_ood,3,train,EMLS,EMLS,waterbody:EMLS:As Conchas,2015-09-17
e21f53ba8c1ea4a8,source_ood,3,train,EMLS,EMLS,waterbody:EMLS:Laguna Costera,2015-08-22
ff2c65d704d8bd9e,source_ood,3,train,EMLS,EMLS,waterbody:EMLS:Embalse del Cubillas,2015-07-29
90d5aff49669ddb6,source_ood,3,train,EMLS,EMLS,waterbody:EMLS:Doninos,2015-08-20
90a1ba056f5ece32,source_ood,3,train,EMLS,EMLS,waterbody:EMLS:Laguna Escondida,2015-08-22
6201be737fbde6a7,source_ood,3,train,EMLS,EMLS,waterbody:EMLS:El Foix,2015-08-14
41122a562fc4a89a,source_ood,3,train,EMLS,EMLS,waterbody:EMLS:As Forcadas Reservoir,2015-09-09
1bfda75ee80f4321,source_ood,3,train,EMLS,EMLS,waterbody:EMLS:Laguna Grande de Villafranca,2015-07-23
7772a9537099e58d,source_ood,3,train,EMLS,EMLS,waterbody:EMLS:Laguna Honda,2015-07-23
f876b651b35ac867,source_ood,3,train,EMLS,EMLS,waterbody:EMLS:Mequinenza Reservoir,2015-08-03
5a6cfa984bda3575,source_ood,3,train,EMLS,EMLS,waterbody:EMLS:Montcortes,2015-09-03
09296a8f0b0d3aa5,source_ood,3,train,EMLS,EMLS,waterbody:EMLS:Ribarroja Reservoir,2015-08-04
1e51307f61309bce,source_ood,3,train,EMLS,EMLS,waterbody:EMLS:Laguna Rio Viejo,2015-08-22
83cde54bdbedfb0a,source_ood,3,train,EMLS,EMLS,waterbody:EMLS:Sau,2015-08-11
97483d87b50e3e3b,source_ood,3,train,EMLS,EMLS,waterbody:EMLS:Sobrado,2015-08-20
230391886cf35040,source_ood,3,train,EMLS,EMLS,waterbody:EMLS:Sobron Resrbvoir,2015-07-29
2fb1fd8a1be21950,source_ood,3,train,EMLS,EMLS,waterbody:EMLS:Laguna Sur,2015-08-22
d3ac2f6296199dfb,source_ood,3,train,EMLS,EMLS,waterbody:EMLS:Embalse de Tous,2015-07-24
22b88d5a85fbf18c,source_ood,3,train,EMLS,EMLS,waterbody:EMLS:Valdecanas,2015-09-07
2180743edb1bdca8,source_ood,3,train,EMLS,EMLS,waterbody:EMLS:Vallfornes,2015-08-12
aa7f9689e051ba23,source_ood,3,train,EMLS,EMLS,waterbody:EMLS:Laguna de las Yeguas,2015-07-21
0265d52b4aa39310,source_ood,3,train,EMLS,EMLS,waterbody:EMLS:Harkmerifjarden,2015-08-13
5026bcca859f108e,source_ood,3,train,EMLS,EMLS,waterbody:EMLS:Jyvasjarvi,2015-08-13
a70aec4fd616b542,source_ood,3,train,EMLS,EMLS,waterbody:EMLS:Kakskerranjarvi,2015-08-05
d9179f450afa92e6,source_ood,3,train,EMLS,EMLS,waterbody:EMLS:Littoistenjarvi,2015-08-05
c1d7c86633041d14,source_ood,3,train,EMLS,EMLS,waterbody:EMLS:Muuratjarvi,2015-08-20
94401948a8c33e88,source_ood,3,train,EMLS,EMLS,waterbody:EMLS:Stortrasket,2015-08-13
169e4789a0848f56,source_ood,3,train,EMLS,EMLS,waterbody:EMLS:Vanajanselka,2015-08-31
697feb1cf11fa369,source_ood,3,train,EMLS,EMLS,waterbody:EMLS:Aydat,2015-09-03
357b6be575714c54,source_ood,3,train,EMLS,EMLS,waterbody:EMLS:Pavin,2015-09-02
dc109e9242f4f2ca,source_ood,3,train,EMLS,EMLS,waterbody:EMLS:Marathonas,2015-10-05
8ba01429da3aa7d0,source_ood,3,train,EMLS,EMLS,waterbody:EMLS:Lesser Prespa,2015-09-18
5668e9a046ad5ec8,source_ood,3,train,EMLS,EMLS,waterbody:EMLS:Volvi,2015-09-16
c9d034efea81019f,source_ood,3,train,EMLS,EMLS,waterbody:EMLS:Bajer,2015-08-27
55b6594ed6b668d0,source_ood,3,train,EMLS,EMLS,waterbody:EMLS:Butoniga,2015-07-21
4e64181319ea81b5,source_ood,3,train,EMLS,EMLS,waterbody:EMLS:Kozjak,2015-07-23
91aaf6e2411e1c9b,source_ood,3,train,EMLS,EMLS,waterbody:EMLS:Lesce,2015-07-12
2ee0f5ffc3c8bc56,source_ood,3,train,EMLS,EMLS,waterbody:EMLS:Lokve,2015-08-20
425aae4d3fa2046e,source_ood,3,train,EMLS,EMLS,waterbody:EMLS:Malo Jezero,2015-08-24
4881ea6c44a1a603,source_ood,3,train,EMLS,EMLS,waterbody:EMLS:Njivice,2015-08-27
f7184e0bd872eef1,source_ood,3,train,EMLS,EMLS,waterbody:EMLS:Peto Jezero,2015-07-31
1509f38b96066443,source_ood,3,train,EMLS,EMLS,waterbody:EMLS:Ponikve,2015-08-27
1b1f24d65bc76ba7,source_ood,3,train,EMLS,EMLS,waterbody:EMLS:Prosce,2015-07-23
a846a1146191cdfe,source_ood,3,train,EMLS,EMLS,waterbody:EMLS:Savica,2015-08-21
26e525996dcf37cf,source_ood,3,train,EMLS,EMLS,waterbody:EMLS:Tribali,2015-08-20
5d4b3f2516cec9a3,source_ood,3,train,EMLS,EMLS,waterbody:EMLS:Vransko,2015-08-28
ef03297cf8f7ce76,source_ood,3,train,EMLS,EMLS,waterbody:EMLS:Velencei,2015-08-07
d23e57a755e0a657,source_ood,3,train,EMLS,EMLS,waterbody:EMLS:Zamolyi,2015-08-07
bf06ac987ee0eb5a,source_ood,3,train,EMLS,EMLS,waterbody:EMLS:Colgagh Lough,2015-08-24
42142863c7fbc8df,source_ood,3,train,EMLS,EMLS,waterbody:EMLS:Corduff,2015-08-25
816a3bbac7beb148,source_ood,3,train,EMLS,EMLS,waterbody:EMLS:Milltown,2015-08-27
13e2ffbd0a0c497b,source_ood,3,train,EMLS,EMLS,waterbody:EMLS:Templehouse,2015-08-25
a949df764ca70685,source_ood,3,train,EMLS,EMLS,waterbody:EMLS:Caldonazzo,2015-08-17
72412d0ca440ad85,source_ood,3,train,EMLS,EMLS,waterbody:EMLS:Campo,2015-07-22
88382daca8984e74,source_ood,3,train,EMLS,EMLS,waterbody:EMLS:Garda,2015-08-11
84d689a6f16023f9,source_ood,3,train,EMLS,EMLS,waterbody:EMLS:Iseo,2015-09-07
a232099b0ded1bae,source_ood,3,train,EMLS,EMLS,waterbody:EMLS:Levico,2015-08-03
bca0a850b8cd26ea,source_ood,3,train,EMLS,EMLS,waterbody:EMLS:Serraia,2015-07-28
2bcb6d404ce17aef,source_ood,3,train,EMLS,EMLS,waterbody:EMLS:Tovel,2015-08-04
94f2c5374c06a15f,source_ood,3,train,EMLS,EMLS,waterbody:EMLS:Balsys,2015-08-25
2ad737961f1038b9,source_ood,3,train,EMLS,EMLS,waterbody:EMLS:Didziulis,2015-08-14
8287b6b1b1f1cb72,source_ood,3,train,EMLS,EMLS,waterbody:EMLS:Gaustvinis,2015-08-04
adab530e313a2c7b,source_ood,3,train,EMLS,EMLS,waterbody:EMLS:Gineitiskes,2015-08-12
c7bd3bc870a08512,source_ood,3,train,EMLS,EMLS,waterbody:EMLS:Gulbinas,2015-08-07
9ec4f04b4eeaa7fe,source_ood,3,train,EMLS,EMLS,waterbody:EMLS:Jieznas,2015-08-17
81b134be5d8dd7b1,source_ood,3,train,EMLS,EMLS,waterbody:EMLS:Lukstas,2015-08-01
5520be4c9606df00,source_ood,3,train,EMLS,EMLS,waterbody:EMLS:Mastis,2015-08-01
f8b48e927013ee17,source_ood,3,train,EMLS,EMLS,waterbody:EMLS:Niedulis,2015-08-24
a50f3d86f2572556,source_ood,3,train,EMLS,EMLS,waterbody:EMLS:Pabezninkai,2015-08-24
1de19521ead5704b,source_ood,3,train,EMLS,EMLS,waterbody:EMLS:Rekyva,2015-08-03
c22539d49b50303f,source_ood,3,train,EMLS,EMLS,waterbody:EMLS:Simnas,2015-08-11
cc3ae0bde99a428c,source_ood,3,train,EMLS,EMLS,waterbody:EMLS:Sitvys,2015-08-18
6f28de6c0dffbfef,source_ood,3,train,EMLS,EMLS,waterbody:EMLS:Talksa,2015-08-03
985467b6ff04d33f,source_ood,3,train,EMLS,EMLS,waterbody:EMLS:Udrija,2015-08-11
05afe76c89b503fa,source_ood,3,train,EMLS,EMLS,waterbody:EMLS:Dojran,2015-09-06
167fa94767a33ac4,source_ood,3,train,EMLS,EMLS,waterbody:EMLS:Ohrid,2015-09-08
06c3e8e2c5cb4b62,source_ood,3,train,EMLS,EMLS,waterbody:EMLS:Prespa,2015-09-07
dadad34735c95e4a,source_ood,3,train,EMLS,EMLS,waterbody:EMLS:Amstelveense,2015-08-12
a3d7f6dcded98e2f,source_ood,3,train,EMLS,EMLS,waterbody:EMLS:Empelse put,2015-08-27
8d6bfa96b6f59e1e,source_ood,3,train,EMLS,EMLS,waterbody:EMLS:Ertveldplas,2015-08-05
0271926ead191b76,source_ood,3,train,EMLS,EMLS,waterbody:EMLS:Geffense,2015-08-21
6f8ddcf11093c2b5,source_ood,3,train,EMLS,EMLS,waterbody:EMLS:Henschotermeer,2015-08-25
d17f1818f2fe95e1,source_ood,3,train,EMLS,EMLS,waterbody:EMLS:Kinselmeer,2015-08-12
99e872c6cee682e8,source_ood,3,train,EMLS,EMLS,waterbody:EMLS:Koningshoeve,2015-08-12
5197b92aa5b061f9,source_ood,3,train,EMLS,EMLS,waterbody:EMLS:Meerwijkplas,2015-08-17
599507301b202d69,source_ood,3,train,EMLS,EMLS,waterbody:EMLS:Molenplas,2015-08-17
1899a92caf70e22b,source_ood,3,train,EMLS,EMLS,waterbody:EMLS:Nieuwe Meer,2015-08-31
1917508cc4754ed1,source_ood,3,train,EMLS,EMLS,waterbody:EMLS:Put Van Drunen,2015-08-07
5c6e9a0136620598,source_ood,3,train,EMLS,EMLS,waterbody:EMLS:Plaas aan de Reeweg,2015-08-28
a63fa38b00227f94,source_ood,3,train,EMLS,EMLS,waterbody:EMLS:Sloterplas,2015-08-19
a24ee75012404e28,source_ood,3,train,EMLS,EMLS,waterbody:EMLS:Stooterplas,2015-09-02
5abc418f2569eb5a,source_ood,3,train,EMLS,EMLS,waterbody:EMLS:Westbroekplas,2015-08-17
a45f91d9fe92c160,source_ood,3,train,EMLS,EMLS,waterbody:EMLS:Wylerbergmeer,2015-08-11
db3484c025124270,source_ood,3,train,EMLS,EMLS,waterbody:EMLS:Akersvannet,2015-08-26
d81c391ec2cde977,source_ood,3,train,EMLS,EMLS,waterbody:EMLS:Arungen,2015-08-12
e5ae780f511663a7,source_ood,3,train,EMLS,EMLS,waterbody:EMLS:Hillestadvannet,2015-08-26
1652bc5630cf3020,source_ood,3,train,EMLS,EMLS,waterbody:EMLS:Mjaer,2015-08-19
c847f6100ff8b8b6,source_ood,3,train,EMLS,EMLS,waterbody:EMLS:Ostensjovannet,2015-08-12
5306358ce87edddd,source_ood,3,train,EMLS,EMLS,waterbody:EMLS:Saebyvannet,2015-08-19
944993d728d5fa28,source_ood,3,train,EMLS,EMLS,waterbody:EMLS:Skulerudsjoen,2015-08-31
942089b1baa72fe6,source_ood,3,train,EMLS,EMLS,waterbody:EMLS:Vansjo-Storefjorden,2015-08-19
84ab46dbe0b89db2,source_ood,3,train,EMLS,EMLS,waterbody:EMLS:Tunevannet,2015-08-31
bd5abc44f281fa6e,source_ood,3,train,EMLS,EMLS,waterbody:EMLS:Vansjo-Vanemfjorden,2015-08-19
15f0c9433f925b1e,source_ood,3,train,EMLS,EMLS,waterbody:EMLS:Bartezek,2015-08-12
73acd885b8b6a5ef,source_ood,3,train,EMLS,EMLS,waterbody:EMLS:Biale Sosnowickie,2015-07-22
91ab99e6524d4918,source_ood,3,train,EMLS,EMLS,waterbody:EMLS:Bninskie,2015-08-03
c09c75cdec3f5cd5,source_ood,3,train,EMLS,EMLS,waterbody:EMLS:Bukowieckie Dute,2015-08-02
5562a0052650a78a,source_ood,3,train,EMLS,EMLS,waterbody:EMLS:Bukowieckie Mate,2015-08-02
08d03a239d5f8b87,source_ood,3,train,EMLS,EMLS,waterbody:EMLS:Buszewskie,2015-08-12
4c59247c5b2684c5,source_ood,3,train,EMLS,EMLS,waterbody:EMLS:Czarne,2015-08-27
61045df4847b7ced,source_ood,3,train,EMLS,EMLS,waterbody:EMLS:Czerniakowskie,2015-08-11
0603498fd5c7212b,source_ood,3,train,EMLS,EMLS,waterbody:EMLS:Debno,2015-08-04
33059a21121f35a6,source_ood,3,train,EMLS,EMLS,waterbody:EMLS:Dlugie,2015-08-26
92ddb4775c416406,source_ood,3,train,EMLS,EMLS,waterbody:EMLS:Dziekanowskie,2015-08-10
f9e26c7a545f6cd3,source_ood,3,train,EMLS,EMLS,waterbody:EMLS:Goreckie,2015-07-24
139f2528c035ac45,source_ood,3,train,EMLS,EMLS,waterbody:EMLS:Grylewskie,2015-08-02
3b92a3d82f12e6d6,source_ood,3,train,EMLS,EMLS,waterbody:EMLS:Ilinskie,2015-08-12
b56568dae7a71d55,source_ood,3,train,EMLS,EMLS,waterbody:EMLS:Jaroslawieckie,2015-07-22
4612a5f7be78ef74,source_ood,3,train,EMLS,EMLS,waterbody:EMLS:Jeziorsko Reservoir,2015-08-08
b39e6383c07c7962,source_ood,3,train,EMLS,EMLS,waterbody:EMLS:Kielpinskie,2015-08-10
2563eae3170994d9,source_ood,3,train,EMLS,EMLS,waterbody:EMLS:Kierskie Male,2015-08-12
e1797c62c0fefd9b,source_ood,3,train,EMLS,EMLS,waterbody:EMLS:Kortowskie,2015-08-25
6dbb9f4436def745,source_ood,3,train,EMLS,EMLS,waterbody:EMLS:Kornickie,2015-08-03
1edefc37a4540918,source_ood,3,train,EMLS,EMLS,waterbody:EMLS:Lednica,2015-08-26
11b950822658a1eb,source_ood,3,train,EMLS,EMLS,waterbody:EMLS:Leknenskie,2015-08-02
bbe2b13a3d8251d8,source_ood,3,train,EMLS,EMLS,waterbody:EMLS:Lodzko Dymaczewskie,2015-08-04
71afe04d1647db77,source_ood,3,train,EMLS,EMLS,waterbody:EMLS:Lubosinskie,2015-08-12
c0b4042ea996ed39,source_ood,3,train,EMLS,EMLS,waterbody:EMLS:Lusowskie,2015-08-31
88b3d6f69aaf37ad,source_ood,3,train,EMLS,EMLS,waterbody:EMLS:Majcz,2015-08-25
0dcc8962f2c6b491,source_ood,3,train,EMLS,EMLS,waterbody:EMLS:Maltanski Reservoir,2015-07-28
653df98c5a098ea2,source_ood,3,train,EMLS,EMLS,waterbody:EMLS:Mikolajskie,2015-08-26
08c1e633b321f755,source_ood,3,train,EMLS,EMLS,waterbody:EMLS:Nidzkie,2015-08-06
aace2602fa31d78b,source_ood,3,train,EMLS,EMLS,waterbody:EMLS:Niepruszewskie,2015-08-28
245d563318a4c529,source_ood,3,train,EMLS,EMLS,waterbody:EMLS:Pniewskie,2015-08-12
0134acf578f8e6d1,source_ood,3,train,EMLS,EMLS,waterbody:EMLS:Podkowka,2015-08-26
585690ecb56c189b,source_ood,3,train,EMLS,EMLS,waterbody:EMLS:Podkamycze_1,2015-08-11
16d0a5c47ced90e2,source_ood,3,train,EMLS,EMLS,waterbody:EMLS:Podkamycze_2,2015-08-11
d251564c05df178b,source_ood,3,train,EMLS,EMLS,waterbody:EMLS:Powsinkowskie,2015-08-11
bec2fb2515c19536,source_ood,3,train,EMLS,EMLS,waterbody:EMLS:Probarskie,2015-08-05
3ce7c4f63f61dd1e,source_ood,3,train,EMLS,EMLS,waterbody:EMLS:Raczynskie,2015-07-30
18f25e13d7d1db81,source_ood,3,train,EMLS,EMLS,waterbody:EMLS:Redykajny,2015-08-26
4e6014a6b55771af,source_ood,3,train,EMLS,EMLS,waterbody:EMLS:Rogozinskie,2015-08-02
d722d638b5f6b71b,source_ood,3,train,EMLS,EMLS,waterbody:EMLS:Ros,2015-08-06
e420fa74ddbc5753,source_ood,3,train,EMLS,EMLS,waterbody:EMLS:Rusalka,2015-08-14
1165dda0f39e1961,source_ood,3,train,EMLS,EMLS,waterbody:EMLS:Ruda Woda,2015-08-12
0f25487dee1fe932,source_ood,3,train,EMLS,EMLS,waterbody:EMLS:Rynskie,2015-08-05
701299125a79150d,source_ood,3,train,EMLS,EMLS,waterbody:EMLS:Skanda,2015-08-27
a5bd29bbabacc5e3,source_ood,3,train,EMLS,EMLS,waterbody:EMLS:Strzeszynskie,2015-08-29
75d93fd0d4c159ee,source_ood,3,train,EMLS,EMLS,waterbody:EMLS:Strykowskie,2015-08-14
cf9860d4b8c72a67,source_ood,3,train,EMLS,EMLS,waterbody:EMLS:Sulejow,2015-08-08
8e538005d9335a7c,source_ood,3,train,EMLS,EMLS,waterbody:EMLS:Sumin,2015-07-16
1808c79613c6bad1,source_ood,3,train,EMLS,EMLS,waterbody:EMLS:Swarzndzkie,2015-08-03
1cc05dd64f4909c8,source_ood,3,train,EMLS,EMLS,waterbody:EMLS:Syczynskie,2015-07-16
55136ce938dd87fb,source_ood,3,train,EMLS,EMLS,waterbody:EMLS:Tomaszne,2015-07-22
fcfabc772b28cbcd,source_ood,3,train,EMLS,EMLS,waterbody:EMLS:Track,2015-08-27
05f687c5ff29e30f,source_ood,3,train,EMLS,EMLS,waterbody:EMLS:Tyniec_1,2015-08-20
3dcd135c66b1f83c,source_ood,3,train,EMLS,EMLS,waterbody:EMLS:Tyniec_2,2015-08-20
e841a6f4b4d3ecfa,source_ood,3,train,EMLS,EMLS,waterbody:EMLS:Tyrsko,2015-09-01
7086aa5022e823c2,source_ood,3,train,EMLS,EMLS,waterbody:EMLS:Ukiel_1,2015-08-31
4d5af453bbf54b50,source_ood,3,train,EMLS,EMLS,waterbody:EMLS:Ukiel_2,2015-08-31
1b602e030d7a24e4,source_ood,3,train,EMLS,EMLS,waterbody:EMLS:Ukiel_3,2015-08-31
8a4534130e7c32ac,source_ood,3,train,EMLS,EMLS,waterbody:EMLS:Ukiel_4,2015-08-31
a0c1435c9e2dc0f1,source_ood,3,train,EMLS,EMLS,waterbody:EMLS:Uzarzewskie,2015-07-17
c2047179915bd57b,source_ood,3,train,EMLS,EMLS,waterbody:EMLS:Wolnica,2015-10-03
8883879182967ff7,source_ood,3,train,EMLS,EMLS,waterbody:EMLS:Zemborzycki,2015-07-17
82d50206d69d2201,source_ood,3,train,EMLS,EMLS,waterbody:EMLS:Azibo,2015-08-06
0d8d8bb967f3dc5f,source_ood,3,train,EMLS,EMLS,waterbody:EMLS:Azul,2015-09-08
ceda9bed4b057dbf,source_ood,3,train,EMLS,EMLS,waterbody:EMLS:Furnas,2015-09-07
fca40c64ea1a993f,source_ood,3,train,EMLS,EMLS,waterbody:EMLS:Gostei,2015-08-05
f3090fe55ceeb9b4,source_ood,3,train,EMLS,EMLS,waterbody:EMLS:Miranda,2015-08-07
f74852481843ae79,source_ood,3,train,EMLS,EMLS,waterbody:EMLS:Peneireiro,2015-08-06
3f97a91841c952e2,source_ood,3,train,EMLS,EMLS,waterbody:EMLS:Peixao,2015-09-10
82cf38b70745c404,source_ood,3,train,EMLS,EMLS,waterbody:EMLS:Redonda,2015-09-09
4c392a3a9257ab11,source_ood,3,train,EMLS,EMLS,waterbody:EMLS:Serra Serrada,2015-08-08
fdebd8f4f0118991,source_ood,3,train,EMLS,EMLS,waterbody:EMLS:Lagoa Verde,2015-09-08
5c2303c9497d1601,source_ood,3,train,EMLS,EMLS,waterbody:EMLS:Ladoga,2015-08-19
38730a0d0973ace4,source_ood,3,train,EMLS,EMLS,waterbody:EMLS:Sestroretskij Razliv,2015-08-06
181f052fbe95cc51,source_ood,3,train,EMLS,EMLS,waterbody:EMLS:Suzdal,2015-08-06
22e02f05e6569c5a,source_ood,3,train,EMLS,EMLS,waterbody:EMLS:Malaren Ekoln,2015-08-20
1ced88323e138686,source_ood,3,train,EMLS,EMLS,waterbody:EMLS:Erken,2015-08-19
79b9a3b38be46aa3,source_ood,3,train,EMLS,EMLS,waterbody:EMLS:Krankesjon,2015-07-22
8b6fda073fa353a2,source_ood,3,train,EMLS,EMLS,waterbody:EMLS:Limmaren,2015-07-10
f001d6f888ce5c56,source_ood,3,train,EMLS,EMLS,waterbody:EMLS:Lotsjon,2015-09-04
405b99b306617a6c,source_ood,3,train,EMLS,EMLS,waterbody:EMLS:Eastern Ringsjon,2015-08-06
783454a3e40e014e,source_ood,3,train,EMLS,EMLS,waterbody:EMLS:Sepond_1,2015-07-25
67377d987aa4167a,source_ood,3,train,EMLS,EMLS,waterbody:EMLS:Sepond_2,2015-07-25
7680e03e211b897c,source_ood,3,train,EMLS,EMLS,waterbody:EMLS:Strandsjon,2015-09-04
4c9999d05ae13e28,source_ood,3,train,EMLS,EMLS,waterbody:EMLS:Vallentunasjon,2015-07-13
e24990f5d285eb4e,source_ood,3,train,EMLS,EMLS,waterbody:EMLS:Valloxen,2015-09-04
37f7441eaa2f7213,source_ood,3,train,EMLS,EMLS,waterbody:EMLS:Vombsjon,2015-08-05
81d9d6084e4e3e7b,source_ood,3,train,EMLS,EMLS,waterbody:EMLS:Bled,2015-08-06
a9e049bd8e991f4d,source_ood,3,train,EMLS,EMLS,waterbody:EMLS:Gajsevsko,2015-08-06
1be4b11e2be97e6e,source_ood,3,train,EMLS,EMLS,waterbody:EMLS:Ledavsko,2015-08-06
5d5b8aa61a127c86,source_ood,3,train,EMLS,EMLS,waterbody:EMLS:Pernica,2015-08-06
e26ee64c280c8bd5,source_ood,3,train,EMLS,EMLS,waterbody:EMLS:Kuchajda,2015-08-13
d402e7642db7224b,source_ood,3,train,EMLS,EMLS,waterbody:EMLS:Malinec,2015-08-26
95d790ad15dd7677,source_ood,3,train,EMLS,EMLS,waterbody:EMLS:Vinne,2015-08-18
acbbdbe5e97780e1,source_ood,3,train,EMLS,EMLS,waterbody:EMLS:Zemplinska,2015-08-18
92957c1035cf3bae,source_ood,3,train,EMLS,EMLS,waterbody:EMLS:Abant,2015-08-26
cb08ecf521216b50,source_ood,3,train,EMLS,EMLS,waterbody:EMLS:Acarlar,2015-08-18
eb892c7ec477e4b8,source_ood,3,train,EMLS,EMLS,waterbody:EMLS:Ak lake,2015-09-02
cf7c623e49edb3b7,source_ood,3,train,EMLS,EMLS,waterbody:EMLS:Akgol,2015-08-18
1c98a14e1ab63f02,source_ood,3,train,EMLS,EMLS,waterbody:EMLS:Akyatan,2015-08-21
a30aa0fa457d9c16,source_ood,3,train,EMLS,EMLS,waterbody:EMLS:Aladag,2015-09-01
2bfd046ece1ed1f6,source_ood,3,train,EMLS,EMLS,waterbody:EMLS:Buyuk Akgol,2015-08-14
1e79908d39b9557f,source_ood,3,train,EMLS,EMLS,waterbody:EMLS:Balik,2015-09-03
e088d7c7dd990c25,source_ood,3,train,EMLS,EMLS,waterbody:EMLS:Berdan,2015-08-19
6210925c3ea37748,source_ood,3,train,EMLS,EMLS,waterbody:EMLS:Beysehir_1,2015-08-10
3cba64ba5b30831a,source_ood,3,train,EMLS,EMLS,waterbody:EMLS:Beysehir_2,2015-08-10
ba924852ee106bb9,source_ood,3,train,EMLS,EMLS,waterbody:EMLS:Borabay,2015-08-30
dc98f1af6e4d39db,source_ood,3,train,EMLS,EMLS,waterbody:EMLS:Catalan,2015-08-20
659e31d8eb9847b1,source_ood,3,train,EMLS,EMLS,waterbody:EMLS:Cernek,2015-09-03
066ea84fad3dea70,source_ood,3,train,EMLS,EMLS,waterbody:EMLS:Cubuk,2015-08-11
ebf436c4459b940d,source_ood,3,train,EMLS,EMLS,waterbody:EMLS:Caygoren,2015-08-25
c3108461e35c186b,source_ood,3,train,EMLS,EMLS,waterbody:EMLS:Eber,2015-08-13
3dc9bec42474df1a,source_ood,3,train,EMLS,EMLS,waterbody:EMLS:Egirdir_1,2015-08-12
5638fbb238688290,source_ood,3,train,EMLS,EMLS,waterbody:EMLS:Egirdir_2,2015-08-12
9840f367f320de99,source_ood,3,train,EMLS,EMLS,waterbody:EMLS:Eymir,2015-08-11
826e9e828a62ace7,source_ood,3,train,EMLS,EMLS,waterbody:EMLS:Gici,2015-09-03
dfe4a7fddabbf477,source_ood,3,train,EMLS,EMLS,waterbody:EMLS:Golcuk,2015-09-02
425def65bbd81890,source_ood,3,train,EMLS,EMLS,waterbody:EMLS:Golhisar,2015-08-11
fe8b796c3d19c043,source_ood,3,train,EMLS,EMLS,waterbody:EMLS:Gumerdigin,2015-09-01
26b0441ebc628eb6,source_ood,3,train,EMLS,EMLS,waterbody:EMLS:Ikizcetepeler,2015-08-25
7b9c78ab799ede3d,source_ood,3,train,EMLS,EMLS,waterbody:EMLS:Kucuk Akgol,2015-08-14
392b981a36360a7c,source_ood,3,train,EMLS,EMLS,waterbody:EMLS:Karaoren,2015-09-01
b4916f2915ba7977,source_ood,3,train,EMLS,EMLS,waterbody:EMLS:Karacaoren_1,2015-08-21
0578be1f25ddfce6,source_ood,3,train,EMLS,EMLS,waterbody:EMLS:Karacaoren_2,2015-08-21
94a647239819a917,source_ood,3,train,EMLS,EMLS,waterbody:EMLS:Kovada,2015-08-06
fd7120cefe3c0ba5,source_ood,3,train,EMLS,EMLS,waterbody:EMLS:Karadere,2015-09-02
4d1668e1c2ed1ec0,source_ood,3,train,EMLS,EMLS,waterbody:EMLS:Karamik,2015-08-13
e9e6c2b3cc627b1c,source_ood,3,train,EMLS,EMLS,waterbody:EMLS:Karatas,2015-08-07
cbb23b8d42fb81fc,source_ood,3,train,EMLS,EMLS,waterbody:EMLS:Ladik,2015-08-30
fb92ad9d74498de9,source_ood,3,train,EMLS,EMLS,waterbody:EMLS:Liman,2015-09-03
88a5d645979d959e,source_ood,3,train,EMLS,EMLS,waterbody:EMLS:Mogan,2015-08-11
880bea3963bf3f09,source_ood,3,train,EMLS,EMLS,waterbody:EMLS:Mollakoy,2015-08-18
d4e52fe99885b967,source_ood,3,train,EMLS,EMLS,waterbody:EMLS:Paradeniz,2015-08-18
c2a77a757e04aa7e,source_ood,3,train,EMLS,EMLS,waterbody:EMLS:Poyrazlar,2015-08-13
2847d55bc9652c50,source_ood,3,train,EMLS,EMLS,waterbody:EMLS:Saraykoy,2015-09-02
a30ae060aa4c831f,source_ood,3,train,EMLS,EMLS,waterbody:EMLS:Sabanozu,2015-09-01
b4e7ae33e9ad083b,source_ood,3,train,EMLS,EMLS,waterbody:EMLS:Sera,2015-09-02
f1379c6ee366d83c,source_ood,3,train,EMLS,EMLS,waterbody:EMLS:Seyhan,2015-08-20
cdf37eb63da212c5,source_ood,3,train,EMLS,EMLS,waterbody:EMLS:Seydi,2015-09-02
d19678d82053598a,source_ood,3,train,EMLS,EMLS,waterbody:EMLS:Simenit,2015-09-02
34106ca270c1e6e0,source_ood,3,train,EMLS,EMLS,waterbody:EMLS:Sugla,2015-08-14
d4125b02b9a68b62,source_ood,3,train,EMLS,EMLS,waterbody:EMLS:Taskisigi,2015-08-13
99fde3bba56166f6,source_ood,3,train,EMLS,EMLS,waterbody:EMLS:Tatli,2015-09-03
854f45621cf79381,source_ood,3,train,EMLS,EMLS,waterbody:EMLS:Uluabat,2015-08-20
1939fbef8a83c331,source_ood,3,train,EMLS,EMLS,waterbody:EMLS:Uzungol,2015-09-02
67ea415958bd0d78,source_ood,3,train,EMLS,EMLS,waterbody:EMLS:Yenicaga,2015-08-27
be77d1a827e6e931,source_ood,3,train,EMLS,EMLS,waterbody:EMLS:Bassenthwaite,2015-08-20
d7559305f7c19bcd,source_ood,3,train,EMLS,EMLS,waterbody:EMLS:Blelham,2015-08-17
c8c8a4565f31e331,source_ood,3,train,EMLS,EMLS,waterbody:EMLS:Derwent,2015-08-20
26669b9cddca293a,source_ood,3,train,EMLS,EMLS,waterbody:EMLS:Erne,2015-08-17
bb09c2172171d2fb,source_ood,3,train,EMLS,EMLS,waterbody:EMLS:Grasmere,2015-08-17
f07e047206740c3a,source_ood,3,train,EMLS,EMLS,waterbody:EMLS:Neagh,2015-08-24
257f66ed850603a6,source_ood,3,train,EMLS,EMLS,waterbody:EMLS:Windermere North Basin,2015-08-18
eae2067ab45b21db,source_ood,3,train,EMLS,EMLS,waterbody:EMLS:Windermere South Basin,2015-08-18
dac8c8a2c7d399f8,source_ood,2,train,Uruguay_Rio_de_la_Plata,Uruguay_Rio_de_la_Plata,waterbody:Uruguay_Rio_de_la_Plata:Sol,2015-02-03
6a6d8e3ecfe535bb,source_ood,2,train,Uruguay_Rio_de_la_Plata,Uruguay_Rio_de_la_Plata,waterbody:Uruguay_Rio_de_la_Plata:GualeguaycitoChico,2015-02-11
019eb17e5c9a537c,source_ood,2,train,Uruguay_Rio_de_la_Plata,Uruguay_Rio_de_la_Plata,waterbody:Uruguay_Rio_de_la_Plata:Grande,2015-02-11
3db7872fe5625403,source_ood,2,train,Uruguay_Rio_de_la_Plata,Uruguay_Rio_de_la_Plata,waterbody:Uruguay_Rio_de_la_Plata:GualeguaycitoChico,2015-02-18
447c6edb3b5c79bf,source_ood,2,train,Uruguay_Rio_de_la_Plata,Uruguay_Rio_de_la_Plata,waterbody:Uruguay_Rio_de_la_Plata:Grande,2015-02-24
714a02703440fd1a,source_ood,2,train,Uruguay_Rio_de_la_Plata,Uruguay_Rio_de_la_Plata,waterbody:Uruguay_Rio_de_la_Plata:Grande,2015-03-10
5790878eff6891af,source_ood,2,train,Uruguay_Rio_de_la_Plata,Uruguay_Rio_de_la_Plata,waterbody:Uruguay_Rio_de_la_Plata:Grande,2015-03-11
6086573a55fc3034,source_ood,2,train,Uruguay_Rio_de_la_Plata,Uruguay_Rio_de_la_Plata,waterbody:Uruguay_Rio_de_la_Plata:LasPalmeras,2015-03-16
d34378313be9c52c,source_ood,2,train,Uruguay_Rio_de_la_Plata,Uruguay_Rio_de_la_Plata,waterbody:Uruguay_Rio_de_la_Plata:Itapebi,2015-03-16
3b027c12e7dddbe1,source_ood,2,train,Uruguay_Rio_de_la_Plata,Uruguay_Rio_de_la_Plata,waterbody:Uruguay_Rio_de_la_Plata:Grande,2015-03-18
acb6bcfa67603779,source_ood,2,train,Uruguay_Rio_de_la_Plata,Uruguay_Rio_de_la_Plata,waterbody:Uruguay_Rio_de_la_Plata:Grande,2015-03-31
4d5b5f427b02ce00,source_ood,2,train,Uruguay_Rio_de_la_Plata,Uruguay_Rio_de_la_Plata,waterbody:Uruguay_Rio_de_la_Plata:Grande,2015-05-18
9240da41b71d0f84,source_ood,2,train,Uruguay_Rio_de_la_Plata,Uruguay_Rio_de_la_Plata,waterbody:Uruguay_Rio_de_la_Plata:Grande,2016-01-11
c6cf7365909c308e,source_ood,2,train,Uruguay_Rio_de_la_Plata,Uruguay_Rio_de_la_Plata,waterbody:Uruguay_Rio_de_la_Plata:LasPalmeras,2016-01-13
717cafa74f81f308,source_ood,2,train,Uruguay_Rio_de_la_Plata,Uruguay_Rio_de_la_Plata,waterbody:Uruguay_Rio_de_la_Plata:Grande,2016-01-18
8e36e05ede2ec0bc,source_ood,2,train,Uruguay_Rio_de_la_Plata,Uruguay_Rio_de_la_Plata,waterbody:Uruguay_Rio_de_la_Plata:LasPalmeras,2016-01-20
265274af5716d223,source_ood,2,train,Uruguay_Rio_de_la_Plata,Uruguay_Rio_de_la_Plata,waterbody:Uruguay_Rio_de_la_Plata:Sol,2016-01-27
dce282330144ca82,source_ood,2,train,Uruguay_Rio_de_la_Plata,Uruguay_Rio_de_la_Plata,waterbody:Uruguay_Rio_de_la_Plata:LasPalmeras,2016-01-27
da1613135b4ce691,source_ood,2,train,Uruguay_Rio_de_la_Plata,Uruguay_Rio_de_la_Plata,waterbody:Uruguay_Rio_de_la_Plata:LasPalmeras,2016-02-03
382e92b53186b773,source_ood,2,train,Uruguay_Rio_de_la_Plata,Uruguay_Rio_de_la_Plata,waterbody:Uruguay_Rio_de_la_Plata:Sol,2016-02-10
9759639770b10452,source_ood,2,train,Uruguay_Rio_de_la_Plata,Uruguay_Rio_de_la_Plata,waterbody:Uruguay_Rio_de_la_Plata:Grande,2016-02-10
592567a4112279b0,source_ood,2,train,Uruguay_Rio_de_la_Plata,Uruguay_Rio_de_la_Plata,waterbody:Uruguay_Rio_de_la_Plata:LasPalmeras,2016-02-10
c217afcc4907bc96,source_ood,2,train,Uruguay_Rio_de_la_Plata,Uruguay_Rio_de_la_Plata,waterbody:Uruguay_Rio_de_la_Plata:LasPalmeras,2016-02-24
5f38dd9609e7056b,source_ood,2,train,Uruguay_Rio_de_la_Plata,Uruguay_Rio_de_la_Plata,waterbody:Uruguay_Rio_de_la_Plata:Sol,2016-02-24
933a8622a1c4acbe,source_ood,2,train,Uruguay_Rio_de_la_Plata,Uruguay_Rio_de_la_Plata,waterbody:Uruguay_Rio_de_la_Plata:Grande,2016-02-29
82cc00f0d707f996,source_ood,2,train,Uruguay_Rio_de_la_Plata,Uruguay_Rio_de_la_Plata,waterbody:Uruguay_Rio_de_la_Plata:LasPalmeras,2016-03-02
ffc4a097c322d868,source_ood,2,train,Uruguay_Rio_de_la_Plata,Uruguay_Rio_de_la_Plata,waterbody:Uruguay_Rio_de_la_Plata:Grande,2016-03-08
f3a3f13ac5827c6e,source_ood,2,train,Uruguay_Rio_de_la_Plata,Uruguay_Rio_de_la_Plata,waterbody:Uruguay_Rio_de_la_Plata:LasPalmeras,2016-03-08
d76983497dc2f4d5,source_ood,2,train,Uruguay_Rio_de_la_Plata,Uruguay_Rio_de_la_Plata,waterbody:Uruguay_Rio_de_la_Plata:LasPalmeras,2016-03-16
0eb0d35cc194a007,source_ood,2,train,Uruguay_Rio_de_la_Plata,Uruguay_Rio_de_la_Plata,waterbody:Uruguay_Rio_de_la_Plata:Grande,2016-03-16
7b7604ba251368df,source_ood,2,train,Uruguay_Rio_de_la_Plata,Uruguay_Rio_de_la_Plata,waterbody:Uruguay_Rio_de_la_Plata:Grande,2016-12-05
f1ca7005e8400f58,source_ood,2,train,Uruguay_Rio_de_la_Plata,Uruguay_Rio_de_la_Plata,waterbody:Uruguay_Rio_de_la_Plata:Grande,2016-12-12
4075d4407b1bf379,source_ood,2,train,Uruguay_Rio_de_la_Plata,Uruguay_Rio_de_la_Plata,waterbody:Uruguay_Rio_de_la_Plata:GualeguaycitoChico,2016-12-14
c14a53b8bff214df,source_ood,2,train,Uruguay_Rio_de_la_Plata,Uruguay_Rio_de_la_Plata,waterbody:Uruguay_Rio_de_la_Plata:ParqueLagoSaltoGrande,2016-12-14
d32306e04928a15e,source_ood,2,train,Uruguay_Rio_de_la_Plata,Uruguay_Rio_de_la_Plata,waterbody:Uruguay_Rio_de_la_Plata:IntendenciaMunicipalSalto,2016-12-14
37e4be93374d99d1,source_ood,2,train,Uruguay_Rio_de_la_Plata,Uruguay_Rio_de_la_Plata,waterbody:Uruguay_Rio_de_la_Plata:Sol,2016-12-14
d3620b3d85ebab79,source_ood,2,train,Uruguay_Rio_de_la_Plata,Uruguay_Rio_de_la_Plata,waterbody:Uruguay_Rio_de_la_Plata:LasPalmeras,2016-12-14
e5bd31e3d98daa22,source_ood,2,train,Uruguay_Rio_de_la_Plata,Uruguay_Rio_de_la_Plata,waterbody:Uruguay_Rio_de_la_Plata:LaToma,2016-12-14
ff0cff4e21f06ff1,source_ood,2,train,Uruguay_Rio_de_la_Plata,Uruguay_Rio_de_la_Plata,waterbody:Uruguay_Rio_de_la_Plata:Grande,2016-12-19
8a4802c800f507b7,source_ood,2,train,Uruguay_Rio_de_la_Plata,Uruguay_Rio_de_la_Plata,waterbody:Uruguay_Rio_de_la_Plata:GualeguaycitoChico,2016-12-19
dad4413166122ee6,source_ood,2,train,Uruguay_Rio_de_la_Plata,Uruguay_Rio_de_la_Plata,waterbody:Uruguay_Rio_de_la_Plata:Itapebi,2016-12-19
58916fd6f77ee3e6,source_ood,2,train,Uruguay_Rio_de_la_Plata,Uruguay_Rio_de_la_Plata,waterbody:Uruguay_Rio_de_la_Plata:IntendenciaMunicipalSalto,2016-12-20
f321cf223a07d969,source_ood,2,train,Uruguay_Rio_de_la_Plata,Uruguay_Rio_de_la_Plata,waterbody:Uruguay_Rio_de_la_Plata:LaToma,2016-12-20
46988f1d886330b9,source_ood,2,train,Uruguay_Rio_de_la_Plata,Uruguay_Rio_de_la_Plata,waterbody:Uruguay_Rio_de_la_Plata:LasPalmeras,2016-12-20
2707ed65de6c6f8f,source_ood,2,train,Uruguay_Rio_de_la_Plata,Uruguay_Rio_de_la_Plata,waterbody:Uruguay_Rio_de_la_Plata:Sol,2016-12-20
a4ef79d796a3aad2,source_ood,2,train,Uruguay_Rio_de_la_Plata,Uruguay_Rio_de_la_Plata,waterbody:Uruguay_Rio_de_la_Plata:LasPalmeras,2016-12-28
44f015b8b66af01c,source_ood,2,train,Uruguay_Rio_de_la_Plata,Uruguay_Rio_de_la_Plata,waterbody:Uruguay_Rio_de_la_Plata:LaToma,2016-12-28
18a22344eb29f3dc,source_ood,2,train,Uruguay_Rio_de_la_Plata,Uruguay_Rio_de_la_Plata,waterbody:Uruguay_Rio_de_la_Plata:Grande,2016-12-28
13a7a7acfd9b7c5c,source_ood,2,train,Uruguay_Rio_de_la_Plata,Uruguay_Rio_de_la_Plata,waterbody:Uruguay_Rio_de_la_Plata:Sol,2016-12-28
ea00449affae81cd,source_ood,2,train,Uruguay_Rio_de_la_Plata,Uruguay_Rio_de_la_Plata,waterbody:Uruguay_Rio_de_la_Plata:GualeguaycitoChico,2016-12-28
a989728028dbeec5,source_ood,2,train,Uruguay_Rio_de_la_Plata,Uruguay_Rio_de_la_Plata,waterbody:Uruguay_Rio_de_la_Plata:ParqueLagoSaltoGrande,2016-12-28
4848e462125b253e,source_ood,2,train,Uruguay_Rio_de_la_Plata,Uruguay_Rio_de_la_Plata,waterbody:Uruguay_Rio_de_la_Plata:IntendenciaMunicipalSalto,2016-12-28
dd09af7a475c6820,source_ood,2,train,Uruguay_Rio_de_la_Plata,Uruguay_Rio_de_la_Plata,waterbody:Uruguay_Rio_de_la_Plata:Grande,2017-01-02
b3e0538f370693bb,source_ood,2,train,Uruguay_Rio_de_la_Plata,Uruguay_Rio_de_la_Plata,waterbody:Uruguay_Rio_de_la_Plata:LasPalmeras,2017-01-05
7b7bfb6dfe0b0829,source_ood,2,train,Uruguay_Rio_de_la_Plata,Uruguay_Rio_de_la_Plata,waterbody:Uruguay_Rio_de_la_Plata:LaToma,2017-01-05
9500ecc73dc50c6b,source_ood,2,train,Uruguay_Rio_de_la_Plata,Uruguay_Rio_de_la_Plata,waterbody:Uruguay_Rio_de_la_Plata:IntendenciaMunicipalSalto,2017-01-05
723ffadcb117f44d,source_ood,2,train,Uruguay_Rio_de_la_Plata,Uruguay_Rio_de_la_Plata,waterbody:Uruguay_Rio_de_la_Plata:ParqueLagoSaltoGrande,2017-01-05
af00706f732e8e61,source_ood,2,train,Uruguay_Rio_de_la_Plata,Uruguay_Rio_de_la_Plata,waterbody:Uruguay_Rio_de_la_Plata:Sol,2017-01-05
6b5c207dfcd94ac6,source_ood,2,train,Uruguay_Rio_de_la_Plata,Uruguay_Rio_de_la_Plata,waterbody:Uruguay_Rio_de_la_Plata:LasPalmeras,2017-01-09
50f08e07e38c26fe,source_ood,2,train,Uruguay_Rio_de_la_Plata,Uruguay_Rio_de_la_Plata,waterbody:Uruguay_Rio_de_la_Plata:IntendenciaMunicipalSalto,2017-01-09
c6814803ee44bbdc,source_ood,2,train,Uruguay_Rio_de_la_Plata,Uruguay_Rio_de_la_Plata,waterbody:Uruguay_Rio_de_la_Plata:LaToma,2017-01-09
f3f9eff3b104d4b7,source_ood,2,train,Uruguay_Rio_de_la_Plata,Uruguay_Rio_de_la_Plata,waterbody:Uruguay_Rio_de_la_Plata:Sol,2017-01-09
285b44953c2e2615,source_ood,2,train,Uruguay_Rio_de_la_Plata,Uruguay_Rio_de_la_Plata,waterbody:Uruguay_Rio_de_la_Plata:Grande,2017-01-09
ff5512a9a399bc89,source_ood,2,train,Uruguay_Rio_de_la_Plata,Uruguay_Rio_de_la_Plata,waterbody:Uruguay_Rio_de_la_Plata:ParqueLagoSaltoGrande,2017-01-09
43aa399bf579fafd,source_ood,2,train,Uruguay_Rio_de_la_Plata,Uruguay_Rio_de_la_Plata,waterbody:Uruguay_Rio_de_la_Plata:GualeguaycitoChico,2017-01-11
7b8aa499df77f523,source_ood,2,train,Uruguay_Rio_de_la_Plata,Uruguay_Rio_de_la_Plata,waterbody:Uruguay_Rio_de_la_Plata:Grande,2017-01-17
31e9325dbe16f61a,source_ood,2,train,Uruguay_Rio_de_la_Plata,Uruguay_Rio_de_la_Plata,waterbody:Uruguay_Rio_de_la_Plata:Itapebi,2017-01-18
6b832b1f072ac462,source_ood,2,train,Uruguay_Rio_de_la_Plata,Uruguay_Rio_de_la_Plata,waterbody:Uruguay_Rio_de_la_Plata:ParqueLagoSaltoGrande,2017-01-18
0c556ae81d66329d,source_ood,2,train,Uruguay_Rio_de_la_Plata,Uruguay_Rio_de_la_Plata,waterbody:Uruguay_Rio_de_la_Plata:GualeguaycitoChico,2017-01-18
26608127bfd67851,source_ood,2,train,Uruguay_Rio_de_la_Plata,Uruguay_Rio_de_la_Plata,waterbody:Uruguay_Rio_de_la_Plata:LaToma,2017-01-18
f7281195bdb759a0,source_ood,2,train,Uruguay_Rio_de_la_Plata,Uruguay_Rio_de_la_Plata,waterbody:Uruguay_Rio_de_la_Plata:Sol,2017-01-18
2f60cd1d75936df8,source_ood,2,train,Uruguay_Rio_de_la_Plata,Uruguay_Rio_de_la_Plata,waterbody:Uruguay_Rio_de_la_Plata:IntendenciaMunicipalSalto,2017-01-18
07733f7a36b03bc8,source_ood,2,train,Uruguay_Rio_de_la_Plata,Uruguay_Rio_de_la_Plata,waterbody:Uruguay_Rio_de_la_Plata:RepresaCentroSurEmbalse,2017-01-18
90482b5280cf4e11,source_ood,2,train,Uruguay_Rio_de_la_Plata,Uruguay_Rio_de_la_Plata,waterbody:Uruguay_Rio_de_la_Plata:LasPalmeras,2017-01-18
cd32b5cd6a453843,source_ood,2,train,Uruguay_Rio_de_la_Plata,Uruguay_Rio_de_la_Plata,waterbody:Uruguay_Rio_de_la_Plata:Grande,2017-01-23
12b05181f57d3bec,source_ood,2,train,Uruguay_Rio_de_la_Plata,Uruguay_Rio_de_la_Plata,waterbody:Uruguay_Rio_de_la_Plata:LaToma,2017-01-24
3bd9ca3332c2a73c,source_ood,2,train,Uruguay_Rio_de_la_Plata,Uruguay_Rio_de_la_Plata,waterbody:Uruguay_Rio_de_la_Plata:IntendenciaMunicipalSalto,2017-01-24
8a85e5e3ccdb51c5,source_ood,2,train,Uruguay_Rio_de_la_Plata,Uruguay_Rio_de_la_Plata,waterbody:Uruguay_Rio_de_la_Plata:LasPalmeras,2017-01-24
d93aae2e164e232a,source_ood,2,train,Uruguay_Rio_de_la_Plata,Uruguay_Rio_de_la_Plata,waterbody:Uruguay_Rio_de_la_Plata:ParqueLagoSaltoGrande,2017-01-24
556689f836619954,source_ood,2,train,Uruguay_Rio_de_la_Plata,Uruguay_Rio_de_la_Plata,waterbody:Uruguay_Rio_de_la_Plata:Sol,2017-01-24
dd01d064ba848729,source_ood,2,train,Uruguay_Rio_de_la_Plata,Uruguay_Rio_de_la_Plata,waterbody:Uruguay_Rio_de_la_Plata:GualeguaycitoChico,2017-01-25
08ae9a917fd066b0,source_ood,2,train,Uruguay_Rio_de_la_Plata,Uruguay_Rio_de_la_Plata,waterbody:Uruguay_Rio_de_la_Plata:Grande,2017-01-30
e6b221683bf466c2,source_ood,2,train,Uruguay_Rio_de_la_Plata,Uruguay_Rio_de_la_Plata,waterbody:Uruguay_Rio_de_la_Plata:GualeguaycitoChico,2017-01-31
381e5c7ec35215b4,source_ood,2,train,Uruguay_Rio_de_la_Plata,Uruguay_Rio_de_la_Plata,waterbody:Uruguay_Rio_de_la_Plata:ParqueLagoSaltoGrande,2017-01-31
0eea7c0f067079a0,source_ood,2,train,Uruguay_Rio_de_la_Plata,Uruguay_Rio_de_la_Plata,waterbody:Uruguay_Rio_de_la_Plata:RepresaCentroSurEmbalse,2017-01-31
a521e822ec1aa22a,source_ood,2,train,Uruguay_Rio_de_la_Plata,Uruguay_Rio_de_la_Plata,waterbody:Uruguay_Rio_de_la_Plata:Sol,2017-01-31
cdec73d2ccd1b01c,source_ood,2,train,Uruguay_Rio_de_la_Plata,Uruguay_Rio_de_la_Plata,waterbody:Uruguay_Rio_de_la_Plata:LasPalmeras,2017-01-31
987243520eb7e96c,source_ood,2,train,Uruguay_Rio_de_la_Plata,Uruguay_Rio_de_la_Plata,waterbody:Uruguay_Rio_de_la_Plata:IntendenciaMunicipalSalto,2017-01-31
0b7e0ad22770be83,source_ood,2,train,Uruguay_Rio_de_la_Plata,Uruguay_Rio_de_la_Plata,waterbody:Uruguay_Rio_de_la_Plata:LaToma,2017-01-31
d55b8f7473ea552d,source_ood,2,train,Uruguay_Rio_de_la_Plata,Uruguay_Rio_de_la_Plata,waterbody:Uruguay_Rio_de_la_Plata:Itapebi,2017-01-31
9052b5e3ff780fe9,source_ood,2,train,Uruguay_Rio_de_la_Plata,Uruguay_Rio_de_la_Plata,waterbody:Uruguay_Rio_de_la_Plata:Grande,2017-02-06
5cfda6e48fd6bc89,source_ood,2,train,Uruguay_Rio_de_la_Plata,Uruguay_Rio_de_la_Plata,waterbody:Uruguay_Rio_de_la_Plata:ParqueLagoSaltoGrande,2017-02-07
bf63cf66d55b162e,source_ood,2,train,Uruguay_Rio_de_la_Plata,Uruguay_Rio_de_la_Plata,waterbody:Uruguay_Rio_de_la_Plata:LaToma,2017-02-07
c6dc8ef8f28e251e,source_ood,2,train,Uruguay_Rio_de_la_Plata,Uruguay_Rio_de_la_Plata,waterbody:Uruguay_Rio_de_la_Plata:LasPalmeras,2017-02-07
a356385b2f88b3bb,source_ood,2,train,Uruguay_Rio_de_la_Plata,Uruguay_Rio_de_la_Plata,waterbody:Uruguay_Rio_de_la_Plata:IntendenciaMunicipalSalto,2017-02-07
c39a385933c1611e,source_ood,2,train,Uruguay_Rio_de_la_Plata,Uruguay_Rio_de_la_Plata,waterbody:Uruguay_Rio_de_la_Plata:Sol,2017-02-07
1f8211f4bb67c3c9,source_ood,2,train,Uruguay_Rio_de_la_Plata,Uruguay_Rio_de_la_Plata,waterbody:Uruguay_Rio_de_la_Plata:GualeguaycitoChico,2017-02-08
291f1944898ff580,source_ood,2,train,Uruguay_Rio_de_la_Plata,Uruguay_Rio_de_la_Plata,waterbody:Uruguay_Rio_de_la_Plata:Grande,2017-02-14
939cff440e935f63,source_ood,2,train,Uruguay_Rio_de_la_Plata,Uruguay_Rio_de_la_Plata,waterbody:Uruguay_Rio_de_la_Plata:LasPalmeras,2017-02-14
7db41cd3e85df0c6,source_ood,2,train,Uruguay_Rio_de_la_Plata,Uruguay_Rio_de_la_Plata,waterbody:Uruguay_Rio_de_la_Plata:IntendenciaMunicipalSalto,2017-02-14
33ae47682adc510c,source_ood,2,train,Uruguay_Rio_de_la_Plata,Uruguay_Rio_de_la_Plata,waterbody:Uruguay_Rio_de_la_Plata:ParqueLagoSaltoGrande,2017-02-14
17c7339f6593fb43,source_ood,2,train,Uruguay_Rio_de_la_Plata,Uruguay_Rio_de_la_Plata,waterbody:Uruguay_Rio_de_la_Plata:LaToma,2017-02-14
e3ce275c63eb7494,source_ood,2,train,Uruguay_Rio_de_la_Plata,Uruguay_Rio_de_la_Plata,waterbody:Uruguay_Rio_de_la_Plata:Sol,2017-02-14
6aa8715d9322163b,source_ood,2,train,Uruguay_Rio_de_la_Plata,Uruguay_Rio_de_la_Plata,waterbody:Uruguay_Rio_de_la_Plata:Itapebi,2017-02-15
4ae61e46b8c2946e,source_ood,2,train,Uruguay_Rio_de_la_Plata,Uruguay_Rio_de_la_Plata,waterbody:Uruguay_Rio_de_la_Plata:Grande,2017-02-20
d17de3c7e6ef254f,source_ood,2,train,Uruguay_Rio_de_la_Plata,Uruguay_Rio_de_la_Plata,waterbody:Uruguay_Rio_de_la_Plata:Sol,2017-02-21
2c45f613e7698d51,source_ood,2,train,Uruguay_Rio_de_la_Plata,Uruguay_Rio_de_la_Plata,waterbody:Uruguay_Rio_de_la_Plata:LasPalmeras,2017-02-21
b528822c54c84fa3,source_ood,2,train,Uruguay_Rio_de_la_Plata,Uruguay_Rio_de_la_Plata,waterbody:Uruguay_Rio_de_la_Plata:ParqueLagoSaltoGrande,2017-02-21
210370372ca52850,source_ood,2,train,Uruguay_Rio_de_la_Plata,Uruguay_Rio_de_la_Plata,waterbody:Uruguay_Rio_de_la_Plata:LaToma,2017-02-21
6b19b098e4720a2c,source_ood,2,train,Uruguay_Rio_de_la_Plata,Uruguay_Rio_de_la_Plata,waterbody:Uruguay_Rio_de_la_Plata:IntendenciaMunicipalSalto,2017-02-21
f2c9b2472504687f,source_ood,2,train,Uruguay_Rio_de_la_Plata,Uruguay_Rio_de_la_Plata,waterbody:Uruguay_Rio_de_la_Plata:GualeguaycitoChico,2017-02-22
837c3c8c5eedcc3c,source_ood,2,train,Uruguay_Rio_de_la_Plata,Uruguay_Rio_de_la_Plata,waterbody:Uruguay_Rio_de_la_Plata:Grande,2017-03-01
9376f72549e67c52,source_ood,2,train,Uruguay_Rio_de_la_Plata,Uruguay_Rio_de_la_Plata,waterbody:Uruguay_Rio_de_la_Plata:IntendenciaMunicipalSalto,2017-03-01
c4dd3855f0264e69,source_ood,2,train,Uruguay_Rio_de_la_Plata,Uruguay_Rio_de_la_Plata,waterbody:Uruguay_Rio_de_la_Plata:ParqueLagoSaltoGrande,2017-03-01
21a53db5f86c844a,source_ood,2,train,Uruguay_Rio_de_la_Plata,Uruguay_Rio_de_la_Plata,waterbody:Uruguay_Rio_de_la_Plata:RepresaCentroSurEmbalse,2017-03-01
0e1775d53e468d30,source_ood,2,train,Uruguay_Rio_de_la_Plata,Uruguay_Rio_de_la_Plata,waterbody:Uruguay_Rio_de_la_Plata:Itapebi,2017-03-01
42c9a6bbc35e5a00,source_ood,2,train,Uruguay_Rio_de_la_Plata,Uruguay_Rio_de_la_Plata,waterbody:Uruguay_Rio_de_la_Plata:Sol,2017-03-01
148aec104d16c5c3,source_ood,2,train,Uruguay_Rio_de_la_Plata,Uruguay_Rio_de_la_Plata,waterbody:Uruguay_Rio_de_la_Plata:LasPalmeras,2017-03-01
40a722cb659705c9,source_ood,2,train,Uruguay_Rio_de_la_Plata,Uruguay_Rio_de_la_Plata,waterbody:Uruguay_Rio_de_la_Plata:GualeguaycitoChico,2017-03-01
523846aa8ca53eea,source_ood,2,train,Uruguay_Rio_de_la_Plata,Uruguay_Rio_de_la_Plata,waterbody:Uruguay_Rio_de_la_Plata:LaToma,2017-03-01
7afbea2a2be513ed,source_ood,2,train,Uruguay_Rio_de_la_Plata,Uruguay_Rio_de_la_Plata,waterbody:Uruguay_Rio_de_la_Plata:Grande,2017-03-07
6f0db09230671537,source_ood,2,train,Uruguay_Rio_de_la_Plata,Uruguay_Rio_de_la_Plata,waterbody:Uruguay_Rio_de_la_Plata:ParqueLagoSaltoGrande,2017-03-07
40a56a79ee0474cb,source_ood,2,train,Uruguay_Rio_de_la_Plata,Uruguay_Rio_de_la_Plata,waterbody:Uruguay_Rio_de_la_Plata:IntendenciaMunicipalSalto,2017-03-07
af9ffc329c8f5d3d,source_ood,2,train,Uruguay_Rio_de_la_Plata,Uruguay_Rio_de_la_Plata,waterbody:Uruguay_Rio_de_la_Plata:Sol,2017-03-07
bba53d305c3c24e3,source_ood,2,train,Uruguay_Rio_de_la_Plata,Uruguay_Rio_de_la_Plata,waterbody:Uruguay_Rio_de_la_Plata:LaToma,2017-03-07
3740aecae6415296,source_ood,2,train,Uruguay_Rio_de_la_Plata,Uruguay_Rio_de_la_Plata,waterbody:Uruguay_Rio_de_la_Plata:LasPalmeras,2017-03-07
36d9faf1e7cbbd89,source_ood,2,train,Uruguay_Rio_de_la_Plata,Uruguay_Rio_de_la_Plata,waterbody:Uruguay_Rio_de_la_Plata:GualeguaycitoChico,2017-03-08
0acd8dbd9dc339a5,source_ood,2,train,Uruguay_Rio_de_la_Plata,Uruguay_Rio_de_la_Plata,waterbody:Uruguay_Rio_de_la_Plata:Grande,2017-03-13
9492f45af9e119ee,source_ood,2,train,Uruguay_Rio_de_la_Plata,Uruguay_Rio_de_la_Plata,waterbody:Uruguay_Rio_de_la_Plata:LaToma,2017-03-14
def9b1a1389a9654,source_ood,2,train,Uruguay_Rio_de_la_Plata,Uruguay_Rio_de_la_Plata,waterbody:Uruguay_Rio_de_la_Plata:ParqueLagoSaltoGrande,2017-03-14
1cced38aa5196237,source_ood,2,train,Uruguay_Rio_de_la_Plata,Uruguay_Rio_de_la_Plata,waterbody:Uruguay_Rio_de_la_Plata:LasPalmeras,2017-03-14
0fb4dfad941b1008,source_ood,2,train,Uruguay_Rio_de_la_Plata,Uruguay_Rio_de_la_Plata,waterbody:Uruguay_Rio_de_la_Plata:IntendenciaMunicipalSalto,2017-03-14
0ee1f40419e7c05d,source_ood,2,train,Uruguay_Rio_de_la_Plata,Uruguay_Rio_de_la_Plata,waterbody:Uruguay_Rio_de_la_Plata:Sol,2017-03-14
105f3d75905ba883,source_ood,2,train,Uruguay_Rio_de_la_Plata,Uruguay_Rio_de_la_Plata,waterbody:Uruguay_Rio_de_la_Plata:GualeguaycitoChico,2017-03-15
7f85fcf503d9b4bc,source_ood,2,train,Uruguay_Rio_de_la_Plata,Uruguay_Rio_de_la_Plata,waterbody:Uruguay_Rio_de_la_Plata:Itapebi,2017-03-15
3bce2e7d6e921edc,source_ood,2,train,Uruguay_Rio_de_la_Plata,Uruguay_Rio_de_la_Plata,waterbody:Uruguay_Rio_de_la_Plata:Sol,2017-03-20
12400609354b5cd3,source_ood,2,train,Uruguay_Rio_de_la_Plata,Uruguay_Rio_de_la_Plata,waterbody:Uruguay_Rio_de_la_Plata:LaToma,2017-03-20
91559da76b6082ce,source_ood,2,train,Uruguay_Rio_de_la_Plata,Uruguay_Rio_de_la_Plata,waterbody:Uruguay_Rio_de_la_Plata:IntendenciaMunicipalSalto,2017-03-20
9b5197a8950a9bef,source_ood,2,train,Uruguay_Rio_de_la_Plata,Uruguay_Rio_de_la_Plata,waterbody:Uruguay_Rio_de_la_Plata:ParqueLagoSaltoGrande,2017-03-20
9070f8e15f1f7020,source_ood,2,train,Uruguay_Rio_de_la_Plata,Uruguay_Rio_de_la_Plata,waterbody:Uruguay_Rio_de_la_Plata:GualeguaycitoChico,2017-03-20
d25aa2263fccbfc6,source_ood,2,train,Uruguay_Rio_de_la_Plata,Uruguay_Rio_de_la_Plata,waterbody:Uruguay_Rio_de_la_Plata:RepresaCentroSurEmbalse,2017-03-20
05dfc4e3fb7b7d4b,source_ood,2,train,Uruguay_Rio_de_la_Plata,Uruguay_Rio_de_la_Plata,waterbody:Uruguay_Rio_de_la_Plata:Grande,2017-03-20
1387b17a40609568,source_ood,2,train,Uruguay_Rio_de_la_Plata,Uruguay_Rio_de_la_Plata,waterbody:Uruguay_Rio_de_la_Plata:LasPalmeras,2017-03-20
6d805377c2d026f1,source_ood,2,train,Uruguay_Rio_de_la_Plata,Uruguay_Rio_de_la_Plata,waterbody:Uruguay_Rio_de_la_Plata:GualeguaycitoChico,2017-03-27
2026aa75749e19f7,source_ood,2,train,Uruguay_Rio_de_la_Plata,Uruguay_Rio_de_la_Plata,waterbody:Uruguay_Rio_de_la_Plata:Sol,2017-03-27
a0b4b8b6cfa9dd89,source_ood,2,train,Uruguay_Rio_de_la_Plata,Uruguay_Rio_de_la_Plata,waterbody:Uruguay_Rio_de_la_Plata:LasPalmeras,2017-03-27
df320ed384cab94b,source_ood,2,train,Uruguay_Rio_de_la_Plata,Uruguay_Rio_de_la_Plata,waterbody:Uruguay_Rio_de_la_Plata:LaToma,2017-03-27
5b02539d294cfb90,source_ood,2,train,Uruguay_Rio_de_la_Plata,Uruguay_Rio_de_la_Plata,waterbody:Uruguay_Rio_de_la_Plata:ParqueLagoSaltoGrande,2017-03-27
d8f4f03cb03d5a20,source_ood,2,train,Uruguay_Rio_de_la_Plata,Uruguay_Rio_de_la_Plata,waterbody:Uruguay_Rio_de_la_Plata:Itapebi,2017-03-27
400a62e68392892d,source_ood,2,train,Uruguay_Rio_de_la_Plata,Uruguay_Rio_de_la_Plata,waterbody:Uruguay_Rio_de_la_Plata:IntendenciaMunicipalSalto,2017-03-27
753d75ee761d2f8e,source_ood,2,train,Uruguay_Rio_de_la_Plata,Uruguay_Rio_de_la_Plata,waterbody:Uruguay_Rio_de_la_Plata:Grande,2017-03-27
6108299b1672efe2,source_ood,2,train,Uruguay_Rio_de_la_Plata,Uruguay_Rio_de_la_Plata,waterbody:Uruguay_Rio_de_la_Plata:ParqueLagoSaltoGrande,2017-04-26
43f59fccb41e2dd8,source_ood,2,train,Uruguay_Rio_de_la_Plata,Uruguay_Rio_de_la_Plata,waterbody:Uruguay_Rio_de_la_Plata:LasPalmeras,2017-04-26
2af93ba84153f7c5,source_ood,2,train,Uruguay_Rio_de_la_Plata,Uruguay_Rio_de_la_Plata,waterbody:Uruguay_Rio_de_la_Plata:LaToma,2017-04-26
c9ea4f2d563d8887,source_ood,2,train,Uruguay_Rio_de_la_Plata,Uruguay_Rio_de_la_Plata,waterbody:Uruguay_Rio_de_la_Plata:IntendenciaMunicipalSalto,2017-04-26
1b9f95e7eaf2c88e,source_ood,2,train,Uruguay_Rio_de_la_Plata,Uruguay_Rio_de_la_Plata,waterbody:Uruguay_Rio_de_la_Plata:Sol,2017-04-26
8f03c313809d6971,source_ood,2,train,Uruguay_Rio_de_la_Plata,Uruguay_Rio_de_la_Plata,waterbody:Uruguay_Rio_de_la_Plata:GualeguaycitoChico,2017-05-02
0b70ad0dd324a77a,source_ood,2,train,Uruguay_Rio_de_la_Plata,Uruguay_Rio_de_la_Plata,waterbody:Uruguay_Rio_de_la_Plata:RepresaCentroSurEmbalse,2017-05-02
fefbf1669db73ff5,source_ood,2,train,Uruguay_Rio_de_la_Plata,Uruguay_Rio_de_la_Plata,waterbody:Uruguay_Rio_de_la_Plata:Itapebi,2017-05-02
aa3459bcade21928,source_ood,2,train,Uruguay_Rio_de_la_Plata,Uruguay_Rio_de_la_Plata,waterbody:Uruguay_Rio_de_la_Plata:ParqueLagoSaltoGrande,2017-05-30
72d1c05df14135c4,source_ood,2,train,Uruguay_Rio_de_la_Plata,Uruguay_Rio_de_la_Plata,waterbody:Uruguay_Rio_de_la_Plata:Itapebi,2017-05-30
dcb3b10a4d332a8e,source_ood,2,train,Uruguay_Rio_de_la_Plata,Uruguay_Rio_de_la_Plata,waterbody:Uruguay_Rio_de_la_Plata:GualeguaycitoChico,2017-05-30
6d7de927c02334ef,source_ood,2,train,Uruguay_Rio_de_la_Plata,Uruguay_Rio_de_la_Plata,waterbody:Uruguay_Rio_de_la_Plata:Sol,2017-05-30
7a0cabc3fd915215,source_ood,2,train,Uruguay_Rio_de_la_Plata,Uruguay_Rio_de_la_Plata,waterbody:Uruguay_Rio_de_la_Plata:LaToma,2017-05-30
9cf25376664e9eab,source_ood,2,train,Uruguay_Rio_de_la_Plata,Uruguay_Rio_de_la_Plata,waterbody:Uruguay_Rio_de_la_Plata:IntendenciaMunicipalSalto,2017-05-30
88b7f9dd5d838601,source_ood,2,train,Uruguay_Rio_de_la_Plata,Uruguay_Rio_de_la_Plata,waterbody:Uruguay_Rio_de_la_Plata:LasPalmeras,2017-05-30
2d0dc9f1c0e57d40,source_ood,2,train,Uruguay_Rio_de_la_Plata,Uruguay_Rio_de_la_Plata,waterbody:Uruguay_Rio_de_la_Plata:IntendenciaMunicipalSalto,2017-06-28
41463f6a6252a272,source_ood,2,train,Uruguay_Rio_de_la_Plata,Uruguay_Rio_de_la_Plata,waterbody:Uruguay_Rio_de_la_Plata:LaToma,2017-06-28
1060644dfe994f81,source_ood,2,train,Uruguay_Rio_de_la_Plata,Uruguay_Rio_de_la_Plata,waterbody:Uruguay_Rio_de_la_Plata:Sol,2017-06-28
aa7389996590d490,source_ood,2,train,Uruguay_Rio_de_la_Plata,Uruguay_Rio_de_la_Plata,waterbody:Uruguay_Rio_de_la_Plata:ParqueLagoSaltoGrande,2017-06-28
7d9e6fc832c17447,source_ood,2,train,Uruguay_Rio_de_la_Plata,Uruguay_Rio_de_la_Plata,waterbody:Uruguay_Rio_de_la_Plata:LasPalmeras,2017-06-28
9af423b76604931d,source_ood,2,train,Uruguay_Rio_de_la_Plata,Uruguay_Rio_de_la_Plata,waterbody:Uruguay_Rio_de_la_Plata:Itapebi,2017-07-03
5b645c30ae5ec4fb,source_ood,2,train,Uruguay_Rio_de_la_Plata,Uruguay_Rio_de_la_Plata,waterbody:Uruguay_Rio_de_la_Plata:GualeguaycitoChico,2017-07-03
51281c74e78d7fba,source_ood,2,train,Uruguay_Rio_de_la_Plata,Uruguay_Rio_de_la_Plata,waterbody:Uruguay_Rio_de_la_Plata:RepresaCentroSurEmbalse,2017-07-03
24224e140d42e4c6,source_ood,2,train,Uruguay_Rio_de_la_Plata,Uruguay_Rio_de_la_Plata,waterbody:Uruguay_Rio_de_la_Plata:Sol,2017-07-25
64ab3679db3402b0,source_ood,2,train,Uruguay_Rio_de_la_Plata,Uruguay_Rio_de_la_Plata,waterbody:Uruguay_Rio_de_la_Plata:BelenCanal,2017-07-26
d32d5dbf8462362c,source_ood,2,train,Uruguay_Rio_de_la_Plata,Uruguay_Rio_de_la_Plata,waterbody:Uruguay_Rio_de_la_Plata:Sol,2017-10-23
b40e0fb34410b105,source_ood,2,train,Uruguay_Rio_de_la_Plata,Uruguay_Rio_de_la_Plata,waterbody:Uruguay_Rio_de_la_Plata:IntendenciaMunicipalSalto,2017-10-23
063402ebe4103959,source_ood,2,train,Uruguay_Rio_de_la_Plata,Uruguay_Rio_de_la_Plata,waterbody:Uruguay_Rio_de_la_Plata:ParqueLagoSaltoGrande,2017-10-23
48d839073cbd08df,source_ood,2,train,Uruguay_Rio_de_la_Plata,Uruguay_Rio_de_la_Plata,waterbody:Uruguay_Rio_de_la_Plata:Grande,2017-10-23
2b26226a26386f13,source_ood,2,train,Uruguay_Rio_de_la_Plata,Uruguay_Rio_de_la_Plata,waterbody:Uruguay_Rio_de_la_Plata:SantaAnaCanal,2017-10-23
1b60570198465ddd,source_ood,2,train,Uruguay_Rio_de_la_Plata,Uruguay_Rio_de_la_Plata,waterbody:Uruguay_Rio_de_la_Plata:LaToma,2017-10-23
dd4ede214950f0cf,source_ood,2,train,Uruguay_Rio_de_la_Plata,Uruguay_Rio_de_la_Plata,waterbody:Uruguay_Rio_de_la_Plata:BellaUnion,2017-10-24
d0b524d4520bcc5f,source_ood,2,train,Uruguay_Rio_de_la_Plata,Uruguay_Rio_de_la_Plata,waterbody:Uruguay_Rio_de_la_Plata:Grande,2017-11-21
8730f661be7d9987,source_ood,2,train,Uruguay_Rio_de_la_Plata,Uruguay_Rio_de_la_Plata,waterbody:Uruguay_Rio_de_la_Plata:Itapebi,2017-11-22
ebdbb6d2bfb75c70,source_ood,2,train,Uruguay_Rio_de_la_Plata,Uruguay_Rio_de_la_Plata,waterbody:Uruguay_Rio_de_la_Plata:GualeguaycitoChico,2017-11-22
8019485a042dd363,source_ood,2,train,Uruguay_Rio_de_la_Plata,Uruguay_Rio_de_la_Plata,waterbody:Uruguay_Rio_de_la_Plata:RepresaCentroSurEmbalse,2017-11-22
7dd905787a7f5d7c,source_ood,2,train,Uruguay_Rio_de_la_Plata,Uruguay_Rio_de_la_Plata,waterbody:Uruguay_Rio_de_la_Plata:LaToma,2017-11-22
0bf4a72a7840b829,source_ood,2,train,Uruguay_Rio_de_la_Plata,Uruguay_Rio_de_la_Plata,waterbody:Uruguay_Rio_de_la_Plata:IntendenciaMunicipalSalto,2017-11-22
a56bd9e50d4713ab,source_ood,2,train,Uruguay_Rio_de_la_Plata,Uruguay_Rio_de_la_Plata,waterbody:Uruguay_Rio_de_la_Plata:Sol,2017-11-22
e1ce901233e81e46,source_ood,2,train,Uruguay_Rio_de_la_Plata,Uruguay_Rio_de_la_Plata,waterbody:Uruguay_Rio_de_la_Plata:ParqueLagoSaltoGrande,2017-11-22
8739ab5cccc92e1e,source_ood,2,train,Uruguay_Rio_de_la_Plata,Uruguay_Rio_de_la_Plata,waterbody:Uruguay_Rio_de_la_Plata:LasPalmeras,2017-11-22
ef650653bb90f9e4,source_ood,2,train,Uruguay_Rio_de_la_Plata,Uruguay_Rio_de_la_Plata,waterbody:Uruguay_Rio_de_la_Plata:LaToma,2017-11-29
a3987c81c4e35fab,source_ood,2,train,Uruguay_Rio_de_la_Plata,Uruguay_Rio_de_la_Plata,waterbody:Uruguay_Rio_de_la_Plata:ParqueLagoSaltoGrande,2017-12-04
679f01929d7a96db,source_ood,2,train,Uruguay_Rio_de_la_Plata,Uruguay_Rio_de_la_Plata,waterbody:Uruguay_Rio_de_la_Plata:LaToma,2017-12-04
6df0af7ffd8b672a,source_ood,2,train,Uruguay_Rio_de_la_Plata,Uruguay_Rio_de_la_Plata,waterbody:Uruguay_Rio_de_la_Plata:LasPalmeras,2017-12-04
5303ac2ef6da3b6e,source_ood,2,train,Uruguay_Rio_de_la_Plata,Uruguay_Rio_de_la_Plata,waterbody:Uruguay_Rio_de_la_Plata:ParqueLagoSaltoGrande,2017-12-11
2921c2b36c50da82,source_ood,2,train,Uruguay_Rio_de_la_Plata,Uruguay_Rio_de_la_Plata,waterbody:Uruguay_Rio_de_la_Plata:LasPalmeras,2017-12-11
b280c048f9fc6020,source_ood,2,train,Uruguay_Rio_de_la_Plata,Uruguay_Rio_de_la_Plata,waterbody:Uruguay_Rio_de_la_Plata:Sol,2017-12-11
0d357aea2091a2ca,source_ood,2,train,Uruguay_Rio_de_la_Plata,Uruguay_Rio_de_la_Plata,waterbody:Uruguay_Rio_de_la_Plata:IntendenciaMunicipalSalto,2017-12-11
778e8e0f12e48613,source_ood,2,train,Uruguay_Rio_de_la_Plata,Uruguay_Rio_de_la_Plata,waterbody:Uruguay_Rio_de_la_Plata:Grande,2017-12-12
3d9bddc4d340d844,source_ood,2,train,Uruguay_Rio_de_la_Plata,Uruguay_Rio_de_la_Plata,waterbody:Uruguay_Rio_de_la_Plata:IntendenciaMunicipalSalto,2017-12-18
9f183ede38be41ed,source_ood,2,train,Uruguay_Rio_de_la_Plata,Uruguay_Rio_de_la_Plata,waterbody:Uruguay_Rio_de_la_Plata:Grande,2017-12-18
70c24d3eafa646ae,source_ood,2,train,Uruguay_Rio_de_la_Plata,Uruguay_Rio_de_la_Plata,waterbody:Uruguay_Rio_de_la_Plata:SantaAnaCanal,2017-12-18
02660f5c53fd6586,source_ood,2,train,Uruguay_Rio_de_la_Plata,Uruguay_Rio_de_la_Plata,waterbody:Uruguay_Rio_de_la_Plata:RepresaCentroSurEmbalse,2017-12-18
619958a4cf51a4e5,source_ood,2,train,Uruguay_Rio_de_la_Plata,Uruguay_Rio_de_la_Plata,waterbody:Uruguay_Rio_de_la_Plata:Sol,2017-12-18
d7fb5593b8f2ae31,source_ood,2,train,Uruguay_Rio_de_la_Plata,Uruguay_Rio_de_la_Plata,waterbody:Uruguay_Rio_de_la_Plata:SantaAna,2017-12-18
529670d565a94f6d,source_ood,2,train,Uruguay_Rio_de_la_Plata,Uruguay_Rio_de_la_Plata,waterbody:Uruguay_Rio_de_la_Plata:ParqueLagoSaltoGrande,2017-12-18
2633fe2f2023ad52,source_ood,2,train,Uruguay_Rio_de_la_Plata,Uruguay_Rio_de_la_Plata,waterbody:Uruguay_Rio_de_la_Plata:LaToma,2017-12-18
384c009d40a25870,source_ood,2,train,Uruguay_Rio_de_la_Plata,Uruguay_Rio_de_la_Plata,waterbody:Uruguay_Rio_de_la_Plata:LasPalmeras,2017-12-18
8c15a259f2fcf508,source_ood,2,train,Uruguay_Rio_de_la_Plata,Uruguay_Rio_de_la_Plata,waterbody:Uruguay_Rio_de_la_Plata:Itapebi,2017-12-18
f1f65033782cb700,source_ood,2,train,Uruguay_Rio_de_la_Plata,Uruguay_Rio_de_la_Plata,waterbody:Uruguay_Rio_de_la_Plata:GualeguaycitoChico,2017-12-18
d8bbfe2e27315176,source_ood,2,train,Uruguay_Rio_de_la_Plata,Uruguay_Rio_de_la_Plata,waterbody:Uruguay_Rio_de_la_Plata:BelenPlaya,2017-12-19
f082add162229b4e,source_ood,2,train,Uruguay_Rio_de_la_Plata,Uruguay_Rio_de_la_Plata,waterbody:Uruguay_Rio_de_la_Plata:BelenCanal,2017-12-19
0c28ee671c84d61f,source_ood,2,train,Uruguay_Rio_de_la_Plata,Uruguay_Rio_de_la_Plata,waterbody:Uruguay_Rio_de_la_Plata:BellaUnion,2017-12-19
ce8a03d3b373526f,source_ood,2,train,Uruguay_Rio_de_la_Plata,Uruguay_Rio_de_la_Plata,waterbody:Uruguay_Rio_de_la_Plata:IntendenciaMunicipalSalto,2017-12-26
2d3e858b830152de,source_ood,2,train,Uruguay_Rio_de_la_Plata,Uruguay_Rio_de_la_Plata,waterbody:Uruguay_Rio_de_la_Plata:LaToma,2017-12-26
1a4031816f2bdb34,source_ood,2,train,Uruguay_Rio_de_la_Plata,Uruguay_Rio_de_la_Plata,waterbody:Uruguay_Rio_de_la_Plata:GualeguaycitoChico,2017-12-26
57b315478fa94ceb,source_ood,2,train,Uruguay_Rio_de_la_Plata,Uruguay_Rio_de_la_Plata,waterbody:Uruguay_Rio_de_la_Plata:LasPalmeras,2017-12-26
69c5548dc0182033,source_ood,2,train,Uruguay_Rio_de_la_Plata,Uruguay_Rio_de_la_Plata,waterbody:Uruguay_Rio_de_la_Plata:Itapebi,2017-12-26
1ff1f2a453b1dcf9,source_ood,2,train,Uruguay_Rio_de_la_Plata,Uruguay_Rio_de_la_Plata,waterbody:Uruguay_Rio_de_la_Plata:Sol,2017-12-26
ef46055cd355b98d,source_ood,2,train,Uruguay_Rio_de_la_Plata,Uruguay_Rio_de_la_Plata,waterbody:Uruguay_Rio_de_la_Plata:ParqueLagoSaltoGrande,2017-12-26
edc13931245b8825,source_ood,2,train,Uruguay_Rio_de_la_Plata,Uruguay_Rio_de_la_Plata,waterbody:Uruguay_Rio_de_la_Plata:Grande,2017-12-26
0a27868e0b65f5df,source_ood,2,train,Uruguay_Rio_de_la_Plata,Uruguay_Rio_de_la_Plata,waterbody:Uruguay_Rio_de_la_Plata:RepresaCentroSurEmbalse,2017-12-26
73d932da135cb1a5,source_ood,2,train,Uruguay_Rio_de_la_Plata,Uruguay_Rio_de_la_Plata,waterbody:Uruguay_Rio_de_la_Plata:RepresaCentroSurEmbalse,2018-01-02
f5f07fb4bd6bc456,source_ood,2,train,Uruguay_Rio_de_la_Plata,Uruguay_Rio_de_la_Plata,waterbody:Uruguay_Rio_de_la_Plata:IntendenciaMunicipalSalto,2018-01-02
e31b0551294300d3,source_ood,2,train,Uruguay_Rio_de_la_Plata,Uruguay_Rio_de_la_Plata,waterbody:Uruguay_Rio_de_la_Plata:GualeguaycitoChico,2018-01-02
0df03df2305b5dc5,source_ood,2,train,Uruguay_Rio_de_la_Plata,Uruguay_Rio_de_la_Plata,waterbody:Uruguay_Rio_de_la_Plata:LaToma,2018-01-02
2bee257b06e22679,source_ood,2,train,Uruguay_Rio_de_la_Plata,Uruguay_Rio_de_la_Plata,waterbody:Uruguay_Rio_de_la_Plata:SantaAna,2018-01-02
0185e85abc1fdad7,source_ood,2,train,Uruguay_Rio_de_la_Plata,Uruguay_Rio_de_la_Plata,waterbody:Uruguay_Rio_de_la_Plata:SantaAnaCanal,2018-01-02
94ad83f78b009272,source_ood,2,train,Uruguay_Rio_de_la_Plata,Uruguay_Rio_de_la_Plata,waterbody:Uruguay_Rio_de_la_Plata:Sol,2018-01-02
173f9f64dd67b7ab,source_ood,2,train,Uruguay_Rio_de_la_Plata,Uruguay_Rio_de_la_Plata,waterbody:Uruguay_Rio_de_la_Plata:Grande,2018-01-02
fca0486b42f2a878,source_ood,2,train,Uruguay_Rio_de_la_Plata,Uruguay_Rio_de_la_Plata,waterbody:Uruguay_Rio_de_la_Plata:LasPalmeras,2018-01-02
8f10580710182c17,source_ood,2,train,Uruguay_Rio_de_la_Plata,Uruguay_Rio_de_la_Plata,waterbody:Uruguay_Rio_de_la_Plata:ParqueLagoSaltoGrande,2018-01-02
91946d9072a1c4bc,source_ood,2,train,Uruguay_Rio_de_la_Plata,Uruguay_Rio_de_la_Plata,waterbody:Uruguay_Rio_de_la_Plata:Itapebi,2018-01-02
085335f9421a02cf,source_ood,2,train,Uruguay_Rio_de_la_Plata,Uruguay_Rio_de_la_Plata,waterbody:Uruguay_Rio_de_la_Plata:BelenCanal,2018-01-03
aa1cce1b31b9eefc,source_ood,2,train,Uruguay_Rio_de_la_Plata,Uruguay_Rio_de_la_Plata,waterbody:Uruguay_Rio_de_la_Plata:BelenPlaya,2018-01-03
5fa45e75869af4e7,source_ood,2,train,Uruguay_Rio_de_la_Plata,Uruguay_Rio_de_la_Plata,waterbody:Uruguay_Rio_de_la_Plata:BellaUnion,2018-01-03
f884cb8cf57d00a5,source_ood,2,train,Uruguay_Rio_de_la_Plata,Uruguay_Rio_de_la_Plata,waterbody:Uruguay_Rio_de_la_Plata:Grande,2018-01-08
57d21f7e28a237e5,source_ood,2,train,Uruguay_Rio_de_la_Plata,Uruguay_Rio_de_la_Plata,waterbody:Uruguay_Rio_de_la_Plata:ParqueLagoSaltoGrande,2018-01-08
8e97544e45ee4c9d,source_ood,2,train,Uruguay_Rio_de_la_Plata,Uruguay_Rio_de_la_Plata,waterbody:Uruguay_Rio_de_la_Plata:LaToma,2018-01-08
1df45287155ac61a,source_ood,2,train,Uruguay_Rio_de_la_Plata,Uruguay_Rio_de_la_Plata,waterbody:Uruguay_Rio_de_la_Plata:LasPalmeras,2018-01-08
85e3be5eeefff9ba,source_ood,2,train,Uruguay_Rio_de_la_Plata,Uruguay_Rio_de_la_Plata,waterbody:Uruguay_Rio_de_la_Plata:Sol,2018-01-08
d515db8e41b4d4fb,source_ood,2,train,Uruguay_Rio_de_la_Plata,Uruguay_Rio_de_la_Plata,waterbody:Uruguay_Rio_de_la_Plata:GualeguaycitoChico,2018-01-10
36fefac6f1867253,source_ood,2,train,Uruguay_Rio_de_la_Plata,Uruguay_Rio_de_la_Plata,waterbody:Uruguay_Rio_de_la_Plata:LaToma,2018-01-15
1715b21402135edd,source_ood,2,train,Uruguay_Rio_de_la_Plata,Uruguay_Rio_de_la_Plata,waterbody:Uruguay_Rio_de_la_Plata:ParqueLagoSaltoGrande,2018-01-15
6a3d80e54913b299,source_ood,2,train,Uruguay_Rio_de_la_Plata,Uruguay_Rio_de_la_Plata,waterbody:Uruguay_Rio_de_la_Plata:LasPalmeras,2018-01-15
db79b0c17b3ccea5,source_ood,2,train,Uruguay_Rio_de_la_Plata,Uruguay_Rio_de_la_Plata,waterbody:Uruguay_Rio_de_la_Plata:IntendenciaMunicipalSalto,2018-01-15
6822ad17e7ca16d3,source_ood,2,train,Uruguay_Rio_de_la_Plata,Uruguay_Rio_de_la_Plata,waterbody:Uruguay_Rio_de_la_Plata:Sol,2018-01-15
93935c8193f55deb,source_ood,2,train,Uruguay_Rio_de_la_Plata,Uruguay_Rio_de_la_Plata,waterbody:Uruguay_Rio_de_la_Plata:Itapebi,2018-01-16
8483716bf258df51,source_ood,2,train,Uruguay_Rio_de_la_Plata,Uruguay_Rio_de_la_Plata,waterbody:Uruguay_Rio_de_la_Plata:SantaAnaCanal,2018-01-16
f7a487f255b1692d,source_ood,2,train,Uruguay_Rio_de_la_Plata,Uruguay_Rio_de_la_Plata,waterbody:Uruguay_Rio_de_la_Plata:SantaAna,2018-01-16
ca87a939193bb8e4,source_ood,2,train,Uruguay_Rio_de_la_Plata,Uruguay_Rio_de_la_Plata,waterbody:Uruguay_Rio_de_la_Plata:GualeguaycitoChico,2018-01-16
953d58a187a3fd74,source_ood,2,train,Uruguay_Rio_de_la_Plata,Uruguay_Rio_de_la_Plata,waterbody:Uruguay_Rio_de_la_Plata:RepresaCentroSurEmbalse,2018-01-16
195a2b6fc281a7ef,source_ood,2,train,Uruguay_Rio_de_la_Plata,Uruguay_Rio_de_la_Plata,waterbody:Uruguay_Rio_de_la_Plata:Grande,2018-01-16
176527b49c24ae61,source_ood,2,train,Uruguay_Rio_de_la_Plata,Uruguay_Rio_de_la_Plata,waterbody:Uruguay_Rio_de_la_Plata:BellaUnion,2018-01-17
bea8e5175c0f4c73,source_ood,2,train,Uruguay_Rio_de_la_Plata,Uruguay_Rio_de_la_Plata,waterbody:Uruguay_Rio_de_la_Plata:BellaUnionMonteCaserosCanal,2018-01-17
3c3d117359b703a9,source_ood,2,train,Uruguay_Rio_de_la_Plata,Uruguay_Rio_de_la_Plata,waterbody:Uruguay_Rio_de_la_Plata:BelenPlaya,2018-01-17
ca5ca1e489443e8a,source_ood,2,train,Uruguay_Rio_de_la_Plata,Uruguay_Rio_de_la_Plata,waterbody:Uruguay_Rio_de_la_Plata:BelenCanal,2018-01-17
72fa8882f30ef8fc,source_ood,2,train,Uruguay_Rio_de_la_Plata,Uruguay_Rio_de_la_Plata,waterbody:Uruguay_Rio_de_la_Plata:GualeguaycitoChico,2018-01-22
ae54c295145af0a4,source_ood,2,train,Uruguay_Rio_de_la_Plata,Uruguay_Rio_de_la_Plata,waterbody:Uruguay_Rio_de_la_Plata:Grande,2018-01-22
a7b77816c709c674,source_ood,2,train,Uruguay_Rio_de_la_Plata,Uruguay_Rio_de_la_Plata,waterbody:Uruguay_Rio_de_la_Plata:LasPalmeras,2018-01-23
ffc3819008612c82,source_ood,2,train,Uruguay_Rio_de_la_Plata,Uruguay_Rio_de_la_Plata,waterbody:Uruguay_Rio_de_la_Plata:Sol,2018-01-23
40af3d5b347b7648,source_ood,2,train,Uruguay_Rio_de_la_Plata,Uruguay_Rio_de_la_Plata,waterbody:Uruguay_Rio_de_la_Plata:IntendenciaMunicipalSalto,2018-01-23
a370a7fcdc3d60e3,source_ood,2,train,Uruguay_Rio_de_la_Plata,Uruguay_Rio_de_la_Plata,waterbody:Uruguay_Rio_de_la_Plata:ParqueLagoSaltoGrande,2018-01-23
66bf8d553dfa834c,source_ood,2,train,Uruguay_Rio_de_la_Plata,Uruguay_Rio_de_la_Plata,waterbody:Uruguay_Rio_de_la_Plata:LaToma,2018-01-23
ce65a7d13430592c,source_ood,2,train,Uruguay_Rio_de_la_Plata,Uruguay_Rio_de_la_Plata,waterbody:Uruguay_Rio_de_la_Plata:IntendenciaMunicipalSalto,2018-01-30
bc6d4a9637865fa5,source_ood,2,train,Uruguay_Rio_de_la_Plata,Uruguay_Rio_de_la_Plata,waterbody:Uruguay_Rio_de_la_Plata:LasPalmeras,2018-01-30
9e6f95d8e7c04839,source_ood,2,train,Uruguay_Rio_de_la_Plata,Uruguay_Rio_de_la_Plata,waterbody:Uruguay_Rio_de_la_Plata:ParqueLagoSaltoGrande,2018-01-30
063ddf4add561386,source_ood,2,train,Uruguay_Rio_de_la_Plata,Uruguay_Rio_de_la_Plata,waterbody:Uruguay_Rio_de_la_Plata:Grande,2018-01-30
61579a8283d83301,source_ood,2,train,Uruguay_Rio_de_la_Plata,Uruguay_Rio_de_la_Plata,waterbody:Uruguay_Rio_de_la_Plata:GualeguaycitoChico,2018-01-30
cb6fff9ca0fd37ef,source_ood,2,train,Uruguay_Rio_de_la_Plata,Uruguay_Rio_de_la_Plata,waterbody:Uruguay_Rio_de_la_Plata:Sol,2018-01-30
ed8ffaebced70913,source_ood,2,train,Uruguay_Rio_de_la_Plata,Uruguay_Rio_de_la_Plata,waterbody:Uruguay_Rio_de_la_Plata:LaToma,2018-01-30
5dfca1d72d8d821b,source_ood,2,train,Uruguay_Rio_de_la_Plata,Uruguay_Rio_de_la_Plata,waterbody:Uruguay_Rio_de_la_Plata:Grande,2018-02-05
dd3644c1f07f880c,source_ood,2,train,Uruguay_Rio_de_la_Plata,Uruguay_Rio_de_la_Plata,waterbody:Uruguay_Rio_de_la_Plata:Itapebi,2018-02-05
283833a4e961b703,source_ood,2,train,Uruguay_Rio_de_la_Plata,Uruguay_Rio_de_la_Plata,waterbody:Uruguay_Rio_de_la_Plata:LaToma,2018-02-05
366455255e82190a,source_ood,2,train,Uruguay_Rio_de_la_Plata,Uruguay_Rio_de_la_Plata,waterbody:Uruguay_Rio_de_la_Plata:LasPalmeras,2018-02-05
4fd70c575fa9691c,source_ood,2,train,Uruguay_Rio_de_la_Plata,Uruguay_Rio_de_la_Plata,waterbody:Uruguay_Rio_de_la_Plata:SantaAnaCanal,2018-02-05
c071ebc81db7347b,source_ood,2,train,Uruguay_Rio_de_la_Plata,Uruguay_Rio_de_la_Plata,waterbody:Uruguay_Rio_de_la_Plata:Sol,2018-02-05
42397e35eaa79b80,source_ood,2,train,Uruguay_Rio_de_la_Plata,Uruguay_Rio_de_la_Plata,waterbody:Uruguay_Rio_de_la_Plata:IntendenciaMunicipalSalto,2018-02-05
88cfd3a0ce8b06ea,source_ood,2,train,Uruguay_Rio_de_la_Plata,Uruguay_Rio_de_la_Plata,waterbody:Uruguay_Rio_de_la_Plata:RepresaCentroSurEmbalse,2018-02-05
7fec1fee4e82b563,source_ood,2,train,Uruguay_Rio_de_la_Plata,Uruguay_Rio_de_la_Plata,waterbody:Uruguay_Rio_de_la_Plata:GualeguaycitoChico,2018-02-05
e64555f3c1b3ea6f,source_ood,2,train,Uruguay_Rio_de_la_Plata,Uruguay_Rio_de_la_Plata,waterbody:Uruguay_Rio_de_la_Plata:SantaAna,2018-02-05
414720c49a16f99f,source_ood,2,train,Uruguay_Rio_de_la_Plata,Uruguay_Rio_de_la_Plata,waterbody:Uruguay_Rio_de_la_Plata:ParqueLagoSaltoGrande,2018-02-05
026de05d3dfcdcf9,source_ood,2,train,Uruguay_Rio_de_la_Plata,Uruguay_Rio_de_la_Plata,waterbody:Uruguay_Rio_de_la_Plata:LasPalmeras,2018-02-14
3422a6ebac640c2e,source_ood,2,train,Uruguay_Rio_de_la_Plata,Uruguay_Rio_de_la_Plata,waterbody:Uruguay_Rio_de_la_Plata:ParqueLagoSaltoGrande,2018-02-14
d896e0406741bc30,source_ood,2,train,Uruguay_Rio_de_la_Plata,Uruguay_Rio_de_la_Plata,waterbody:Uruguay_Rio_de_la_Plata:LaToma,2018-02-14
f714eeb8255f0931,source_ood,2,train,Uruguay_Rio_de_la_Plata,Uruguay_Rio_de_la_Plata,waterbody:Uruguay_Rio_de_la_Plata:IntendenciaMunicipalSalto,2018-02-14
675dd7f15479db7a,source_ood,2,train,Uruguay_Rio_de_la_Plata,Uruguay_Rio_de_la_Plata,waterbody:Uruguay_Rio_de_la_Plata:Grande,2018-02-14
6b74958d16eabde5,source_ood,2,train,Uruguay_Rio_de_la_Plata,Uruguay_Rio_de_la_Plata,waterbody:Uruguay_Rio_de_la_Plata:Sol,2018-02-14
d6a91c69c6c2a8f2,source_ood,2,train,Uruguay_Rio_de_la_Plata,Uruguay_Rio_de_la_Plata,waterbody:Uruguay_Rio_de_la_Plata:IntendenciaMunicipalSalto,2018-02-19
9b3a42187a4a9d94,source_ood,2,train,Uruguay_Rio_de_la_Plata,Uruguay_Rio_de_la_Plata,waterbody:Uruguay_Rio_de_la_Plata:ParqueLagoSaltoGrande,2018-02-19
a76bef53ae77d6ea,source_ood,2,train,Uruguay_Rio_de_la_Plata,Uruguay_Rio_de_la_Plata,waterbody:Uruguay_Rio_de_la_Plata:LasPalmeras,2018-02-19
0cf083b0e35b70b0,source_ood,2,train,Uruguay_Rio_de_la_Plata,Uruguay_Rio_de_la_Plata,waterbody:Uruguay_Rio_de_la_Plata:LaToma,2018-02-19
8386261788744122,source_ood,2,train,Uruguay_Rio_de_la_Plata,Uruguay_Rio_de_la_Plata,waterbody:Uruguay_Rio_de_la_Plata:Grande,2018-02-19
9c44ee21558a2d73,source_ood,2,train,Uruguay_Rio_de_la_Plata,Uruguay_Rio_de_la_Plata,waterbody:Uruguay_Rio_de_la_Plata:SantaAnaCanal,2018-02-19
cc39d5700a56611b,source_ood,2,train,Uruguay_Rio_de_la_Plata,Uruguay_Rio_de_la_Plata,waterbody:Uruguay_Rio_de_la_Plata:Sol,2018-02-19
837c693c298da554,source_ood,2,train,Uruguay_Rio_de_la_Plata,Uruguay_Rio_de_la_Plata,waterbody:Uruguay_Rio_de_la_Plata:SantaAna,2018-02-19
35fe4834daed2962,source_ood,2,train,Uruguay_Rio_de_la_Plata,Uruguay_Rio_de_la_Plata,waterbody:Uruguay_Rio_de_la_Plata:BellaUnionMonteCaserosCanal,2018-02-20
801a6a0191db886a,source_ood,2,train,Uruguay_Rio_de_la_Plata,Uruguay_Rio_de_la_Plata,waterbody:Uruguay_Rio_de_la_Plata:BellaUnion,2018-02-20
2f45654558a35018,source_ood,2,train,Uruguay_Rio_de_la_Plata,Uruguay_Rio_de_la_Plata,waterbody:Uruguay_Rio_de_la_Plata:BelenPlaya,2018-02-20
01df0aa8526daaee,source_ood,2,train,Uruguay_Rio_de_la_Plata,Uruguay_Rio_de_la_Plata,waterbody:Uruguay_Rio_de_la_Plata:BelenCanal,2018-02-20
53ef5d5e8ac7c843,source_ood,2,train,Uruguay_Rio_de_la_Plata,Uruguay_Rio_de_la_Plata,waterbody:Uruguay_Rio_de_la_Plata:GualeguaycitoChico,2018-02-21
bda4f7d1be53ed76,source_ood,2,train,Uruguay_Rio_de_la_Plata,Uruguay_Rio_de_la_Plata,waterbody:Uruguay_Rio_de_la_Plata:Itapebi,2018-02-21
7e41bbd41271b289,source_ood,2,train,Uruguay_Rio_de_la_Plata,Uruguay_Rio_de_la_Plata,waterbody:Uruguay_Rio_de_la_Plata:RepresaCentroSurEmbalse,2018-02-21
5f4d36290ede81f8,source_ood,2,train,Uruguay_Rio_de_la_Plata,Uruguay_Rio_de_la_Plata,waterbody:Uruguay_Rio_de_la_Plata:Grande,2018-02-26
28dfcca3c70dc354,source_ood,2,train,Uruguay_Rio_de_la_Plata,Uruguay_Rio_de_la_Plata,waterbody:Uruguay_Rio_de_la_Plata:LasPalmeras,2018-02-27
253f83bbd8d11910,source_ood,2,train,Uruguay_Rio_de_la_Plata,Uruguay_Rio_de_la_Plata,waterbody:Uruguay_Rio_de_la_Plata:ParqueLagoSaltoGrande,2018-02-27
b33530a9bc1d45e6,source_ood,2,train,Uruguay_Rio_de_la_Plata,Uruguay_Rio_de_la_Plata,waterbody:Uruguay_Rio_de_la_Plata:IntendenciaMunicipalSalto,2018-02-27
ced7f2cc78a3f316,source_ood,2,train,Uruguay_Rio_de_la_Plata,Uruguay_Rio_de_la_Plata,waterbody:Uruguay_Rio_de_la_Plata:Sol,2018-02-27
648ece5beffa5305,source_ood,2,train,Uruguay_Rio_de_la_Plata,Uruguay_Rio_de_la_Plata,waterbody:Uruguay_Rio_de_la_Plata:LaToma,2018-02-27
d994743eac556861,source_ood,2,train,Uruguay_Rio_de_la_Plata,Uruguay_Rio_de_la_Plata,waterbody:Uruguay_Rio_de_la_Plata:GualeguaycitoChico,2018-03-01
3c77dd0cd18fc877,source_ood,2,train,Uruguay_Rio_de_la_Plata,Uruguay_Rio_de_la_Plata,waterbody:Uruguay_Rio_de_la_Plata:SantaAnaCanal,2018-03-05
023c3b91834329ef,source_ood,2,train,Uruguay_Rio_de_la_Plata,Uruguay_Rio_de_la_Plata,waterbody:Uruguay_Rio_de_la_Plata:Grande,2018-03-05
035995ad2313f67b,source_ood,2,train,Uruguay_Rio_de_la_Plata,Uruguay_Rio_de_la_Plata,waterbody:Uruguay_Rio_de_la_Plata:SantaAna,2018-03-05
cded191bab2a1cdf,source_ood,2,train,Uruguay_Rio_de_la_Plata,Uruguay_Rio_de_la_Plata,waterbody:Uruguay_Rio_de_la_Plata:BellaUnionMonteCaserosCanal,2018-03-06
8b86f0b4cc2d6ded,source_ood,2,train,Uruguay_Rio_de_la_Plata,Uruguay_Rio_de_la_Plata,waterbody:Uruguay_Rio_de_la_Plata:LasPalmeras,2018-03-06
ddda14f8b1166de8,source_ood,2,train,Uruguay_Rio_de_la_Plata,Uruguay_Rio_de_la_Plata,waterbody:Uruguay_Rio_de_la_Plata:LaToma,2018-03-06
47032a22a2d283f2,source_ood,2,train,Uruguay_Rio_de_la_Plata,Uruguay_Rio_de_la_Plata,waterbody:Uruguay_Rio_de_la_Plata:IntendenciaMunicipalSalto,2018-03-06
4eec263a3b1b0347,source_ood,2,train,Uruguay_Rio_de_la_Plata,Uruguay_Rio_de_la_Plata,waterbody:Uruguay_Rio_de_la_Plata:ParqueLagoSaltoGrande,2018-03-06
b308d7e558b87cd7,source_ood,2,train,Uruguay_Rio_de_la_Plata,Uruguay_Rio_de_la_Plata,waterbody:Uruguay_Rio_de_la_Plata:BelenCanal,2018-03-06
41e26d7c699dfeba,source_ood,2,train,Uruguay_Rio_de_la_Plata,Uruguay_Rio_de_la_Plata,waterbody:Uruguay_Rio_de_la_Plata:BelenPlaya,2018-03-06
3f1da0da31eca648,source_ood,2,train,Uruguay_Rio_de_la_Plata,Uruguay_Rio_de_la_Plata,waterbody:Uruguay_Rio_de_la_Plata:Sol,2018-03-06
e34bade0f76f7395,source_ood,2,train,Uruguay_Rio_de_la_Plata,Uruguay_Rio_de_la_Plata,waterbody:Uruguay_Rio_de_la_Plata:RepresaCentroSurEmbalse,2018-03-08
17b334570c8a757d,source_ood,2,train,Uruguay_Rio_de_la_Plata,Uruguay_Rio_de_la_Plata,waterbody:Uruguay_Rio_de_la_Plata:GualeguaycitoChico,2018-03-09
ad99eadc933b4b0c,source_ood,2,train,Uruguay_Rio_de_la_Plata,Uruguay_Rio_de_la_Plata,waterbody:Uruguay_Rio_de_la_Plata:Itapebi,2018-03-09
e5f3587214070fd1,source_ood,2,train,Uruguay_Rio_de_la_Plata,Uruguay_Rio_de_la_Plata,waterbody:Uruguay_Rio_de_la_Plata:Grande,2018-03-12
779189cba55818ca,source_ood,2,train,Uruguay_Rio_de_la_Plata,Uruguay_Rio_de_la_Plata,waterbody:Uruguay_Rio_de_la_Plata:Sol,2018-03-13
dd9022bf711ea9e2,source_ood,2,train,Uruguay_Rio_de_la_Plata,Uruguay_Rio_de_la_Plata,waterbody:Uruguay_Rio_de_la_Plata:LaToma,2018-03-13
01adcf8f289a8fed,source_ood,2,train,Uruguay_Rio_de_la_Plata,Uruguay_Rio_de_la_Plata,waterbody:Uruguay_Rio_de_la_Plata:IntendenciaMunicipalSalto,2018-03-13
e9d8f9f3a96e618d,source_ood,2,train,Uruguay_Rio_de_la_Plata,Uruguay_Rio_de_la_Plata,waterbody:Uruguay_Rio_de_la_Plata:LasPalmeras,2018-03-13
8b980aa68593d1cf,source_ood,2,train,Uruguay_Rio_de_la_Plata,Uruguay_Rio_de_la_Plata,waterbody:Uruguay_Rio_de_la_Plata:ParqueLagoSaltoGrande,2018-03-13
dd80da85ed23c2e5,source_ood,2,train,Uruguay_Rio_de_la_Plata,Uruguay_Rio_de_la_Plata,waterbody:Uruguay_Rio_de_la_Plata:GualeguaycitoChico,2018-03-14
c2b0d8d6a7083337,source_ood,2,train,Uruguay_Rio_de_la_Plata,Uruguay_Rio_de_la_Plata,waterbody:Uruguay_Rio_de_la_Plata:Grande,2018-03-19
9919105cff69d438,source_ood,2,train,Uruguay_Rio_de_la_Plata,Uruguay_Rio_de_la_Plata,waterbody:Uruguay_Rio_de_la_Plata:SantaAna,2018-03-19
a4d9d269c4c35477,source_ood,2,train,Uruguay_Rio_de_la_Plata,Uruguay_Rio_de_la_Plata,waterbody:Uruguay_Rio_de_la_Plata:SantaAnaCanal,2018-03-19
6d33ffa58856f0cd,source_ood,2,train,Uruguay_Rio_de_la_Plata,Uruguay_Rio_de_la_Plata,waterbody:Uruguay_Rio_de_la_Plata:ParqueLagoSaltoGrande,2018-03-20
0818bf5b82cc2eb1,source_ood,2,train,Uruguay_Rio_de_la_Plata,Uruguay_Rio_de_la_Plata,waterbody:Uruguay_Rio_de_la_Plata:BellaUnion,2018-03-20
3ad55a62c8d23957,source_ood,2,train,Uruguay_Rio_de_la_Plata,Uruguay_Rio_de_la_Plata,waterbody:Uruguay_Rio_de_la_Plata:LaToma,2018-03-20
4ab224bc0519d332,source_ood,2,train,Uruguay_Rio_de_la_Plata,Uruguay_Rio_de_la_Plata,waterbody:Uruguay_Rio_de_la_Plata:BellaUnionMonteCaserosCanal,2018-03-20
0f80e0cd77280550,source_ood,2,train,Uruguay_Rio_de_la_Plata,Uruguay_Rio_de_la_Plata,waterbody:Uruguay_Rio_de_la_Plata:BelenPlaya,2018-03-20
feea21744619d36c,source_ood,2,train,Uruguay_Rio_de_la_Plata,Uruguay_Rio_de_la_Plata,waterbody:Uruguay_Rio_de_la_Plata:Sol,2018-03-20
b10d649ce1b73ed4,source_ood,2,train,Uruguay_Rio_de_la_Plata,Uruguay_Rio_de_la_Plata,waterbody:Uruguay_Rio_de_la_Plata:LasPalmeras,2018-03-20
8620e16d6b195143,source_ood,2,train,Uruguay_Rio_de_la_Plata,Uruguay_Rio_de_la_Plata,waterbody:Uruguay_Rio_de_la_Plata:IntendenciaMunicipalSalto,2018-03-20
4300a9da32de4473,source_ood,2,train,Uruguay_Rio_de_la_Plata,Uruguay_Rio_de_la_Plata,waterbody:Uruguay_Rio_de_la_Plata:BelenCanal,2018-03-20
1926b4cfe9354d34,source_ood,2,train,Uruguay_Rio_de_la_Plata,Uruguay_Rio_de_la_Plata,waterbody:Uruguay_Rio_de_la_Plata:Itapebi,2018-03-21
8c8ddc582657ebf5,source_ood,2,train,Uruguay_Rio_de_la_Plata,Uruguay_Rio_de_la_Plata,waterbody:Uruguay_Rio_de_la_Plata:GualeguaycitoChico,2018-03-21
ab5bff394b828ae7,source_ood,2,train,Uruguay_Rio_de_la_Plata,Uruguay_Rio_de_la_Plata,waterbody:Uruguay_Rio_de_la_Plata:RepresaCentroSurEmbalse,2018-03-21
58a05037a506372c,source_ood,2,train,Uruguay_Rio_de_la_Plata,Uruguay_Rio_de_la_Plata,waterbody:Uruguay_Rio_de_la_Plata:Sol,2018-03-26
5cb154fb71a668b4,source_ood,2,train,Uruguay_Rio_de_la_Plata,Uruguay_Rio_de_la_Plata,waterbody:Uruguay_Rio_de_la_Plata:Grande,2018-03-26
16d94c7016cf57de,source_ood,2,train,Uruguay_Rio_de_la_Plata,Uruguay_Rio_de_la_Plata,waterbody:Uruguay_Rio_de_la_Plata:LasPalmeras,2018-03-26
d6b506148ff2218d,source_ood,2,train,Uruguay_Rio_de_la_Plata,Uruguay_Rio_de_la_Plata,waterbody:Uruguay_Rio_de_la_Plata:IntendenciaMunicipalSalto,2018-03-26
f6329e7feae8b150,source_ood,2,train,Uruguay_Rio_de_la_Plata,Uruguay_Rio_de_la_Plata,waterbody:Uruguay_Rio_de_la_Plata:ParqueLagoSaltoGrande,2018-03-26
77f94a37fd6ccad6,source_ood,2,train,Uruguay_Rio_de_la_Plata,Uruguay_Rio_de_la_Plata,waterbody:Uruguay_Rio_de_la_Plata:LaToma,2018-03-26
22285c6b8c8fd30b,source_ood,2,train,Uruguay_Rio_de_la_Plata,Uruguay_Rio_de_la_Plata,waterbody:Uruguay_Rio_de_la_Plata:GualeguaycitoChico,2018-03-27
a71e9280a77dff16,source_ood,2,train,Uruguay_Rio_de_la_Plata,Uruguay_Rio_de_la_Plata,waterbody:Uruguay_Rio_de_la_Plata:Sol,2018-04-25
feaec0a7c722d70d,source_ood,2,train,Uruguay_Rio_de_la_Plata,Uruguay_Rio_de_la_Plata,waterbody:Uruguay_Rio_de_la_Plata:ParqueLagoSaltoGrande,2018-04-25
c51c436cb699d371,source_ood,2,train,Uruguay_Rio_de_la_Plata,Uruguay_Rio_de_la_Plata,waterbody:Uruguay_Rio_de_la_Plata:Grande,2018-04-25
2bba51562e2f1e20,source_ood,2,train,Uruguay_Rio_de_la_Plata,Uruguay_Rio_de_la_Plata,waterbody:Uruguay_Rio_de_la_Plata:LasPalmeras,2018-04-25
f2b9ca23560fc1e8,source_ood,2,train,Uruguay_Rio_de_la_Plata,Uruguay_Rio_de_la_Plata,waterbody:Uruguay_Rio_de_la_Plata:IntendenciaMunicipalSalto,2018-04-25
b7d1df572b1f9ab1,source_ood,2,train,Uruguay_Rio_de_la_Plata,Uruguay_Rio_de_la_Plata,waterbody:Uruguay_Rio_de_la_Plata:LaToma,2018-04-25
cedbb0666f8197d3,source_ood,2,train,Uruguay_Rio_de_la_Plata,Uruguay_Rio_de_la_Plata,waterbody:Uruguay_Rio_de_la_Plata:RepresaCentroSurEmbalse,2018-04-26
953f8ab16b8b3a0c,source_ood,2,train,Uruguay_Rio_de_la_Plata,Uruguay_Rio_de_la_Plata,waterbody:Uruguay_Rio_de_la_Plata:GualeguaycitoChico,2018-04-26
1ad4ae7114be83fb,source_ood,2,train,Uruguay_Rio_de_la_Plata,Uruguay_Rio_de_la_Plata,waterbody:Uruguay_Rio_de_la_Plata:Itapebi,2018-04-26
1dc08b369a6390cc,source_ood,2,train,Uruguay_Rio_de_la_Plata,Uruguay_Rio_de_la_Plata,waterbody:Uruguay_Rio_de_la_Plata:BelenCanal,2018-04-26
a6a9c979f6936fd6,source_ood,2,train,Uruguay_Rio_de_la_Plata,Uruguay_Rio_de_la_Plata,waterbody:Uruguay_Rio_de_la_Plata:BelenPlaya,2018-04-26
33d7d1787631baea,source_ood,2,train,Uruguay_Rio_de_la_Plata,Uruguay_Rio_de_la_Plata,waterbody:Uruguay_Rio_de_la_Plata:LaToma,2018-05-14
a32e5fe58746737c,source_ood,2,train,Uruguay_Rio_de_la_Plata,Uruguay_Rio_de_la_Plata,waterbody:Uruguay_Rio_de_la_Plata:SantaAna,2018-05-14
a1336b53ab7e99b8,source_ood,2,train,Uruguay_Rio_de_la_Plata,Uruguay_Rio_de_la_Plata,waterbody:Uruguay_Rio_de_la_Plata:ParqueLagoSaltoGrande,2018-05-14
18499ef9f60a156c,source_ood,2,train,Uruguay_Rio_de_la_Plata,Uruguay_Rio_de_la_Plata,waterbody:Uruguay_Rio_de_la_Plata:Grande,2018-05-14
5c0f82fb684eb391,source_ood,2,train,Uruguay_Rio_de_la_Plata,Uruguay_Rio_de_la_Plata,waterbody:Uruguay_Rio_de_la_Plata:LasPalmeras,2018-05-14
3297cbe396093abd,source_ood,2,train,Uruguay_Rio_de_la_Plata,Uruguay_Rio_de_la_Plata,waterbody:Uruguay_Rio_de_la_Plata:Sol,2018-05-14
c9874060bf4fedd3,source_ood,2,train,Uruguay_Rio_de_la_Plata,Uruguay_Rio_de_la_Plata,waterbody:Uruguay_Rio_de_la_Plata:SantaAnaCanal,2018-05-14
7f3e6b6c293a61e4,source_ood,2,train,Uruguay_Rio_de_la_Plata,Uruguay_Rio_de_la_Plata,waterbody:Uruguay_Rio_de_la_Plata:IntendenciaMunicipalSalto,2018-05-14
2a4e97e80eabcf89,source_ood,2,train,Uruguay_Rio_de_la_Plata,Uruguay_Rio_de_la_Plata,waterbody:Uruguay_Rio_de_la_Plata:GualeguaycitoChico,2018-05-15
89ef9360d253c729,source_ood,2,train,Uruguay_Rio_de_la_Plata,Uruguay_Rio_de_la_Plata,waterbody:Uruguay_Rio_de_la_Plata:Itapebi,2018-05-15
9bf2245c575a9ecb,source_ood,2,train,Uruguay_Rio_de_la_Plata,Uruguay_Rio_de_la_Plata,waterbody:Uruguay_Rio_de_la_Plata:BellaUnion,2018-05-15
0c330cb85a1137a4,source_ood,2,train,Uruguay_Rio_de_la_Plata,Uruguay_Rio_de_la_Plata,waterbody:Uruguay_Rio_de_la_Plata:BellaUnionMonteCaserosCanal,2018-05-15
ec4b1f8126da232d,source_ood,2,train,Uruguay_Rio_de_la_Plata,Uruguay_Rio_de_la_Plata,waterbody:Uruguay_Rio_de_la_Plata:RepresaCentroSurEmbalse,2018-05-15
4ea743432e526100,source_ood,2,train,Uruguay_Rio_de_la_Plata,Uruguay_Rio_de_la_Plata,waterbody:Uruguay_Rio_de_la_Plata:BelenCanal,2018-05-15
f7dfebf2c584816e,source_ood,2,train,Uruguay_Rio_de_la_Plata,Uruguay_Rio_de_la_Plata,waterbody:Uruguay_Rio_de_la_Plata:BelenPlaya,2018-05-15
7c9845100f94a1a7,source_ood,2,train,Uruguay_Rio_de_la_Plata,Uruguay_Rio_de_la_Plata,waterbody:Uruguay_Rio_de_la_Plata:SantaAnaCanal,2018-06-13
f693169911f0da0d,source_ood,2,train,Uruguay_Rio_de_la_Plata,Uruguay_Rio_de_la_Plata,waterbody:Uruguay_Rio_de_la_Plata:SantaAna,2018-06-13
5995d2e79be682ed,source_ood,2,train,Uruguay_Rio_de_la_Plata,Uruguay_Rio_de_la_Plata,waterbody:Uruguay_Rio_de_la_Plata:LasPalmeras,2018-06-13
648756a1fde7bd35,source_ood,2,train,Uruguay_Rio_de_la_Plata,Uruguay_Rio_de_la_Plata,waterbody:Uruguay_Rio_de_la_Plata:Itapebi,2018-06-13
c1f48e16e991805e,source_ood,2,train,Uruguay_Rio_de_la_Plata,Uruguay_Rio_de_la_Plata,waterbody:Uruguay_Rio_de_la_Plata:Sol,2018-06-13
2dc8318b5b0e6ce9,source_ood,2,train,Uruguay_Rio_de_la_Plata,Uruguay_Rio_de_la_Plata,waterbody:Uruguay_Rio_de_la_Plata:RepresaCentroSurEmbalse,2018-06-13
27dbbb557d98a88e,source_ood,2,train,Uruguay_Rio_de_la_Plata,Uruguay_Rio_de_la_Plata,waterbody:Uruguay_Rio_de_la_Plata:Grande,2018-06-13
ec467187e036b505,source_ood,2,train,Uruguay_Rio_de_la_Plata,Uruguay_Rio_de_la_Plata,waterbody:Uruguay_Rio_de_la_Plata:GualeguaycitoChico,2018-06-13
2e5bc22ca733f3c9,source_ood,2,train,Uruguay_Rio_de_la_Plata,Uruguay_Rio_de_la_Plata,waterbody:Uruguay_Rio_de_la_Plata:IntendenciaMunicipalSalto,2018-06-13
8c953841e9a14a63,source_ood,2,train,Uruguay_Rio_de_la_Plata,Uruguay_Rio_de_la_Plata,waterbody:Uruguay_Rio_de_la_Plata:ParqueLagoSaltoGrande,2018-06-13
41379bf88c532983,source_ood,2,train,Uruguay_Rio_de_la_Plata,Uruguay_Rio_de_la_Plata,waterbody:Uruguay_Rio_de_la_Plata:LaToma,2018-06-13
cc28e41071329ba1,source_ood,2,train,Uruguay_Rio_de_la_Plata,Uruguay_Rio_de_la_Plata,waterbody:Uruguay_Rio_de_la_Plata:SantaAna,2018-07-23
bc127575edf9cff9,source_ood,2,train,Uruguay_Rio_de_la_Plata,Uruguay_Rio_de_la_Plata,waterbody:Uruguay_Rio_de_la_Plata:SantaAnaCanal,2018-07-23
13c7e54e14fc67d8,source_ood,2,train,Uruguay_Rio_de_la_Plata,Uruguay_Rio_de_la_Plata,waterbody:Uruguay_Rio_de_la_Plata:Grande,2018-07-23
05fa547f8165aab6,source_ood,2,train,Uruguay_Rio_de_la_Plata,Uruguay_Rio_de_la_Plata,waterbody:Uruguay_Rio_de_la_Plata:Sol,2018-07-24
b44c4b2a195ddf44,source_ood,2,train,Uruguay_Rio_de_la_Plata,Uruguay_Rio_de_la_Plata,waterbody:Uruguay_Rio_de_la_Plata:BellaUnionMonteCaserosCanal,2018-07-24
50da01556aa7ceaa,source_ood,2,train,Uruguay_Rio_de_la_Plata,Uruguay_Rio_de_la_Plata,waterbody:Uruguay_Rio_de_la_Plata:LasPalmeras,2018-07-24
531cf028b8ea5e33,source_ood,2,train,Uruguay_Rio_de_la_Plata,Uruguay_Rio_de_la_Plata,waterbody:Uruguay_Rio_de_la_Plata:BelenPlaya,2018-07-24
d68ac058fe08abef,source_ood,2,train,Uruguay_Rio_de_la_Plata,Uruguay_Rio_de_la_Plata,waterbody:Uruguay_Rio_de_la_Plata:ParqueLagoSaltoGrande,2018-07-24
6080a4b1f7a1f3f1,source_ood,2,train,Uruguay_Rio_de_la_Plata,Uruguay_Rio_de_la_Plata,waterbody:Uruguay_Rio_de_la_Plata:Itapebi,2018-07-24
02c1972e9454d013,source_ood,2,train,Uruguay_Rio_de_la_Plata,Uruguay_Rio_de_la_Plata,waterbody:Uruguay_Rio_de_la_Plata:LaToma,2018-07-24
a790a980a374f11d,source_ood,2,train,Uruguay_Rio_de_la_Plata,Uruguay_Rio_de_la_Plata,waterbody:Uruguay_Rio_de_la_Plata:IntendenciaMunicipalSalto,2018-07-24
c4055c72905d7c3d,source_ood,2,train,Uruguay_Rio_de_la_Plata,Uruguay_Rio_de_la_Plata,waterbody:Uruguay_Rio_de_la_Plata:BelenCanal,2018-07-24
1966fc06389b1933,source_ood,2,train,Uruguay_Rio_de_la_Plata,Uruguay_Rio_de_la_Plata,waterbody:Uruguay_Rio_de_la_Plata:BellaUnion,2018-07-24
237a1a4a20d027da,source_ood,2,train,Uruguay_Rio_de_la_Plata,Uruguay_Rio_de_la_Plata,waterbody:Uruguay_Rio_de_la_Plata:Grande,2018-08-21
b5f147533b97e002,source_ood,2,train,Uruguay_Rio_de_la_Plata,Uruguay_Rio_de_la_Plata,waterbody:Uruguay_Rio_de_la_Plata:LaToma,2018-08-21
83cba9e59eb6fc5f,source_ood,2,train,Uruguay_Rio_de_la_Plata,Uruguay_Rio_de_la_Plata,waterbody:Uruguay_Rio_de_la_Plata:ParqueLagoSaltoGrande,2018-08-21
688b069d459dc404,source_ood,2,train,Uruguay_Rio_de_la_Plata,Uruguay_Rio_de_la_Plata,waterbody:Uruguay_Rio_de_la_Plata:LasPalmeras,2018-08-21
7b47cea79fc95f04,source_ood,2,train,Uruguay_Rio_de_la_Plata,Uruguay_Rio_de_la_Plata,waterbody:Uruguay_Rio_de_la_Plata:Sol,2018-08-21
6ad6a3f46938044d,source_ood,2,train,Uruguay_Rio_de_la_Plata,Uruguay_Rio_de_la_Plata,waterbody:Uruguay_Rio_de_la_Plata:IntendenciaMunicipalSalto,2018-08-21
70d197a1cd472e4a,source_ood,2,train,Uruguay_Rio_de_la_Plata,Uruguay_Rio_de_la_Plata,waterbody:Uruguay_Rio_de_la_Plata:BellaUnionMonteCaserosCanal,2018-08-22
9435fd5fd9e5e437,source_ood,2,train,Uruguay_Rio_de_la_Plata,Uruguay_Rio_de_la_Plata,waterbody:Uruguay_Rio_de_la_Plata:BelenPlaya,2018-08-22
b69d24e0ab41617d,source_ood,2,train,Uruguay_Rio_de_la_Plata,Uruguay_Rio_de_la_Plata,waterbody:Uruguay_Rio_de_la_Plata:BelenCanal,2018-08-22
a3901237a9510e04,source_ood,2,train,Uruguay_Rio_de_la_Plata,Uruguay_Rio_de_la_Plata,waterbody:Uruguay_Rio_de_la_Plata:BellaUnion,2018-08-22
caff29e97b3a56b0,source_ood,2,train,Uruguay_Rio_de_la_Plata,Uruguay_Rio_de_la_Plata,waterbody:Uruguay_Rio_de_la_Plata:Grande,2018-09-17
6e98e185344c5245,source_ood,2,train,Uruguay_Rio_de_la_Plata,Uruguay_Rio_de_la_Plata,waterbody:Uruguay_Rio_de_la_Plata:SantaAnaCanal,2018-09-17
55312d8a2a50e7db,source_ood,2,train,Uruguay_Rio_de_la_Plata,Uruguay_Rio_de_la_Plata,waterbody:Uruguay_Rio_de_la_Plata:SantaAna,2018-09-17
a622be383f389398,source_ood,2,train,Uruguay_Rio_de_la_Plata,Uruguay_Rio_de_la_Plata,waterbody:Uruguay_Rio_de_la_Plata:ParqueLagoSaltoGrande,2018-09-18
c16c0894ed78afc8,source_ood,2,train,Uruguay_Rio_de_la_Plata,Uruguay_Rio_de_la_Plata,waterbody:Uruguay_Rio_de_la_Plata:IntendenciaMunicipalSalto,2018-09-18
552201a597ce8453,source_ood,2,train,Uruguay_Rio_de_la_Plata,Uruguay_Rio_de_la_Plata,waterbody:Uruguay_Rio_de_la_Plata:LaToma,2018-09-18
63a5c251da56b2bf,source_ood,2,train,Uruguay_Rio_de_la_Plata,Uruguay_Rio_de_la_Plata,waterbody:Uruguay_Rio_de_la_Plata:Sol,2018-09-18
54c7a934c7e0d1c8,source_ood,2,train,Uruguay_Rio_de_la_Plata,Uruguay_Rio_de_la_Plata,waterbody:Uruguay_Rio_de_la_Plata:BelenPlaya,2018-09-18
acac4080911e6ed7,source_ood,2,train,Uruguay_Rio_de_la_Plata,Uruguay_Rio_de_la_Plata,waterbody:Uruguay_Rio_de_la_Plata:BellaUnion,2018-09-18
7a8f122fc0093382,source_ood,2,train,Uruguay_Rio_de_la_Plata,Uruguay_Rio_de_la_Plata,waterbody:Uruguay_Rio_de_la_Plata:BelenCanal,2018-09-18
2b87339259c9e09b,source_ood,2,train,Uruguay_Rio_de_la_Plata,Uruguay_Rio_de_la_Plata,waterbody:Uruguay_Rio_de_la_Plata:LasPalmeras,2018-09-18
0cf445d787e3961b,source_ood,2,train,Uruguay_Rio_de_la_Plata,Uruguay_Rio_de_la_Plata,waterbody:Uruguay_Rio_de_la_Plata:BellaUnionMonteCaserosCanal,2018-09-18
11103ddfe2d88638,source_ood,2,train,Uruguay_Rio_de_la_Plata,Uruguay_Rio_de_la_Plata,waterbody:Uruguay_Rio_de_la_Plata:RepresaCentroSurEmbalse,2018-09-25
83681ea444d7b15b,source_ood,2,train,Uruguay_Rio_de_la_Plata,Uruguay_Rio_de_la_Plata,waterbody:Uruguay_Rio_de_la_Plata:GualeguaycitoChico,2018-09-25
7ece7e0e3106caee,source_ood,2,train,Uruguay_Rio_de_la_Plata,Uruguay_Rio_de_la_Plata,waterbody:Uruguay_Rio_de_la_Plata:Itapebi,2018-09-25
691f56fe395c29cb,source_ood,2,train,Uruguay_Rio_de_la_Plata,Uruguay_Rio_de_la_Plata,waterbody:Uruguay_Rio_de_la_Plata:Grande,2018-10-22
600d8c447a8430da,source_ood,2,train,Uruguay_Rio_de_la_Plata,Uruguay_Rio_de_la_Plata,waterbody:Uruguay_Rio_de_la_Plata:LaToma,2018-10-22
09c72cce27ef565a,source_ood,2,train,Uruguay_Rio_de_la_Plata,Uruguay_Rio_de_la_Plata,waterbody:Uruguay_Rio_de_la_Plata:SantaAna,2018-10-22
1de6d77a5803d9af,source_ood,2,train,Uruguay_Rio_de_la_Plata,Uruguay_Rio_de_la_Plata,waterbody:Uruguay_Rio_de_la_Plata:Sol,2018-10-22
93c88cd76f50e0c7,source_ood,2,train,Uruguay_Rio_de_la_Plata,Uruguay_Rio_de_la_Plata,waterbody:Uruguay_Rio_de_la_Plata:LasPalmeras,2018-10-22
b51ea93b241dfc0b,source_ood,2,train,Uruguay_Rio_de_la_Plata,Uruguay_Rio_de_la_Plata,waterbody:Uruguay_Rio_de_la_Plata:SantaAnaCanal,2018-10-22
94477cd2cf2c3bd7,source_ood,2,train,Uruguay_Rio_de_la_Plata,Uruguay_Rio_de_la_Plata,waterbody:Uruguay_Rio_de_la_Plata:IntendenciaMunicipalSalto,2018-10-22
a33b774dae132b95,source_ood,2,train,Uruguay_Rio_de_la_Plata,Uruguay_Rio_de_la_Plata,waterbody:Uruguay_Rio_de_la_Plata:GualeguaycitoChico,2018-10-23
c8ebd54902bf2a04,source_ood,2,train,Uruguay_Rio_de_la_Plata,Uruguay_Rio_de_la_Plata,waterbody:Uruguay_Rio_de_la_Plata:Itapebi,2018-10-23
77abc1a97ab75b97,source_ood,2,train,Uruguay_Rio_de_la_Plata,Uruguay_Rio_de_la_Plata,waterbody:Uruguay_Rio_de_la_Plata:BellaUnionMonteCaserosCanal,2018-10-23
aa712dd59806a6dd,source_ood,2,train,Uruguay_Rio_de_la_Plata,Uruguay_Rio_de_la_Plata,waterbody:Uruguay_Rio_de_la_Plata:BelenCanal,2018-10-23
1c23193dc647c939,source_ood,2,train,Uruguay_Rio_de_la_Plata,Uruguay_Rio_de_la_Plata,waterbody:Uruguay_Rio_de_la_Plata:BellaUnion,2018-10-23
55f35a761a32ed59,source_ood,2,train,Uruguay_Rio_de_la_Plata,Uruguay_Rio_de_la_Plata,waterbody:Uruguay_Rio_de_la_Plata:RepresaCentroSurEmbalse,2018-10-24
4b67a5416da1915e,source_ood,2,train,Uruguay_Rio_de_la_Plata,Uruguay_Rio_de_la_Plata,waterbody:Uruguay_Rio_de_la_Plata:SantaAna,2018-11-20
22dfb65f2af2c4c2,source_ood,2,train,Uruguay_Rio_de_la_Plata,Uruguay_Rio_de_la_Plata,waterbody:Uruguay_Rio_de_la_Plata:LaToma,2018-11-20
44e47fcb224df74f,source_ood,2,train,Uruguay_Rio_de_la_Plata,Uruguay_Rio_de_la_Plata,waterbody:Uruguay_Rio_de_la_Plata:SantaAnaCanal,2018-11-20
874ff2219bfb21ff,source_ood,2,train,Uruguay_Rio_de_la_Plata,Uruguay_Rio_de_la_Plata,waterbody:Uruguay_Rio_de_la_Plata:ParqueLagoSaltoGrande,2018-11-20
a8289577b0613b19,source_ood,2,train,Uruguay_Rio_de_la_Plata,Uruguay_Rio_de_la_Plata,waterbody:Uruguay_Rio_de_la_Plata:Grande,2018-11-20
e88515c12207963a,source_ood,2,train,Uruguay_Rio_de_la_Plata,Uruguay_Rio_de_la_Plata,waterbody:Uruguay_Rio_de_la_Plata:Sol,2018-11-20
9aae61b9ffd2d1e6,source_ood,2,train,Uruguay_Rio_de_la_Plata,Uruguay_Rio_de_la_Plata,waterbody:Uruguay_Rio_de_la_Plata:LasPalmeras,2018-11-20
dfbe0a00fb35388e,source_ood,2,train,Uruguay_Rio_de_la_Plata,Uruguay_Rio_de_la_Plata,waterbody:Uruguay_Rio_de_la_Plata:IntendenciaMunicipalSalto,2018-11-20
0b3698b6c72335ed,source_ood,2,train,Uruguay_Rio_de_la_Plata,Uruguay_Rio_de_la_Plata,waterbody:Uruguay_Rio_de_la_Plata:Grande,2018-11-20
78331f1a831b1015,source_ood,2,train,Uruguay_Rio_de_la_Plata,Uruguay_Rio_de_la_Plata,waterbody:Uruguay_Rio_de_la_Plata:Itapebi,2018-11-21
d1a3424d1aa9bc1f,source_ood,2,train,Uruguay_Rio_de_la_Plata,Uruguay_Rio_de_la_Plata,waterbody:Uruguay_Rio_de_la_Plata:BellaUnion,2018-11-21
ce4ad732deff139b,source_ood,2,train,Uruguay_Rio_de_la_Plata,Uruguay_Rio_de_la_Plata,waterbody:Uruguay_Rio_de_la_Plata:BelenCanal,2018-11-21
f10df8d17684dca3,source_ood,2,train,Uruguay_Rio_de_la_Plata,Uruguay_Rio_de_la_Plata,waterbody:Uruguay_Rio_de_la_Plata:BelenPlaya,2018-11-21
6cf9ad48f0a69bae,source_ood,2,train,Uruguay_Rio_de_la_Plata,Uruguay_Rio_de_la_Plata,waterbody:Uruguay_Rio_de_la_Plata:RepresaCentroSurEmbalse,2018-11-21
897345aac61ff0e0,source_ood,2,train,Uruguay_Rio_de_la_Plata,Uruguay_Rio_de_la_Plata,waterbody:Uruguay_Rio_de_la_Plata:GualeguaycitoChico,2018-11-21
09367d87a4ba2e4d,source_ood,2,train,Uruguay_Rio_de_la_Plata,Uruguay_Rio_de_la_Plata,waterbody:Uruguay_Rio_de_la_Plata:Grande,2018-12-03
f80ab317372f8afe,source_ood,2,train,Uruguay_Rio_de_la_Plata,Uruguay_Rio_de_la_Plata,waterbody:Uruguay_Rio_de_la_Plata:Sol,2018-12-03
2c0d13ef4d37a39c,source_ood,2,train,Uruguay_Rio_de_la_Plata,Uruguay_Rio_de_la_Plata,waterbody:Uruguay_Rio_de_la_Plata:LaToma,2018-12-03
d3fa08a948165dc8,source_ood,2,train,Uruguay_Rio_de_la_Plata,Uruguay_Rio_de_la_Plata,waterbody:Uruguay_Rio_de_la_Plata:SantaAnaCanal,2018-12-03
1b6106cc08348590,source_ood,2,train,Uruguay_Rio_de_la_Plata,Uruguay_Rio_de_la_Plata,waterbody:Uruguay_Rio_de_la_Plata:IntendenciaMunicipalSalto,2018-12-03
5ed9866412fd9911,source_ood,2,train,Uruguay_Rio_de_la_Plata,Uruguay_Rio_de_la_Plata,waterbody:Uruguay_Rio_de_la_Plata:ParqueLagoSaltoGrande,2018-12-03
19a7d1587592c061,source_ood,2,train,Uruguay_Rio_de_la_Plata,Uruguay_Rio_de_la_Plata,waterbody:Uruguay_Rio_de_la_Plata:LasPalmeras,2018-12-03
9e926e949aa2ceb7,source_ood,2,train,Uruguay_Rio_de_la_Plata,Uruguay_Rio_de_la_Plata,waterbody:Uruguay_Rio_de_la_Plata:SantaAna,2018-12-03
8d6bf9b309260296,source_ood,2,train,Uruguay_Rio_de_la_Plata,Uruguay_Rio_de_la_Plata,waterbody:Uruguay_Rio_de_la_Plata:BelenPlaya,2018-12-04
d3ef7ce97e1103d1,source_ood,2,train,Uruguay_Rio_de_la_Plata,Uruguay_Rio_de_la_Plata,waterbody:Uruguay_Rio_de_la_Plata:BellaUnionMonteCaserosCanal,2018-12-04
cf244fa75adb6182,source_ood,2,train,Uruguay_Rio_de_la_Plata,Uruguay_Rio_de_la_Plata,waterbody:Uruguay_Rio_de_la_Plata:BelenCanal,2018-12-04
92275ab069d07e14,source_ood,2,train,Uruguay_Rio_de_la_Plata,Uruguay_Rio_de_la_Plata,waterbody:Uruguay_Rio_de_la_Plata:BellaUnion,2018-12-04
b17553ebfea14eeb,source_ood,2,train,Uruguay_Rio_de_la_Plata,Uruguay_Rio_de_la_Plata,waterbody:Uruguay_Rio_de_la_Plata:RepresaCentroSurEmbalse,2018-12-05
dd875a1c87ec2c2d,source_ood,2,train,Uruguay_Rio_de_la_Plata,Uruguay_Rio_de_la_Plata,waterbody:Uruguay_Rio_de_la_Plata:GualeguaycitoChico,2018-12-05
033246f4a249aae0,source_ood,2,train,Uruguay_Rio_de_la_Plata,Uruguay_Rio_de_la_Plata,waterbody:Uruguay_Rio_de_la_Plata:Itapebi,2018-12-05
b3a3d78a82109807,source_ood,2,train,Uruguay_Rio_de_la_Plata,Uruguay_Rio_de_la_Plata,waterbody:Uruguay_Rio_de_la_Plata:LaToma,2018-12-10
9f7336ea802bbd62,source_ood,2,train,Uruguay_Rio_de_la_Plata,Uruguay_Rio_de_la_Plata,waterbody:Uruguay_Rio_de_la_Plata:LasPalmeras,2018-12-10
ef9a760ceeebb982,source_ood,2,train,Uruguay_Rio_de_la_Plata,Uruguay_Rio_de_la_Plata,waterbody:Uruguay_Rio_de_la_Plata:GualeguaycitoChico,2018-12-10
7058a470f850099b,source_ood,2,train,Uruguay_Rio_de_la_Plata,Uruguay_Rio_de_la_Plata,waterbody:Uruguay_Rio_de_la_Plata:Sol,2018-12-10
87816f461085c84e,source_ood,2,train,Uruguay_Rio_de_la_Plata,Uruguay_Rio_de_la_Plata,waterbody:Uruguay_Rio_de_la_Plata:IntendenciaMunicipalSalto,2018-12-10
effd5c16888e23f1,source_ood,2,train,Uruguay_Rio_de_la_Plata,Uruguay_Rio_de_la_Plata,waterbody:Uruguay_Rio_de_la_Plata:Grande,2018-12-10
39b84365d3c557e7,source_ood,2,train,Uruguay_Rio_de_la_Plata,Uruguay_Rio_de_la_Plata,waterbody:Uruguay_Rio_de_la_Plata:RepresaCentroSurEmbalse,2018-12-17
fb0048dd9273e524,source_ood,2,train,Uruguay_Rio_de_la_Plata,Uruguay_Rio_de_la_Plata,waterbody:Uruguay_Rio_de_la_Plata:SantaAna,2018-12-17
53faf7bc12bddd7d,source_ood,2,train,Uruguay_Rio_de_la_Plata,Uruguay_Rio_de_la_Plata,waterbody:Uruguay_Rio_de_la_Plata:ParqueLagoSaltoGrande,2018-12-17
9e76388c6272e1e6,source_ood,2,train,Uruguay_Rio_de_la_Plata,Uruguay_Rio_de_la_Plata,waterbody:Uruguay_Rio_de_la_Plata:IntendenciaMunicipalSalto,2018-12-17
2c5d8644ba282973,source_ood,2,train,Uruguay_Rio_de_la_Plata,Uruguay_Rio_de_la_Plata,waterbody:Uruguay_Rio_de_la_Plata:SantaAnaCanal,2018-12-17
f136030ed9ca8d46,source_ood,2,train,Uruguay_Rio_de_la_Plata,Uruguay_Rio_de_la_Plata,waterbody:Uruguay_Rio_de_la_Plata:Sol,2018-12-17
0d1c255f2a9b8206,source_ood,2,train,Uruguay_Rio_de_la_Plata,Uruguay_Rio_de_la_Plata,waterbody:Uruguay_Rio_de_la_Plata:GualeguaycitoChico,2018-12-17
59648725083bd1e7,source_ood,2,train,Uruguay_Rio_de_la_Plata,Uruguay_Rio_de_la_Plata,waterbody:Uruguay_Rio_de_la_Plata:LasPalmeras,2018-12-17
2c8e1d2c2676b6e5,source_ood,2,train,Uruguay_Rio_de_la_Plata,Uruguay_Rio_de_la_Plata,waterbody:Uruguay_Rio_de_la_Plata:Grande,2018-12-17
ebc57ef89721342d,source_ood,2,train,Uruguay_Rio_de_la_Plata,Uruguay_Rio_de_la_Plata,waterbody:Uruguay_Rio_de_la_Plata:BelenCanal,2018-12-18
7aab34f55d5d6238,source_ood,2,train,Uruguay_Rio_de_la_Plata,Uruguay_Rio_de_la_Plata,waterbody:Uruguay_Rio_de_la_Plata:BellaUnion,2018-12-18
215cf60ee4ac581e,source_ood,2,train,Uruguay_Rio_de_la_Plata,Uruguay_Rio_de_la_Plata,waterbody:Uruguay_Rio_de_la_Plata:BellaUnionMonteCaserosCanal,2018-12-18
df595d04b8c7667b,source_ood,2,train,Uruguay_Rio_de_la_Plata,Uruguay_Rio_de_la_Plata,waterbody:Uruguay_Rio_de_la_Plata:BelenPlaya,2018-12-18
ef5dd91273c7a7bf,source_ood,2,train,Uruguay_Rio_de_la_Plata,Uruguay_Rio_de_la_Plata,waterbody:Uruguay_Rio_de_la_Plata:Itapebi,2018-12-19
276a1faa3961ff50,source_ood,2,train,Uruguay_Rio_de_la_Plata,Uruguay_Rio_de_la_Plata,waterbody:Uruguay_Rio_de_la_Plata:LaToma,2018-12-26
93ae24958ed9e9dd,source_ood,2,train,Uruguay_Rio_de_la_Plata,Uruguay_Rio_de_la_Plata,waterbody:Uruguay_Rio_de_la_Plata:ParqueLagoSaltoGrande,2018-12-26
774b24429972b3e6,source_ood,2,train,Uruguay_Rio_de_la_Plata,Uruguay_Rio_de_la_Plata,waterbody:Uruguay_Rio_de_la_Plata:LasPalmeras,2018-12-26
b250324f3b8b303c,source_ood,2,train,Uruguay_Rio_de_la_Plata,Uruguay_Rio_de_la_Plata,waterbody:Uruguay_Rio_de_la_Plata:Sol,2018-12-26
f96e0f3fe8510e4d,source_ood,2,train,Uruguay_Rio_de_la_Plata,Uruguay_Rio_de_la_Plata,waterbody:Uruguay_Rio_de_la_Plata:Grande,2018-12-26
7cb7e3a96bd0c1e5,source_ood,2,train,Uruguay_Rio_de_la_Plata,Uruguay_Rio_de_la_Plata,waterbody:Uruguay_Rio_de_la_Plata:GualeguaycitoChico,2018-12-26
43d556c5d19d920e,source_ood,2,train,Uruguay_Rio_de_la_Plata,Uruguay_Rio_de_la_Plata,waterbody:Uruguay_Rio_de_la_Plata:IntendenciaMunicipalSalto,2018-12-26
ab023bf03f149640,source_ood,2,train,Uruguay_Rio_de_la_Plata,Uruguay_Rio_de_la_Plata,waterbody:Uruguay_Rio_de_la_Plata:ParqueLagoSaltoGrande,2019-01-02
b66cdb2e4f4176b9,source_ood,2,train,Uruguay_Rio_de_la_Plata,Uruguay_Rio_de_la_Plata,waterbody:Uruguay_Rio_de_la_Plata:LasPalmeras,2019-01-02
b16e51252ba2c03a,source_ood,2,train,Uruguay_Rio_de_la_Plata,Uruguay_Rio_de_la_Plata,waterbody:Uruguay_Rio_de_la_Plata:Grande,2019-01-03
f2873cb7aa9c1936,source_ood,2,train,Uruguay_Rio_de_la_Plata,Uruguay_Rio_de_la_Plata,waterbody:Uruguay_Rio_de_la_Plata:ParqueLagoSaltoGrande,2019-01-08
ac9da445ae2aca76,source_ood,2,train,Uruguay_Rio_de_la_Plata,Uruguay_Rio_de_la_Plata,waterbody:Uruguay_Rio_de_la_Plata:SantaAna,2019-01-08
a3dd4d94ba5f4a1d,source_ood,2,train,Uruguay_Rio_de_la_Plata,Uruguay_Rio_de_la_Plata,waterbody:Uruguay_Rio_de_la_Plata:LasPalmeras,2019-01-08
694b9bb275ca9673,source_ood,2,train,Uruguay_Rio_de_la_Plata,Uruguay_Rio_de_la_Plata,waterbody:Uruguay_Rio_de_la_Plata:Grande,2019-01-08
d0e085cb5e1c3366,source_ood,2,train,Uruguay_Rio_de_la_Plata,Uruguay_Rio_de_la_Plata,waterbody:Uruguay_Rio_de_la_Plata:LaToma,2019-01-08
6f3e3138627f1b77,source_ood,2,train,Uruguay_Rio_de_la_Plata,Uruguay_Rio_de_la_Plata,waterbody:Uruguay_Rio_de_la_Plata:SantaAnaCanal,2019-01-08
ae42d2dc903c9b88,source_ood,2,train,Uruguay_Rio_de_la_Plata,Uruguay_Rio_de_la_Plata,waterbody:Uruguay_Rio_de_la_Plata:Grande,2019-01-08
3020aa91e11099f4,source_ood,2,train,Uruguay_Rio_de_la_Plata,Uruguay_Rio_de_la_Plata,waterbody:Uruguay_Rio_de_la_Plata:Sol,2019-01-08
cc4efe3ab23cf80e,source_ood,2,train,Uruguay_Rio_de_la_Plata,Uruguay_Rio_de_la_Plata,waterbody:Uruguay_Rio_de_la_Plata:SantaAna,2019-01-08
5f3448da0f4a4a3a,source_ood,2,train,Uruguay_Rio_de_la_Plata,Uruguay_Rio_de_la_Plata,waterbody:Uruguay_Rio_de_la_Plata:BelenCanal,2019-01-09
afcbd261dc667eaa,source_ood,2,train,Uruguay_Rio_de_la_Plata,Uruguay_Rio_de_la_Plata,waterbody:Uruguay_Rio_de_la_Plata:BellaUnion,2019-01-09
08b6d21914781b30,source_ood,2,train,Uruguay_Rio_de_la_Plata,Uruguay_Rio_de_la_Plata,waterbody:Uruguay_Rio_de_la_Plata:BellaUnion,2019-01-09
a8443e869e9c62db,source_ood,2,train,Uruguay_Rio_de_la_Plata,Uruguay_Rio_de_la_Plata,waterbody:Uruguay_Rio_de_la_Plata:BelenPlaya,2019-01-09
b26aa6cdbfd36540,source_ood,2,train,Uruguay_Rio_de_la_Plata,Uruguay_Rio_de_la_Plata,waterbody:Uruguay_Rio_de_la_Plata:LaToma,2019-01-14
285d88a255874da0,source_ood,2,train,Uruguay_Rio_de_la_Plata,Uruguay_Rio_de_la_Plata,waterbody:Uruguay_Rio_de_la_Plata:Grande,2019-01-14
bc6dfe08b3436aaf,source_ood,2,train,Uruguay_Rio_de_la_Plata,Uruguay_Rio_de_la_Plata,waterbody:Uruguay_Rio_de_la_Plata:LasPalmeras,2019-01-14
056bf1b914212307,source_ood,2,train,Uruguay_Rio_de_la_Plata,Uruguay_Rio_de_la_Plata,waterbody:Uruguay_Rio_de_la_Plata:ParqueLagoSaltoGrande,2019-01-14
d3766ba118c49a10,source_ood,2,train,Uruguay_Rio_de_la_Plata,Uruguay_Rio_de_la_Plata,waterbody:Uruguay_Rio_de_la_Plata:Sol,2019-01-14
2d52d33203dbead8,source_ood,2,train,Uruguay_Rio_de_la_Plata,Uruguay_Rio_de_la_Plata,waterbody:Uruguay_Rio_de_la_Plata:Itapebi,2019-01-21
569058716fb47803,source_ood,2,train,Uruguay_Rio_de_la_Plata,Uruguay_Rio_de_la_Plata,waterbody:Uruguay_Rio_de_la_Plata:RepresaCentroSurEmbalse,2019-01-21
dc223f1211035df6,source_ood,2,train,Uruguay_Rio_de_la_Plata,Uruguay_Rio_de_la_Plata,waterbody:Uruguay_Rio_de_la_Plata:Sol,2019-01-21
82707539e361c379,source_ood,2,train,Uruguay_Rio_de_la_Plata,Uruguay_Rio_de_la_Plata,waterbody:Uruguay_Rio_de_la_Plata:GualeguaycitoChico,2019-01-21
efc192c3763a6da3,source_ood,2,train,Uruguay_Rio_de_la_Plata,Uruguay_Rio_de_la_Plata,waterbody:Uruguay_Rio_de_la_Plata:LaToma,2019-01-21
2af1c02331176ac1,source_ood,2,train,Uruguay_Rio_de_la_Plata,Uruguay_Rio_de_la_Plata,waterbody:Uruguay_Rio_de_la_Plata:ParqueLagoSaltoGrande,2019-01-21
458b553bf6bd778f,source_ood,2,train,Uruguay_Rio_de_la_Plata,Uruguay_Rio_de_la_Plata,waterbody:Uruguay_Rio_de_la_Plata:LasPalmeras,2019-01-21
b1afd9a3feddc669,source_ood,2,train,Uruguay_Rio_de_la_Plata,Uruguay_Rio_de_la_Plata,waterbody:Uruguay_Rio_de_la_Plata:LaToma,2019-01-28
afa33515d176597f,source_ood,2,train,Uruguay_Rio_de_la_Plata,Uruguay_Rio_de_la_Plata,waterbody:Uruguay_Rio_de_la_Plata:Sol,2019-01-28
58cee6f8ad547a36,source_ood,2,train,Uruguay_Rio_de_la_Plata,Uruguay_Rio_de_la_Plata,waterbody:Uruguay_Rio_de_la_Plata:LasPalmeras,2019-01-28
45033b2f4420f30b,source_ood,2,train,Uruguay_Rio_de_la_Plata,Uruguay_Rio_de_la_Plata,waterbody:Uruguay_Rio_de_la_Plata:ParqueLagoSaltoGrande,2019-01-28
5b3091a11a6b1ef0,source_ood,2,train,Uruguay_Rio_de_la_Plata,Uruguay_Rio_de_la_Plata,waterbody:Uruguay_Rio_de_la_Plata:Grande,2019-02-04
7a601db920f5514a,source_ood,2,train,Uruguay_Rio_de_la_Plata,Uruguay_Rio_de_la_Plata,waterbody:Uruguay_Rio_de_la_Plata:LaToma,2019-02-04
44ee55930375f66f,source_ood,2,train,Uruguay_Rio_de_la_Plata,Uruguay_Rio_de_la_Plata,waterbody:Uruguay_Rio_de_la_Plata:ParqueLagoSaltoGrande,2019-02-04
804f6fdf418a21d4,source_ood,2,train,Uruguay_Rio_de_la_Plata,Uruguay_Rio_de_la_Plata,waterbody:Uruguay_Rio_de_la_Plata:LasPalmeras,2019-02-04
1766b28ee02ce558,source_ood,2,train,Uruguay_Rio_de_la_Plata,Uruguay_Rio_de_la_Plata,waterbody:Uruguay_Rio_de_la_Plata:Grande,2019-02-04
42efd8256f4f07a7,source_ood,2,train,Uruguay_Rio_de_la_Plata,Uruguay_Rio_de_la_Plata,waterbody:Uruguay_Rio_de_la_Plata:SantaAna,2019-02-04
cdaceaf4b84fca28,source_ood,2,train,Uruguay_Rio_de_la_Plata,Uruguay_Rio_de_la_Plata,waterbody:Uruguay_Rio_de_la_Plata:Sol,2019-02-04
d86787afbadba060,source_ood,2,train,Uruguay_Rio_de_la_Plata,Uruguay_Rio_de_la_Plata,waterbody:Uruguay_Rio_de_la_Plata:BelenPlaya,2019-02-05
c4c0e01c6845c859,source_ood,2,train,Uruguay_Rio_de_la_Plata,Uruguay_Rio_de_la_Plata,waterbody:Uruguay_Rio_de_la_Plata:BellaUnionMonteCaserosCanal,2019-02-05
40d88f0295d1ee4c,source_ood,2,train,Uruguay_Rio_de_la_Plata,Uruguay_Rio_de_la_Plata,waterbody:Uruguay_Rio_de_la_Plata:BellaUnionMonteCaserosCanal,2019-02-05
50b297ee97df4576,source_ood,2,train,Uruguay_Rio_de_la_Plata,Uruguay_Rio_de_la_Plata,waterbody:Uruguay_Rio_de_la_Plata:BellaUnion,2019-02-05
d48d4d01e360f291,source_ood,2,train,Uruguay_Rio_de_la_Plata,Uruguay_Rio_de_la_Plata,waterbody:Uruguay_Rio_de_la_Plata:BellaUnion,2019-02-05
d0476e5742d4cc11,source_ood,2,train,Uruguay_Rio_de_la_Plata,Uruguay_Rio_de_la_Plata,waterbody:Uruguay_Rio_de_la_Plata:BelenCanal,2019-02-05
f45683e3e08abf1b,source_ood,2,train,Uruguay_Rio_de_la_Plata,Uruguay_Rio_de_la_Plata,waterbody:Uruguay_Rio_de_la_Plata:BelenPlaya,2019-02-05
f86d28b6fe11acf4,source_ood,2,train,Uruguay_Rio_de_la_Plata,Uruguay_Rio_de_la_Plata,waterbody:Uruguay_Rio_de_la_Plata:BellaUnion,2019-02-07
a879a52906404676,source_ood,2,train,Uruguay_Rio_de_la_Plata,Uruguay_Rio_de_la_Plata,waterbody:Uruguay_Rio_de_la_Plata:Grande,2019-02-11
7e15c0473ffb88f4,source_ood,2,train,Uruguay_Rio_de_la_Plata,Uruguay_Rio_de_la_Plata,waterbody:Uruguay_Rio_de_la_Plata:LasPalmeras,2019-02-11
0267d88a60a2c350,source_ood,2,train,Uruguay_Rio_de_la_Plata,Uruguay_Rio_de_la_Plata,waterbody:Uruguay_Rio_de_la_Plata:Grande,2019-02-11
9d96dbb9ba17b2fb,source_ood,2,train,Uruguay_Rio_de_la_Plata,Uruguay_Rio_de_la_Plata,waterbody:Uruguay_Rio_de_la_Plata:LaToma,2019-02-11
3a6137f532ff7067,source_ood,2,train,Uruguay_Rio_de_la_Plata,Uruguay_Rio_de_la_Plata,waterbody:Uruguay_Rio_de_la_Plata:Sol,2019-02-11
55e7ec2cc6ac83a0,source_ood,2,train,Uruguay_Rio_de_la_Plata,Uruguay_Rio_de_la_Plata,waterbody:Uruguay_Rio_de_la_Plata:ParqueLagoSaltoGrande,2019-02-11
6b7d3569cc4eaf23,source_ood,2,train,Uruguay_Rio_de_la_Plata,Uruguay_Rio_de_la_Plata,waterbody:Uruguay_Rio_de_la_Plata:Itapebi,2019-02-18
99451010d87d3857,source_ood,2,train,Uruguay_Rio_de_la_Plata,Uruguay_Rio_de_la_Plata,waterbody:Uruguay_Rio_de_la_Plata:SantaAnaCanal,2019-02-18
b28899030cf34f6f,source_ood,2,train,Uruguay_Rio_de_la_Plata,Uruguay_Rio_de_la_Plata,waterbody:Uruguay_Rio_de_la_Plata:RepresaCentroSurEmbalse,2019-02-18
89bd54c0b7a17526,source_ood,2,train,Uruguay_Rio_de_la_Plata,Uruguay_Rio_de_la_Plata,waterbody:Uruguay_Rio_de_la_Plata:Sol,2019-02-18
61b6b282df4a28fb,source_ood,2,train,Uruguay_Rio_de_la_Plata,Uruguay_Rio_de_la_Plata,waterbody:Uruguay_Rio_de_la_Plata:Grande,2019-02-18
9ec34b9be01d34b3,source_ood,2,train,Uruguay_Rio_de_la_Plata,Uruguay_Rio_de_la_Plata,waterbody:Uruguay_Rio_de_la_Plata:LaToma,2019-02-18
1d03ed14035353bb,source_ood,2,train,Uruguay_Rio_de_la_Plata,Uruguay_Rio_de_la_Plata,waterbody:Uruguay_Rio_de_la_Plata:ParqueLagoSaltoGrande,2019-02-18
47c39a419d0693f3,source_ood,2,train,Uruguay_Rio_de_la_Plata,Uruguay_Rio_de_la_Plata,waterbody:Uruguay_Rio_de_la_Plata:SantaAna,2019-02-18
2326d1cef0296c94,source_ood,2,train,Uruguay_Rio_de_la_Plata,Uruguay_Rio_de_la_Plata,waterbody:Uruguay_Rio_de_la_Plata:SantaAnaCanal,2019-02-18
e57aec408abadf2e,source_ood,2,train,Uruguay_Rio_de_la_Plata,Uruguay_Rio_de_la_Plata,waterbody:Uruguay_Rio_de_la_Plata:SantaAna,2019-02-18
3325e61ac80602bb,source_ood,2,train,Uruguay_Rio_de_la_Plata,Uruguay_Rio_de_la_Plata,waterbody:Uruguay_Rio_de_la_Plata:Grande,2019-02-18
60400a003283915c,source_ood,2,train,Uruguay_Rio_de_la_Plata,Uruguay_Rio_de_la_Plata,waterbody:Uruguay_Rio_de_la_Plata:GualeguaycitoChico,2019-02-18
d7f69f5844e21685,source_ood,2,train,Uruguay_Rio_de_la_Plata,Uruguay_Rio_de_la_Plata,waterbody:Uruguay_Rio_de_la_Plata:LasPalmeras,2019-02-18
1937d12d341d3cc7,source_ood,2,train,Uruguay_Rio_de_la_Plata,Uruguay_Rio_de_la_Plata,waterbody:Uruguay_Rio_de_la_Plata:BellaUnionMonteCaserosCanal,2019-02-19
c4593db35143d72c,source_ood,2,train,Uruguay_Rio_de_la_Plata,Uruguay_Rio_de_la_Plata,waterbody:Uruguay_Rio_de_la_Plata:BelenCanal,2019-02-19
071635e0f2e1f61b,source_ood,2,train,Uruguay_Rio_de_la_Plata,Uruguay_Rio_de_la_Plata,waterbody:Uruguay_Rio_de_la_Plata:BellaUnion,2019-02-19
fda6a1b59b3bf17d,source_ood,2,train,Uruguay_Rio_de_la_Plata,Uruguay_Rio_de_la_Plata,waterbody:Uruguay_Rio_de_la_Plata:BellaUnionMonteCaserosCanal,2019-02-19
e8a5213c429d2137,source_ood,2,train,Uruguay_Rio_de_la_Plata,Uruguay_Rio_de_la_Plata,waterbody:Uruguay_Rio_de_la_Plata:BelenPlaya,2019-02-19
1ddd7255e9c04fd8,source_ood,2,train,Uruguay_Rio_de_la_Plata,Uruguay_Rio_de_la_Plata,waterbody:Uruguay_Rio_de_la_Plata:BellaUnionMonteCaserosCanal,2019-02-19
fdddccea0e73e2a8,source_ood,2,train,Uruguay_Rio_de_la_Plata,Uruguay_Rio_de_la_Plata,waterbody:Uruguay_Rio_de_la_Plata:BelenPlaya,2019-02-19
d1db89586aa517a1,source_ood,2,train,Uruguay_Rio_de_la_Plata,Uruguay_Rio_de_la_Plata,waterbody:Uruguay_Rio_de_la_Plata:BelenCanal,2019-02-19
d33f0d3ecdaa28e9,source_ood,2,train,Uruguay_Rio_de_la_Plata,Uruguay_Rio_de_la_Plata,waterbody:Uruguay_Rio_de_la_Plata:BellaUnion,2019-02-19
771d43230e429ea6,source_ood,2,train,Uruguay_Rio_de_la_Plata,Uruguay_Rio_de_la_Plata,waterbody:Uruguay_Rio_de_la_Plata:BellaUnion,2019-02-20
2ba8a6bed57fa354,source_ood,2,train,Uruguay_Rio_de_la_Plata,Uruguay_Rio_de_la_Plata,waterbody:Uruguay_Rio_de_la_Plata:Grande,2019-02-25
72af7fd1a4ddf4a3,source_ood,2,train,Uruguay_Rio_de_la_Plata,Uruguay_Rio_de_la_Plata,waterbody:Uruguay_Rio_de_la_Plata:ParqueLagoSaltoGrande,2019-02-25
3aabff34f9fc0856,source_ood,2,train,Uruguay_Rio_de_la_Plata,Uruguay_Rio_de_la_Plata,waterbody:Uruguay_Rio_de_la_Plata:Grande,2019-02-25
32b3aef3dd86f1fd,source_ood,2,train,Uruguay_Rio_de_la_Plata,Uruguay_Rio_de_la_Plata,waterbody:Uruguay_Rio_de_la_Plata:LasPalmeras,2019-02-25
b83929d1ba974a34,source_ood,2,train,Uruguay_Rio_de_la_Plata,Uruguay_Rio_de_la_Plata,waterbody:Uruguay_Rio_de_la_Plata:Sol,2019-02-25
5a0d19feffb76c10,source_ood,2,train,Uruguay_Rio_de_la_Plata,Uruguay_Rio_de_la_Plata,waterbody:Uruguay_Rio_de_la_Plata:LaToma,2019-02-25
6111fcade39157c9,source_ood,2,train,Uruguay_Rio_de_la_Plata,Uruguay_Rio_de_la_Plata,waterbody:Uruguay_Rio_de_la_Plata:Sur,2008-12-17
10954ba33064f9e4,source_ood,2,train,Uruguay_Rio_de_la_Plata,Uruguay_Rio_de_la_Plata,waterbody:Uruguay_Rio_de_la_Plata:Medicos,2008-12-17
8b71f5338d51b142,source_ood,2,train,Uruguay_Rio_de_la_Plata,Uruguay_Rio_de_la_Plata,waterbody:Uruguay_Rio_de_la_Plata:Itapebi,2009-01-06
3e6c831494b8e016,source_ood,2,train,Uruguay_Rio_de_la_Plata,Uruguay_Rio_de_la_Plata,waterbody:Uruguay_Rio_de_la_Plata:Sur,2009-01-06
09315959e456dc25,source_ood,2,train,Uruguay_Rio_de_la_Plata,Uruguay_Rio_de_la_Plata,waterbody:Uruguay_Rio_de_la_Plata:Perdices,2009-01-07
9ba1ef23344dd30a,source_ood,2,train,Uruguay_Rio_de_la_Plata,Uruguay_Rio_de_la_Plata,waterbody:Uruguay_Rio_de_la_Plata:GualeguaycitoChico,2009-01-07
0c2794c2e367c68b,source_ood,2,train,Uruguay_Rio_de_la_Plata,Uruguay_Rio_de_la_Plata,waterbody:Uruguay_Rio_de_la_Plata:LasPalmeras,2009-01-07
7389d0765997447c,source_ood,2,train,Uruguay_Rio_de_la_Plata,Uruguay_Rio_de_la_Plata,waterbody:Uruguay_Rio_de_la_Plata:ParqueLagoSaltoGrande,2009-01-07
942afb571276f1cf,source_ood,2,train,Uruguay_Rio_de_la_Plata,Uruguay_Rio_de_la_Plata,waterbody:Uruguay_Rio_de_la_Plata:Sol,2009-01-07
baea2e08ba558e13,source_ood,2,train,Uruguay_Rio_de_la_Plata,Uruguay_Rio_de_la_Plata,waterbody:Uruguay_Rio_de_la_Plata:Medicos,2009-01-07
a819fc4aeee1059c,source_ood,2,train,Uruguay_Rio_de_la_Plata,Uruguay_Rio_de_la_Plata,waterbody:Uruguay_Rio_de_la_Plata:LaToma,2009-01-07
bcdb98c4f261b3a8,source_ood,2,train,Uruguay_Rio_de_la_Plata,Uruguay_Rio_de_la_Plata,waterbody:Uruguay_Rio_de_la_Plata:Perdices,2009-01-07
9365b0c6806e5c57,source_ood,2,train,Uruguay_Rio_de_la_Plata,Uruguay_Rio_de_la_Plata,waterbody:Uruguay_Rio_de_la_Plata:Grande,2009-01-13
4e35ba5682c99dad,source_ood,2,train,Uruguay_Rio_de_la_Plata,Uruguay_Rio_de_la_Plata,waterbody:Uruguay_Rio_de_la_Plata:Sur,2009-01-13
e10c349f5afcb4e8,source_ood,2,train,Uruguay_Rio_de_la_Plata,Uruguay_Rio_de_la_Plata,waterbody:Uruguay_Rio_de_la_Plata:Baly,2009-01-13
85b1671d3f966317,source_ood,2,train,Uruguay_Rio_de_la_Plata,Uruguay_Rio_de_la_Plata,waterbody:Uruguay_Rio_de_la_Plata:LaToma,2009-01-14
1f804ec6acd9506c,source_ood,2,train,Uruguay_Rio_de_la_Plata,Uruguay_Rio_de_la_Plata,waterbody:Uruguay_Rio_de_la_Plata:Medicos,2009-01-14
ff3ef7d5e2edfa55,source_ood,2,train,Uruguay_Rio_de_la_Plata,Uruguay_Rio_de_la_Plata,waterbody:Uruguay_Rio_de_la_Plata:GualeguaycitoChico,2009-01-14
d88d727614f32c68,source_ood,2,train,Uruguay_Rio_de_la_Plata,Uruguay_Rio_de_la_Plata,waterbody:Uruguay_Rio_de_la_Plata:Sur,2009-01-20
1c19c9c08787769c,source_ood,2,train,Uruguay_Rio_de_la_Plata,Uruguay_Rio_de_la_Plata,waterbody:Uruguay_Rio_de_la_Plata:Medicos,2009-01-21
1984703792c6d08c,source_ood,2,train,Uruguay_Rio_de_la_Plata,Uruguay_Rio_de_la_Plata,waterbody:Uruguay_Rio_de_la_Plata:LaToma,2009-01-21
bdf21e2c1bbeee22,source_ood,2,train,Uruguay_Rio_de_la_Plata,Uruguay_Rio_de_la_Plata,waterbody:Uruguay_Rio_de_la_Plata:GualeguaycitoChico,2009-01-21
ad68632a237f9add,source_ood,2,train,Uruguay_Rio_de_la_Plata,Uruguay_Rio_de_la_Plata,waterbody:Uruguay_Rio_de_la_Plata:ChajariCamping,2009-01-26
e21bd3cc062d1ed0,source_ood,2,train,Uruguay_Rio_de_la_Plata,Uruguay_Rio_de_la_Plata,waterbody:Uruguay_Rio_de_la_Plata:GualeguaycitoChico,2009-01-27
132e0d9a6899db47,source_ood,2,train,Uruguay_Rio_de_la_Plata,Uruguay_Rio_de_la_Plata,waterbody:Uruguay_Rio_de_la_Plata:Sur,2009-01-27
1bb5957855aa0097,source_ood,2,train,Uruguay_Rio_de_la_Plata,Uruguay_Rio_de_la_Plata,waterbody:Uruguay_Rio_de_la_Plata:Perdices,2009-02-04
5874ffb825048b14,source_ood,2,train,Uruguay_Rio_de_la_Plata,Uruguay_Rio_de_la_Plata,waterbody:Uruguay_Rio_de_la_Plata:LasPalmeras,2009-02-04
568688d454d19c07,source_ood,2,train,Uruguay_Rio_de_la_Plata,Uruguay_Rio_de_la_Plata,waterbody:Uruguay_Rio_de_la_Plata:GualeguaycitoChico,2009-02-04
0889ddfae55e3978,source_ood,2,train,Uruguay_Rio_de_la_Plata,Uruguay_Rio_de_la_Plata,waterbody:Uruguay_Rio_de_la_Plata:Medicos,2009-02-04
231e09cee00e21b7,source_ood,2,train,Uruguay_Rio_de_la_Plata,Uruguay_Rio_de_la_Plata,waterbody:Uruguay_Rio_de_la_Plata:LaToma,2009-02-04
3d8cbbf40f41a868,source_ood,2,train,Uruguay_Rio_de_la_Plata,Uruguay_Rio_de_la_Plata,waterbody:Uruguay_Rio_de_la_Plata:Grande,2009-02-09
954cfcd4d4f0e8ca,source_ood,2,train,Uruguay_Rio_de_la_Plata,Uruguay_Rio_de_la_Plata,waterbody:Uruguay_Rio_de_la_Plata:Baly,2009-02-10
d666d843b7f05f01,source_ood,2,train,Uruguay_Rio_de_la_Plata,Uruguay_Rio_de_la_Plata,waterbody:Uruguay_Rio_de_la_Plata:GualeguaycitoChico,2009-02-10
ac50a428d8332473,source_ood,2,train,Uruguay_Rio_de_la_Plata,Uruguay_Rio_de_la_Plata,waterbody:Uruguay_Rio_de_la_Plata:LaToma,2009-02-11
b29e7aef93ff1460,source_ood,2,train,Uruguay_Rio_de_la_Plata,Uruguay_Rio_de_la_Plata,waterbody:Uruguay_Rio_de_la_Plata:Medicos,2009-02-11
85f3a7063188aa56,source_ood,2,train,Uruguay_Rio_de_la_Plata,Uruguay_Rio_de_la_Plata,waterbody:Uruguay_Rio_de_la_Plata:LasPalmeras,2009-02-11
6860cc6701a9fe5b,source_ood,2,train,Uruguay_Rio_de_la_Plata,Uruguay_Rio_de_la_Plata,waterbody:Uruguay_Rio_de_la_Plata:Grande,2009-02-17
c1f7c247fb1ed24c,source_ood,2,train,Uruguay_Rio_de_la_Plata,Uruguay_Rio_de_la_Plata,waterbody:Uruguay_Rio_de_la_Plata:Perdices,2009-02-18
5c35861d95d0a7c9,source_ood,2,train,Uruguay_Rio_de_la_Plata,Uruguay_Rio_de_la_Plata,waterbody:Uruguay_Rio_de_la_Plata:LaToma,2009-02-18
2a5b40f230200960,source_ood,2,train,Uruguay_Rio_de_la_Plata,Uruguay_Rio_de_la_Plata,waterbody:Uruguay_Rio_de_la_Plata:Sol,2009-02-18
55f38ccbde239db0,source_ood,2,train,Uruguay_Rio_de_la_Plata,Uruguay_Rio_de_la_Plata,waterbody:Uruguay_Rio_de_la_Plata:GualeguaycitoChico,2009-02-18
4b4a2c713a24d585,source_ood,2,train,Uruguay_Rio_de_la_Plata,Uruguay_Rio_de_la_Plata,waterbody:Uruguay_Rio_de_la_Plata:LasPalmeras,2009-02-18
b7f49c2883911e98,source_ood,2,train,Uruguay_Rio_de_la_Plata,Uruguay_Rio_de_la_Plata,waterbody:Uruguay_Rio_de_la_Plata:Medicos,2009-02-18
93b528ee4015cc82,source_ood,2,train,Uruguay_Rio_de_la_Plata,Uruguay_Rio_de_la_Plata,waterbody:Uruguay_Rio_de_la_Plata:ChajariCamping,2009-02-23
09de34aa1297e135,source_ood,2,train,Uruguay_Rio_de_la_Plata,Uruguay_Rio_de_la_Plata,waterbody:Uruguay_Rio_de_la_Plata:GualeguaycitoChico,2009-02-24
c2f59ce24110668a,source_ood,2,train,Uruguay_Rio_de_la_Plata,Uruguay_Rio_de_la_Plata,waterbody:Uruguay_Rio_de_la_Plata:LaToma,2009-02-25
4845d1e508d68b31,source_ood,2,train,Uruguay_Rio_de_la_Plata,Uruguay_Rio_de_la_Plata,waterbody:Uruguay_Rio_de_la_Plata:GualeguaycitoChico,2009-02-25
a0b9ba558d1531ee,source_ood,2,train,Uruguay_Rio_de_la_Plata,Uruguay_Rio_de_la_Plata,waterbody:Uruguay_Rio_de_la_Plata:Itapebi,2009-02-25
7c52e893b6154f9c,source_ood,2,train,Uruguay_Rio_de_la_Plata,Uruguay_Rio_de_la_Plata,waterbody:Uruguay_Rio_de_la_Plata:Perdices,2009-02-25
8bf273b910814c3e,source_ood,2,train,Uruguay_Rio_de_la_Plata,Uruguay_Rio_de_la_Plata,waterbody:Uruguay_Rio_de_la_Plata:LaToma,2009-03-04
ce64a68c8d0f9005,source_ood,2,train,Uruguay_Rio_de_la_Plata,Uruguay_Rio_de_la_Plata,waterbody:Uruguay_Rio_de_la_Plata:ParqueLagoSaltoGrande,2009-03-04
a1b70a2b6717ab1f,source_ood,2,train,Uruguay_Rio_de_la_Plata,Uruguay_Rio_de_la_Plata,waterbody:Uruguay_Rio_de_la_Plata:Medicos,2009-03-04
556bf395f2176a35,source_ood,2,train,Uruguay_Rio_de_la_Plata,Uruguay_Rio_de_la_Plata,waterbody:Uruguay_Rio_de_la_Plata:Medicos,2009-03-04
3ab89173366989ce,source_ood,2,train,Uruguay_Rio_de_la_Plata,Uruguay_Rio_de_la_Plata,waterbody:Uruguay_Rio_de_la_Plata:SantaAna,2009-03-09
5bc995d0a2fcda72,source_ood,2,train,Uruguay_Rio_de_la_Plata,Uruguay_Rio_de_la_Plata,waterbody:Uruguay_Rio_de_la_Plata:RepresaCentroSurEmbalse,2009-03-10
4d90b390220338d9,source_ood,2,train,Uruguay_Rio_de_la_Plata,Uruguay_Rio_de_la_Plata,waterbody:Uruguay_Rio_de_la_Plata:GualeguaycitoChico,2009-03-10
69ff0edc134410c2,source_ood,2,train,Uruguay_Rio_de_la_Plata,Uruguay_Rio_de_la_Plata,waterbody:Uruguay_Rio_de_la_Plata:LaToma,2009-03-12
3354e14745cb9960,source_ood,2,train,Uruguay_Rio_de_la_Plata,Uruguay_Rio_de_la_Plata,waterbody:Uruguay_Rio_de_la_Plata:GualeguaycitoChico,2009-03-12
e91726256787f848,source_ood,2,train,Uruguay_Rio_de_la_Plata,Uruguay_Rio_de_la_Plata,waterbody:Uruguay_Rio_de_la_Plata:CerroIglesia,2009-03-12
f8912e8cc8cb44f6,source_ood,2,train,Uruguay_Rio_de_la_Plata,Uruguay_Rio_de_la_Plata,waterbody:Uruguay_Rio_de_la_Plata:Baly,2009-03-17
a927e595bfcadadb,source_ood,2,train,Uruguay_Rio_de_la_Plata,Uruguay_Rio_de_la_Plata,waterbody:Uruguay_Rio_de_la_Plata:LasPalmeras,2009-03-18
bb126b079b8e5717,source_ood,2,train,Uruguay_Rio_de_la_Plata,Uruguay_Rio_de_la_Plata,waterbody:Uruguay_Rio_de_la_Plata:LaToma,2009-03-18
c6b69d5ce3bd44ef,source_ood,2,train,Uruguay_Rio_de_la_Plata,Uruguay_Rio_de_la_Plata,waterbody:Uruguay_Rio_de_la_Plata:Medicos,2009-03-18
ad21d1a3a2150a8a,source_ood,2,train,Uruguay_Rio_de_la_Plata,Uruguay_Rio_de_la_Plata,waterbody:Uruguay_Rio_de_la_Plata:Perdices,2009-03-18
3762e160673cd39f,source_ood,2,train,Uruguay_Rio_de_la_Plata,Uruguay_Rio_de_la_Plata,waterbody:Uruguay_Rio_de_la_Plata:GualeguaycitoChico,2009-03-18
036c550f9a9d777f,source_ood,2,train,Uruguay_Rio_de_la_Plata,Uruguay_Rio_de_la_Plata,waterbody:Uruguay_Rio_de_la_Plata:Perdices,2009-03-25
24e3f7ffd65de5aa,source_ood,2,train,Uruguay_Rio_de_la_Plata,Uruguay_Rio_de_la_Plata,waterbody:Uruguay_Rio_de_la_Plata:Medicos,2009-03-25
6466acb1393ff11f,source_ood,2,train,Uruguay_Rio_de_la_Plata,Uruguay_Rio_de_la_Plata,waterbody:Uruguay_Rio_de_la_Plata:LaToma,2009-03-25
ec493ec3ce38f81e,source_ood,2,train,Uruguay_Rio_de_la_Plata,Uruguay_Rio_de_la_Plata,waterbody:Uruguay_Rio_de_la_Plata:LasPalmeras,2009-03-25
ef52bec6ec706ceb,source_ood,2,train,Uruguay_Rio_de_la_Plata,Uruguay_Rio_de_la_Plata,waterbody:Uruguay_Rio_de_la_Plata:GualeguaycitoChico,2009-04-29
ba7b64899f80c911,source_ood,2,train,Uruguay_Rio_de_la_Plata,Uruguay_Rio_de_la_Plata,waterbody:Uruguay_Rio_de_la_Plata:MonteCaseros,2009-05-11
9328d8aa7278659f,source_ood,2,train,Uruguay_Rio_de_la_Plata,Uruguay_Rio_de_la_Plata,waterbody:Uruguay_Rio_de_la_Plata:BellaUnion,2009-05-11
d416f675e807bbe0,source_ood,2,train,Uruguay_Rio_de_la_Plata,Uruguay_Rio_de_la_Plata,waterbody:Uruguay_Rio_de_la_Plata:MonteCaseros,2009-05-25
9796124897c1e70b,source_ood,2,train,Uruguay_Rio_de_la_Plata,Uruguay_Rio_de_la_Plata,waterbody:Uruguay_Rio_de_la_Plata:BellaUnion,2009-05-25
a1f1da52c3bbf7ae,source_ood,2,train,Uruguay_Rio_de_la_Plata,Uruguay_Rio_de_la_Plata,waterbody:Uruguay_Rio_de_la_Plata:PocitosBarreiro,2009-11-27
3eb31b9b415e9d8b,source_ood,2,train,Uruguay_Rio_de_la_Plata,Uruguay_Rio_de_la_Plata,waterbody:Uruguay_Rio_de_la_Plata:Malvin,2009-11-27
b5549574c61d2cb9,source_ood,2,train,Uruguay_Rio_de_la_Plata,Uruguay_Rio_de_la_Plata,waterbody:Uruguay_Rio_de_la_Plata:Carrasco,2009-11-27
6563a278becc534c,source_ood,2,train,Uruguay_Rio_de_la_Plata,Uruguay_Rio_de_la_Plata,waterbody:Uruguay_Rio_de_la_Plata:PajasBlancas,2009-11-27
166a6ff217fa4166,source_ood,2,train,Uruguay_Rio_de_la_Plata,Uruguay_Rio_de_la_Plata,waterbody:Uruguay_Rio_de_la_Plata:Ramirez,2009-11-27
fee973971cff084b,source_ood,2,train,Uruguay_Rio_de_la_Plata,Uruguay_Rio_de_la_Plata,waterbody:Uruguay_Rio_de_la_Plata:Cerro,2009-12-04
ff4bd50026672743,source_ood,2,train,Uruguay_Rio_de_la_Plata,Uruguay_Rio_de_la_Plata,waterbody:Uruguay_Rio_de_la_Plata:PajasBlancas,2009-12-04
d53fc6f613ef8caa,source_ood,2,train,Uruguay_Rio_de_la_Plata,Uruguay_Rio_de_la_Plata,waterbody:Uruguay_Rio_de_la_Plata:Carrasco,2009-12-04
3782b0316789971f,source_ood,2,train,Uruguay_Rio_de_la_Plata,Uruguay_Rio_de_la_Plata,waterbody:Uruguay_Rio_de_la_Plata:PuertoBuceo,2009-12-04
6a450d895241a21b,source_ood,2,train,Uruguay_Rio_de_la_Plata,Uruguay_Rio_de_la_Plata,waterbody:Uruguay_Rio_de_la_Plata:Ramirez,2009-12-04
6723adea7a3a12f9,source_ood,2,train,Uruguay_Rio_de_la_Plata,Uruguay_Rio_de_la_Plata,waterbody:Uruguay_Rio_de_la_Plata:PocitosAvenidaBrasil,2009-12-04
53a9439b0e7c655e,source_ood,2,train,Uruguay_Rio_de_la_Plata,Uruguay_Rio_de_la_Plata,waterbody:Uruguay_Rio_de_la_Plata:PocitosBarreiro,2009-12-04
7264c8b721438240,source_ood,2,train,Uruguay_Rio_de_la_Plata,Uruguay_Rio_de_la_Plata,waterbody:Uruguay_Rio_de_la_Plata:Malvin,2009-12-04
bbe97f8327b38f50,source_ood,2,train,Uruguay_Rio_de_la_Plata,Uruguay_Rio_de_la_Plata,waterbody:Uruguay_Rio_de_la_Plata:Carrasco,2009-12-09
77310d50e120dd57,source_ood,2,train,Uruguay_Rio_de_la_Plata,Uruguay_Rio_de_la_Plata,waterbody:Uruguay_Rio_de_la_Plata:Malvin,2009-12-09
909e3c3cca819528,source_ood,2,train,Uruguay_Rio_de_la_Plata,Uruguay_Rio_de_la_Plata,waterbody:Uruguay_Rio_de_la_Plata:Ramirez,2009-12-09
92749b4b7ee3ce34,source_ood,2,train,Uruguay_Rio_de_la_Plata,Uruguay_Rio_de_la_Plata,waterbody:Uruguay_Rio_de_la_Plata:Cerro,2009-12-09
ef5beb38f96cfdc5,source_ood,2,train,Uruguay_Rio_de_la_Plata,Uruguay_Rio_de_la_Plata,waterbody:Uruguay_Rio_de_la_Plata:PocitosBarreiro,2009-12-09
d9a3997f463c9832,source_ood,2,train,Uruguay_Rio_de_la_Plata,Uruguay_Rio_de_la_Plata,waterbody:Uruguay_Rio_de_la_Plata:PocitosBarreiro,2009-12-16
d238658eb2dfe230,source_ood,2,train,Uruguay_Rio_de_la_Plata,Uruguay_Rio_de_la_Plata,waterbody:Uruguay_Rio_de_la_Plata:Ingleses,2009-12-16
d1c2901fe0fd0884,source_ood,2,train,Uruguay_Rio_de_la_Plata,Uruguay_Rio_de_la_Plata,waterbody:Uruguay_Rio_de_la_Plata:Malvin,2009-12-16
57797bcbfcc30fe6,source_ood,2,train,Uruguay_Rio_de_la_Plata,Uruguay_Rio_de_la_Plata,waterbody:Uruguay_Rio_de_la_Plata:Ramirez,2009-12-16
7e825d1b8118965d,source_ood,2,train,Uruguay_Rio_de_la_Plata,Uruguay_Rio_de_la_Plata,waterbody:Uruguay_Rio_de_la_Plata:Cerro,2009-12-16
fcaf725e785cb8bf,source_ood,2,train,Uruguay_Rio_de_la_Plata,Uruguay_Rio_de_la_Plata,waterbody:Uruguay_Rio_de_la_Plata:PuertoBuceo,2009-12-16
9de2166637792ce6,source_ood,2,train,Uruguay_Rio_de_la_Plata,Uruguay_Rio_de_la_Plata,waterbody:Uruguay_Rio_de_la_Plata:Carrasco,2009-12-16
bc106ac588dd933e,source_ood,2,train,Uruguay_Rio_de_la_Plata,Uruguay_Rio_de_la_Plata,waterbody:Uruguay_Rio_de_la_Plata:Carrasco,2009-12-21
9e2ad2f01847a892,source_ood,2,train,Uruguay_Rio_de_la_Plata,Uruguay_Rio_de_la_Plata,waterbody:Uruguay_Rio_de_la_Plata:PocitosAvenidaBrasil,2009-12-21
5deb4fc725f80f28,source_ood,2,train,Uruguay_Rio_de_la_Plata,Uruguay_Rio_de_la_Plata,waterbody:Uruguay_Rio_de_la_Plata:PuertoBuceo,2009-12-21
afae0fa4e5c6d0a3,source_ood,2,train,Uruguay_Rio_de_la_Plata,Uruguay_Rio_de_la_Plata,waterbody:Uruguay_Rio_de_la_Plata:Cerro,2009-12-23
c88e72b401ea242f,source_ood,2,train,Uruguay_Rio_de_la_Plata,Uruguay_Rio_de_la_Plata,waterbody:Uruguay_Rio_de_la_Plata:Ramirez,2009-12-23
a758a35413d6fdcb,source_ood,2,train,Uruguay_Rio_de_la_Plata,Uruguay_Rio_de_la_Plata,waterbody:Uruguay_Rio_de_la_Plata:PajasBlancas,2009-12-23
f138cf5e04530c1f,source_ood,2,train,Uruguay_Rio_de_la_Plata,Uruguay_Rio_de_la_Plata,waterbody:Uruguay_Rio_de_la_Plata:Malvin,2010-01-07
9675d847645e1d08,source_ood,2,train,Uruguay_Rio_de_la_Plata,Uruguay_Rio_de_la_Plata,waterbody:Uruguay_Rio_de_la_Plata:Carrasco,2010-01-14
654c61c3fc7a5460,source_ood,2,train,Uruguay_Rio_de_la_Plata,Uruguay_Rio_de_la_Plata,waterbody:Uruguay_Rio_de_la_Plata:PocitosBarreiro,2010-01-14
a960da4fe0ad0d61,source_ood,2,train,Uruguay_Rio_de_la_Plata,Uruguay_Rio_de_la_Plata,waterbody:Uruguay_Rio_de_la_Plata:Ramirez,2010-01-14
5be4818d6cb54e5c,source_ood,2,train,Uruguay_Rio_de_la_Plata,Uruguay_Rio_de_la_Plata,waterbody:Uruguay_Rio_de_la_Plata:PajasBlancas,2010-01-14
aee97b867523002c,source_ood,2,train,Uruguay_Rio_de_la_Plata,Uruguay_Rio_de_la_Plata,waterbody:Uruguay_Rio_de_la_Plata:Cerro,2010-01-14
c7e8cebd77c396f1,source_ood,2,train,Uruguay_Rio_de_la_Plata,Uruguay_Rio_de_la_Plata,waterbody:Uruguay_Rio_de_la_Plata:Malvin,2010-01-14
e629a3db0472c9b7,source_ood,2,train,Uruguay_Rio_de_la_Plata,Uruguay_Rio_de_la_Plata,waterbody:Uruguay_Rio_de_la_Plata:PajasBlancas,2010-01-21
5a3384f143fa9126,source_ood,2,train,Uruguay_Rio_de_la_Plata,Uruguay_Rio_de_la_Plata,waterbody:Uruguay_Rio_de_la_Plata:Cerro,2010-01-21
86f2d76d0defa8dc,source_ood,2,train,Uruguay_Rio_de_la_Plata,Uruguay_Rio_de_la_Plata,waterbody:Uruguay_Rio_de_la_Plata:Ramirez,2010-01-21
681f06dc109eeef8,source_ood,2,train,Uruguay_Rio_de_la_Plata,Uruguay_Rio_de_la_Plata,waterbody:Uruguay_Rio_de_la_Plata:PocitosBarreiro,2010-01-21
01a27515e22856e0,source_ood,2,train,Uruguay_Rio_de_la_Plata,Uruguay_Rio_de_la_Plata,waterbody:Uruguay_Rio_de_la_Plata:Carrasco,2010-01-21
16240b8dbba51539,source_ood,2,train,Uruguay_Rio_de_la_Plata,Uruguay_Rio_de_la_Plata,waterbody:Uruguay_Rio_de_la_Plata:Malvin,2010-01-21
4baaaf8fe852db31,source_ood,2,train,Uruguay_Rio_de_la_Plata,Uruguay_Rio_de_la_Plata,waterbody:Uruguay_Rio_de_la_Plata:PuntaEspinillo,2010-01-22
39596d7e7e924b63,source_ood,2,train,Uruguay_Rio_de_la_Plata,Uruguay_Rio_de_la_Plata,waterbody:Uruguay_Rio_de_la_Plata:PuertoBuceo,2010-01-22
6632cac7a7eebd1a,source_ood,2,train,Uruguay_Rio_de_la_Plata,Uruguay_Rio_de_la_Plata,waterbody:Uruguay_Rio_de_la_Plata:PocitosAvenidaBrasil,2010-01-23
5d78fd916a33bf40,source_ood,2,train,Uruguay_Rio_de_la_Plata,Uruguay_Rio_de_la_Plata,waterbody:Uruguay_Rio_de_la_Plata:Cerro,2010-01-27
26754f5aec34fd8f,source_ood,2,train,Uruguay_Rio_de_la_Plata,Uruguay_Rio_de_la_Plata,waterbody:Uruguay_Rio_de_la_Plata:Ramirez,2010-01-27
421c5c6968933e7b,source_ood,2,train,Uruguay_Rio_de_la_Plata,Uruguay_Rio_de_la_Plata,waterbody:Uruguay_Rio_de_la_Plata:PajasBlancas,2010-01-27
0f80f7fbd6007176,source_ood,2,train,Uruguay_Rio_de_la_Plata,Uruguay_Rio_de_la_Plata,waterbody:Uruguay_Rio_de_la_Plata:Malvin,2010-01-27
c0468a7f00862186,source_ood,2,train,Uruguay_Rio_de_la_Plata,Uruguay_Rio_de_la_Plata,waterbody:Uruguay_Rio_de_la_Plata:Carrasco,2010-01-27
12e2c6f350a9c413,source_ood,2,train,Uruguay_Rio_de_la_Plata,Uruguay_Rio_de_la_Plata,waterbody:Uruguay_Rio_de_la_Plata:Ramirez,2010-01-31
6a90a0aacb13945a,source_ood,2,train,Uruguay_Rio_de_la_Plata,Uruguay_Rio_de_la_Plata,waterbody:Uruguay_Rio_de_la_Plata:Zabala,2010-01-31
825f784b80687f56,source_ood,2,train,Uruguay_Rio_de_la_Plata,Uruguay_Rio_de_la_Plata,waterbody:Uruguay_Rio_de_la_Plata:PuntaEspinillo,2010-01-31
42ed65600c57b7a6,source_ood,2,train,Uruguay_Rio_de_la_Plata,Uruguay_Rio_de_la_Plata,waterbody:Uruguay_Rio_de_la_Plata:LaColorada,2010-01-31
0276912dbe0daba6,source_ood,2,train,Uruguay_Rio_de_la_Plata,Uruguay_Rio_de_la_Plata,waterbody:Uruguay_Rio_de_la_Plata:PajasBlancas,2010-01-31
5908c1cd239d7be5,source_ood,2,train,Uruguay_Rio_de_la_Plata,Uruguay_Rio_de_la_Plata,waterbody:Uruguay_Rio_de_la_Plata:Cerro,2010-01-31
b2a0d5b01e2de4a2,source_ood,2,train,Uruguay_Rio_de_la_Plata,Uruguay_Rio_de_la_Plata,waterbody:Uruguay_Rio_de_la_Plata:Carrasco,2010-02-01
36b7406e0a52ea6d,source_ood,2,train,Uruguay_Rio_de_la_Plata,Uruguay_Rio_de_la_Plata,waterbody:Uruguay_Rio_de_la_Plata:LaColorada,2010-02-01
da5158056d0a5e4d,source_ood,2,train,Uruguay_Rio_de_la_Plata,Uruguay_Rio_de_la_Plata,waterbody:Uruguay_Rio_de_la_Plata:Ingleses,2010-02-01
e876cc7d3a843020,source_ood,2,train,Uruguay_Rio_de_la_Plata,Uruguay_Rio_de_la_Plata,waterbody:Uruguay_Rio_de_la_Plata:Cerro,2010-02-10
8ef785f859d5bb52,source_ood,2,train,Uruguay_Rio_de_la_Plata,Uruguay_Rio_de_la_Plata,waterbody:Uruguay_Rio_de_la_Plata:Carrasco,2010-02-10
e31d22922d07bdd0,source_ood,2,train,Uruguay_Rio_de_la_Plata,Uruguay_Rio_de_la_Plata,waterbody:Uruguay_Rio_de_la_Plata:Ramirez,2010-02-10
29beb4d63071ac71,source_ood,2,train,Uruguay_Rio_de_la_Plata,Uruguay_Rio_de_la_Plata,waterbody:Uruguay_Rio_de_la_Plata:Malvin,2010-02-10
149520237b87c536,source_ood,2,train,Uruguay_Rio_de_la_Plata,Uruguay_Rio_de_la_Plata,waterbody:Uruguay_Rio_de_la_Plata:PocitosBarreiro,2010-02-10
b7ef1d9902d2bb85,source_ood,2,train,Uruguay_Rio_de_la_Plata,Uruguay_Rio_de_la_Plata,waterbody:Uruguay_Rio_de_la_Plata:PuntaYeguas,2010-02-12
e9daf36199eeb972,source_ood,2,train,Uruguay_Rio_de_la_Plata,Uruguay_Rio_de_la_Plata,waterbody:Uruguay_Rio_de_la_Plata:Cerro,2010-02-18
cbd6e009656e1dad,source_ood,2,train,Uruguay_Rio_de_la_Plata,Uruguay_Rio_de_la_Plata,waterbody:Uruguay_Rio_de_la_Plata:PocitosBarreiro,2010-02-18
fae94f5bc6f10e4a,source_ood,2,train,Uruguay_Rio_de_la_Plata,Uruguay_Rio_de_la_Plata,waterbody:Uruguay_Rio_de_la_Plata:Malvin,2010-02-18
9234ff95ae8f68c8,source_ood,2,train,Uruguay_Rio_de_la_Plata,Uruguay_Rio_de_la_Plata,waterbody:Uruguay_Rio_de_la_Plata:Carrasco,2010-02-18
31cb5e37a3439ea3,source_ood,2,train,Uruguay_Rio_de_la_Plata,Uruguay_Rio_de_la_Plata,waterbody:Uruguay_Rio_de_la_Plata:Ramirez,2010-02-18
3b1cb89f727844fd,source_ood,2,train,Uruguay_Rio_de_la_Plata,Uruguay_Rio_de_la_Plata,waterbody:Uruguay_Rio_de_la_Plata:PajasBlancas,2010-02-18
9f78478feb0a1e4f,source_ood,2,train,Uruguay_Rio_de_la_Plata,Uruguay_Rio_de_la_Plata,waterbody:Uruguay_Rio_de_la_Plata:PocitosBarreiro,2010-02-24
591cd46c14b3ef88,source_ood,2,train,Uruguay_Rio_de_la_Plata,Uruguay_Rio_de_la_Plata,waterbody:Uruguay_Rio_de_la_Plata:Malvin,2010-02-24
0bfecc4f0bf6a7a4,source_ood,2,train,Uruguay_Rio_de_la_Plata,Uruguay_Rio_de_la_Plata,waterbody:Uruguay_Rio_de_la_Plata:Cerro,2010-02-24
4ebe38d68af2df28,source_ood,2,train,Uruguay_Rio_de_la_Plata,Uruguay_Rio_de_la_Plata,waterbody:Uruguay_Rio_de_la_Plata:Carrasco,2010-02-24
b174f917b4dab54f,source_ood,2,train,Uruguay_Rio_de_la_Plata,Uruguay_Rio_de_la_Plata,waterbody:Uruguay_Rio_de_la_Plata:Ramirez,2010-02-24
9d62dbab7332d4b6,source_ood,2,train,Uruguay_Rio_de_la_Plata,Uruguay_Rio_de_la_Plata,waterbody:Uruguay_Rio_de_la_Plata:PajasBlancas,2010-03-03
ae003106dcd23f03,source_ood,2,train,Uruguay_Rio_de_la_Plata,Uruguay_Rio_de_la_Plata,waterbody:Uruguay_Rio_de_la_Plata:Cerro,2010-03-03
915a0eb5430666b5,source_ood,2,train,Uruguay_Rio_de_la_Plata,Uruguay_Rio_de_la_Plata,waterbody:Uruguay_Rio_de_la_Plata:Ramirez,2010-03-03
9f2ac319d9d59e44,source_ood,2,train,Uruguay_Rio_de_la_Plata,Uruguay_Rio_de_la_Plata,waterbody:Uruguay_Rio_de_la_Plata:Malvin,2010-03-03
c89b33bc28a3ac15,source_ood,2,train,Uruguay_Rio_de_la_Plata,Uruguay_Rio_de_la_Plata,waterbody:Uruguay_Rio_de_la_Plata:Carrasco,2010-03-03
5f98246119553b37,source_ood,2,train,Uruguay_Rio_de_la_Plata,Uruguay_Rio_de_la_Plata,waterbody:Uruguay_Rio_de_la_Plata:Ingleses,2010-03-06
d856617cac16521d,source_ood,2,train,Uruguay_Rio_de_la_Plata,Uruguay_Rio_de_la_Plata,waterbody:Uruguay_Rio_de_la_Plata:SantaCatalina,2010-03-06
5a84b00232cc50b8,source_ood,2,train,Uruguay_Rio_de_la_Plata,Uruguay_Rio_de_la_Plata,waterbody:Uruguay_Rio_de_la_Plata:Ramirez,2010-03-06
f487c527d053716b,source_ood,2,train,Uruguay_Rio_de_la_Plata,Uruguay_Rio_de_la_Plata,waterbody:Uruguay_Rio_de_la_Plata:Malvin,2010-03-07
fc1675c0772d4334,source_ood,2,train,Uruguay_Rio_de_la_Plata,Uruguay_Rio_de_la_Plata,waterbody:Uruguay_Rio_de_la_Plata:Ramirez,2010-03-07
52707cbb0adefd89,source_ood,2,train,Uruguay_Rio_de_la_Plata,Uruguay_Rio_de_la_Plata,waterbody:Uruguay_Rio_de_la_Plata:Ingleses,2010-03-07
85944f8fc4cf3d31,source_ood,2,train,Uruguay_Rio_de_la_Plata,Uruguay_Rio_de_la_Plata,waterbody:Uruguay_Rio_de_la_Plata:Carrasco,2010-03-07
af3fdadd422ca1ca,source_ood,2,train,Uruguay_Rio_de_la_Plata,Uruguay_Rio_de_la_Plata,waterbody:Uruguay_Rio_de_la_Plata:SantaCatalina,2010-03-07
403f2e4ae272d012,source_ood,2,train,Uruguay_Rio_de_la_Plata,Uruguay_Rio_de_la_Plata,waterbody:Uruguay_Rio_de_la_Plata:Nacional,2010-03-07
90674b4210b349f0,source_ood,2,train,Uruguay_Rio_de_la_Plata,Uruguay_Rio_de_la_Plata,waterbody:Uruguay_Rio_de_la_Plata:Cerro,2010-03-07
44f8a3c95ac938b5,source_ood,2,train,Uruguay_Rio_de_la_Plata,Uruguay_Rio_de_la_Plata,waterbody:Uruguay_Rio_de_la_Plata:PuntaYeguas,2010-03-07
04ede84d029c262a,source_ood,2,train,Uruguay_Rio_de_la_Plata,Uruguay_Rio_de_la_Plata,waterbody:Uruguay_Rio_de_la_Plata:PuertoBuceo,2010-03-07
99d8f4a473486c98,source_ood,2,train,Uruguay_Rio_de_la_Plata,Uruguay_Rio_de_la_Plata,waterbody:Uruguay_Rio_de_la_Plata:Ramirez,2010-03-08
658641ce8fe15084,source_ood,2,train,Uruguay_Rio_de_la_Plata,Uruguay_Rio_de_la_Plata,waterbody:Uruguay_Rio_de_la_Plata:Cerro,2010-03-08
cbc080a3a402734b,source_ood,2,train,Uruguay_Rio_de_la_Plata,Uruguay_Rio_de_la_Plata,waterbody:Uruguay_Rio_de_la_Plata:PajasBlancas,2010-03-08
81f7ae8caa44fadc,source_ood,2,train,Uruguay_Rio_de_la_Plata,Uruguay_Rio_de_la_Plata,waterbody:Uruguay_Rio_de_la_Plata:Mulata,2010-03-10
46f68bb2f057730c,source_ood,2,train,Uruguay_Rio_de_la_Plata,Uruguay_Rio_de_la_Plata,waterbody:Uruguay_Rio_de_la_Plata:PajasBlancas,2010-03-11
d69fe774bb37174a,source_ood,2,train,Uruguay_Rio_de_la_Plata,Uruguay_Rio_de_la_Plata,waterbody:Uruguay_Rio_de_la_Plata:Ramirez,2010-03-11
969116f0404022dc,source_ood,2,train,Uruguay_Rio_de_la_Plata,Uruguay_Rio_de_la_Plata,waterbody:Uruguay_Rio_de_la_Plata:Cerro,2010-03-11
8a44db87a08b1319,source_ood,2,train,Uruguay_Rio_de_la_Plata,Uruguay_Rio_de_la_Plata,waterbody:Uruguay_Rio_de_la_Plata:Malvin,2010-03-11
bb82566c34f16f6f,source_ood,2,train,Uruguay_Rio_de_la_Plata,Uruguay_Rio_de_la_Plata,waterbody:Uruguay_Rio_de_la_Plata:Carrasco,2010-03-11
3abf0c44d4c9fbb6,source_ood,2,train,Uruguay_Rio_de_la_Plata,Uruguay_Rio_de_la_Plata,waterbody:Uruguay_Rio_de_la_Plata:PocitosBarreiro,2010-03-17
7226453025d84e34,source_ood,2,train,Uruguay_Rio_de_la_Plata,Uruguay_Rio_de_la_Plata,waterbody:Uruguay_Rio_de_la_Plata:Ramirez,2010-03-24
bc22d1fc4a561bc9,source_ood,2,train,Uruguay_Rio_de_la_Plata,Uruguay_Rio_de_la_Plata,waterbody:Uruguay_Rio_de_la_Plata:Carrasco,2010-03-24
809ad15bf63818ea,source_ood,2,train,Uruguay_Rio_de_la_Plata,Uruguay_Rio_de_la_Plata,waterbody:Uruguay_Rio_de_la_Plata:PocitosBarreiro,2010-03-24
7f411697684c5def,source_ood,2,train,Uruguay_Rio_de_la_Plata,Uruguay_Rio_de_la_Plata,waterbody:Uruguay_Rio_de_la_Plata:PocitosBarreiro,2010-11-26
c6b294c1b386546a,source_ood,2,train,Uruguay_Rio_de_la_Plata,Uruguay_Rio_de_la_Plata,waterbody:Uruguay_Rio_de_la_Plata:Ramirez,2010-11-26
ae4477fe625b3d5d,source_ood,2,train,Uruguay_Rio_de_la_Plata,Uruguay_Rio_de_la_Plata,waterbody:Uruguay_Rio_de_la_Plata:Carrasco,2010-11-26
33ebad7eec29514c,source_ood,2,train,Uruguay_Rio_de_la_Plata,Uruguay_Rio_de_la_Plata,waterbody:Uruguay_Rio_de_la_Plata:Malvin,2010-11-26
ce588120eed5b103,source_ood,2,train,Uruguay_Rio_de_la_Plata,Uruguay_Rio_de_la_Plata,waterbody:Uruguay_Rio_de_la_Plata:PajasBlancas,2010-11-26
676fb8120f8bbeeb,source_ood,2,train,Uruguay_Rio_de_la_Plata,Uruguay_Rio_de_la_Plata,waterbody:Uruguay_Rio_de_la_Plata:Carrasco,2010-11-29
4e99234fb7f8ed94,source_ood,2,train,Uruguay_Rio_de_la_Plata,Uruguay_Rio_de_la_Plata,waterbody:Uruguay_Rio_de_la_Plata:PajasBlancas,2010-11-29
f52ecc78a4fe385a,source_ood,2,train,Uruguay_Rio_de_la_Plata,Uruguay_Rio_de_la_Plata,waterbody:Uruguay_Rio_de_la_Plata:Cerro,2010-11-29
fb95f2ae83474f00,source_ood,2,train,Uruguay_Rio_de_la_Plata,Uruguay_Rio_de_la_Plata,waterbody:Uruguay_Rio_de_la_Plata:Ramirez,2010-11-29
cd484adbf90ecf62,source_ood,2,train,Uruguay_Rio_de_la_Plata,Uruguay_Rio_de_la_Plata,waterbody:Uruguay_Rio_de_la_Plata:PocitosBarreiro,2010-11-29
4cb9ffb2e81e3aca,source_ood,2,train,Uruguay_Rio_de_la_Plata,Uruguay_Rio_de_la_Plata,waterbody:Uruguay_Rio_de_la_Plata:Malvin,2010-11-29
cb467673d2a42d12,source_ood,2,train,Uruguay_Rio_de_la_Plata,Uruguay_Rio_de_la_Plata,waterbody:Uruguay_Rio_de_la_Plata:PocitosBarreiro,2010-12-08
938713990fff03e8,source_ood,2,train,Uruguay_Rio_de_la_Plata,Uruguay_Rio_de_la_Plata,waterbody:Uruguay_Rio_de_la_Plata:Ramirez,2010-12-08
9a215d00ba914d6e,source_ood,2,train,Uruguay_Rio_de_la_Plata,Uruguay_Rio_de_la_Plata,waterbody:Uruguay_Rio_de_la_Plata:Ramirez,2010-12-14
23e3390536f6ceae,source_ood,2,train,Uruguay_Rio_de_la_Plata,Uruguay_Rio_de_la_Plata,waterbody:Uruguay_Rio_de_la_Plata:Malvin,2010-12-14
ff954f6bee8778f6,source_ood,2,train,Uruguay_Rio_de_la_Plata,Uruguay_Rio_de_la_Plata,waterbody:Uruguay_Rio_de_la_Plata:PocitosBarreiro,2010-12-14
4d7c849549ea9e82,source_ood,2,train,Uruguay_Rio_de_la_Plata,Uruguay_Rio_de_la_Plata,waterbody:Uruguay_Rio_de_la_Plata:PajasBlancas,2010-12-14
fa9e28659b754cc9,source_ood,2,train,Uruguay_Rio_de_la_Plata,Uruguay_Rio_de_la_Plata,waterbody:Uruguay_Rio_de_la_Plata:Cerro,2010-12-14
619fe3eecdde7ece,source_ood,2,train,Uruguay_Rio_de_la_Plata,Uruguay_Rio_de_la_Plata,waterbody:Uruguay_Rio_de_la_Plata:Carrasco,2010-12-14
2ed6dc7eedfef8d5,source_ood,2,train,Uruguay_Rio_de_la_Plata,Uruguay_Rio_de_la_Plata,waterbody:Uruguay_Rio_de_la_Plata:Ramirez,2010-12-20
93acb2df98396c5b,source_ood,2,train,Uruguay_Rio_de_la_Plata,Uruguay_Rio_de_la_Plata,waterbody:Uruguay_Rio_de_la_Plata:Carrasco,2010-12-20
6716cf0ee0b3e518,source_ood,2,train,Uruguay_Rio_de_la_Plata,Uruguay_Rio_de_la_Plata,waterbody:Uruguay_Rio_de_la_Plata:Cerro,2010-12-20
53a06fb7aa1602de,source_ood,2,train,Uruguay_Rio_de_la_Plata,Uruguay_Rio_de_la_Plata,waterbody:Uruguay_Rio_de_la_Plata:Malvin,2010-12-20
204f5a305441ce4f,source_ood,2,train,Uruguay_Rio_de_la_Plata,Uruguay_Rio_de_la_Plata,waterbody:Uruguay_Rio_de_la_Plata:PocitosBarreiro,2010-12-20
c3a1ac35c3759075,source_ood,2,train,Uruguay_Rio_de_la_Plata,Uruguay_Rio_de_la_Plata,waterbody:Uruguay_Rio_de_la_Plata:PajasBlancas,2010-12-20
aac5716d788fb16c,source_ood,2,train,Uruguay_Rio_de_la_Plata,Uruguay_Rio_de_la_Plata,waterbody:Uruguay_Rio_de_la_Plata:PocitosBarreiro,2010-12-22
dcdfdcd564a3ad66,source_ood,2,train,Uruguay_Rio_de_la_Plata,Uruguay_Rio_de_la_Plata,waterbody:Uruguay_Rio_de_la_Plata:Malvin,2010-12-22
62af94f00c9c8400,source_ood,2,train,Uruguay_Rio_de_la_Plata,Uruguay_Rio_de_la_Plata,waterbody:Uruguay_Rio_de_la_Plata:PajasBlancas,2010-12-22
203695b5c0f4fccf,source_ood,2,train,Uruguay_Rio_de_la_Plata,Uruguay_Rio_de_la_Plata,waterbody:Uruguay_Rio_de_la_Plata:Carrasco,2010-12-22
53e4605001b55800,source_ood,2,train,Uruguay_Rio_de_la_Plata,Uruguay_Rio_de_la_Plata,waterbody:Uruguay_Rio_de_la_Plata:Ingleses,2010-12-22
32db383ce227bc5e,source_ood,2,train,Uruguay_Rio_de_la_Plata,Uruguay_Rio_de_la_Plata,waterbody:Uruguay_Rio_de_la_Plata:PuntaEspinillo,2010-12-22
7ad2c888281052e4,source_ood,2,train,Uruguay_Rio_de_la_Plata,Uruguay_Rio_de_la_Plata,waterbody:Uruguay_Rio_de_la_Plata:Cerro,2010-12-22
b7cfb274dd269c9e,source_ood,2,train,Uruguay_Rio_de_la_Plata,Uruguay_Rio_de_la_Plata,waterbody:Uruguay_Rio_de_la_Plata:Ramirez,2010-12-22
925a7a80e3faa9ee,source_ood,2,train,Uruguay_Rio_de_la_Plata,Uruguay_Rio_de_la_Plata,waterbody:Uruguay_Rio_de_la_Plata:Buceo,2010-12-26
c7fe1246c98f8bf5,source_ood,2,train,Uruguay_Rio_de_la_Plata,Uruguay_Rio_de_la_Plata,waterbody:Uruguay_Rio_de_la_Plata:Malvin,2010-12-26
010dac5dd0e9cc88,source_ood,2,train,Uruguay_Rio_de_la_Plata,Uruguay_Rio_de_la_Plata,waterbody:Uruguay_Rio_de_la_Plata:Brava,2010-12-26
970cf7dbe18b4cea,source_ood,2,train,Uruguay_Rio_de_la_Plata,Uruguay_Rio_de_la_Plata,waterbody:Uruguay_Rio_de_la_Plata:Zabala,2010-12-26
a4ccfd0217b34056,source_ood,2,train,Uruguay_Rio_de_la_Plata,Uruguay_Rio_de_la_Plata,waterbody:Uruguay_Rio_de_la_Plata:PocitosAvenidaBrasil,2010-12-26
b4c2698884369f06,source_ood,2,train,Uruguay_Rio_de_la_Plata,Uruguay_Rio_de_la_Plata,waterbody:Uruguay_Rio_de_la_Plata:Nacional,2010-12-26
2fbcda91162955b1,source_ood,2,train,Uruguay_Rio_de_la_Plata,Uruguay_Rio_de_la_Plata,waterbody:Uruguay_Rio_de_la_Plata:PocitosBarreiro,2010-12-26
1674b4a3ff80ffd6,source_ood,2,train,Uruguay_Rio_de_la_Plata,Uruguay_Rio_de_la_Plata,waterbody:Uruguay_Rio_de_la_Plata:PuertoBuceo,2010-12-26
cd20585d49028c2a,source_ood,2,train,Uruguay_Rio_de_la_Plata,Uruguay_Rio_de_la_Plata,waterbody:Uruguay_Rio_de_la_Plata:Cerro,2010-12-26
9d821806b6aa0b17,source_ood,2,train,Uruguay_Rio_de_la_Plata,Uruguay_Rio_de_la_Plata,waterbody:Uruguay_Rio_de_la_Plata:Ramirez,2010-12-26
3ec1df8b98bf2ca4,source_ood,2,train,Uruguay_Rio_de_la_Plata,Uruguay_Rio_de_la_Plata,waterbody:Uruguay_Rio_de_la_Plata:Cerro,2010-12-27
e662070b694af659,source_ood,2,train,Uruguay_Rio_de_la_Plata,Uruguay_Rio_de_la_Plata,waterbody:Uruguay_Rio_de_la_Plata:Ramirez,2010-12-27
0555c1755e2e9252,source_ood,2,train,Uruguay_Rio_de_la_Plata,Uruguay_Rio_de_la_Plata,waterbody:Uruguay_Rio_de_la_Plata:LaColorada,2010-12-27
d03c0be86a28c6b7,source_ood,2,train,Uruguay_Rio_de_la_Plata,Uruguay_Rio_de_la_Plata,waterbody:Uruguay_Rio_de_la_Plata:PajasBlancas,2010-12-27
c2ec24b643080665,source_ood,2,train,Uruguay_Rio_de_la_Plata,Uruguay_Rio_de_la_Plata,waterbody:Uruguay_Rio_de_la_Plata:Carrasco,2010-12-27
3cbdc33285e8a6b3,source_ood,2,train,Uruguay_Rio_de_la_Plata,Uruguay_Rio_de_la_Plata,waterbody:Uruguay_Rio_de_la_Plata:PocitosBarreiro,2010-12-27
92c483959625f388,source_ood,2,train,Uruguay_Rio_de_la_Plata,Uruguay_Rio_de_la_Plata,waterbody:Uruguay_Rio_de_la_Plata:PajasBlancas,2011-01-07
e9cca7bfd8be4eae,source_ood,2,train,Uruguay_Rio_de_la_Plata,Uruguay_Rio_de_la_Plata,waterbody:Uruguay_Rio_de_la_Plata:Cerro,2011-01-07
6fc4e112af1ab8bf,source_ood,2,train,Uruguay_Rio_de_la_Plata,Uruguay_Rio_de_la_Plata,waterbody:Uruguay_Rio_de_la_Plata:Ramirez,2011-01-07
1d845cbf3de307bc,source_ood,2,train,Uruguay_Rio_de_la_Plata,Uruguay_Rio_de_la_Plata,waterbody:Uruguay_Rio_de_la_Plata:PocitosBarreiro,2011-01-07
6e9aeb3b1e208a00,source_ood,2,train,Uruguay_Rio_de_la_Plata,Uruguay_Rio_de_la_Plata,waterbody:Uruguay_Rio_de_la_Plata:Malvin,2011-01-07
f5b848a43d44e439,source_ood,2,train,Uruguay_Rio_de_la_Plata,Uruguay_Rio_de_la_Plata,waterbody:Uruguay_Rio_de_la_Plata:PocitosBarreiro,2011-01-10
b58794e8128ec6b5,source_ood,2,train,Uruguay_Rio_de_la_Plata,Uruguay_Rio_de_la_Plata,waterbody:Uruguay_Rio_de_la_Plata:Malvin,2011-01-10
a0bd7c35502c581e,source_ood,2,train,Uruguay_Rio_de_la_Plata,Uruguay_Rio_de_la_Plata,waterbody:Uruguay_Rio_de_la_Plata:Carrasco,2011-01-10
d8d1a4674d2ec89a,source_ood,2,train,Uruguay_Rio_de_la_Plata,Uruguay_Rio_de_la_Plata,waterbody:Uruguay_Rio_de_la_Plata:Cerro,2011-01-10
2bbbcdd5b982490a,source_ood,2,train,Uruguay_Rio_de_la_Plata,Uruguay_Rio_de_la_Plata,waterbody:Uruguay_Rio_de_la_Plata:Ramirez,2011-01-10
0f14082327c9ef35,source_ood,2,train,Uruguay_Rio_de_la_Plata,Uruguay_Rio_de_la_Plata,waterbody:Uruguay_Rio_de_la_Plata:PajasBlancas,2011-01-10
75ae635ba789ec74,source_ood,2,train,Uruguay_Rio_de_la_Plata,Uruguay_Rio_de_la_Plata,waterbody:Uruguay_Rio_de_la_Plata:Carrasco,2011-01-19
1aac54fe3153b81e,source_ood,2,train,Uruguay_Rio_de_la_Plata,Uruguay_Rio_de_la_Plata,waterbody:Uruguay_Rio_de_la_Plata:Cerro,2011-01-19
46f356e4a88143c0,source_ood,2,train,Uruguay_Rio_de_la_Plata,Uruguay_Rio_de_la_Plata,waterbody:Uruguay_Rio_de_la_Plata:Ramirez,2011-01-19
a5ecdd5b55ce460c,source_ood,2,train,Uruguay_Rio_de_la_Plata,Uruguay_Rio_de_la_Plata,waterbody:Uruguay_Rio_de_la_Plata:Malvin,2011-01-19
9fe4eda7c4b82f7f,source_ood,2,train,Uruguay_Rio_de_la_Plata,Uruguay_Rio_de_la_Plata,waterbody:Uruguay_Rio_de_la_Plata:PajasBlancas,2011-01-19
75ce822be541fce6,source_ood,2,train,Uruguay_Rio_de_la_Plata,Uruguay_Rio_de_la_Plata,waterbody:Uruguay_Rio_de_la_Plata:PocitosBarreiro,2011-01-19
9c9feed61c5921ee,source_ood,2,train,Uruguay_Rio_de_la_Plata,Uruguay_Rio_de_la_Plata,waterbody:Uruguay_Rio_de_la_Plata:SantaCatalina,2011-01-24
1f45bc3cf4146ea7,source_ood,2,train,Uruguay_Rio_de_la_Plata,Uruguay_Rio_de_la_Plata,waterbody:Uruguay_Rio_de_la_Plata:Ingleses,2011-01-24
e95a0f12eaf43f61,source_ood,2,train,Uruguay_Rio_de_la_Plata,Uruguay_Rio_de_la_Plata,waterbody:Uruguay_Rio_de_la_Plata:Ramirez,2011-01-24
e55b0e0b1f195719,source_ood,2,train,Uruguay_Rio_de_la_Plata,Uruguay_Rio_de_la_Plata,waterbody:Uruguay_Rio_de_la_Plata:PocitosBarreiro,2011-01-24
4eb091676030624e,source_ood,2,train,Uruguay_Rio_de_la_Plata,Uruguay_Rio_de_la_Plata,waterbody:Uruguay_Rio_de_la_Plata:PuntaEspinillo,2011-01-24
485f23b478971a01,source_ood,2,train,Uruguay_Rio_de_la_Plata,Uruguay_Rio_de_la_Plata,waterbody:Uruguay_Rio_de_la_Plata:PajasBlancas,2011-01-24
bc368055e2e0afb5,source_ood,2,train,Uruguay_Rio_de_la_Plata,Uruguay_Rio_de_la_Plata,waterbody:Uruguay_Rio_de_la_Plata:Cerro,2011-01-24
6b778d0ce075e468,source_ood,2,train,Uruguay_Rio_de_la_Plata,Uruguay_Rio_de_la_Plata,waterbody:Uruguay_Rio_de_la_Plata:Carrasco,2011-01-24
fd3e4717eb77f97d,source_ood,2,train,Uruguay_Rio_de_la_Plata,Uruguay_Rio_de_la_Plata,waterbody:Uruguay_Rio_de_la_Plata:Malvin,2011-01-24
83692139a5208e42,source_ood,2,train,Uruguay_Rio_de_la_Plata,Uruguay_Rio_de_la_Plata,waterbody:Uruguay_Rio_de_la_Plata:PocitosBarreiro,2011-01-26
3d635dcdd42e7965,source_ood,2,train,Uruguay_Rio_de_la_Plata,Uruguay_Rio_de_la_Plata,waterbody:Uruguay_Rio_de_la_Plata:PajasBlancas,2011-01-26
38610e36f2f1549f,source_ood,2,train,Uruguay_Rio_de_la_Plata,Uruguay_Rio_de_la_Plata,waterbody:Uruguay_Rio_de_la_Plata:Carrasco,2011-01-26
19f24b24b510a91f,source_ood,2,train,Uruguay_Rio_de_la_Plata,Uruguay_Rio_de_la_Plata,waterbody:Uruguay_Rio_de_la_Plata:Malvin,2011-01-26
171312e0fa550280,source_ood,2,train,Uruguay_Rio_de_la_Plata,Uruguay_Rio_de_la_Plata,waterbody:Uruguay_Rio_de_la_Plata:Cerro,2011-01-26
9b6bfc93085d227b,source_ood,2,train,Uruguay_Rio_de_la_Plata,Uruguay_Rio_de_la_Plata,waterbody:Uruguay_Rio_de_la_Plata:Ramirez,2011-01-26
a92b25340cc97a55,source_ood,2,train,Uruguay_Rio_de_la_Plata,Uruguay_Rio_de_la_Plata,waterbody:Uruguay_Rio_de_la_Plata:PajasBlancas,2011-01-31
72e00aba7618b758,source_ood,2,train,Uruguay_Rio_de_la_Plata,Uruguay_Rio_de_la_Plata,waterbody:Uruguay_Rio_de_la_Plata:Cerro,2011-01-31
51883a9d74ccd180,source_ood,2,train,Uruguay_Rio_de_la_Plata,Uruguay_Rio_de_la_Plata,waterbody:Uruguay_Rio_de_la_Plata:Ramirez,2011-01-31
d42cdb64e26a5dce,source_ood,2,train,Uruguay_Rio_de_la_Plata,Uruguay_Rio_de_la_Plata,waterbody:Uruguay_Rio_de_la_Plata:PocitosBarreiro,2011-01-31
349e5958b1dc2573,source_ood,2,train,Uruguay_Rio_de_la_Plata,Uruguay_Rio_de_la_Plata,waterbody:Uruguay_Rio_de_la_Plata:Malvin,2011-01-31
6b663b0fe551ffdc,source_ood,2,train,Uruguay_Rio_de_la_Plata,Uruguay_Rio_de_la_Plata,waterbody:Uruguay_Rio_de_la_Plata:Carrasco,2011-01-31
ab763ca177d279bb,source_ood,2,train,Uruguay_Rio_de_la_Plata,Uruguay_Rio_de_la_Plata,waterbody:Uruguay_Rio_de_la_Plata:Cerro,2011-02-07
f6b29a92bc07c66c,source_ood,2,train,Uruguay_Rio_de_la_Plata,Uruguay_Rio_de_la_Plata,waterbody:Uruguay_Rio_de_la_Plata:Ramirez,2011-02-07
d2dddec8e502b7dc,source_ood,2,train,Uruguay_Rio_de_la_Plata,Uruguay_Rio_de_la_Plata,waterbody:Uruguay_Rio_de_la_Plata:Carrasco,2011-02-14
e0b46bcf23529aed,source_ood,2,train,Uruguay_Rio_de_la_Plata,Uruguay_Rio_de_la_Plata,waterbody:Uruguay_Rio_de_la_Plata:PocitosBarreiro,2011-02-14
0d849de2db010279,source_ood,2,train,Uruguay_Rio_de_la_Plata,Uruguay_Rio_de_la_Plata,waterbody:Uruguay_Rio_de_la_Plata:Malvin,2011-02-14
1a56397ae9026d69,source_ood,2,train,Uruguay_Rio_de_la_Plata,Uruguay_Rio_de_la_Plata,waterbody:Uruguay_Rio_de_la_Plata:Cerro,2011-02-21
d57190316c7904d3,source_ood,2,train,Uruguay_Rio_de_la_Plata,Uruguay_Rio_de_la_Plata,waterbody:Uruguay_Rio_de_la_Plata:Ramirez,2011-02-21
c8752f6b3cbdec5d,source_ood,2,train,Uruguay_Rio_de_la_Plata,Uruguay_Rio_de_la_Plata,waterbody:Uruguay_Rio_de_la_Plata:Malvin,2011-02-21
66594a303c67c98e,source_ood,2,train,Uruguay_Rio_de_la_Plata,Uruguay_Rio_de_la_Plata,waterbody:Uruguay_Rio_de_la_Plata:PajasBlancas,2011-02-21
875c833e976ca252,source_ood,2,train,Uruguay_Rio_de_la_Plata,Uruguay_Rio_de_la_Plata,waterbody:Uruguay_Rio_de_la_Plata:PocitosBarreiro,2011-02-21
d9d44df90e84ea15,source_ood,2,train,Uruguay_Rio_de_la_Plata,Uruguay_Rio_de_la_Plata,waterbody:Uruguay_Rio_de_la_Plata:PuntaEspinillo,2011-02-28
00530703c349f8fb,source_ood,2,train,Uruguay_Rio_de_la_Plata,Uruguay_Rio_de_la_Plata,waterbody:Uruguay_Rio_de_la_Plata:PajasBlancas,2011-02-28
8c686b5ecd8927c7,source_ood,2,train,Uruguay_Rio_de_la_Plata,Uruguay_Rio_de_la_Plata,waterbody:Uruguay_Rio_de_la_Plata:SantaCatalina,2011-02-28
182a74bd10048464,source_ood,2,train,Uruguay_Rio_de_la_Plata,Uruguay_Rio_de_la_Plata,waterbody:Uruguay_Rio_de_la_Plata:Cerro,2011-02-28
0b0e9d065a99c73a,source_ood,2,train,Uruguay_Rio_de_la_Plata,Uruguay_Rio_de_la_Plata,waterbody:Uruguay_Rio_de_la_Plata:Ramirez,2011-02-28
4061963d1fee4f41,source_ood,2,train,Uruguay_Rio_de_la_Plata,Uruguay_Rio_de_la_Plata,waterbody:Uruguay_Rio_de_la_Plata:PocitosBarreiro,2011-02-28
db2d09ed589a3707,source_ood,2,train,Uruguay_Rio_de_la_Plata,Uruguay_Rio_de_la_Plata,waterbody:Uruguay_Rio_de_la_Plata:Malvin,2011-02-28
119dff620c20b2bb,source_ood,2,train,Uruguay_Rio_de_la_Plata,Uruguay_Rio_de_la_Plata,waterbody:Uruguay_Rio_de_la_Plata:Ingleses,2011-02-28
8e5896a3107d5e6d,source_ood,2,train,Uruguay_Rio_de_la_Plata,Uruguay_Rio_de_la_Plata,waterbody:Uruguay_Rio_de_la_Plata:Carrasco,2011-02-28
67e590254e9c37df,source_ood,2,train,Uruguay_Rio_de_la_Plata,Uruguay_Rio_de_la_Plata,waterbody:Uruguay_Rio_de_la_Plata:Ramirez,2011-03-09
6a859ef4ba1dc34d,source_ood,2,train,Uruguay_Rio_de_la_Plata,Uruguay_Rio_de_la_Plata,waterbody:Uruguay_Rio_de_la_Plata:Cerro,2011-03-09
39c8e1f35551e286,source_ood,2,train,Uruguay_Rio_de_la_Plata,Uruguay_Rio_de_la_Plata,waterbody:Uruguay_Rio_de_la_Plata:Malvin,2011-03-09
7858629f32cbe795,source_ood,2,train,Uruguay_Rio_de_la_Plata,Uruguay_Rio_de_la_Plata,waterbody:Uruguay_Rio_de_la_Plata:Carrasco,2011-03-09
ee00e3af1c7ecbb0,source_ood,2,train,Uruguay_Rio_de_la_Plata,Uruguay_Rio_de_la_Plata,waterbody:Uruguay_Rio_de_la_Plata:PocitosBarreiro,2011-03-09
90061522b4e78e77,source_ood,2,train,Uruguay_Rio_de_la_Plata,Uruguay_Rio_de_la_Plata,waterbody:Uruguay_Rio_de_la_Plata:PajasBlancas,2011-03-09
88b4aeb97775586a,source_ood,2,train,Uruguay_Rio_de_la_Plata,Uruguay_Rio_de_la_Plata,waterbody:Uruguay_Rio_de_la_Plata:Carrasco,2011-03-14
25d44858a5fba48f,source_ood,2,train,Uruguay_Rio_de_la_Plata,Uruguay_Rio_de_la_Plata,waterbody:Uruguay_Rio_de_la_Plata:Malvin,2011-03-14
3c77ed1d8a3973b7,source_ood,2,train,Uruguay_Rio_de_la_Plata,Uruguay_Rio_de_la_Plata,waterbody:Uruguay_Rio_de_la_Plata:Ramirez,2011-03-14
60ef889d35e9daf0,source_ood,2,train,Uruguay_Rio_de_la_Plata,Uruguay_Rio_de_la_Plata,waterbody:Uruguay_Rio_de_la_Plata:SantaCatalina,2011-03-14
73ec49994a0f3c1a,source_ood,2,train,Uruguay_Rio_de_la_Plata,Uruguay_Rio_de_la_Plata,waterbody:Uruguay_Rio_de_la_Plata:PocitosBarreiro,2011-03-14
3bf5dbc0127dd7cf,source_ood,2,train,Uruguay_Rio_de_la_Plata,Uruguay_Rio_de_la_Plata,waterbody:Uruguay_Rio_de_la_Plata:Cerro,2011-03-14
c3f857180631c007,source_ood,2,train,Uruguay_Rio_de_la_Plata,Uruguay_Rio_de_la_Plata,waterbody:Uruguay_Rio_de_la_Plata:PocitosBarreiro,2011-03-16
1e6ae58639e97493,source_ood,2,train,Uruguay_Rio_de_la_Plata,Uruguay_Rio_de_la_Plata,waterbody:Uruguay_Rio_de_la_Plata:PuertoBuceo,2011-03-16
1454650ab34c8623,source_ood,2,train,Uruguay_Rio_de_la_Plata,Uruguay_Rio_de_la_Plata,waterbody:Uruguay_Rio_de_la_Plata:PuntaEspinillo,2011-03-18
cbdd95906386bfb7,source_ood,2,train,Uruguay_Rio_de_la_Plata,Uruguay_Rio_de_la_Plata,waterbody:Uruguay_Rio_de_la_Plata:LaColorada,2011-03-18
6fe9f96c9cc36433,source_ood,2,train,Uruguay_Rio_de_la_Plata,Uruguay_Rio_de_la_Plata,waterbody:Uruguay_Rio_de_la_Plata:PajasBlancas,2011-03-21
7121757c67cd35f6,source_ood,2,train,Uruguay_Rio_de_la_Plata,Uruguay_Rio_de_la_Plata,waterbody:Uruguay_Rio_de_la_Plata:Malvin,2011-03-21
ca68d638ad75f27a,source_ood,2,train,Uruguay_Rio_de_la_Plata,Uruguay_Rio_de_la_Plata,waterbody:Uruguay_Rio_de_la_Plata:Cerro,2011-03-21
bb6aee45ed353dfa,source_ood,2,train,Uruguay_Rio_de_la_Plata,Uruguay_Rio_de_la_Plata,waterbody:Uruguay_Rio_de_la_Plata:Ramirez,2011-03-21
fe765f7ccd20479f,source_ood,2,train,Uruguay_Rio_de_la_Plata,Uruguay_Rio_de_la_Plata,waterbody:Uruguay_Rio_de_la_Plata:PocitosBarreiro,2011-03-21
18713d66e797f471,source_ood,2,train,Uruguay_Rio_de_la_Plata,Uruguay_Rio_de_la_Plata,waterbody:Uruguay_Rio_de_la_Plata:Carrasco,2011-03-21
f4be026bc78bf1c9,source_ood,2,train,Uruguay_Rio_de_la_Plata,Uruguay_Rio_de_la_Plata,waterbody:Uruguay_Rio_de_la_Plata:Ingleses,2011-06-30
1f70415026689d67,source_ood,2,train,Uruguay_Rio_de_la_Plata,Uruguay_Rio_de_la_Plata,waterbody:Uruguay_Rio_de_la_Plata:Carrasco,2011-06-30
3b384f4689f38aff,source_ood,2,train,Uruguay_Rio_de_la_Plata,Uruguay_Rio_de_la_Plata,waterbody:Uruguay_Rio_de_la_Plata:PuntaEspinillo,2011-06-30
4f7881d7c9ea3043,source_ood,2,train,Uruguay_Rio_de_la_Plata,Uruguay_Rio_de_la_Plata,waterbody:Uruguay_Rio_de_la_Plata:PajasBlancas,2011-06-30
e2c0e78a30a4b759,source_ood,2,train,Uruguay_Rio_de_la_Plata,Uruguay_Rio_de_la_Plata,waterbody:Uruguay_Rio_de_la_Plata:SantaCatalina,2011-06-30
8cde5de9e4bf80b1,source_ood,2,train,Uruguay_Rio_de_la_Plata,Uruguay_Rio_de_la_Plata,waterbody:Uruguay_Rio_de_la_Plata:Cerro,2011-06-30
5bcfd2f4b4c38d87,source_ood,2,train,Uruguay_Rio_de_la_Plata,Uruguay_Rio_de_la_Plata,waterbody:Uruguay_Rio_de_la_Plata:Ramirez,2011-06-30
01c2be2aeab982c6,source_ood,2,train,Uruguay_Rio_de_la_Plata,Uruguay_Rio_de_la_Plata,waterbody:Uruguay_Rio_de_la_Plata:PocitosBarreiro,2011-06-30
a7a4fdda0ecb554b,source_ood,2,train,Uruguay_Rio_de_la_Plata,Uruguay_Rio_de_la_Plata,waterbody:Uruguay_Rio_de_la_Plata:Malvin,2011-06-30
428ce9d49d96f136,source_ood,2,train,Uruguay_Rio_de_la_Plata,Uruguay_Rio_de_la_Plata,waterbody:Uruguay_Rio_de_la_Plata:Ramirez,2011-10-11
c9f7fe8f3bbf0211,source_ood,2,train,Uruguay_Rio_de_la_Plata,Uruguay_Rio_de_la_Plata,waterbody:Uruguay_Rio_de_la_Plata:PuntaEspinillo,2011-10-11
0d9514dd8557d13d,source_ood,2,train,Uruguay_Rio_de_la_Plata,Uruguay_Rio_de_la_Plata,waterbody:Uruguay_Rio_de_la_Plata:PajasBlancas,2011-10-11
2ef8da9ebf3ceda0,source_ood,2,train,Uruguay_Rio_de_la_Plata,Uruguay_Rio_de_la_Plata,waterbody:Uruguay_Rio_de_la_Plata:Cerro,2011-10-11
6034ca3c6c57d0cd,source_ood,2,train,Uruguay_Rio_de_la_Plata,Uruguay_Rio_de_la_Plata,waterbody:Uruguay_Rio_de_la_Plata:Ingleses,2011-10-11
ac74c99e3ecbe81d,source_ood,2,train,Uruguay_Rio_de_la_Plata,Uruguay_Rio_de_la_Plata,waterbody:Uruguay_Rio_de_la_Plata:Carrasco,2011-10-11
d6d3821485419ec5,source_ood,2,train,Uruguay_Rio_de_la_Plata,Uruguay_Rio_de_la_Plata,waterbody:Uruguay_Rio_de_la_Plata:PocitosBarreiro,2011-10-11
a3ea360a52a75b10,source_ood,2,train,Uruguay_Rio_de_la_Plata,Uruguay_Rio_de_la_Plata,waterbody:Uruguay_Rio_de_la_Plata:Malvin,2011-10-11
a94ef16d5837c7ef,source_ood,2,train,Uruguay_Rio_de_la_Plata,Uruguay_Rio_de_la_Plata,waterbody:Uruguay_Rio_de_la_Plata:SantaCatalina,2011-10-11
6a0e153a79a686c8,source_ood,2,train,Uruguay_Rio_de_la_Plata,Uruguay_Rio_de_la_Plata,waterbody:Uruguay_Rio_de_la_Plata:Ramirez,2011-11-14
61a4ee304fe3456c,source_ood,2,train,Uruguay_Rio_de_la_Plata,Uruguay_Rio_de_la_Plata,waterbody:Uruguay_Rio_de_la_Plata:PajasBlancas,2011-11-14
8ecb71dde9f92c27,source_ood,2,train,Uruguay_Rio_de_la_Plata,Uruguay_Rio_de_la_Plata,waterbody:Uruguay_Rio_de_la_Plata:Cerro,2011-11-14
fa96f99884dcf508,source_ood,2,train,Uruguay_Rio_de_la_Plata,Uruguay_Rio_de_la_Plata,waterbody:Uruguay_Rio_de_la_Plata:Malvin,2011-11-14
65a2d5825d8ab1ab,source_ood,2,train,Uruguay_Rio_de_la_Plata,Uruguay_Rio_de_la_Plata,waterbody:Uruguay_Rio_de_la_Plata:Carrasco,2011-11-14
10967448eafed30a,source_ood,2,train,Uruguay_Rio_de_la_Plata,Uruguay_Rio_de_la_Plata,waterbody:Uruguay_Rio_de_la_Plata:PocitosBarreiro,2011-11-23
d76a396d570f893c,source_ood,2,train,Uruguay_Rio_de_la_Plata,Uruguay_Rio_de_la_Plata,waterbody:Uruguay_Rio_de_la_Plata:Ramirez,2011-11-23
fa2706f55f6695f9,source_ood,2,train,Uruguay_Rio_de_la_Plata,Uruguay_Rio_de_la_Plata,waterbody:Uruguay_Rio_de_la_Plata:PajasBlancas,2011-11-23
c0d8d7032dc8f017,source_ood,2,train,Uruguay_Rio_de_la_Plata,Uruguay_Rio_de_la_Plata,waterbody:Uruguay_Rio_de_la_Plata:Carrasco,2011-11-23
afc68bf784af4bdb,source_ood,2,train,Uruguay_Rio_de_la_Plata,Uruguay_Rio_de_la_Plata,waterbody:Uruguay_Rio_de_la_Plata:Cerro,2011-11-23
24a1ae5de9739df2,source_ood,2,train,Uruguay_Rio_de_la_Plata,Uruguay_Rio_de_la_Plata,waterbody:Uruguay_Rio_de_la_Plata:Ingleses,2011-11-23
4983c5faf385a37f,source_ood,2,train,Uruguay_Rio_de_la_Plata,Uruguay_Rio_de_la_Plata,waterbody:Uruguay_Rio_de_la_Plata:SantaCatalina,2011-11-23
8635fd7f8ca1b059,source_ood,2,train,Uruguay_Rio_de_la_Plata,Uruguay_Rio_de_la_Plata,waterbody:Uruguay_Rio_de_la_Plata:Malvin,2011-11-23
418c037deceebb38,source_ood,2,train,Uruguay_Rio_de_la_Plata,Uruguay_Rio_de_la_Plata,waterbody:Uruguay_Rio_de_la_Plata:PuntaEspinillo,2011-11-23
bfa321ce30bd1b51,source_ood,2,train,Uruguay_Rio_de_la_Plata,Uruguay_Rio_de_la_Plata,waterbody:Uruguay_Rio_de_la_Plata:Ramirez,2011-11-28
d6d0d4aa712e6d9f,source_ood,2,train,Uruguay_Rio_de_la_Plata,Uruguay_Rio_de_la_Plata,waterbody:Uruguay_Rio_de_la_Plata:PajasBlancas,2011-12-01
7a2de48b5f076508,source_ood,2,train,Uruguay_Rio_de_la_Plata,Uruguay_Rio_de_la_Plata,waterbody:Uruguay_Rio_de_la_Plata:Cerro,2011-12-01
165f5379bd66e2f5,source_ood,2,train,Uruguay_Rio_de_la_Plata,Uruguay_Rio_de_la_Plata,waterbody:Uruguay_Rio_de_la_Plata:PocitosBarreiro,2011-12-01
c3ae2c14686edd7c,source_ood,2,train,Uruguay_Rio_de_la_Plata,Uruguay_Rio_de_la_Plata,waterbody:Uruguay_Rio_de_la_Plata:Malvin,2011-12-01
ea88fcf9898a3c7e,source_ood,2,train,Uruguay_Rio_de_la_Plata,Uruguay_Rio_de_la_Plata,waterbody:Uruguay_Rio_de_la_Plata:Ramirez,2011-12-01
d81f58c33273a37c,source_ood,2,train,Uruguay_Rio_de_la_Plata,Uruguay_Rio_de_la_Plata,waterbody:Uruguay_Rio_de_la_Plata:Carrasco,2011-12-01
eaf3c38ef2437944,source_ood,2,train,Uruguay_Rio_de_la_Plata,Uruguay_Rio_de_la_Plata,waterbody:Uruguay_Rio_de_la_Plata:Nacional,2011-12-03
95aef844e7ad8f8c,source_ood,2,train,Uruguay_Rio_de_la_Plata,Uruguay_Rio_de_la_Plata,waterbody:Uruguay_Rio_de_la_Plata:PocitosBarreiro,2011-12-05
9a3c296480402f70,source_ood,2,train,Uruguay_Rio_de_la_Plata,Uruguay_Rio_de_la_Plata,waterbody:Uruguay_Rio_de_la_Plata:Carrasco,2011-12-05
ea30221b825d9a3b,source_ood,2,train,Uruguay_Rio_de_la_Plata,Uruguay_Rio_de_la_Plata,waterbody:Uruguay_Rio_de_la_Plata:Malvin,2011-12-05
b2183c76078ae220,source_ood,2,train,Uruguay_Rio_de_la_Plata,Uruguay_Rio_de_la_Plata,waterbody:Uruguay_Rio_de_la_Plata:PajasBlancas,2011-12-05
979d21c9d030d7b3,source_ood,2,train,Uruguay_Rio_de_la_Plata,Uruguay_Rio_de_la_Plata,waterbody:Uruguay_Rio_de_la_Plata:Ramirez,2011-12-05
27a89bdb4b1002b9,source_ood,2,train,Uruguay_Rio_de_la_Plata,Uruguay_Rio_de_la_Plata,waterbody:Uruguay_Rio_de_la_Plata:Cerro,2011-12-05
2d694a4e3cfe68a8,source_ood,2,train,Uruguay_Rio_de_la_Plata,Uruguay_Rio_de_la_Plata,waterbody:Uruguay_Rio_de_la_Plata:Cerro,2011-12-12
9b482e7b7abf6ba4,source_ood,2,train,Uruguay_Rio_de_la_Plata,Uruguay_Rio_de_la_Plata,waterbody:Uruguay_Rio_de_la_Plata:PocitosBarreiro,2011-12-12
61579277a1555e61,source_ood,2,train,Uruguay_Rio_de_la_Plata,Uruguay_Rio_de_la_Plata,waterbody:Uruguay_Rio_de_la_Plata:Buceo,2011-12-19
58125cd6c654c278,source_ood,2,train,Uruguay_Rio_de_la_Plata,Uruguay_Rio_de_la_Plata,waterbody:Uruguay_Rio_de_la_Plata:Malvin,2011-12-19
225970b08db2017f,source_ood,2,train,Uruguay_Rio_de_la_Plata,Uruguay_Rio_de_la_Plata,waterbody:Uruguay_Rio_de_la_Plata:Ramirez,2011-12-19
6fced1aa7e471a3c,source_ood,2,train,Uruguay_Rio_de_la_Plata,Uruguay_Rio_de_la_Plata,waterbody:Uruguay_Rio_de_la_Plata:Ingleses,2011-12-19
d4faf78aa6b53441,source_ood,2,train,Uruguay_Rio_de_la_Plata,Uruguay_Rio_de_la_Plata,waterbody:Uruguay_Rio_de_la_Plata:PuntaEspinillo,2011-12-19
afc3a91c4428820a,source_ood,2,train,Uruguay_Rio_de_la_Plata,Uruguay_Rio_de_la_Plata,waterbody:Uruguay_Rio_de_la_Plata:Carrasco,2011-12-19
85a759996e50704e,source_ood,2,train,Uruguay_Rio_de_la_Plata,Uruguay_Rio_de_la_Plata,waterbody:Uruguay_Rio_de_la_Plata:Malvin,2011-12-21
70f22e5bb7bc088e,source_ood,2,train,Uruguay_Rio_de_la_Plata,Uruguay_Rio_de_la_Plata,waterbody:Uruguay_Rio_de_la_Plata:Carrasco,2012-01-04
e381a7bcb1b29b0b,source_ood,2,train,Uruguay_Rio_de_la_Plata,Uruguay_Rio_de_la_Plata,waterbody:Uruguay_Rio_de_la_Plata:Cerro,2012-01-04
9e0cee3e60c6a239,source_ood,2,train,Uruguay_Rio_de_la_Plata,Uruguay_Rio_de_la_Plata,waterbody:Uruguay_Rio_de_la_Plata:PocitosBarreiro,2012-01-04
63ac5b320ebae433,source_ood,2,train,Uruguay_Rio_de_la_Plata,Uruguay_Rio_de_la_Plata,waterbody:Uruguay_Rio_de_la_Plata:PajasBlancas,2012-01-04
a2b158a58041c078,source_ood,2,train,Uruguay_Rio_de_la_Plata,Uruguay_Rio_de_la_Plata,waterbody:Uruguay_Rio_de_la_Plata:Ramirez,2012-01-04
b96210ca3f7b04af,source_ood,2,train,Uruguay_Rio_de_la_Plata,Uruguay_Rio_de_la_Plata,waterbody:Uruguay_Rio_de_la_Plata:Malvin,2012-01-04
e463555d0ad6f55f,source_ood,2,train,Uruguay_Rio_de_la_Plata,Uruguay_Rio_de_la_Plata,waterbody:Uruguay_Rio_de_la_Plata:LaColorada,2012-01-04
0e213c1a28d75691,source_ood,2,train,Uruguay_Rio_de_la_Plata,Uruguay_Rio_de_la_Plata,waterbody:Uruguay_Rio_de_la_Plata:PuntaYeguas,2012-01-04
e19ec2d15c0742b4,source_ood,2,train,Uruguay_Rio_de_la_Plata,Uruguay_Rio_de_la_Plata,waterbody:Uruguay_Rio_de_la_Plata:Malvin,2012-01-11
5548d974658eb2dc,source_ood,2,train,Uruguay_Rio_de_la_Plata,Uruguay_Rio_de_la_Plata,waterbody:Uruguay_Rio_de_la_Plata:Ramirez,2012-01-11
697357d0d4226f45,source_ood,2,train,Uruguay_Rio_de_la_Plata,Uruguay_Rio_de_la_Plata,waterbody:Uruguay_Rio_de_la_Plata:Cerro,2012-01-11
bdafb9e8c686f0bc,source_ood,2,train,Uruguay_Rio_de_la_Plata,Uruguay_Rio_de_la_Plata,waterbody:Uruguay_Rio_de_la_Plata:PajasBlancas,2012-01-11
faff4ae276336952,source_ood,2,train,Uruguay_Rio_de_la_Plata,Uruguay_Rio_de_la_Plata,waterbody:Uruguay_Rio_de_la_Plata:Carrasco,2012-01-11
6d9bf357747e1132,source_ood,2,train,Uruguay_Rio_de_la_Plata,Uruguay_Rio_de_la_Plata,waterbody:Uruguay_Rio_de_la_Plata:PocitosBarreiro,2012-01-11
6be00046be7d344f,source_ood,2,train,Uruguay_Rio_de_la_Plata,Uruguay_Rio_de_la_Plata,waterbody:Uruguay_Rio_de_la_Plata:PajasBlancas,2012-01-16
e878e1955bfd9ff6,source_ood,2,train,Uruguay_Rio_de_la_Plata,Uruguay_Rio_de_la_Plata,waterbody:Uruguay_Rio_de_la_Plata:Carrasco,2012-01-16
be26e040feec976c,source_ood,2,train,Uruguay_Rio_de_la_Plata,Uruguay_Rio_de_la_Plata,waterbody:Uruguay_Rio_de_la_Plata:Malvin,2012-01-16
c81642d6279697b5,source_ood,2,train,Uruguay_Rio_de_la_Plata,Uruguay_Rio_de_la_Plata,waterbody:Uruguay_Rio_de_la_Plata:Cerro,2012-01-16
6ab1c381439e8000,source_ood,2,train,Uruguay_Rio_de_la_Plata,Uruguay_Rio_de_la_Plata,waterbody:Uruguay_Rio_de_la_Plata:Ramirez,2012-01-16
cb1c58f7fc8dd875,source_ood,2,train,Uruguay_Rio_de_la_Plata,Uruguay_Rio_de_la_Plata,waterbody:Uruguay_Rio_de_la_Plata:PocitosBarreiro,2012-01-16
464aa3e2e1b425ea,source_ood,2,train,Uruguay_Rio_de_la_Plata,Uruguay_Rio_de_la_Plata,waterbody:Uruguay_Rio_de_la_Plata:Carrasco,2012-01-23
83db5b2e181b5961,source_ood,2,train,Uruguay_Rio_de_la_Plata,Uruguay_Rio_de_la_Plata,waterbody:Uruguay_Rio_de_la_Plata:Cerro,2012-01-23
b387e9233a50de38,source_ood,2,train,Uruguay_Rio_de_la_Plata,Uruguay_Rio_de_la_Plata,waterbody:Uruguay_Rio_de_la_Plata:PajasBlancas,2012-01-23
6676963815b2a196,source_ood,2,train,Uruguay_Rio_de_la_Plata,Uruguay_Rio_de_la_Plata,waterbody:Uruguay_Rio_de_la_Plata:Ramirez,2012-01-23
46bd59b35d884362,source_ood,2,train,Uruguay_Rio_de_la_Plata,Uruguay_Rio_de_la_Plata,waterbody:Uruguay_Rio_de_la_Plata:Malvin,2012-01-23
ba2d9c241fcfe0b2,source_ood,2,train,Uruguay_Rio_de_la_Plata,Uruguay_Rio_de_la_Plata,waterbody:Uruguay_Rio_de_la_Plata:PocitosBarreiro,2012-01-23
4e12efe73525b041,source_ood,2,train,Uruguay_Rio_de_la_Plata,Uruguay_Rio_de_la_Plata,waterbody:Uruguay_Rio_de_la_Plata:PocitosBarreiro,2012-01-31
82ae61dc9cab1810,source_ood,2,train,Uruguay_Rio_de_la_Plata,Uruguay_Rio_de_la_Plata,waterbody:Uruguay_Rio_de_la_Plata:Malvin,2012-01-31
e90f795454a0b580,source_ood,2,train,Uruguay_Rio_de_la_Plata,Uruguay_Rio_de_la_Plata,waterbody:Uruguay_Rio_de_la_Plata:Ingleses,2012-01-31
0f436e7e5ba82ac1,source_ood,2,train,Uruguay_Rio_de_la_Plata,Uruguay_Rio_de_la_Plata,waterbody:Uruguay_Rio_de_la_Plata:Carrasco,2012-01-31
13d3e1eb66e0ec89,source_ood,2,train,Uruguay_Rio_de_la_Plata,Uruguay_Rio_de_la_Plata,waterbody:Uruguay_Rio_de_la_Plata:PuntaEspinillo,2012-01-31
855493ae5c81d93d,source_ood,2,train,Uruguay_Rio_de_la_Plata,Uruguay_Rio_de_la_Plata,waterbody:Uruguay_Rio_de_la_Plata:PajasBlancas,2012-01-31
3ca39a74d35de337,source_ood,2,train,Uruguay_Rio_de_la_Plata,Uruguay_Rio_de_la_Plata,waterbody:Uruguay_Rio_de_la_Plata:SantaCatalina,2012-01-31
3abec4218aff47a6,source_ood,2,train,Uruguay_Rio_de_la_Plata,Uruguay_Rio_de_la_Plata,waterbody:Uruguay_Rio_de_la_Plata:Cerro,2012-01-31
f0c8d3789be83f16,source_ood,2,train,Uruguay_Rio_de_la_Plata,Uruguay_Rio_de_la_Plata,waterbody:Uruguay_Rio_de_la_Plata:Ramirez,2012-01-31
b739897f86fa1341,source_ood,2,train,Uruguay_Rio_de_la_Plata,Uruguay_Rio_de_la_Plata,waterbody:Uruguay_Rio_de_la_Plata:PajasBlancas,2012-02-03
791473374123d650,source_ood,2,train,Uruguay_Rio_de_la_Plata,Uruguay_Rio_de_la_Plata,waterbody:Uruguay_Rio_de_la_Plata:Carrasco,2012-02-03
1724d958e96d94e0,source_ood,2,train,Uruguay_Rio_de_la_Plata,Uruguay_Rio_de_la_Plata,waterbody:Uruguay_Rio_de_la_Plata:Cerro,2012-02-03
b9fe4614caceb1bf,source_ood,2,train,Uruguay_Rio_de_la_Plata,Uruguay_Rio_de_la_Plata,waterbody:Uruguay_Rio_de_la_Plata:Ramirez,2012-02-03
ae1ad31b9042ee67,source_ood,2,train,Uruguay_Rio_de_la_Plata,Uruguay_Rio_de_la_Plata,waterbody:Uruguay_Rio_de_la_Plata:PocitosBarreiro,2012-02-03
e260195dcde93afc,source_ood,2,train,Uruguay_Rio_de_la_Plata,Uruguay_Rio_de_la_Plata,waterbody:Uruguay_Rio_de_la_Plata:Malvin,2012-02-03
07ad1acec21ede4f,source_ood,2,train,Uruguay_Rio_de_la_Plata,Uruguay_Rio_de_la_Plata,waterbody:Uruguay_Rio_de_la_Plata:Malvin,2012-02-07
4dc6179b586f2e79,source_ood,2,train,Uruguay_Rio_de_la_Plata,Uruguay_Rio_de_la_Plata,waterbody:Uruguay_Rio_de_la_Plata:Buceo,2012-02-07
52662f5da0aeb683,source_ood,2,train,Uruguay_Rio_de_la_Plata,Uruguay_Rio_de_la_Plata,waterbody:Uruguay_Rio_de_la_Plata:Nacional,2012-02-07
720bccb10eaa8400,source_ood,2,train,Uruguay_Rio_de_la_Plata,Uruguay_Rio_de_la_Plata,waterbody:Uruguay_Rio_de_la_Plata:Cerro,2012-02-07
2ab8edd82731fd48,source_ood,2,train,Uruguay_Rio_de_la_Plata,Uruguay_Rio_de_la_Plata,waterbody:Uruguay_Rio_de_la_Plata:Ramirez,2012-02-07
64e17f90a5bc646b,source_ood,2,train,Uruguay_Rio_de_la_Plata,Uruguay_Rio_de_la_Plata,waterbody:Uruguay_Rio_de_la_Plata:SantaCatalina,2012-02-07
34bc2b93e0946b17,source_ood,2,train,Uruguay_Rio_de_la_Plata,Uruguay_Rio_de_la_Plata,waterbody:Uruguay_Rio_de_la_Plata:PocitosBarreiro,2012-02-07
e9abe40f647267f8,source_ood,2,train,Uruguay_Rio_de_la_Plata,Uruguay_Rio_de_la_Plata,waterbody:Uruguay_Rio_de_la_Plata:Ingleses,2012-02-07
6943bf62ba59c540,source_ood,2,train,Uruguay_Rio_de_la_Plata,Uruguay_Rio_de_la_Plata,waterbody:Uruguay_Rio_de_la_Plata:Cerro,2012-02-10
ce94e8af43502959,source_ood,2,train,Uruguay_Rio_de_la_Plata,Uruguay_Rio_de_la_Plata,waterbody:Uruguay_Rio_de_la_Plata:Ramirez,2012-02-10
5b23a068aa52a276,source_ood,2,train,Uruguay_Rio_de_la_Plata,Uruguay_Rio_de_la_Plata,waterbody:Uruguay_Rio_de_la_Plata:PajasBlancas,2012-02-10
9e07499eecc44316,source_ood,2,train,Uruguay_Rio_de_la_Plata,Uruguay_Rio_de_la_Plata,waterbody:Uruguay_Rio_de_la_Plata:Malvin,2012-02-10
e3e0d3b08d82c74a,source_ood,2,train,Uruguay_Rio_de_la_Plata,Uruguay_Rio_de_la_Plata,waterbody:Uruguay_Rio_de_la_Plata:PocitosBarreiro,2012-02-10
679437572b95b3d0,source_ood,2,train,Uruguay_Rio_de_la_Plata,Uruguay_Rio_de_la_Plata,waterbody:Uruguay_Rio_de_la_Plata:Carrasco,2012-02-10
c2dfdff89a407016,source_ood,2,train,Uruguay_Rio_de_la_Plata,Uruguay_Rio_de_la_Plata,waterbody:Uruguay_Rio_de_la_Plata:Cerro,2012-02-15
fd957b29d374bc2e,source_ood,2,train,Uruguay_Rio_de_la_Plata,Uruguay_Rio_de_la_Plata,waterbody:Uruguay_Rio_de_la_Plata:PocitosBarreiro,2012-02-15
59f74757a6921d9b,source_ood,2,train,Uruguay_Rio_de_la_Plata,Uruguay_Rio_de_la_Plata,waterbody:Uruguay_Rio_de_la_Plata:Ramirez,2012-02-15
b6ed21c315ece633,source_ood,2,train,Uruguay_Rio_de_la_Plata,Uruguay_Rio_de_la_Plata,waterbody:Uruguay_Rio_de_la_Plata:Malvin,2012-02-15
ec95805977c38492,source_ood,2,train,Uruguay_Rio_de_la_Plata,Uruguay_Rio_de_la_Plata,waterbody:Uruguay_Rio_de_la_Plata:Carrasco,2012-02-15
00eedd11d5ba8d27,source_ood,2,train,Uruguay_Rio_de_la_Plata,Uruguay_Rio_de_la_Plata,waterbody:Uruguay_Rio_de_la_Plata:PajasBlancas,2012-02-15
3afd5aec30e6b525,source_ood,2,train,Uruguay_Rio_de_la_Plata,Uruguay_Rio_de_la_Plata,waterbody:Uruguay_Rio_de_la_Plata:PajasBlancas,2012-02-22
d46c81ed13aa48b0,source_ood,2,train,Uruguay_Rio_de_la_Plata,Uruguay_Rio_de_la_Plata,waterbody:Uruguay_Rio_de_la_Plata:PocitosBarreiro,2012-02-22
2389cbe6f6dd66d1,source_ood,2,train,Uruguay_Rio_de_la_Plata,Uruguay_Rio_de_la_Plata,waterbody:Uruguay_Rio_de_la_Plata:Ramirez,2012-02-22
cffe4c1471e871ef,source_ood,2,train,Uruguay_Rio_de_la_Plata,Uruguay_Rio_de_la_Plata,waterbody:Uruguay_Rio_de_la_Plata:Malvin,2012-02-22
756ff8e75879520e,source_ood,2,train,Uruguay_Rio_de_la_Plata,Uruguay_Rio_de_la_Plata,waterbody:Uruguay_Rio_de_la_Plata:Carrasco,2012-02-22
fec9e4eefa851bf6,source_ood,2,train,Uruguay_Rio_de_la_Plata,Uruguay_Rio_de_la_Plata,waterbody:Uruguay_Rio_de_la_Plata:Cerro,2012-02-22
005985438c66b9f2,source_ood,2,train,Uruguay_Rio_de_la_Plata,Uruguay_Rio_de_la_Plata,waterbody:Uruguay_Rio_de_la_Plata:Cerro,2012-03-02
2397ce1f6119a6be,source_ood,2,train,Uruguay_Rio_de_la_Plata,Uruguay_Rio_de_la_Plata,waterbody:Uruguay_Rio_de_la_Plata:Malvin,2012-03-02
d36a5d4a52d76d96,source_ood,2,train,Uruguay_Rio_de_la_Plata,Uruguay_Rio_de_la_Plata,waterbody:Uruguay_Rio_de_la_Plata:Ramirez,2012-03-02
77459e7cb476b796,source_ood,2,train,Uruguay_Rio_de_la_Plata,Uruguay_Rio_de_la_Plata,waterbody:Uruguay_Rio_de_la_Plata:PajasBlancas,2012-03-02
d904fc00ae5096c1,source_ood,2,train,Uruguay_Rio_de_la_Plata,Uruguay_Rio_de_la_Plata,waterbody:Uruguay_Rio_de_la_Plata:Carrasco,2012-03-02
d040822f42b63c61,source_ood,2,train,Uruguay_Rio_de_la_Plata,Uruguay_Rio_de_la_Plata,waterbody:Uruguay_Rio_de_la_Plata:PocitosBarreiro,2012-03-02
04f5e3491da8f397,source_ood,2,train,Uruguay_Rio_de_la_Plata,Uruguay_Rio_de_la_Plata,waterbody:Uruguay_Rio_de_la_Plata:PocitosBarreiro,2012-03-05
b253253b55bf82a9,source_ood,2,train,Uruguay_Rio_de_la_Plata,Uruguay_Rio_de_la_Plata,waterbody:Uruguay_Rio_de_la_Plata:Malvin,2012-03-05
6997be640f75bc7d,source_ood,2,train,Uruguay_Rio_de_la_Plata,Uruguay_Rio_de_la_Plata,waterbody:Uruguay_Rio_de_la_Plata:Cerro,2012-03-05
79e5fb7863f757b7,source_ood,2,train,Uruguay_Rio_de_la_Plata,Uruguay_Rio_de_la_Plata,waterbody:Uruguay_Rio_de_la_Plata:Ramirez,2012-03-05
acd9fa6c02b429fd,source_ood,2,train,Uruguay_Rio_de_la_Plata,Uruguay_Rio_de_la_Plata,waterbody:Uruguay_Rio_de_la_Plata:PajasBlancas,2012-03-05
949d88b4d928be84,source_ood,2,train,Uruguay_Rio_de_la_Plata,Uruguay_Rio_de_la_Plata,waterbody:Uruguay_Rio_de_la_Plata:Carrasco,2012-03-05
f621921e0c13ccd2,source_ood,2,train,Uruguay_Rio_de_la_Plata,Uruguay_Rio_de_la_Plata,waterbody:Uruguay_Rio_de_la_Plata:PocitosBarreiro,2012-03-08
dad87506c3aa3b26,source_ood,2,train,Uruguay_Rio_de_la_Plata,Uruguay_Rio_de_la_Plata,waterbody:Uruguay_Rio_de_la_Plata:Cerro,2012-03-08
b8edaf8a355fff62,source_ood,2,train,Uruguay_Rio_de_la_Plata,Uruguay_Rio_de_la_Plata,waterbody:Uruguay_Rio_de_la_Plata:Carrasco,2012-03-08
b1b82182595b8d4c,source_ood,2,train,Uruguay_Rio_de_la_Plata,Uruguay_Rio_de_la_Plata,waterbody:Uruguay_Rio_de_la_Plata:PuntaEspinillo,2012-03-08
48a66a0f205f00f1,source_ood,2,train,Uruguay_Rio_de_la_Plata,Uruguay_Rio_de_la_Plata,waterbody:Uruguay_Rio_de_la_Plata:Malvin,2012-03-08
d7ecc06279d35938,source_ood,2,train,Uruguay_Rio_de_la_Plata,Uruguay_Rio_de_la_Plata,waterbody:Uruguay_Rio_de_la_Plata:SantaCatalina,2012-03-08
3029b09fe61f8bce,source_ood,2,train,Uruguay_Rio_de_la_Plata,Uruguay_Rio_de_la_Plata,waterbody:Uruguay_Rio_de_la_Plata:PajasBlancas,2012-03-08
64024878bf68a310,source_ood,2,train,Uruguay_Rio_de_la_Plata,Uruguay_Rio_de_la_Plata,waterbody:Uruguay_Rio_de_la_Plata:SantaCatalina,2012-03-11
d1d73549e985799c,source_ood,2,train,Uruguay_Rio_de_la_Plata,Uruguay_Rio_de_la_Plata,waterbody:Uruguay_Rio_de_la_Plata:Carrasco,2012-03-13
28928379fea0b79a,source_ood,2,train,Uruguay_Rio_de_la_Plata,Uruguay_Rio_de_la_Plata,waterbody:Uruguay_Rio_de_la_Plata:Buceo,2012-03-13
ecd039a5f4127698,source_ood,2,train,Uruguay_Rio_de_la_Plata,Uruguay_Rio_de_la_Plata,waterbody:Uruguay_Rio_de_la_Plata:Malvin,2012-03-13
556fab0387d43cb2,source_ood,2,train,Uruguay_Rio_de_la_Plata,Uruguay_Rio_de_la_Plata,waterbody:Uruguay_Rio_de_la_Plata:Verde,2012-03-13
e3b9357db3a39804,source_ood,2,train,Uruguay_Rio_de_la_Plata,Uruguay_Rio_de_la_Plata,waterbody:Uruguay_Rio_de_la_Plata:LaColorada,2012-03-13
31b85046908bf259,source_ood,2,train,Uruguay_Rio_de_la_Plata,Uruguay_Rio_de_la_Plata,waterbody:Uruguay_Rio_de_la_Plata:PajasBlancas,2012-03-13
4fdaa63b69bac277,source_ood,2,train,Uruguay_Rio_de_la_Plata,Uruguay_Rio_de_la_Plata,waterbody:Uruguay_Rio_de_la_Plata:Cerro,2012-03-13
d79d1620b4a04c3e,source_ood,2,train,Uruguay_Rio_de_la_Plata,Uruguay_Rio_de_la_Plata,waterbody:Uruguay_Rio_de_la_Plata:Ramirez,2012-03-13
681ade51bb7b48c3,source_ood,2,train,Uruguay_Rio_de_la_Plata,Uruguay_Rio_de_la_Plata,waterbody:Uruguay_Rio_de_la_Plata:PocitosBarreiro,2012-03-13
94cda654ac1767f5,source_ood,2,train,Uruguay_Rio_de_la_Plata,Uruguay_Rio_de_la_Plata,waterbody:Uruguay_Rio_de_la_Plata:Miramar,2012-03-13
55cb4899aa4aec06,source_ood,2,train,Uruguay_Rio_de_la_Plata,Uruguay_Rio_de_la_Plata,waterbody:Uruguay_Rio_de_la_Plata:Honda,2012-03-13
c08db9ceb9807d6a,source_ood,2,train,Uruguay_Rio_de_la_Plata,Uruguay_Rio_de_la_Plata,waterbody:Uruguay_Rio_de_la_Plata:Brava,2012-03-13
6a0a51e3bd90dc79,source_ood,2,train,Uruguay_Rio_de_la_Plata,Uruguay_Rio_de_la_Plata,waterbody:Uruguay_Rio_de_la_Plata:Ingleses,2012-03-13
3f844b11c77671c5,source_ood,2,train,Uruguay_Rio_de_la_Plata,Uruguay_Rio_de_la_Plata,waterbody:Uruguay_Rio_de_la_Plata:LaColorada,2012-03-14
f62a8ff910709fb9,source_ood,2,train,Uruguay_Rio_de_la_Plata,Uruguay_Rio_de_la_Plata,waterbody:Uruguay_Rio_de_la_Plata:Miramar,2012-03-14
cd80727f92ed2048,source_ood,2,train,Uruguay_Rio_de_la_Plata,Uruguay_Rio_de_la_Plata,waterbody:Uruguay_Rio_de_la_Plata:Ramirez,2012-03-14
e8495905292553a1,source_ood,2,train,Uruguay_Rio_de_la_Plata,Uruguay_Rio_de_la_Plata,waterbody:Uruguay_Rio_de_la_Plata:PuertoBuceo,2012-03-14
f8531a4ebf50f072,source_ood,2,train,Uruguay_Rio_de_la_Plata,Uruguay_Rio_de_la_Plata,waterbody:Uruguay_Rio_de_la_Plata:Cerro,2012-03-14
67bd3d908167eef5,source_ood,2,train,Uruguay_Rio_de_la_Plata,Uruguay_Rio_de_la_Plata,waterbody:Uruguay_Rio_de_la_Plata:PajasBlancas,2012-03-19
e103cbefb6be6a97,source_ood,2,train,Uruguay_Rio_de_la_Plata,Uruguay_Rio_de_la_Plata,waterbody:Uruguay_Rio_de_la_Plata:Cerro,2012-03-19
5cbebe83ee6d0201,source_ood,2,train,Uruguay_Rio_de_la_Plata,Uruguay_Rio_de_la_Plata,waterbody:Uruguay_Rio_de_la_Plata:Ramirez,2012-03-19
3713fe4c5fe78cf0,source_ood,2,train,Uruguay_Rio_de_la_Plata,Uruguay_Rio_de_la_Plata,waterbody:Uruguay_Rio_de_la_Plata:PocitosBarreiro,2012-03-19
ab0d3d2cc6e3e334,source_ood,2,train,Uruguay_Rio_de_la_Plata,Uruguay_Rio_de_la_Plata,waterbody:Uruguay_Rio_de_la_Plata:Malvin,2012-03-19
b6d36e16904196f8,source_ood,2,train,Uruguay_Rio_de_la_Plata,Uruguay_Rio_de_la_Plata,waterbody:Uruguay_Rio_de_la_Plata:Carrasco,2012-03-19
18ec3b3c891e8be6,source_ood,2,train,Uruguay_Rio_de_la_Plata,Uruguay_Rio_de_la_Plata,waterbody:Uruguay_Rio_de_la_Plata:PajasBlancas,2012-03-25
95cff800202ebe6f,source_ood,2,train,Uruguay_Rio_de_la_Plata,Uruguay_Rio_de_la_Plata,waterbody:Uruguay_Rio_de_la_Plata:Carrasco,2012-03-25
c44080a9fcff3221,source_ood,2,train,Uruguay_Rio_de_la_Plata,Uruguay_Rio_de_la_Plata,waterbody:Uruguay_Rio_de_la_Plata:LaColorada,2012-03-25
ed5c71a3f594b1a8,source_ood,2,train,Uruguay_Rio_de_la_Plata,Uruguay_Rio_de_la_Plata,waterbody:Uruguay_Rio_de_la_Plata:PocitosBarreiro,2012-03-25
91513ed6506c67e4,source_ood,2,train,Uruguay_Rio_de_la_Plata,Uruguay_Rio_de_la_Plata,waterbody:Uruguay_Rio_de_la_Plata:Malvin,2012-03-25
e7e685f203e151e9,source_ood,2,train,Uruguay_Rio_de_la_Plata,Uruguay_Rio_de_la_Plata,waterbody:Uruguay_Rio_de_la_Plata:LaColorada,2012-03-26
427fa11591e531ef,source_ood,2,train,Uruguay_Rio_de_la_Plata,Uruguay_Rio_de_la_Plata,waterbody:Uruguay_Rio_de_la_Plata:Buceo,2012-03-26
1f94a3fc3a5f4c1e,source_ood,2,train,Uruguay_Rio_de_la_Plata,Uruguay_Rio_de_la_Plata,waterbody:Uruguay_Rio_de_la_Plata:Malvin,2012-03-26
e0cc74ded265831a,source_ood,2,train,Uruguay_Rio_de_la_Plata,Uruguay_Rio_de_la_Plata,waterbody:Uruguay_Rio_de_la_Plata:Ingleses,2012-03-26
23e1c0dad9ee83ac,source_ood,2,train,Uruguay_Rio_de_la_Plata,Uruguay_Rio_de_la_Plata,waterbody:Uruguay_Rio_de_la_Plata:Malvin,2012-03-28
9139c00d54e2cbf0,source_ood,2,train,Uruguay_Rio_de_la_Plata,Uruguay_Rio_de_la_Plata,waterbody:Uruguay_Rio_de_la_Plata:Carrasco,2012-03-28
1eda1586fbdab8e5,source_ood,2,train,Uruguay_Rio_de_la_Plata,Uruguay_Rio_de_la_Plata,waterbody:Uruguay_Rio_de_la_Plata:PajasBlancas,2012-03-28
492e2c6e16d42a5e,source_ood,2,train,Uruguay_Rio_de_la_Plata,Uruguay_Rio_de_la_Plata,waterbody:Uruguay_Rio_de_la_Plata:Ramirez,2012-03-28
7a1df1c5855d19ef,source_ood,2,train,Uruguay_Rio_de_la_Plata,Uruguay_Rio_de_la_Plata,waterbody:Uruguay_Rio_de_la_Plata:Cerro,2012-03-28
e5e2b923db139de4,source_ood,2,train,Uruguay_Rio_de_la_Plata,Uruguay_Rio_de_la_Plata,waterbody:Uruguay_Rio_de_la_Plata:Malvin,2012-03-30
381391165bc14362,source_ood,2,train,Uruguay_Rio_de_la_Plata,Uruguay_Rio_de_la_Plata,waterbody:Uruguay_Rio_de_la_Plata:Carrasco,2012-03-30
0c66155bf82fcb83,source_ood,2,train,Uruguay_Rio_de_la_Plata,Uruguay_Rio_de_la_Plata,waterbody:Uruguay_Rio_de_la_Plata:Miramar,2012-03-30
0e4fa338fc30655c,source_ood,2,train,Uruguay_Rio_de_la_Plata,Uruguay_Rio_de_la_Plata,waterbody:Uruguay_Rio_de_la_Plata:Zabala,2012-03-30
c09f6ef64c54e5aa,source_ood,2,train,Uruguay_Rio_de_la_Plata,Uruguay_Rio_de_la_Plata,waterbody:Uruguay_Rio_de_la_Plata:PajasBlancas,2012-04-10
aa81474b1787e951,source_ood,2,train,Uruguay_Rio_de_la_Plata,Uruguay_Rio_de_la_Plata,waterbody:Uruguay_Rio_de_la_Plata:PuntaEspinillo,2012-04-10
446afc534eb59cf3,source_ood,2,train,Uruguay_Rio_de_la_Plata,Uruguay_Rio_de_la_Plata,waterbody:Uruguay_Rio_de_la_Plata:PocitosBarreiro,2012-04-10
60236d3f5bcaf686,source_ood,2,train,Uruguay_Rio_de_la_Plata,Uruguay_Rio_de_la_Plata,waterbody:Uruguay_Rio_de_la_Plata:Ingleses,2012-04-10
8f640af2815baee4,source_ood,2,train,Uruguay_Rio_de_la_Plata,Uruguay_Rio_de_la_Plata,waterbody:Uruguay_Rio_de_la_Plata:Cerro,2012-04-10
e8126dcfdb0c63fd,source_ood,2,train,Uruguay_Rio_de_la_Plata,Uruguay_Rio_de_la_Plata,waterbody:Uruguay_Rio_de_la_Plata:Ramirez,2012-04-10
d5886f4d4270214e,source_ood,2,train,Uruguay_Rio_de_la_Plata,Uruguay_Rio_de_la_Plata,waterbody:Uruguay_Rio_de_la_Plata:Carrasco,2012-04-10
9dfd5cf1999f2577,source_ood,2,train,Uruguay_Rio_de_la_Plata,Uruguay_Rio_de_la_Plata,waterbody:Uruguay_Rio_de_la_Plata:PajasBlancas,2012-04-12
5507aec7fb459532,source_ood,2,train,Uruguay_Rio_de_la_Plata,Uruguay_Rio_de_la_Plata,waterbody:Uruguay_Rio_de_la_Plata:Ramirez,2012-04-12
f7f855db55fc6fd8,source_ood,2,train,Uruguay_Rio_de_la_Plata,Uruguay_Rio_de_la_Plata,waterbody:Uruguay_Rio_de_la_Plata:Cerro,2012-04-12
dc254f028ef86158,source_ood,2,train,Uruguay_Rio_de_la_Plata,Uruguay_Rio_de_la_Plata,waterbody:Uruguay_Rio_de_la_Plata:PocitosBarreiro,2012-04-12
fdc2f53e876d0b49,source_ood,2,train,Uruguay_Rio_de_la_Plata,Uruguay_Rio_de_la_Plata,waterbody:Uruguay_Rio_de_la_Plata:Malvin,2012-04-12
de3b805232d852e8,source_ood,2,train,Uruguay_Rio_de_la_Plata,Uruguay_Rio_de_la_Plata,waterbody:Uruguay_Rio_de_la_Plata:Carrasco,2012-04-12
f7fb952bae6634e4,source_ood,2,train,Uruguay_Rio_de_la_Plata,Uruguay_Rio_de_la_Plata,waterbody:Uruguay_Rio_de_la_Plata:Carrasco,2012-04-25
5359a374ab9d085f,source_ood,2,train,Uruguay_Rio_de_la_Plata,Uruguay_Rio_de_la_Plata,waterbody:Uruguay_Rio_de_la_Plata:PocitosBarreiro,2012-04-25
b75e81f4b6924362,source_ood,2,train,Uruguay_Rio_de_la_Plata,Uruguay_Rio_de_la_Plata,waterbody:Uruguay_Rio_de_la_Plata:Malvin,2012-04-25
3841807a03d78d9f,source_ood,2,train,Uruguay_Rio_de_la_Plata,Uruguay_Rio_de_la_Plata,waterbody:Uruguay_Rio_de_la_Plata:PajasBlancas,2012-04-25
88d6fd1e7ceed84e,source_ood,2,train,Uruguay_Rio_de_la_Plata,Uruguay_Rio_de_la_Plata,waterbody:Uruguay_Rio_de_la_Plata:Cerro,2012-04-25
7b583fcd3c4f39e7,source_ood,2,train,Uruguay_Rio_de_la_Plata,Uruguay_Rio_de_la_Plata,waterbody:Uruguay_Rio_de_la_Plata:Ramirez,2012-04-25
8b48fb07b9db5d69,source_ood,2,train,Uruguay_Rio_de_la_Plata,Uruguay_Rio_de_la_Plata,waterbody:Uruguay_Rio_de_la_Plata:PajasBlancas,2012-05-09
fefbf542d6b8165f,source_ood,2,train,Uruguay_Rio_de_la_Plata,Uruguay_Rio_de_la_Plata,waterbody:Uruguay_Rio_de_la_Plata:Carrasco,2012-05-09
220447d8a536daa4,source_ood,2,train,Uruguay_Rio_de_la_Plata,Uruguay_Rio_de_la_Plata,waterbody:Uruguay_Rio_de_la_Plata:Cerro,2012-05-09
2e000cfa3b71d2c6,source_ood,2,train,Uruguay_Rio_de_la_Plata,Uruguay_Rio_de_la_Plata,waterbody:Uruguay_Rio_de_la_Plata:PocitosBarreiro,2012-05-09
7b574345cc5b382f,source_ood,2,train,Uruguay_Rio_de_la_Plata,Uruguay_Rio_de_la_Plata,waterbody:Uruguay_Rio_de_la_Plata:Malvin,2012-05-09
ab229f543f939292,source_ood,2,train,Uruguay_Rio_de_la_Plata,Uruguay_Rio_de_la_Plata,waterbody:Uruguay_Rio_de_la_Plata:Ramirez,2012-05-09
9831a268c857a313,source_ood,2,train,Uruguay_Rio_de_la_Plata,Uruguay_Rio_de_la_Plata,waterbody:Uruguay_Rio_de_la_Plata:PajasBlancas,2012-05-23
57a0d0aad21fd295,source_ood,2,train,Uruguay_Rio_de_la_Plata,Uruguay_Rio_de_la_Plata,waterbody:Uruguay_Rio_de_la_Plata:Malvin,2012-05-23
9e318f750b3b6681,source_ood,2,train,Uruguay_Rio_de_la_Plata,Uruguay_Rio_de_la_Plata,waterbody:Uruguay_Rio_de_la_Plata:Cerro,2012-05-23
d49cb6bd06190ec6,source_ood,2,train,Uruguay_Rio_de_la_Plata,Uruguay_Rio_de_la_Plata,waterbody:Uruguay_Rio_de_la_Plata:Carrasco,2012-05-23
37b77c8c7a253dda,source_ood,2,train,Uruguay_Rio_de_la_Plata,Uruguay_Rio_de_la_Plata,waterbody:Uruguay_Rio_de_la_Plata:Ramirez,2012-05-23
e2732f400711bb1f,source_ood,2,train,Uruguay_Rio_de_la_Plata,Uruguay_Rio_de_la_Plata,waterbody:Uruguay_Rio_de_la_Plata:PocitosBarreiro,2012-05-23
9dafeb8d0e0309d9,source_ood,2,train,Uruguay_Rio_de_la_Plata,Uruguay_Rio_de_la_Plata,waterbody:Uruguay_Rio_de_la_Plata:Carrasco,2012-06-04
16a48c71f1823f37,source_ood,2,train,Uruguay_Rio_de_la_Plata,Uruguay_Rio_de_la_Plata,waterbody:Uruguay_Rio_de_la_Plata:Ramirez,2012-06-04
8330fb003896e8ac,source_ood,2,train,Uruguay_Rio_de_la_Plata,Uruguay_Rio_de_la_Plata,waterbody:Uruguay_Rio_de_la_Plata:PajasBlancas,2012-06-04
646625b7d50b4742,source_ood,2,train,Uruguay_Rio_de_la_Plata,Uruguay_Rio_de_la_Plata,waterbody:Uruguay_Rio_de_la_Plata:PocitosBarreiro,2012-06-04
d541d8682e36f5fc,source_ood,2,train,Uruguay_Rio_de_la_Plata,Uruguay_Rio_de_la_Plata,waterbody:Uruguay_Rio_de_la_Plata:Malvin,2012-06-04
010a391c1403217a,source_ood,2,train,Uruguay_Rio_de_la_Plata,Uruguay_Rio_de_la_Plata,waterbody:Uruguay_Rio_de_la_Plata:Cerro,2012-06-04
fe2d2d3c9a5f80f4,source_ood,2,train,Uruguay_Rio_de_la_Plata,Uruguay_Rio_de_la_Plata,waterbody:Uruguay_Rio_de_la_Plata:Cerro,2012-06-20
f3b2fe45109ddc4d,source_ood,2,train,Uruguay_Rio_de_la_Plata,Uruguay_Rio_de_la_Plata,waterbody:Uruguay_Rio_de_la_Plata:Malvin,2012-06-20
19162b956899be37,source_ood,2,train,Uruguay_Rio_de_la_Plata,Uruguay_Rio_de_la_Plata,waterbody:Uruguay_Rio_de_la_Plata:Ramirez,2012-06-20
c64b45d5843a7ca3,source_ood,2,train,Uruguay_Rio_de_la_Plata,Uruguay_Rio_de_la_Plata,waterbody:Uruguay_Rio_de_la_Plata:PocitosBarreiro,2012-06-20
2b25aaea87a3f180,source_ood,2,train,Uruguay_Rio_de_la_Plata,Uruguay_Rio_de_la_Plata,waterbody:Uruguay_Rio_de_la_Plata:PajasBlancas,2012-06-20
fdf121a06a381a6e,source_ood,2,train,Uruguay_Rio_de_la_Plata,Uruguay_Rio_de_la_Plata,waterbody:Uruguay_Rio_de_la_Plata:Carrasco,2012-06-20
6ebcce1fa584ac8c,source_ood,2,train,Uruguay_Rio_de_la_Plata,Uruguay_Rio_de_la_Plata,waterbody:Uruguay_Rio_de_la_Plata:PajasBlancas,2012-07-05
1765fa4de55b2eff,source_ood,2,train,Uruguay_Rio_de_la_Plata,Uruguay_Rio_de_la_Plata,waterbody:Uruguay_Rio_de_la_Plata:Cerro,2012-07-05
9453074d26ac63ed,source_ood,2,train,Uruguay_Rio_de_la_Plata,Uruguay_Rio_de_la_Plata,waterbody:Uruguay_Rio_de_la_Plata:Ramirez,2012-07-05
4eff8391087af663,source_ood,2,train,Uruguay_Rio_de_la_Plata,Uruguay_Rio_de_la_Plata,waterbody:Uruguay_Rio_de_la_Plata:PocitosBarreiro,2012-07-05
d33014f23517ce9b,source_ood,2,train,Uruguay_Rio_de_la_Plata,Uruguay_Rio_de_la_Plata,waterbody:Uruguay_Rio_de_la_Plata:Malvin,2012-07-05
9d83fd37854cb864,source_ood,2,train,Uruguay_Rio_de_la_Plata,Uruguay_Rio_de_la_Plata,waterbody:Uruguay_Rio_de_la_Plata:Carrasco,2012-07-05
11176b1ae5b3bafa,source_ood,2,train,Uruguay_Rio_de_la_Plata,Uruguay_Rio_de_la_Plata,waterbody:Uruguay_Rio_de_la_Plata:PajasBlancas,2012-07-16
3b11f466b20b55c4,source_ood,2,train,Uruguay_Rio_de_la_Plata,Uruguay_Rio_de_la_Plata,waterbody:Uruguay_Rio_de_la_Plata:Carrasco,2012-07-16
04c552ba00b0f149,source_ood,2,train,Uruguay_Rio_de_la_Plata,Uruguay_Rio_de_la_Plata,waterbody:Uruguay_Rio_de_la_Plata:PocitosBarreiro,2012-07-16
b5a9d502d1b45d66,source_ood,2,train,Uruguay_Rio_de_la_Plata,Uruguay_Rio_de_la_Plata,waterbody:Uruguay_Rio_de_la_Plata:Cerro,2012-07-16
73c6fd6548e7a1f6,source_ood,2,train,Uruguay_Rio_de_la_Plata,Uruguay_Rio_de_la_Plata,waterbody:Uruguay_Rio_de_la_Plata:Ramirez,2012-07-16
c7a395ea9cf13285,source_ood,2,train,Uruguay_Rio_de_la_Plata,Uruguay_Rio_de_la_Plata,waterbody:Uruguay_Rio_de_la_Plata:Malvin,2012-07-16
38a9cb47a7be98c2,source_ood,2,train,Uruguay_Rio_de_la_Plata,Uruguay_Rio_de_la_Plata,waterbody:Uruguay_Rio_de_la_Plata:Carrasco,2012-08-02
8592bce823e32e61,source_ood,2,train,Uruguay_Rio_de_la_Plata,Uruguay_Rio_de_la_Plata,waterbody:Uruguay_Rio_de_la_Plata:PajasBlancas,2012-08-02
693ece630952bc0b,source_ood,2,train,Uruguay_Rio_de_la_Plata,Uruguay_Rio_de_la_Plata,waterbody:Uruguay_Rio_de_la_Plata:Cerro,2012-08-02
616ed8820c61474d,source_ood,2,train,Uruguay_Rio_de_la_Plata,Uruguay_Rio_de_la_Plata,waterbody:Uruguay_Rio_de_la_Plata:Ramirez,2012-08-02
216c5782ffb61261,source_ood,2,train,Uruguay_Rio_de_la_Plata,Uruguay_Rio_de_la_Plata,waterbody:Uruguay_Rio_de_la_Plata:PocitosBarreiro,2012-08-02
13e31de59a4a1478,source_ood,2,train,Uruguay_Rio_de_la_Plata,Uruguay_Rio_de_la_Plata,waterbody:Uruguay_Rio_de_la_Plata:Malvin,2012-08-02
9f255eb90509496b,source_ood,2,train,Uruguay_Rio_de_la_Plata,Uruguay_Rio_de_la_Plata,waterbody:Uruguay_Rio_de_la_Plata:Carrasco,2012-08-16
08a9c8badb07e808,source_ood,2,train,Uruguay_Rio_de_la_Plata,Uruguay_Rio_de_la_Plata,waterbody:Uruguay_Rio_de_la_Plata:Malvin,2012-08-16
6fd0ca5c6f2e94d3,source_ood,2,train,Uruguay_Rio_de_la_Plata,Uruguay_Rio_de_la_Plata,waterbody:Uruguay_Rio_de_la_Plata:PajasBlancas,2012-08-16
054f649d33c8698f,source_ood,2,train,Uruguay_Rio_de_la_Plata,Uruguay_Rio_de_la_Plata,waterbody:Uruguay_Rio_de_la_Plata:Cerro,2012-08-16
3de15ecc72b8cf3b,source_ood,2,train,Uruguay_Rio_de_la_Plata,Uruguay_Rio_de_la_Plata,waterbody:Uruguay_Rio_de_la_Plata:Ramirez,2012-08-16
83b080face8fbaa8,source_ood,2,train,Uruguay_Rio_de_la_Plata,Uruguay_Rio_de_la_Plata,waterbody:Uruguay_Rio_de_la_Plata:PocitosBarreiro,2012-08-16
a93ec6d178ad18e7,source_ood,2,train,Uruguay_Rio_de_la_Plata,Uruguay_Rio_de_la_Plata,waterbody:Uruguay_Rio_de_la_Plata:PocitosBarreiro,2012-08-30
72d9756227487e61,source_ood,2,train,Uruguay_Rio_de_la_Plata,Uruguay_Rio_de_la_Plata,waterbody:Uruguay_Rio_de_la_Plata:Cerro,2012-08-30
75d694d95f45609c,source_ood,2,train,Uruguay_Rio_de_la_Plata,Uruguay_Rio_de_la_Plata,waterbody:Uruguay_Rio_de_la_Plata:Malvin,2012-08-30
bbf46d8493889329,source_ood,2,train,Uruguay_Rio_de_la_Plata,Uruguay_Rio_de_la_Plata,waterbody:Uruguay_Rio_de_la_Plata:PajasBlancas,2012-08-30
68aa6bc1b5ee42c2,source_ood,2,train,Uruguay_Rio_de_la_Plata,Uruguay_Rio_de_la_Plata,waterbody:Uruguay_Rio_de_la_Plata:Ramirez,2012-08-30
3967081f712a83ab,source_ood,2,train,Uruguay_Rio_de_la_Plata,Uruguay_Rio_de_la_Plata,waterbody:Uruguay_Rio_de_la_Plata:Carrasco,2012-08-30
7f10b646e31fe0ed,source_ood,2,train,Uruguay_Rio_de_la_Plata,Uruguay_Rio_de_la_Plata,waterbody:Uruguay_Rio_de_la_Plata:SantaCatalina,2012-09-04
0ce27cbc1acfa873,source_ood,2,train,Uruguay_Rio_de_la_Plata,Uruguay_Rio_de_la_Plata,waterbody:Uruguay_Rio_de_la_Plata:Cerro,2012-09-04
fc6f17699819cfe5,source_ood,2,train,Uruguay_Rio_de_la_Plata,Uruguay_Rio_de_la_Plata,waterbody:Uruguay_Rio_de_la_Plata:Ramirez,2012-09-04
ae3a653ba7bd7651,source_ood,2,train,Uruguay_Rio_de_la_Plata,Uruguay_Rio_de_la_Plata,waterbody:Uruguay_Rio_de_la_Plata:PocitosBarreiro,2012-09-04
ec7c3bfa66f6bc37,source_ood,2,train,Uruguay_Rio_de_la_Plata,Uruguay_Rio_de_la_Plata,waterbody:Uruguay_Rio_de_la_Plata:PajasBlancas,2012-09-04
ddd3ff23978bad55,source_ood,2,train,Uruguay_Rio_de_la_Plata,Uruguay_Rio_de_la_Plata,waterbody:Uruguay_Rio_de_la_Plata:Carrasco,2012-09-04
f4d18ace89d57143,source_ood,2,train,Uruguay_Rio_de_la_Plata,Uruguay_Rio_de_la_Plata,waterbody:Uruguay_Rio_de_la_Plata:Ingleses,2012-09-04
b1cd25ada348ab92,source_ood,2,train,Uruguay_Rio_de_la_Plata,Uruguay_Rio_de_la_Plata,waterbody:Uruguay_Rio_de_la_Plata:PuntaEspinillo,2012-09-04
157aa0eb7790244b,source_ood,2,train,Uruguay_Rio_de_la_Plata,Uruguay_Rio_de_la_Plata,waterbody:Uruguay_Rio_de_la_Plata:Malvin,2012-09-04
49d9f5e115640a87,source_ood,2,train,Uruguay_Rio_de_la_Plata,Uruguay_Rio_de_la_Plata,waterbody:Uruguay_Rio_de_la_Plata:Ramirez,2012-09-14
6358dc8139b8430c,source_ood,2,train,Uruguay_Rio_de_la_Plata,Uruguay_Rio_de_la_Plata,waterbody:Uruguay_Rio_de_la_Plata:Malvin,2012-09-14
c890eb3e772893f8,source_ood,2,train,Uruguay_Rio_de_la_Plata,Uruguay_Rio_de_la_Plata,waterbody:Uruguay_Rio_de_la_Plata:PocitosBarreiro,2012-09-14
78225767605fc657,source_ood,2,train,Uruguay_Rio_de_la_Plata,Uruguay_Rio_de_la_Plata,waterbody:Uruguay_Rio_de_la_Plata:Cerro,2012-09-14
121ce11c28c175b5,source_ood,2,train,Uruguay_Rio_de_la_Plata,Uruguay_Rio_de_la_Plata,waterbody:Uruguay_Rio_de_la_Plata:PajasBlancas,2012-09-14
1c6bd70aafbb5a5a,source_ood,2,train,Uruguay_Rio_de_la_Plata,Uruguay_Rio_de_la_Plata,waterbody:Uruguay_Rio_de_la_Plata:Carrasco,2012-09-14
574696b8c58d5ce8,source_ood,2,train,Uruguay_Rio_de_la_Plata,Uruguay_Rio_de_la_Plata,waterbody:Uruguay_Rio_de_la_Plata:Cerro,2012-09-25
eb09f20b872cab3d,source_ood,2,train,Uruguay_Rio_de_la_Plata,Uruguay_Rio_de_la_Plata,waterbody:Uruguay_Rio_de_la_Plata:Ramirez,2012-09-25
dac9cece26967999,source_ood,2,train,Uruguay_Rio_de_la_Plata,Uruguay_Rio_de_la_Plata,waterbody:Uruguay_Rio_de_la_Plata:PajasBlancas,2012-09-25
8206df129fd52dac,source_ood,2,train,Uruguay_Rio_de_la_Plata,Uruguay_Rio_de_la_Plata,waterbody:Uruguay_Rio_de_la_Plata:Malvin,2012-09-25
7f4f0728c4bbe681,source_ood,2,train,Uruguay_Rio_de_la_Plata,Uruguay_Rio_de_la_Plata,waterbody:Uruguay_Rio_de_la_Plata:Carrasco,2012-09-25
aab5f01dd68da95f,source_ood,2,train,Uruguay_Rio_de_la_Plata,Uruguay_Rio_de_la_Plata,waterbody:Uruguay_Rio_de_la_Plata:Cerro,2012-10-10
584add87b984eda7,source_ood,2,train,Uruguay_Rio_de_la_Plata,Uruguay_Rio_de_la_Plata,waterbody:Uruguay_Rio_de_la_Plata:Malvin,2012-10-10
d0f47cd4610dfaea,source_ood,2,train,Uruguay_Rio_de_la_Plata,Uruguay_Rio_de_la_Plata,waterbody:Uruguay_Rio_de_la_Plata:Ramirez,2012-10-10
3a70c6223232be55,source_ood,2,train,Uruguay_Rio_de_la_Plata,Uruguay_Rio_de_la_Plata,waterbody:Uruguay_Rio_de_la_Plata:Carrasco,2012-10-10
07fada6dae99d1be,source_ood,2,train,Uruguay_Rio_de_la_Plata,Uruguay_Rio_de_la_Plata,waterbody:Uruguay_Rio_de_la_Plata:PajasBlancas,2012-10-10
0eb32e1db52e194c,source_ood,2,train,Uruguay_Rio_de_la_Plata,Uruguay_Rio_de_la_Plata,waterbody:Uruguay_Rio_de_la_Plata:Carrasco,2012-10-24
6310eef27c0eaa47,source_ood,2,train,Uruguay_Rio_de_la_Plata,Uruguay_Rio_de_la_Plata,waterbody:Uruguay_Rio_de_la_Plata:Ramirez,2012-10-24
9a3fafce5cfd04cb,source_ood,2,train,Uruguay_Rio_de_la_Plata,Uruguay_Rio_de_la_Plata,waterbody:Uruguay_Rio_de_la_Plata:Malvin,2012-10-24
3ba61c485972a8ea,source_ood,2,train,Uruguay_Rio_de_la_Plata,Uruguay_Rio_de_la_Plata,waterbody:Uruguay_Rio_de_la_Plata:Cerro,2012-10-24
37d1588912dcd265,source_ood,2,train,Uruguay_Rio_de_la_Plata,Uruguay_Rio_de_la_Plata,waterbody:Uruguay_Rio_de_la_Plata:PajasBlancas,2012-10-24
36a3c13efb6e3139,source_ood,2,train,Uruguay_Rio_de_la_Plata,Uruguay_Rio_de_la_Plata,waterbody:Uruguay_Rio_de_la_Plata:PocitosBarreiro,2012-10-24
8650280db23c493e,source_ood,2,train,Uruguay_Rio_de_la_Plata,Uruguay_Rio_de_la_Plata,waterbody:Uruguay_Rio_de_la_Plata:PajasBlancas,2012-11-05
8aa5508d5c74030b,source_ood,2,train,Uruguay_Rio_de_la_Plata,Uruguay_Rio_de_la_Plata,waterbody:Uruguay_Rio_de_la_Plata:PocitosBarreiro,2012-11-05
416df9e3cb180c4f,source_ood,2,train,Uruguay_Rio_de_la_Plata,Uruguay_Rio_de_la_Plata,waterbody:Uruguay_Rio_de_la_Plata:Malvin,2012-11-05
e316a2290a3d5dd9,source_ood,2,train,Uruguay_Rio_de_la_Plata,Uruguay_Rio_de_la_Plata,waterbody:Uruguay_Rio_de_la_Plata:Cerro,2012-11-05
46220ab6c0433522,source_ood,2,train,Uruguay_Rio_de_la_Plata,Uruguay_Rio_de_la_Plata,waterbody:Uruguay_Rio_de_la_Plata:Ramirez,2012-11-05
ea7011e1f72243d4,source_ood,2,train,Uruguay_Rio_de_la_Plata,Uruguay_Rio_de_la_Plata,waterbody:Uruguay_Rio_de_la_Plata:Carrasco,2012-11-05
a389947ec5b2de75,source_ood,2,train,Uruguay_Rio_de_la_Plata,Uruguay_Rio_de_la_Plata,waterbody:Uruguay_Rio_de_la_Plata:Malvin,2012-11-14
e52d6a23923a60c2,source_ood,2,train,Uruguay_Rio_de_la_Plata,Uruguay_Rio_de_la_Plata,waterbody:Uruguay_Rio_de_la_Plata:Ramirez,2012-11-14
2b0ba4158016d6de,source_ood,2,train,Uruguay_Rio_de_la_Plata,Uruguay_Rio_de_la_Plata,waterbody:Uruguay_Rio_de_la_Plata:Carrasco,2012-11-14
b25d6f2a6cfa2ffd,source_ood,2,train,Uruguay_Rio_de_la_Plata,Uruguay_Rio_de_la_Plata,waterbody:Uruguay_Rio_de_la_Plata:PajasBlancas,2012-11-14
a4649604e53bd713,source_ood,2,train,Uruguay_Rio_de_la_Plata,Uruguay_Rio_de_la_Plata,waterbody:Uruguay_Rio_de_la_Plata:PocitosBarreiro,2012-11-14
f1213958b918f6e8,source_ood,2,train,Uruguay_Rio_de_la_Plata,Uruguay_Rio_de_la_Plata,waterbody:Uruguay_Rio_de_la_Plata:Cerro,2012-11-14
62dc1145a6e886f1,source_ood,2,train,Uruguay_Rio_de_la_Plata,Uruguay_Rio_de_la_Plata,waterbody:Uruguay_Rio_de_la_Plata:Malvin,2012-11-21
18c800974c65775a,source_ood,2,train,Uruguay_Rio_de_la_Plata,Uruguay_Rio_de_la_Plata,waterbody:Uruguay_Rio_de_la_Plata:PocitosBarreiro,2012-11-21
0afd3fa5bff61166,source_ood,2,train,Uruguay_Rio_de_la_Plata,Uruguay_Rio_de_la_Plata,waterbody:Uruguay_Rio_de_la_Plata:Carrasco,2012-11-21
a8865acba9a33dfc,source_ood,2,train,Uruguay_Rio_de_la_Plata,Uruguay_Rio_de_la_Plata,waterbody:Uruguay_Rio_de_la_Plata:Ramirez,2012-11-21
bd4c9f7fc2f5ee60,source_ood,2,train,Uruguay_Rio_de_la_Plata,Uruguay_Rio_de_la_Plata,waterbody:Uruguay_Rio_de_la_Plata:PajasBlancas,2012-11-21
93a3bcc4ff4ed554,source_ood,2,train,Uruguay_Rio_de_la_Plata,Uruguay_Rio_de_la_Plata,waterbody:Uruguay_Rio_de_la_Plata:Cerro,2012-11-21
953643d9a6c55e43,source_ood,2,train,Uruguay_Rio_de_la_Plata,Uruguay_Rio_de_la_Plata,waterbody:Uruguay_Rio_de_la_Plata:Ramirez,2012-11-26
ae475fdc0f71025c,source_ood,2,train,Uruguay_Rio_de_la_Plata,Uruguay_Rio_de_la_Plata,waterbody:Uruguay_Rio_de_la_Plata:Malvin,2012-11-26
f625f1566a6ccb92,source_ood,2,train,Uruguay_Rio_de_la_Plata,Uruguay_Rio_de_la_Plata,waterbody:Uruguay_Rio_de_la_Plata:Cerro,2012-11-26
39d7fefbed1ad7ac,source_ood,2,train,Uruguay_Rio_de_la_Plata,Uruguay_Rio_de_la_Plata,waterbody:Uruguay_Rio_de_la_Plata:PajasBlancas,2012-11-26
71ea0c5b5bb27589,source_ood,2,train,Uruguay_Rio_de_la_Plata,Uruguay_Rio_de_la_Plata,waterbody:Uruguay_Rio_de_la_Plata:PocitosBarreiro,2012-11-26
dd2001e1498ab272,source_ood,2,train,Uruguay_Rio_de_la_Plata,Uruguay_Rio_de_la_Plata,waterbody:Uruguay_Rio_de_la_Plata:Carrasco,2012-11-26
eb202e2b30c4cccf,source_ood,2,train,Uruguay_Rio_de_la_Plata,Uruguay_Rio_de_la_Plata,waterbody:Uruguay_Rio_de_la_Plata:PajasBlancas,2012-12-06
de80e7d33eb4733d,source_ood,2,train,Uruguay_Rio_de_la_Plata,Uruguay_Rio_de_la_Plata,waterbody:Uruguay_Rio_de_la_Plata:Malvin,2012-12-06
eb40b8d9fcdec34d,source_ood,2,train,Uruguay_Rio_de_la_Plata,Uruguay_Rio_de_la_Plata,waterbody:Uruguay_Rio_de_la_Plata:Cerro,2012-12-06
7e386f59ab3ec709,source_ood,2,train,Uruguay_Rio_de_la_Plata,Uruguay_Rio_de_la_Plata,waterbody:Uruguay_Rio_de_la_Plata:Ramirez,2012-12-06
9a09e1231216a44b,source_ood,2,train,Uruguay_Rio_de_la_Plata,Uruguay_Rio_de_la_Plata,waterbody:Uruguay_Rio_de_la_Plata:PocitosBarreiro,2012-12-06
fa1ff1170a5d4ae6,source_ood,2,train,Uruguay_Rio_de_la_Plata,Uruguay_Rio_de_la_Plata,waterbody:Uruguay_Rio_de_la_Plata:Carrasco,2012-12-06
0a2ef4f0c06e0d11,source_ood,2,train,Uruguay_Rio_de_la_Plata,Uruguay_Rio_de_la_Plata,waterbody:Uruguay_Rio_de_la_Plata:Cerro,2012-12-10
7441724784366681,source_ood,2,train,Uruguay_Rio_de_la_Plata,Uruguay_Rio_de_la_Plata,waterbody:Uruguay_Rio_de_la_Plata:Ramirez,2012-12-10
fe8a5aefb7e09ed2,source_ood,2,train,Uruguay_Rio_de_la_Plata,Uruguay_Rio_de_la_Plata,waterbody:Uruguay_Rio_de_la_Plata:PajasBlancas,2012-12-10
05f4acbf8e18d756,source_ood,2,train,Uruguay_Rio_de_la_Plata,Uruguay_Rio_de_la_Plata,waterbody:Uruguay_Rio_de_la_Plata:Carrasco,2012-12-10
7cde579f4551cf16,source_ood,2,train,Uruguay_Rio_de_la_Plata,Uruguay_Rio_de_la_Plata,waterbody:Uruguay_Rio_de_la_Plata:PocitosBarreiro,2012-12-10
e5b4d36a70503c65,source_ood,2,train,Uruguay_Rio_de_la_Plata,Uruguay_Rio_de_la_Plata,waterbody:Uruguay_Rio_de_la_Plata:Malvin,2012-12-10
22d13276c386ee0c,source_ood,2,train,Uruguay_Rio_de_la_Plata,Uruguay_Rio_de_la_Plata,waterbody:Uruguay_Rio_de_la_Plata:Ramirez,2012-12-12
f518c39a3458e32d,source_ood,2,train,Uruguay_Rio_de_la_Plata,Uruguay_Rio_de_la_Plata,waterbody:Uruguay_Rio_de_la_Plata:Carrasco,2012-12-12
3542c7ee43f6438a,source_ood,2,train,Uruguay_Rio_de_la_Plata,Uruguay_Rio_de_la_Plata,waterbody:Uruguay_Rio_de_la_Plata:PajasBlancas,2012-12-12
07011f6bee5ffdb2,source_ood,2,train,Uruguay_Rio_de_la_Plata,Uruguay_Rio_de_la_Plata,waterbody:Uruguay_Rio_de_la_Plata:Cerro,2012-12-12
032a6a72b71e8647,source_ood,2,train,Uruguay_Rio_de_la_Plata,Uruguay_Rio_de_la_Plata,waterbody:Uruguay_Rio_de_la_Plata:PuntaEspinillo,2012-12-12
ddfc388091acaff9,source_ood,2,train,Uruguay_Rio_de_la_Plata,Uruguay_Rio_de_la_Plata,waterbody:Uruguay_Rio_de_la_Plata:Ingleses,2012-12-12
e12445088cba7636,source_ood,2,train,Uruguay_Rio_de_la_Plata,Uruguay_Rio_de_la_Plata,waterbody:Uruguay_Rio_de_la_Plata:PocitosBarreiro,2012-12-12
7a3c5123d8507263,source_ood,2,train,Uruguay_Rio_de_la_Plata,Uruguay_Rio_de_la_Plata,waterbody:Uruguay_Rio_de_la_Plata:SantaCatalina,2012-12-12
37d8642d7182ccb8,source_ood,2,train,Uruguay_Rio_de_la_Plata,Uruguay_Rio_de_la_Plata,waterbody:Uruguay_Rio_de_la_Plata:Malvin,2012-12-12
9eccbd597e2330f3,source_ood,2,train,Uruguay_Rio_de_la_Plata,Uruguay_Rio_de_la_Plata,waterbody:Uruguay_Rio_de_la_Plata:Malvin,2012-12-18
f8d9921fa100c6a2,source_ood,2,train,Uruguay_Rio_de_la_Plata,Uruguay_Rio_de_la_Plata,waterbody:Uruguay_Rio_de_la_Plata:Carrasco,2012-12-19
b71e6003a47de9c6,source_ood,2,train,Uruguay_Rio_de_la_Plata,Uruguay_Rio_de_la_Plata,waterbody:Uruguay_Rio_de_la_Plata:PajasBlancas,2012-12-19
710df3b6629965f0,source_ood,2,train,Uruguay_Rio_de_la_Plata,Uruguay_Rio_de_la_Plata,waterbody:Uruguay_Rio_de_la_Plata:Cerro,2012-12-19
6aca2976032e5449,source_ood,2,train,Uruguay_Rio_de_la_Plata,Uruguay_Rio_de_la_Plata,waterbody:Uruguay_Rio_de_la_Plata:PocitosBarreiro,2012-12-19
8a2b4c3cca31888e,source_ood,2,train,Uruguay_Rio_de_la_Plata,Uruguay_Rio_de_la_Plata,waterbody:Uruguay_Rio_de_la_Plata:Ramirez,2012-12-19
cc37ddd383196388,source_ood,2,train,Uruguay_Rio_de_la_Plata,Uruguay_Rio_de_la_Plata,waterbody:Uruguay_Rio_de_la_Plata:Malvin,2012-12-19
0d13745f23392ff8,source_ood,2,train,Uruguay_Rio_de_la_Plata,Uruguay_Rio_de_la_Plata,waterbody:Uruguay_Rio_de_la_Plata:PuntaEspinillo,2012-12-22
dfd2b31be95e270d,source_ood,2,train,Uruguay_Rio_de_la_Plata,Uruguay_Rio_de_la_Plata,waterbody:Uruguay_Rio_de_la_Plata:Ingleses,2012-12-27
2febc5dc4791e9f4,source_ood,2,train,Uruguay_Rio_de_la_Plata,Uruguay_Rio_de_la_Plata,waterbody:Uruguay_Rio_de_la_Plata:Ramirez,2012-12-27
b044330122e5c641,source_ood,2,train,Uruguay_Rio_de_la_Plata,Uruguay_Rio_de_la_Plata,waterbody:Uruguay_Rio_de_la_Plata:PocitosBarreiro,2012-12-27
faf5f455d6135928,source_ood,2,train,Uruguay_Rio_de_la_Plata,Uruguay_Rio_de_la_Plata,waterbody:Uruguay_Rio_de_la_Plata:Ramirez,2012-12-28
9d4bf2424f76a8d9,source_ood,2,train,Uruguay_Rio_de_la_Plata,Uruguay_Rio_de_la_Plata,waterbody:Uruguay_Rio_de_la_Plata:PajasBlancas,2012-12-28
cdab1cd591ae10e5,source_ood,2,train,Uruguay_Rio_de_la_Plata,Uruguay_Rio_de_la_Plata,waterbody:Uruguay_Rio_de_la_Plata:Cerro,2012-12-28
2c26c49035f3abbf,source_ood,2,train,Uruguay_Rio_de_la_Plata,Uruguay_Rio_de_la_Plata,waterbody:Uruguay_Rio_de_la_Plata:PocitosBarreiro,2012-12-28
4cda4fdd0b1d3fdd,source_ood,2,train,Uruguay_Rio_de_la_Plata,Uruguay_Rio_de_la_Plata,waterbody:Uruguay_Rio_de_la_Plata:Carrasco,2012-12-28
e579044213a00d84,source_ood,2,train,Uruguay_Rio_de_la_Plata,Uruguay_Rio_de_la_Plata,waterbody:Uruguay_Rio_de_la_Plata:Cerro,2013-01-02
e18042f3fe93f6d2,source_ood,2,train,Uruguay_Rio_de_la_Plata,Uruguay_Rio_de_la_Plata,waterbody:Uruguay_Rio_de_la_Plata:Ramirez,2013-01-02
c24f79489a15ecbe,source_ood,2,train,Uruguay_Rio_de_la_Plata,Uruguay_Rio_de_la_Plata,waterbody:Uruguay_Rio_de_la_Plata:PocitosBarreiro,2013-01-02
f8f23b74f3fd6078,source_ood,2,train,Uruguay_Rio_de_la_Plata,Uruguay_Rio_de_la_Plata,waterbody:Uruguay_Rio_de_la_Plata:Malvin,2013-01-02
e023a8b6018c6126,source_ood,2,train,Uruguay_Rio_de_la_Plata,Uruguay_Rio_de_la_Plata,waterbody:Uruguay_Rio_de_la_Plata:SantaCatalina,2013-01-02
de8d3129d692c011,source_ood,2,train,Uruguay_Rio_de_la_Plata,Uruguay_Rio_de_la_Plata,waterbody:Uruguay_Rio_de_la_Plata:Carrasco,2013-01-02
f3507adbaf715757,source_ood,2,train,Uruguay_Rio_de_la_Plata,Uruguay_Rio_de_la_Plata,waterbody:Uruguay_Rio_de_la_Plata:Cerro,2013-01-08
a602f475e6d6257b,source_ood,2,train,Uruguay_Rio_de_la_Plata,Uruguay_Rio_de_la_Plata,waterbody:Uruguay_Rio_de_la_Plata:PajasBlancas,2013-01-08
599adea97aa10fef,source_ood,2,train,Uruguay_Rio_de_la_Plata,Uruguay_Rio_de_la_Plata,waterbody:Uruguay_Rio_de_la_Plata:PocitosBarreiro,2013-01-08
2499f54551894b73,source_ood,2,train,Uruguay_Rio_de_la_Plata,Uruguay_Rio_de_la_Plata,waterbody:Uruguay_Rio_de_la_Plata:Ramirez,2013-01-08
21c6584317c40f29,source_ood,2,train,Uruguay_Rio_de_la_Plata,Uruguay_Rio_de_la_Plata,waterbody:Uruguay_Rio_de_la_Plata:Malvin,2013-01-08
b49f34dd96bcba9d,source_ood,2,train,Uruguay_Rio_de_la_Plata,Uruguay_Rio_de_la_Plata,waterbody:Uruguay_Rio_de_la_Plata:Carrasco,2013-01-08
f8e1a05be5121ebd,source_ood,2,train,Uruguay_Rio_de_la_Plata,Uruguay_Rio_de_la_Plata,waterbody:Uruguay_Rio_de_la_Plata:PuntaEspinillo,2013-01-15
9bb9c370e3795808,source_ood,2,train,Uruguay_Rio_de_la_Plata,Uruguay_Rio_de_la_Plata,waterbody:Uruguay_Rio_de_la_Plata:PajasBlancas,2013-01-15
496321cd203322b5,source_ood,2,train,Uruguay_Rio_de_la_Plata,Uruguay_Rio_de_la_Plata,waterbody:Uruguay_Rio_de_la_Plata:SantaCatalina,2013-01-15
38e94dec7b7b039a,source_ood,2,train,Uruguay_Rio_de_la_Plata,Uruguay_Rio_de_la_Plata,waterbody:Uruguay_Rio_de_la_Plata:Cerro,2013-01-15
6eebe259c9fdbb57,source_ood,2,train,Uruguay_Rio_de_la_Plata,Uruguay_Rio_de_la_Plata,waterbody:Uruguay_Rio_de_la_Plata:Ramirez,2013-01-15
9054516d8a375fc8,source_ood,2,train,Uruguay_Rio_de_la_Plata,Uruguay_Rio_de_la_Plata,waterbody:Uruguay_Rio_de_la_Plata:PocitosBarreiro,2013-01-15
115e0709459b2787,source_ood,2,train,Uruguay_Rio_de_la_Plata,Uruguay_Rio_de_la_Plata,waterbody:Uruguay_Rio_de_la_Plata:Malvin,2013-01-15
988555c747dc6dd8,source_ood,2,train,Uruguay_Rio_de_la_Plata,Uruguay_Rio_de_la_Plata,waterbody:Uruguay_Rio_de_la_Plata:Carrasco,2013-01-15
39a76c6404d034e1,source_ood,2,train,Uruguay_Rio_de_la_Plata,Uruguay_Rio_de_la_Plata,waterbody:Uruguay_Rio_de_la_Plata:PajasBlancas,2013-01-24
1ff51c050c1f3cb7,source_ood,2,train,Uruguay_Rio_de_la_Plata,Uruguay_Rio_de_la_Plata,waterbody:Uruguay_Rio_de_la_Plata:Cerro,2013-01-24
e13649bc39530abb,source_ood,2,train,Uruguay_Rio_de_la_Plata,Uruguay_Rio_de_la_Plata,waterbody:Uruguay_Rio_de_la_Plata:Malvin,2013-01-24
d4558e6b4534c2f6,source_ood,2,train,Uruguay_Rio_de_la_Plata,Uruguay_Rio_de_la_Plata,waterbody:Uruguay_Rio_de_la_Plata:Carrasco,2013-01-24
2586c87c785a88db,source_ood,2,train,Uruguay_Rio_de_la_Plata,Uruguay_Rio_de_la_Plata,waterbody:Uruguay_Rio_de_la_Plata:Ramirez,2013-01-24
4a2ec7a258d03214,source_ood,2,train,Uruguay_Rio_de_la_Plata,Uruguay_Rio_de_la_Plata,waterbody:Uruguay_Rio_de_la_Plata:PocitosBarreiro,2013-01-24
72ed13d3d0648ff3,source_ood,2,train,Uruguay_Rio_de_la_Plata,Uruguay_Rio_de_la_Plata,waterbody:Uruguay_Rio_de_la_Plata:PajasBlancas,2013-01-28
416ff5687299eaa8,source_ood,2,train,Uruguay_Rio_de_la_Plata,Uruguay_Rio_de_la_Plata,waterbody:Uruguay_Rio_de_la_Plata:Carrasco,2013-01-28
ab063d2c1099b57b,source_ood,2,train,Uruguay_Rio_de_la_Plata,Uruguay_Rio_de_la_Plata,waterbody:Uruguay_Rio_de_la_Plata:PocitosBarreiro,2013-01-28
b3488d2bfcd7dd1c,source_ood,2,train,Uruguay_Rio_de_la_Plata,Uruguay_Rio_de_la_Plata,waterbody:Uruguay_Rio_de_la_Plata:Cerro,2013-01-28
8a7bdbbaf0cda1be,source_ood,2,train,Uruguay_Rio_de_la_Plata,Uruguay_Rio_de_la_Plata,waterbody:Uruguay_Rio_de_la_Plata:Ramirez,2013-01-28
b67c6734c2249ceb,source_ood,2,train,Uruguay_Rio_de_la_Plata,Uruguay_Rio_de_la_Plata,waterbody:Uruguay_Rio_de_la_Plata:Malvin,2013-01-28
90f5fb463dbceee9,source_ood,2,train,Uruguay_Rio_de_la_Plata,Uruguay_Rio_de_la_Plata,waterbody:Uruguay_Rio_de_la_Plata:Cerro,2013-02-07
e14cdad99d70975d,source_ood,2,train,Uruguay_Rio_de_la_Plata,Uruguay_Rio_de_la_Plata,waterbody:Uruguay_Rio_de_la_Plata:Ramirez,2013-02-07
52631d6987f1e948,source_ood,2,train,Uruguay_Rio_de_la_Plata,Uruguay_Rio_de_la_Plata,waterbody:Uruguay_Rio_de_la_Plata:Carrasco,2013-02-07
b12b5ab45caeeaf4,source_ood,2,train,Uruguay_Rio_de_la_Plata,Uruguay_Rio_de_la_Plata,waterbody:Uruguay_Rio_de_la_Plata:PajasBlancas,2013-02-07
582430bfac307b69,source_ood,2,train,Uruguay_Rio_de_la_Plata,Uruguay_Rio_de_la_Plata,waterbody:Uruguay_Rio_de_la_Plata:PocitosBarreiro,2013-02-07
c2d6f53d9aef9820,source_ood,2,train,Uruguay_Rio_de_la_Plata,Uruguay_Rio_de_la_Plata,waterbody:Uruguay_Rio_de_la_Plata:Malvin,2013-02-07
153651a255c67ead,source_ood,2,train,Uruguay_Rio_de_la_Plata,Uruguay_Rio_de_la_Plata,waterbody:Uruguay_Rio_de_la_Plata:Ramirez,2013-02-13
927db7e4add9e6ea,source_ood,2,train,Uruguay_Rio_de_la_Plata,Uruguay_Rio_de_la_Plata,waterbody:Uruguay_Rio_de_la_Plata:Nacional,2013-02-13
cc619b9cde5b09b0,source_ood,2,train,Uruguay_Rio_de_la_Plata,Uruguay_Rio_de_la_Plata,waterbody:Uruguay_Rio_de_la_Plata:Carrasco,2013-02-13
c152ec3416a8b1e5,source_ood,2,train,Uruguay_Rio_de_la_Plata,Uruguay_Rio_de_la_Plata,waterbody:Uruguay_Rio_de_la_Plata:PocitosBarreiro,2013-02-13
c2f63bd3bd2c8438,source_ood,2,train,Uruguay_Rio_de_la_Plata,Uruguay_Rio_de_la_Plata,waterbody:Uruguay_Rio_de_la_Plata:PajasBlancas,2013-02-13
b75d87b95413187e,source_ood,2,train,Uruguay_Rio_de_la_Plata,Uruguay_Rio_de_la_Plata,waterbody:Uruguay_Rio_de_la_Plata:Cerro,2013-02-13
1fd7780460ce3313,source_ood,2,train,Uruguay_Rio_de_la_Plata,Uruguay_Rio_de_la_Plata,waterbody:Uruguay_Rio_de_la_Plata:Malvin,2013-02-13
2dbf5ae03eff3ab7,source_ood,2,train,Uruguay_Rio_de_la_Plata,Uruguay_Rio_de_la_Plata,waterbody:Uruguay_Rio_de_la_Plata:Malvin,2013-02-22
197b3a3aff76ca93,source_ood,2,train,Uruguay_Rio_de_la_Plata,Uruguay_Rio_de_la_Plata,waterbody:Uruguay_Rio_de_la_Plata:Carrasco,2013-02-22
f07433b9cb6802de,source_ood,2,train,Uruguay_Rio_de_la_Plata,Uruguay_Rio_de_la_Plata,waterbody:Uruguay_Rio_de_la_Plata:PajasBlancas,2013-02-22
63766c33fe761aea,source_ood,2,train,Uruguay_Rio_de_la_Plata,Uruguay_Rio_de_la_Plata,waterbody:Uruguay_Rio_de_la_Plata:PocitosBarreiro,2013-02-22
7eb53b18a712b8d0,source_ood,2,train,Uruguay_Rio_de_la_Plata,Uruguay_Rio_de_la_Plata,waterbody:Uruguay_Rio_de_la_Plata:Ramirez,2013-02-22
d999ecde620f56d8,source_ood,2,train,Uruguay_Rio_de_la_Plata,Uruguay_Rio_de_la_Plata,waterbody:Uruguay_Rio_de_la_Plata:Cerro,2013-02-22
fdaf0d2d5627a5cd,source_ood,2,train,Uruguay_Rio_de_la_Plata,Uruguay_Rio_de_la_Plata,waterbody:Uruguay_Rio_de_la_Plata:Malvin,2013-02-26
4aaf920bed65876a,source_ood,2,train,Uruguay_Rio_de_la_Plata,Uruguay_Rio_de_la_Plata,waterbody:Uruguay_Rio_de_la_Plata:PocitosBarreiro,2013-02-26
e8bf4ad4a13d9349,source_ood,2,train,Uruguay_Rio_de_la_Plata,Uruguay_Rio_de_la_Plata,waterbody:Uruguay_Rio_de_la_Plata:Carrasco,2013-02-26
148ef5147e2224cc,source_ood,2,train,Uruguay_Rio_de_la_Plata,Uruguay_Rio_de_la_Plata,waterbody:Uruguay_Rio_de_la_Plata:PajasBlancas,2013-02-26
d8fa8048167cd2cf,source_ood,2,train,Uruguay_Rio_de_la_Plata,Uruguay_Rio_de_la_Plata,waterbody:Uruguay_Rio_de_la_Plata:Cerro,2013-02-26
22429ee46bd0bdcd,source_ood,2,train,Uruguay_Rio_de_la_Plata,Uruguay_Rio_de_la_Plata,waterbody:Uruguay_Rio_de_la_Plata:Malvin,2013-03-04
600480551427f41f,source_ood,2,train,Uruguay_Rio_de_la_Plata,Uruguay_Rio_de_la_Plata,waterbody:Uruguay_Rio_de_la_Plata:PocitosBarreiro,2013-03-04
9cfff59df6c62886,source_ood,2,train,Uruguay_Rio_de_la_Plata,Uruguay_Rio_de_la_Plata,waterbody:Uruguay_Rio_de_la_Plata:Carrasco,2013-03-04
5fccd56f355917da,source_ood,2,train,Uruguay_Rio_de_la_Plata,Uruguay_Rio_de_la_Plata,waterbody:Uruguay_Rio_de_la_Plata:PajasBlancas,2013-03-04
a0c0bd97903dae22,source_ood,2,train,Uruguay_Rio_de_la_Plata,Uruguay_Rio_de_la_Plata,waterbody:Uruguay_Rio_de_la_Plata:Ramirez,2013-03-04
c74302df7909a97d,source_ood,2,train,Uruguay_Rio_de_la_Plata,Uruguay_Rio_de_la_Plata,waterbody:Uruguay_Rio_de_la_Plata:Cerro,2013-03-04
980e5d02f18ed966,source_ood,2,train,Uruguay_Rio_de_la_Plata,Uruguay_Rio_de_la_Plata,waterbody:Uruguay_Rio_de_la_Plata:PajasBlancas,2013-03-07
59549186b72eac12,source_ood,2,train,Uruguay_Rio_de_la_Plata,Uruguay_Rio_de_la_Plata,waterbody:Uruguay_Rio_de_la_Plata:Cerro,2013-03-07
450611df124ef0c2,source_ood,2,train,Uruguay_Rio_de_la_Plata,Uruguay_Rio_de_la_Plata,waterbody:Uruguay_Rio_de_la_Plata:Ramirez,2013-03-07
fb26641febdd2884,source_ood,2,train,Uruguay_Rio_de_la_Plata,Uruguay_Rio_de_la_Plata,waterbody:Uruguay_Rio_de_la_Plata:Malvin,2013-03-07
9860c77019d3cabe,source_ood,2,train,Uruguay_Rio_de_la_Plata,Uruguay_Rio_de_la_Plata,waterbody:Uruguay_Rio_de_la_Plata:Carrasco,2013-03-07
ca831fd47e7dbe26,source_ood,2,train,Uruguay_Rio_de_la_Plata,Uruguay_Rio_de_la_Plata,waterbody:Uruguay_Rio_de_la_Plata:PocitosBarreiro,2013-03-07
900a8fd0fea506e6,source_ood,2,train,Uruguay_Rio_de_la_Plata,Uruguay_Rio_de_la_Plata,waterbody:Uruguay_Rio_de_la_Plata:Cerro,2013-03-12
071866126dd002e0,source_ood,2,train,Uruguay_Rio_de_la_Plata,Uruguay_Rio_de_la_Plata,waterbody:Uruguay_Rio_de_la_Plata:Ramirez,2013-03-12
ff0e403a51a26c77,source_ood,2,train,Uruguay_Rio_de_la_Plata,Uruguay_Rio_de_la_Plata,waterbody:Uruguay_Rio_de_la_Plata:PocitosBarreiro,2013-03-12
e369754f3a0e7171,source_ood,2,train,Uruguay_Rio_de_la_Plata,Uruguay_Rio_de_la_Plata,waterbody:Uruguay_Rio_de_la_Plata:PajasBlancas,2013-03-12
0a6c8b96b4a9b6c1,source_ood,2,train,Uruguay_Rio_de_la_Plata,Uruguay_Rio_de_la_Plata,waterbody:Uruguay_Rio_de_la_Plata:Malvin,2013-03-12
a7e3ee5897069465,source_ood,2,train,Uruguay_Rio_de_la_Plata,Uruguay_Rio_de_la_Plata,waterbody:Uruguay_Rio_de_la_Plata:Carrasco,2013-03-12
f1e4de3e84716f78,source_ood,2,train,Uruguay_Rio_de_la_Plata,Uruguay_Rio_de_la_Plata,waterbody:Uruguay_Rio_de_la_Plata:Ramirez,2013-03-13
6d53e57f84e0035e,source_ood,2,train,Uruguay_Rio_de_la_Plata,Uruguay_Rio_de_la_Plata,waterbody:Uruguay_Rio_de_la_Plata:PuertoBuceo,2013-03-17
cd651da8c6bf7ccc,source_ood,2,train,Uruguay_Rio_de_la_Plata,Uruguay_Rio_de_la_Plata,waterbody:Uruguay_Rio_de_la_Plata:Carrasco,2013-03-17
2f3948a9933ed7b7,source_ood,2,train,Uruguay_Rio_de_la_Plata,Uruguay_Rio_de_la_Plata,waterbody:Uruguay_Rio_de_la_Plata:PocitosBarreiro,2013-03-21
6bdcfd5795be57f4,source_ood,2,train,Uruguay_Rio_de_la_Plata,Uruguay_Rio_de_la_Plata,waterbody:Uruguay_Rio_de_la_Plata:PajasBlancas,2013-03-21
2e6497c3f1b4ee97,source_ood,2,train,Uruguay_Rio_de_la_Plata,Uruguay_Rio_de_la_Plata,waterbody:Uruguay_Rio_de_la_Plata:Cerro,2013-03-21
e29b0a0fe6421877,source_ood,2,train,Uruguay_Rio_de_la_Plata,Uruguay_Rio_de_la_Plata,waterbody:Uruguay_Rio_de_la_Plata:Ramirez,2013-03-21
f3ede318c9a82be6,source_ood,2,train,Uruguay_Rio_de_la_Plata,Uruguay_Rio_de_la_Plata,waterbody:Uruguay_Rio_de_la_Plata:PuntaEspinillo,2013-03-21
d3fd720505222a28,source_ood,2,train,Uruguay_Rio_de_la_Plata,Uruguay_Rio_de_la_Plata,waterbody:Uruguay_Rio_de_la_Plata:Malvin,2013-03-21
bb5cd622132f1ef9,source_ood,2,train,Uruguay_Rio_de_la_Plata,Uruguay_Rio_de_la_Plata,waterbody:Uruguay_Rio_de_la_Plata:Carrasco,2013-03-21
8555f4d8bcccf677,source_ood,2,train,Uruguay_Rio_de_la_Plata,Uruguay_Rio_de_la_Plata,waterbody:Uruguay_Rio_de_la_Plata:Ramirez,2013-03-23
fbfc70a41e295067,source_ood,2,train,Uruguay_Rio_de_la_Plata,Uruguay_Rio_de_la_Plata,waterbody:Uruguay_Rio_de_la_Plata:Malvin,2013-04-10
1d9fab3ca4404d64,source_ood,2,train,Uruguay_Rio_de_la_Plata,Uruguay_Rio_de_la_Plata,waterbody:Uruguay_Rio_de_la_Plata:Cerro,2013-04-10
edafcb33b19e645d,source_ood,2,train,Uruguay_Rio_de_la_Plata,Uruguay_Rio_de_la_Plata,waterbody:Uruguay_Rio_de_la_Plata:Carrasco,2013-04-10
1510984a16708d0a,source_ood,2,train,Uruguay_Rio_de_la_Plata,Uruguay_Rio_de_la_Plata,waterbody:Uruguay_Rio_de_la_Plata:Ramirez,2013-04-10
8aef234b910c70a7,source_ood,2,train,Uruguay_Rio_de_la_Plata,Uruguay_Rio_de_la_Plata,waterbody:Uruguay_Rio_de_la_Plata:PajasBlancas,2013-04-10
4feab2a1cb02a55b,source_ood,2,train,Uruguay_Rio_de_la_Plata,Uruguay_Rio_de_la_Plata,waterbody:Uruguay_Rio_de_la_Plata:PocitosBarreiro,2013-04-10
0d9094611dd2130e,source_ood,2,train,Uruguay_Rio_de_la_Plata,Uruguay_Rio_de_la_Plata,waterbody:Uruguay_Rio_de_la_Plata:Malvin,2013-04-17
af30b13014a3600f,source_ood,2,train,Uruguay_Rio_de_la_Plata,Uruguay_Rio_de_la_Plata,waterbody:Uruguay_Rio_de_la_Plata:PajasBlancas,2013-04-17
b9d7c6390edc94b3,source_ood,2,train,Uruguay_Rio_de_la_Plata,Uruguay_Rio_de_la_Plata,waterbody:Uruguay_Rio_de_la_Plata:Cerro,2013-04-17
facbdafcc4d42eb0,source_ood,2,train,Uruguay_Rio_de_la_Plata,Uruguay_Rio_de_la_Plata,waterbody:Uruguay_Rio_de_la_Plata:Ramirez,2013-04-17
cca2bcccea3072ef,source_ood,2,train,Uruguay_Rio_de_la_Plata,Uruguay_Rio_de_la_Plata,waterbody:Uruguay_Rio_de_la_Plata:Carrasco,2013-04-17
27db7f47d9a31403,source_ood,2,train,Uruguay_Rio_de_la_Plata,Uruguay_Rio_de_la_Plata,waterbody:Uruguay_Rio_de_la_Plata:Honda,2013-04-17
adebbbc4d37ffbe8,source_ood,2,train,Uruguay_Rio_de_la_Plata,Uruguay_Rio_de_la_Plata,waterbody:Uruguay_Rio_de_la_Plata:Ingleses,2013-04-29
de536e81c74c2068,source_ood,2,train,Uruguay_Rio_de_la_Plata,Uruguay_Rio_de_la_Plata,waterbody:Uruguay_Rio_de_la_Plata:Verde,2013-04-29
e82f3766061cbc1b,source_ood,2,train,Uruguay_Rio_de_la_Plata,Uruguay_Rio_de_la_Plata,waterbody:Uruguay_Rio_de_la_Plata:PajasBlancas,2013-05-02
23dc663a99dc3459,source_ood,2,train,Uruguay_Rio_de_la_Plata,Uruguay_Rio_de_la_Plata,waterbody:Uruguay_Rio_de_la_Plata:Carrasco,2013-05-02
035cd112c33236d4,source_ood,2,train,Uruguay_Rio_de_la_Plata,Uruguay_Rio_de_la_Plata,waterbody:Uruguay_Rio_de_la_Plata:PocitosBarreiro,2013-05-02
2b083fa51129ee62,source_ood,2,train,Uruguay_Rio_de_la_Plata,Uruguay_Rio_de_la_Plata,waterbody:Uruguay_Rio_de_la_Plata:Cerro,2013-05-02
2329dbf8b363cebf,source_ood,2,train,Uruguay_Rio_de_la_Plata,Uruguay_Rio_de_la_Plata,waterbody:Uruguay_Rio_de_la_Plata:Ramirez,2013-05-02
c3122d63b5e2addc,source_ood,2,train,Uruguay_Rio_de_la_Plata,Uruguay_Rio_de_la_Plata,waterbody:Uruguay_Rio_de_la_Plata:Malvin,2013-05-02
0b54266beef93937,source_ood,2,train,Uruguay_Rio_de_la_Plata,Uruguay_Rio_de_la_Plata,waterbody:Uruguay_Rio_de_la_Plata:Carrasco,2013-05-25
4eb84c9300bef0d4,source_ood,2,train,Uruguay_Rio_de_la_Plata,Uruguay_Rio_de_la_Plata,waterbody:Uruguay_Rio_de_la_Plata:PocitosBarreiro,2013-05-25
78ab2c567ea7da24,source_ood,2,train,Uruguay_Rio_de_la_Plata,Uruguay_Rio_de_la_Plata,waterbody:Uruguay_Rio_de_la_Plata:Malvin,2013-05-25
9730f628c42705bb,source_ood,2,train,Uruguay_Rio_de_la_Plata,Uruguay_Rio_de_la_Plata,waterbody:Uruguay_Rio_de_la_Plata:PajasBlancas,2013-05-25
9140cc5eead7ec28,source_ood,2,train,Uruguay_Rio_de_la_Plata,Uruguay_Rio_de_la_Plata,waterbody:Uruguay_Rio_de_la_Plata:Cerro,2013-05-25
2718c9d4148e77b0,source_ood,2,train,Uruguay_Rio_de_la_Plata,Uruguay_Rio_de_la_Plata,waterbody:Uruguay_Rio_de_la_Plata:Ramirez,2013-05-25
22dcc4e47fcd08f7,source_ood,2,train,Uruguay_Rio_de_la_Plata,Uruguay_Rio_de_la_Plata,waterbody:Uruguay_Rio_de_la_Plata:Ramirez,2013-06-03
c7c835afd033c37e,source_ood,2,train,Uruguay_Rio_de_la_Plata,Uruguay_Rio_de_la_Plata,waterbody:Uruguay_Rio_de_la_Plata:Malvin,2013-06-03
c18bdac1f1a867d4,source_ood,2,train,Uruguay_Rio_de_la_Plata,Uruguay_Rio_de_la_Plata,waterbody:Uruguay_Rio_de_la_Plata:PocitosBarreiro,2013-06-03
42cddcb133f9d6a1,source_ood,2,train,Uruguay_Rio_de_la_Plata,Uruguay_Rio_de_la_Plata,waterbody:Uruguay_Rio_de_la_Plata:PajasBlancas,2013-06-03
17b8adec0473a1bf,source_ood,2,train,Uruguay_Rio_de_la_Plata,Uruguay_Rio_de_la_Plata,waterbody:Uruguay_Rio_de_la_Plata:Cerro,2013-06-03
37410da2b3cf76ff,source_ood,2,train,Uruguay_Rio_de_la_Plata,Uruguay_Rio_de_la_Plata,waterbody:Uruguay_Rio_de_la_Plata:Carrasco,2013-06-03
7f29552c20a81330,source_ood,2,train,Uruguay_Rio_de_la_Plata,Uruguay_Rio_de_la_Plata,waterbody:Uruguay_Rio_de_la_Plata:PocitosBarreiro,2013-06-18
d0dd3e804fa0e434,source_ood,2,train,Uruguay_Rio_de_la_Plata,Uruguay_Rio_de_la_Plata,waterbody:Uruguay_Rio_de_la_Plata:Ramirez,2013-06-18
c78942ba7d0ec6e8,source_ood,2,train,Uruguay_Rio_de_la_Plata,Uruguay_Rio_de_la_Plata,waterbody:Uruguay_Rio_de_la_Plata:PajasBlancas,2013-06-18
a556cedb68b094bf,source_ood,2,train,Uruguay_Rio_de_la_Plata,Uruguay_Rio_de_la_Plata,waterbody:Uruguay_Rio_de_la_Plata:Cerro,2013-06-18
d0664fd40498ac7d,source_ood,2,train,Uruguay_Rio_de_la_Plata,Uruguay_Rio_de_la_Plata,waterbody:Uruguay_Rio_de_la_Plata:Malvin,2013-06-18
4f4472cd8f96e597,source_ood,2,train,Uruguay_Rio_de_la_Plata,Uruguay_Rio_de_la_Plata,waterbody:Uruguay_Rio_de_la_Plata:Carrasco,2013-06-18
7b82d4889b8c6440,source_ood,2,train,Uruguay_Rio_de_la_Plata,Uruguay_Rio_de_la_Plata,waterbody:Uruguay_Rio_de_la_Plata:PocitosBarreiro,2013-07-04
50b7e979fbfd5afc,source_ood,2,train,Uruguay_Rio_de_la_Plata,Uruguay_Rio_de_la_Plata,waterbody:Uruguay_Rio_de_la_Plata:Malvin,2013-07-04
ec8c0c473d67006b,source_ood,2,train,Uruguay_Rio_de_la_Plata,Uruguay_Rio_de_la_Plata,waterbody:Uruguay_Rio_de_la_Plata:Cerro,2013-07-04
a63a0bc4ebfa2a10,source_ood,2,train,Uruguay_Rio_de_la_Plata,Uruguay_Rio_de_la_Plata,waterbody:Uruguay_Rio_de_la_Plata:Ramirez,2013-07-04
58f9948f2d79244a,source_ood,2,train,Uruguay_Rio_de_la_Plata,Uruguay_Rio_de_la_Plata,waterbody:Uruguay_Rio_de_la_Plata:Carrasco,2013-07-04
07c76a100616bb76,source_ood,2,train,Uruguay_Rio_de_la_Plata,Uruguay_Rio_de_la_Plata,waterbody:Uruguay_Rio_de_la_Plata:PajasBlancas,2013-07-04
0c28df9509040081,source_ood,2,train,Uruguay_Rio_de_la_Plata,Uruguay_Rio_de_la_Plata,waterbody:Uruguay_Rio_de_la_Plata:PocitosBarreiro,2013-07-17
137321f438e8a508,source_ood,2,train,Uruguay_Rio_de_la_Plata,Uruguay_Rio_de_la_Plata,waterbody:Uruguay_Rio_de_la_Plata:Ramirez,2013-07-17
be80fae7d8461ea0,source_ood,2,train,Uruguay_Rio_de_la_Plata,Uruguay_Rio_de_la_Plata,waterbody:Uruguay_Rio_de_la_Plata:Carrasco,2013-07-17
68c57f1a27d00121,source_ood,2,train,Uruguay_Rio_de_la_Plata,Uruguay_Rio_de_la_Plata,waterbody:Uruguay_Rio_de_la_Plata:Cerro,2013-07-17
d9721912029b6db9,source_ood,2,train,Uruguay_Rio_de_la_Plata,Uruguay_Rio_de_la_Plata,waterbody:Uruguay_Rio_de_la_Plata:PajasBlancas,2013-07-17
000f2b7713aade38,source_ood,2,train,Uruguay_Rio_de_la_Plata,Uruguay_Rio_de_la_Plata,waterbody:Uruguay_Rio_de_la_Plata:Malvin,2013-07-17
023ff9b9251a9bfa,source_ood,2,train,Uruguay_Rio_de_la_Plata,Uruguay_Rio_de_la_Plata,waterbody:Uruguay_Rio_de_la_Plata:PajasBlancas,2013-07-29
98cb068de4395929,source_ood,2,train,Uruguay_Rio_de_la_Plata,Uruguay_Rio_de_la_Plata,waterbody:Uruguay_Rio_de_la_Plata:Cerro,2013-07-29
c01f67c592ea5223,source_ood,2,train,Uruguay_Rio_de_la_Plata,Uruguay_Rio_de_la_Plata,waterbody:Uruguay_Rio_de_la_Plata:Ramirez,2013-07-29
aedb467ce3a1a66c,source_ood,2,train,Uruguay_Rio_de_la_Plata,Uruguay_Rio_de_la_Plata,waterbody:Uruguay_Rio_de_la_Plata:PocitosBarreiro,2013-07-29
f40b9a2fe85e50b4,source_ood,2,train,Uruguay_Rio_de_la_Plata,Uruguay_Rio_de_la_Plata,waterbody:Uruguay_Rio_de_la_Plata:Malvin,2013-07-29
ad54e0427c11de7c,source_ood,2,train,Uruguay_Rio_de_la_Plata,Uruguay_Rio_de_la_Plata,waterbody:Uruguay_Rio_de_la_Plata:Carrasco,2013-07-29
ed0f6ba78c525401,source_ood,2,train,Uruguay_Rio_de_la_Plata,Uruguay_Rio_de_la_Plata,waterbody:Uruguay_Rio_de_la_Plata:Cerro,2013-08-08
989a5e11419979c4,source_ood,2,train,Uruguay_Rio_de_la_Plata,Uruguay_Rio_de_la_Plata,waterbody:Uruguay_Rio_de_la_Plata:Carrasco,2013-08-08
1b3232a6a411f232,source_ood,2,train,Uruguay_Rio_de_la_Plata,Uruguay_Rio_de_la_Plata,waterbody:Uruguay_Rio_de_la_Plata:PajasBlancas,2013-08-08
7e5e07ca3beee004,source_ood,2,train,Uruguay_Rio_de_la_Plata,Uruguay_Rio_de_la_Plata,waterbody:Uruguay_Rio_de_la_Plata:Ramirez,2013-08-08
dc2ecb4254d09a2e,source_ood,2,train,Uruguay_Rio_de_la_Plata,Uruguay_Rio_de_la_Plata,waterbody:Uruguay_Rio_de_la_Plata:PocitosBarreiro,2013-08-08
b36350f8b84e558d,source_ood,2,train,Uruguay_Rio_de_la_Plata,Uruguay_Rio_de_la_Plata,waterbody:Uruguay_Rio_de_la_Plata:Malvin,2013-08-08
d7a06f3a77835ea0,source_ood,2,train,Uruguay_Rio_de_la_Plata,Uruguay_Rio_de_la_Plata,waterbody:Uruguay_Rio_de_la_Plata:Carrasco,2013-08-19
528e27e5ff0e7595,source_ood,2,train,Uruguay_Rio_de_la_Plata,Uruguay_Rio_de_la_Plata,waterbody:Uruguay_Rio_de_la_Plata:Cerro,2013-08-19
73e82cf2280440d4,source_ood,2,train,Uruguay_Rio_de_la_Plata,Uruguay_Rio_de_la_Plata,waterbody:Uruguay_Rio_de_la_Plata:PajasBlancas,2013-08-19
1e427cbd3ec06319,source_ood,2,train,Uruguay_Rio_de_la_Plata,Uruguay_Rio_de_la_Plata,waterbody:Uruguay_Rio_de_la_Plata:PocitosBarreiro,2013-08-19
21593f641f56e40c,source_ood,2,train,Uruguay_Rio_de_la_Plata,Uruguay_Rio_de_la_Plata,waterbody:Uruguay_Rio_de_la_Plata:Ramirez,2013-08-19
59b27a7abcc59bdd,source_ood,2,train,Uruguay_Rio_de_la_Plata,Uruguay_Rio_de_la_Plata,waterbody:Uruguay_Rio_de_la_Plata:Malvin,2013-08-19
248c1e1841995b96,source_ood,2,train,Uruguay_Rio_de_la_Plata,Uruguay_Rio_de_la_Plata,waterbody:Uruguay_Rio_de_la_Plata:SantaCatalina,2013-09-04
b6698d66812eee33,source_ood,2,train,Uruguay_Rio_de_la_Plata,Uruguay_Rio_de_la_Plata,waterbody:Uruguay_Rio_de_la_Plata:Cerro,2013-09-04
193105a85bb20acf,source_ood,2,train,Uruguay_Rio_de_la_Plata,Uruguay_Rio_de_la_Plata,waterbody:Uruguay_Rio_de_la_Plata:Ramirez,2013-09-04
1c863f26a7106c2f,source_ood,2,train,Uruguay_Rio_de_la_Plata,Uruguay_Rio_de_la_Plata,waterbody:Uruguay_Rio_de_la_Plata:PajasBlancas,2013-09-04
90ec49641d9766af,source_ood,2,train,Uruguay_Rio_de_la_Plata,Uruguay_Rio_de_la_Plata,waterbody:Uruguay_Rio_de_la_Plata:Malvin,2013-09-04
719dc544e583eb88,source_ood,2,train,Uruguay_Rio_de_la_Plata,Uruguay_Rio_de_la_Plata,waterbody:Uruguay_Rio_de_la_Plata:PocitosBarreiro,2013-09-04
3c7054d0ea51e8da,source_ood,2,train,Uruguay_Rio_de_la_Plata,Uruguay_Rio_de_la_Plata,waterbody:Uruguay_Rio_de_la_Plata:Carrasco,2013-09-04
2d49dff5abccfff1,source_ood,2,train,Uruguay_Rio_de_la_Plata,Uruguay_Rio_de_la_Plata,waterbody:Uruguay_Rio_de_la_Plata:PuntaEspinillo,2013-09-04
b2072a8c44d0be02,source_ood,2,train,Uruguay_Rio_de_la_Plata,Uruguay_Rio_de_la_Plata,waterbody:Uruguay_Rio_de_la_Plata:PajasBlancas,2013-09-19
b9f73bcd9a00b577,source_ood,2,train,Uruguay_Rio_de_la_Plata,Uruguay_Rio_de_la_Plata,waterbody:Uruguay_Rio_de_la_Plata:Carrasco,2013-09-19
b7345b9ea4d4b01b,source_ood,2,train,Uruguay_Rio_de_la_Plata,Uruguay_Rio_de_la_Plata,waterbody:Uruguay_Rio_de_la_Plata:Cerro,2013-09-19
64352c029e8f9dd7,source_ood,2,train,Uruguay_Rio_de_la_Plata,Uruguay_Rio_de_la_Plata,waterbody:Uruguay_Rio_de_la_Plata:Ramirez,2013-09-19
1e0a695e547a36a6,source_ood,2,train,Uruguay_Rio_de_la_Plata,Uruguay_Rio_de_la_Plata,waterbody:Uruguay_Rio_de_la_Plata:PocitosBarreiro,2013-09-19
46885caef0620e18,source_ood,2,train,Uruguay_Rio_de_la_Plata,Uruguay_Rio_de_la_Plata,waterbody:Uruguay_Rio_de_la_Plata:Malvin,2013-09-19
738cf05bd94422e3,source_ood,2,train,Uruguay_Rio_de_la_Plata,Uruguay_Rio_de_la_Plata,waterbody:Uruguay_Rio_de_la_Plata:PocitosBarreiro,2013-09-30
34c58c214a484bcc,source_ood,2,train,Uruguay_Rio_de_la_Plata,Uruguay_Rio_de_la_Plata,waterbody:Uruguay_Rio_de_la_Plata:Carrasco,2013-09-30
8e4f5cf4cbad8054,source_ood,2,train,Uruguay_Rio_de_la_Plata,Uruguay_Rio_de_la_Plata,waterbody:Uruguay_Rio_de_la_Plata:Malvin,2013-09-30
2ca5155cd70db118,source_ood,2,train,Uruguay_Rio_de_la_Plata,Uruguay_Rio_de_la_Plata,waterbody:Uruguay_Rio_de_la_Plata:PajasBlancas,2013-09-30
81822534a524bf6d,source_ood,2,train,Uruguay_Rio_de_la_Plata,Uruguay_Rio_de_la_Plata,waterbody:Uruguay_Rio_de_la_Plata:Cerro,2013-09-30
ea840b960767f6d5,source_ood,2,train,Uruguay_Rio_de_la_Plata,Uruguay_Rio_de_la_Plata,waterbody:Uruguay_Rio_de_la_Plata:Ramirez,2013-09-30
27fee91a64d1b9d3,source_ood,2,train,Uruguay_Rio_de_la_Plata,Uruguay_Rio_de_la_Plata,waterbody:Uruguay_Rio_de_la_Plata:Cerro,2013-10-11
2ff29b70fadb9563,source_ood,2,train,Uruguay_Rio_de_la_Plata,Uruguay_Rio_de_la_Plata,waterbody:Uruguay_Rio_de_la_Plata:Ramirez,2013-10-11
016ecd552f6bce2e,source_ood,2,train,Uruguay_Rio_de_la_Plata,Uruguay_Rio_de_la_Plata,waterbody:Uruguay_Rio_de_la_Plata:PocitosBarreiro,2013-10-11
bd3bbd89f2fbde55,source_ood,2,train,Uruguay_Rio_de_la_Plata,Uruguay_Rio_de_la_Plata,waterbody:Uruguay_Rio_de_la_Plata:Malvin,2013-10-11
ec32077493d563d0,source_ood,2,train,Uruguay_Rio_de_la_Plata,Uruguay_Rio_de_la_Plata,waterbody:Uruguay_Rio_de_la_Plata:PajasBlancas,2013-10-11
a827ad3231c4b36c,source_ood,2,train,Uruguay_Rio_de_la_Plata,Uruguay_Rio_de_la_Plata,waterbody:Uruguay_Rio_de_la_Plata:Carrasco,2013-10-11
abdfb7838153396f,source_ood,2,train,Uruguay_Rio_de_la_Plata,Uruguay_Rio_de_la_Plata,waterbody:Uruguay_Rio_de_la_Plata:Cerro,2013-10-24
ec0ce689cc6b810b,source_ood,2,train,Uruguay_Rio_de_la_Plata,Uruguay_Rio_de_la_Plata,waterbody:Uruguay_Rio_de_la_Plata:Ramirez,2013-10-24
4b146a769cd5b67e,source_ood,2,train,Uruguay_Rio_de_la_Plata,Uruguay_Rio_de_la_Plata,waterbody:Uruguay_Rio_de_la_Plata:PocitosBarreiro,2013-10-24
80637b9c856e2987,source_ood,2,train,Uruguay_Rio_de_la_Plata,Uruguay_Rio_de_la_Plata,waterbody:Uruguay_Rio_de_la_Plata:Carrasco,2013-10-24
b26249144f8907a2,source_ood,2,train,Uruguay_Rio_de_la_Plata,Uruguay_Rio_de_la_Plata,waterbody:Uruguay_Rio_de_la_Plata:PajasBlancas,2013-10-24
4b44a6bc7e7a0c3f,source_ood,2,train,Uruguay_Rio_de_la_Plata,Uruguay_Rio_de_la_Plata,waterbody:Uruguay_Rio_de_la_Plata:Malvin,2013-10-24
282e0ca086309364,source_ood,2,train,Uruguay_Rio_de_la_Plata,Uruguay_Rio_de_la_Plata,waterbody:Uruguay_Rio_de_la_Plata:PajasBlancas,2013-11-05
37fd9f6947500378,source_ood,2,train,Uruguay_Rio_de_la_Plata,Uruguay_Rio_de_la_Plata,waterbody:Uruguay_Rio_de_la_Plata:Malvin,2013-11-05
1567a57b78b779b7,source_ood,2,train,Uruguay_Rio_de_la_Plata,Uruguay_Rio_de_la_Plata,waterbody:Uruguay_Rio_de_la_Plata:Carrasco,2013-11-05
29e0812eea6cf391,source_ood,2,train,Uruguay_Rio_de_la_Plata,Uruguay_Rio_de_la_Plata,waterbody:Uruguay_Rio_de_la_Plata:Cerro,2013-11-05
110b9ce97cfa1770,source_ood,2,train,Uruguay_Rio_de_la_Plata,Uruguay_Rio_de_la_Plata,waterbody:Uruguay_Rio_de_la_Plata:Ramirez,2013-11-05
415adc77c8552a8c,source_ood,2,train,Uruguay_Rio_de_la_Plata,Uruguay_Rio_de_la_Plata,waterbody:Uruguay_Rio_de_la_Plata:PocitosBarreiro,2013-11-05
198246886204aee7,source_ood,2,train,Uruguay_Rio_de_la_Plata,Uruguay_Rio_de_la_Plata,waterbody:Uruguay_Rio_de_la_Plata:Cerro,2013-11-13
0d4b2cf81a921d6b,source_ood,2,train,Uruguay_Rio_de_la_Plata,Uruguay_Rio_de_la_Plata,waterbody:Uruguay_Rio_de_la_Plata:PocitosBarreiro,2013-11-13
752df183bad132c6,source_ood,2,train,Uruguay_Rio_de_la_Plata,Uruguay_Rio_de_la_Plata,waterbody:Uruguay_Rio_de_la_Plata:Carrasco,2013-11-13
7aab2d3fceb6d977,source_ood,2,train,Uruguay_Rio_de_la_Plata,Uruguay_Rio_de_la_Plata,waterbody:Uruguay_Rio_de_la_Plata:Malvin,2013-11-13
4b91dd846f235bc0,source_ood,2,train,Uruguay_Rio_de_la_Plata,Uruguay_Rio_de_la_Plata,waterbody:Uruguay_Rio_de_la_Plata:PajasBlancas,2013-11-13
f5d9c8b1c1520ad1,source_ood,2,train,Uruguay_Rio_de_la_Plata,Uruguay_Rio_de_la_Plata,waterbody:Uruguay_Rio_de_la_Plata:Ramirez,2013-11-13
bd94cd2235509214,source_ood,2,train,Uruguay_Rio_de_la_Plata,Uruguay_Rio_de_la_Plata,waterbody:Uruguay_Rio_de_la_Plata:PocitosBarreiro,2013-11-19
60402a81cb89937c,source_ood,2,train,Uruguay_Rio_de_la_Plata,Uruguay_Rio_de_la_Plata,waterbody:Uruguay_Rio_de_la_Plata:PajasBlancas,2013-11-19
fa887a7486689e40,source_ood,2,train,Uruguay_Rio_de_la_Plata,Uruguay_Rio_de_la_Plata,waterbody:Uruguay_Rio_de_la_Plata:Malvin,2013-11-19
08880fe6058d0f30,source_ood,2,train,Uruguay_Rio_de_la_Plata,Uruguay_Rio_de_la_Plata,waterbody:Uruguay_Rio_de_la_Plata:Carrasco,2013-11-19
aa18f3a30732e599,source_ood,2,train,Uruguay_Rio_de_la_Plata,Uruguay_Rio_de_la_Plata,waterbody:Uruguay_Rio_de_la_Plata:Cerro,2013-11-19
50e148eb67ecadaa,source_ood,2,train,Uruguay_Rio_de_la_Plata,Uruguay_Rio_de_la_Plata,waterbody:Uruguay_Rio_de_la_Plata:Ramirez,2013-11-19
241e9cd84599a853,source_ood,2,train,Uruguay_Rio_de_la_Plata,Uruguay_Rio_de_la_Plata,waterbody:Uruguay_Rio_de_la_Plata:Carrasco,2013-11-28
0af0305e7c3aff78,source_ood,2,train,Uruguay_Rio_de_la_Plata,Uruguay_Rio_de_la_Plata,waterbody:Uruguay_Rio_de_la_Plata:Cerro,2013-11-28
788a24e9d3f9eae0,source_ood,2,train,Uruguay_Rio_de_la_Plata,Uruguay_Rio_de_la_Plata,waterbody:Uruguay_Rio_de_la_Plata:Ramirez,2013-11-28
9646a4bc84ef754b,source_ood,2,train,Uruguay_Rio_de_la_Plata,Uruguay_Rio_de_la_Plata,waterbody:Uruguay_Rio_de_la_Plata:PajasBlancas,2013-11-28
b6ef9b6f29529525,source_ood,2,train,Uruguay_Rio_de_la_Plata,Uruguay_Rio_de_la_Plata,waterbody:Uruguay_Rio_de_la_Plata:Malvin,2013-11-28
6c4f65ed787449d9,source_ood,2,train,Uruguay_Rio_de_la_Plata,Uruguay_Rio_de_la_Plata,waterbody:Uruguay_Rio_de_la_Plata:PocitosBarreiro,2013-11-28
484f68cf3c5da063,source_ood,2,train,Uruguay_Rio_de_la_Plata,Uruguay_Rio_de_la_Plata,waterbody:Uruguay_Rio_de_la_Plata:SantaCatalina,2013-11-29
febe148edf7bb221,source_ood,2,train,Uruguay_Rio_de_la_Plata,Uruguay_Rio_de_la_Plata,waterbody:Uruguay_Rio_de_la_Plata:PuntaEspinillo,2013-11-29
d833765e3971d75e,source_ood,2,train,Uruguay_Rio_de_la_Plata,Uruguay_Rio_de_la_Plata,waterbody:Uruguay_Rio_de_la_Plata:PajasBlancas,2013-11-29
51cadb49f8c8a83b,source_ood,2,train,Uruguay_Rio_de_la_Plata,Uruguay_Rio_de_la_Plata,waterbody:Uruguay_Rio_de_la_Plata:Ramirez,2013-11-29
ab86de322e83396d,source_ood,2,train,Uruguay_Rio_de_la_Plata,Uruguay_Rio_de_la_Plata,waterbody:Uruguay_Rio_de_la_Plata:PocitosBarreiro,2013-11-29
044f255b0eb4f7d2,source_ood,2,train,Uruguay_Rio_de_la_Plata,Uruguay_Rio_de_la_Plata,waterbody:Uruguay_Rio_de_la_Plata:Malvin,2013-11-29
6b0733fe678585f1,source_ood,2,train,Uruguay_Rio_de_la_Plata,Uruguay_Rio_de_la_Plata,waterbody:Uruguay_Rio_de_la_Plata:Cerro,2013-11-29
fbb4bb51ca1eb364,source_ood,2,train,Uruguay_Rio_de_la_Plata,Uruguay_Rio_de_la_Plata,waterbody:Uruguay_Rio_de_la_Plata:Carrasco,2013-11-29
31862e8a3287f721,source_ood,2,train,Uruguay_Rio_de_la_Plata,Uruguay_Rio_de_la_Plata,waterbody:Uruguay_Rio_de_la_Plata:Ingleses,2013-11-29
08eb84dc8dfe5efe,source_ood,2,train,Uruguay_Rio_de_la_Plata,Uruguay_Rio_de_la_Plata,waterbody:Uruguay_Rio_de_la_Plata:PocitosBarreiro,2013-12-02
c48f445729e32d64,source_ood,2,train,Uruguay_Rio_de_la_Plata,Uruguay_Rio_de_la_Plata,waterbody:Uruguay_Rio_de_la_Plata:Malvin,2013-12-02
b2512b340596fbbe,source_ood,2,train,Uruguay_Rio_de_la_Plata,Uruguay_Rio_de_la_Plata,waterbody:Uruguay_Rio_de_la_Plata:PajasBlancas,2013-12-02
e994a5e857de57d8,source_ood,2,train,Uruguay_Rio_de_la_Plata,Uruguay_Rio_de_la_Plata,waterbody:Uruguay_Rio_de_la_Plata:Cerro,2013-12-02
94ceaa7466772495,source_ood,2,train,Uruguay_Rio_de_la_Plata,Uruguay_Rio_de_la_Plata,waterbody:Uruguay_Rio_de_la_Plata:Ramirez,2013-12-02
3909db9a55cbc054,source_ood,2,train,Uruguay_Rio_de_la_Plata,Uruguay_Rio_de_la_Plata,waterbody:Uruguay_Rio_de_la_Plata:Carrasco,2013-12-02
d88840c1009f189d,source_ood,2,train,Uruguay_Rio_de_la_Plata,Uruguay_Rio_de_la_Plata,waterbody:Uruguay_Rio_de_la_Plata:Carrasco,2013-12-13
1befc2a38ac8bb37,source_ood,2,train,Uruguay_Rio_de_la_Plata,Uruguay_Rio_de_la_Plata,waterbody:Uruguay_Rio_de_la_Plata:PajasBlancas,2013-12-13
5266c48940952cf1,source_ood,2,train,Uruguay_Rio_de_la_Plata,Uruguay_Rio_de_la_Plata,waterbody:Uruguay_Rio_de_la_Plata:Ramirez,2013-12-13
6d8179b32267434e,source_ood,2,train,Uruguay_Rio_de_la_Plata,Uruguay_Rio_de_la_Plata,waterbody:Uruguay_Rio_de_la_Plata:Cerro,2013-12-13
f50e700966fb1410,source_ood,2,train,Uruguay_Rio_de_la_Plata,Uruguay_Rio_de_la_Plata,waterbody:Uruguay_Rio_de_la_Plata:PocitosBarreiro,2013-12-13
a92df327e8229612,source_ood,2,train,Uruguay_Rio_de_la_Plata,Uruguay_Rio_de_la_Plata,waterbody:Uruguay_Rio_de_la_Plata:Malvin,2013-12-13
5e9b1564928924ac,source_ood,2,train,Uruguay_Rio_de_la_Plata,Uruguay_Rio_de_la_Plata,waterbody:Uruguay_Rio_de_la_Plata:PocitosBarreiro,2013-12-16
8dec5c72175b5705,source_ood,2,train,Uruguay_Rio_de_la_Plata,Uruguay_Rio_de_la_Plata,waterbody:Uruguay_Rio_de_la_Plata:Malvin,2013-12-16
154470b522bfce8c,source_ood,2,train,Uruguay_Rio_de_la_Plata,Uruguay_Rio_de_la_Plata,waterbody:Uruguay_Rio_de_la_Plata:Cerro,2013-12-16
b70e9470684f8e9d,source_ood,2,train,Uruguay_Rio_de_la_Plata,Uruguay_Rio_de_la_Plata,waterbody:Uruguay_Rio_de_la_Plata:Ramirez,2013-12-16
7831398b4aa5df7b,source_ood,2,train,Uruguay_Rio_de_la_Plata,Uruguay_Rio_de_la_Plata,waterbody:Uruguay_Rio_de_la_Plata:PuntaEspinillo,2013-12-16
77a7c20b1d9f1bb6,source_ood,2,train,Uruguay_Rio_de_la_Plata,Uruguay_Rio_de_la_Plata,waterbody:Uruguay_Rio_de_la_Plata:PajasBlancas,2013-12-16
f8b4b044b9f22ed4,source_ood,2,train,Uruguay_Rio_de_la_Plata,Uruguay_Rio_de_la_Plata,waterbody:Uruguay_Rio_de_la_Plata:SantaCatalina,2013-12-16
ba7a4f15f9982a77,source_ood,2,train,Uruguay_Rio_de_la_Plata,Uruguay_Rio_de_la_Plata,waterbody:Uruguay_Rio_de_la_Plata:Ingleses,2013-12-16
a8ecebf31dcea182,source_ood,2,train,Uruguay_Rio_de_la_Plata,Uruguay_Rio_de_la_Plata,waterbody:Uruguay_Rio_de_la_Plata:Carrasco,2013-12-16
8f47b07b3bdd7fc1,source_ood,2,train,Uruguay_Rio_de_la_Plata,Uruguay_Rio_de_la_Plata,waterbody:Uruguay_Rio_de_la_Plata:Ramirez,2013-12-20
f28db82c4f1ba7d6,source_ood,2,train,Uruguay_Rio_de_la_Plata,Uruguay_Rio_de_la_Plata,waterbody:Uruguay_Rio_de_la_Plata:PocitosBarreiro,2013-12-20
3cd59a3569093754,source_ood,2,train,Uruguay_Rio_de_la_Plata,Uruguay_Rio_de_la_Plata,waterbody:Uruguay_Rio_de_la_Plata:Cerro,2013-12-20
147748f344ffc596,source_ood,2,train,Uruguay_Rio_de_la_Plata,Uruguay_Rio_de_la_Plata,waterbody:Uruguay_Rio_de_la_Plata:PajasBlancas,2013-12-20
6e011165e24390a6,source_ood,2,train,Uruguay_Rio_de_la_Plata,Uruguay_Rio_de_la_Plata,waterbody:Uruguay_Rio_de_la_Plata:Malvin,2013-12-20
f410349c3225d765,source_ood,2,train,Uruguay_Rio_de_la_Plata,Uruguay_Rio_de_la_Plata,waterbody:Uruguay_Rio_de_la_Plata:Carrasco,2013-12-20
54e1177ba8a7070d,source_ood,2,train,Uruguay_Rio_de_la_Plata,Uruguay_Rio_de_la_Plata,waterbody:Uruguay_Rio_de_la_Plata:Carrasco,2013-12-26
d00c84bfcbb5031b,source_ood,2,train,Uruguay_Rio_de_la_Plata,Uruguay_Rio_de_la_Plata,waterbody:Uruguay_Rio_de_la_Plata:Cerro,2013-12-26
8dcb2a6b19d0e833,source_ood,2,train,Uruguay_Rio_de_la_Plata,Uruguay_Rio_de_la_Plata,waterbody:Uruguay_Rio_de_la_Plata:Ramirez,2013-12-26
5cb1522b55189d7d,source_ood,2,train,Uruguay_Rio_de_la_Plata,Uruguay_Rio_de_la_Plata,waterbody:Uruguay_Rio_de_la_Plata:PocitosBarreiro,2013-12-26
305fb8715811ba9a,source_ood,2,train,Uruguay_Rio_de_la_Plata,Uruguay_Rio_de_la_Plata,waterbody:Uruguay_Rio_de_la_Plata:Malvin,2013-12-26
cb8735781157b6d6,source_ood,2,train,Uruguay_Rio_de_la_Plata,Uruguay_Rio_de_la_Plata,waterbody:Uruguay_Rio_de_la_Plata:PajasBlancas,2013-12-26
351db2375f63be32,source_ood,2,train,Uruguay_Rio_de_la_Plata,Uruguay_Rio_de_la_Plata,waterbody:Uruguay_Rio_de_la_Plata:Ramirez,2013-12-30
90647db57f2de67f,source_ood,2,train,Uruguay_Rio_de_la_Plata,Uruguay_Rio_de_la_Plata,waterbody:Uruguay_Rio_de_la_Plata:Cerro,2013-12-30
d24fc69666e32faa,source_ood,2,train,Uruguay_Rio_de_la_Plata,Uruguay_Rio_de_la_Plata,waterbody:Uruguay_Rio_de_la_Plata:PocitosBarreiro,2014-01-03
1440e272ed7c570f,source_ood,2,train,Uruguay_Rio_de_la_Plata,Uruguay_Rio_de_la_Plata,waterbody:Uruguay_Rio_de_la_Plata:Malvin,2014-01-03
325ab85f6acca581,source_ood,2,train,Uruguay_Rio_de_la_Plata,Uruguay_Rio_de_la_Plata,waterbody:Uruguay_Rio_de_la_Plata:PajasBlancas,2014-01-03
f864c37ea264f71a,source_ood,2,train,Uruguay_Rio_de_la_Plata,Uruguay_Rio_de_la_Plata,waterbody:Uruguay_Rio_de_la_Plata:Cerro,2014-01-03
de5e94f2cb38f94a,source_ood,2,train,Uruguay_Rio_de_la_Plata,Uruguay_Rio_de_la_Plata,waterbody:Uruguay_Rio_de_la_Plata:Ramirez,2014-01-03
94a5186299873c79,source_ood,2,train,Uruguay_Rio_de_la_Plata,Uruguay_Rio_de_la_Plata,waterbody:Uruguay_Rio_de_la_Plata:Carrasco,2014-01-03
877734029f19802e,source_ood,2,train,Uruguay_Rio_de_la_Plata,Uruguay_Rio_de_la_Plata,waterbody:Uruguay_Rio_de_la_Plata:PocitosBarreiro,2014-01-08
a2ff368e19d4d505,source_ood,2,train,Uruguay_Rio_de_la_Plata,Uruguay_Rio_de_la_Plata,waterbody:Uruguay_Rio_de_la_Plata:Malvin,2014-01-08
3ecb8e6cac6a02ca,source_ood,2,train,Uruguay_Rio_de_la_Plata,Uruguay_Rio_de_la_Plata,waterbody:Uruguay_Rio_de_la_Plata:PajasBlancas,2014-01-08
215493ea78f6d6b9,source_ood,2,train,Uruguay_Rio_de_la_Plata,Uruguay_Rio_de_la_Plata,waterbody:Uruguay_Rio_de_la_Plata:Carrasco,2014-01-08
acfb76c87109b121,source_ood,2,train,Uruguay_Rio_de_la_Plata,Uruguay_Rio_de_la_Plata,waterbody:Uruguay_Rio_de_la_Plata:Ramirez,2014-01-08
09727d3dc56358c2,source_ood,2,train,Uruguay_Rio_de_la_Plata,Uruguay_Rio_de_la_Plata,waterbody:Uruguay_Rio_de_la_Plata:Cerro,2014-01-08
cefccd7bc9a0a5b8,source_ood,2,train,Uruguay_Rio_de_la_Plata,Uruguay_Rio_de_la_Plata,waterbody:Uruguay_Rio_de_la_Plata:PuntaEspinillo,2014-01-09
50fe85e14f1bca44,source_ood,2,train,Uruguay_Rio_de_la_Plata,Uruguay_Rio_de_la_Plata,waterbody:Uruguay_Rio_de_la_Plata:PajasBlancas,2014-01-09
d66034dad8c14018,source_ood,2,train,Uruguay_Rio_de_la_Plata,Uruguay_Rio_de_la_Plata,waterbody:Uruguay_Rio_de_la_Plata:Ramirez,2014-01-09
e55039d174177b5b,source_ood,2,train,Uruguay_Rio_de_la_Plata,Uruguay_Rio_de_la_Plata,waterbody:Uruguay_Rio_de_la_Plata:PocitosBarreiro,2014-01-09
df526c4a24769276,source_ood,2,train,Uruguay_Rio_de_la_Plata,Uruguay_Rio_de_la_Plata,waterbody:Uruguay_Rio_de_la_Plata:SantaCatalina,2014-01-09
2cd69244ff97565a,source_ood,2,train,Uruguay_Rio_de_la_Plata,Uruguay_Rio_de_la_Plata,waterbody:Uruguay_Rio_de_la_Plata:Cerro,2014-01-09
02fa2e8c7c1e47c9,source_ood,2,train,Uruguay_Rio_de_la_Plata,Uruguay_Rio_de_la_Plata,waterbody:Uruguay_Rio_de_la_Plata:Carrasco,2014-01-09
b452d92a3c2871a9,source_ood,2,train,Uruguay_Rio_de_la_Plata,Uruguay_Rio_de_la_Plata,waterbody:Uruguay_Rio_de_la_Plata:Malvin,2014-01-09
969b15f500311fa4,source_ood,2,train,Uruguay_Rio_de_la_Plata,Uruguay_Rio_de_la_Plata,waterbody:Uruguay_Rio_de_la_Plata:Ingleses,2014-01-09
5e831b7855b27615,source_ood,2,train,Uruguay_Rio_de_la_Plata,Uruguay_Rio_de_la_Plata,waterbody:Uruguay_Rio_de_la_Plata:PajasBlancas,2014-01-17
2fb969b34cfd0165,source_ood,2,train,Uruguay_Rio_de_la_Plata,Uruguay_Rio_de_la_Plata,waterbody:Uruguay_Rio_de_la_Plata:Carrasco,2014-01-17
f7841bdee45e48f6,source_ood,2,train,Uruguay_Rio_de_la_Plata,Uruguay_Rio_de_la_Plata,waterbody:Uruguay_Rio_de_la_Plata:Ramirez,2014-01-17
0db764f1e0451d80,source_ood,2,train,Uruguay_Rio_de_la_Plata,Uruguay_Rio_de_la_Plata,waterbody:Uruguay_Rio_de_la_Plata:PocitosBarreiro,2014-01-17
b724e6ab04671344,source_ood,2,train,Uruguay_Rio_de_la_Plata,Uruguay_Rio_de_la_Plata,waterbody:Uruguay_Rio_de_la_Plata:Cerro,2014-01-17
94270c9ad04992a3,source_ood,2,train,Uruguay_Rio_de_la_Plata,Uruguay_Rio_de_la_Plata,waterbody:Uruguay_Rio_de_la_Plata:Malvin,2014-01-17
b59eb30c0ecd1c65,source_ood,2,train,Uruguay_Rio_de_la_Plata,Uruguay_Rio_de_la_Plata,waterbody:Uruguay_Rio_de_la_Plata:PajasBlancas,2014-01-20
b2377322ad4abec1,source_ood,2,train,Uruguay_Rio_de_la_Plata,Uruguay_Rio_de_la_Plata,waterbody:Uruguay_Rio_de_la_Plata:Ramirez,2014-01-22
c953826f9980e2d1,source_ood,2,train,Uruguay_Rio_de_la_Plata,Uruguay_Rio_de_la_Plata,waterbody:Uruguay_Rio_de_la_Plata:Carrasco,2014-01-22
7b3d2147a433b9e6,source_ood,2,train,Uruguay_Rio_de_la_Plata,Uruguay_Rio_de_la_Plata,waterbody:Uruguay_Rio_de_la_Plata:PocitosBarreiro,2014-01-22
f4b6f95632005dc2,source_ood,2,train,Uruguay_Rio_de_la_Plata,Uruguay_Rio_de_la_Plata,waterbody:Uruguay_Rio_de_la_Plata:PajasBlancas,2014-01-22
468b30a0a815b4ea,source_ood,2,train,Uruguay_Rio_de_la_Plata,Uruguay_Rio_de_la_Plata,waterbody:Uruguay_Rio_de_la_Plata:Malvin,2014-01-22
98461308faaf4ad4,source_ood,2,train,Uruguay_Rio_de_la_Plata,Uruguay_Rio_de_la_Plata,waterbody:Uruguay_Rio_de_la_Plata:Cerro,2014-01-22
fbd9ebd3b599f6cd,source_ood,2,train,Uruguay_Rio_de_la_Plata,Uruguay_Rio_de_la_Plata,waterbody:Uruguay_Rio_de_la_Plata:Ramirez,2014-01-29
950a4f1c1fecbe74,source_ood,2,train,Uruguay_Rio_de_la_Plata,Uruguay_Rio_de_la_Plata,waterbody:Uruguay_Rio_de_la_Plata:Cerro,2014-01-29
8244162fd1f04890,source_ood,2,train,Uruguay_Rio_de_la_Plata,Uruguay_Rio_de_la_Plata,waterbody:Uruguay_Rio_de_la_Plata:Malvin,2014-01-29
a03770d5d83bbca7,source_ood,2,train,Uruguay_Rio_de_la_Plata,Uruguay_Rio_de_la_Plata,waterbody:Uruguay_Rio_de_la_Plata:PajasBlancas,2014-01-29
04e2449bc0e4b43a,source_ood,2,train,Uruguay_Rio_de_la_Plata,Uruguay_Rio_de_la_Plata,waterbody:Uruguay_Rio_de_la_Plata:Carrasco,2014-01-29
d626bf1f09faf88e,source_ood,2,train,Uruguay_Rio_de_la_Plata,Uruguay_Rio_de_la_Plata,waterbody:Uruguay_Rio_de_la_Plata:PocitosBarreiro,2014-01-29
c3e96e285917d07e,source_ood,2,train,Uruguay_Rio_de_la_Plata,Uruguay_Rio_de_la_Plata,waterbody:Uruguay_Rio_de_la_Plata:Carrasco,2014-02-10
78be9845d34fc70c,source_ood,2,train,Uruguay_Rio_de_la_Plata,Uruguay_Rio_de_la_Plata,waterbody:Uruguay_Rio_de_la_Plata:PajasBlancas,2014-02-10
beb129bd2306c7f6,source_ood,2,train,Uruguay_Rio_de_la_Plata,Uruguay_Rio_de_la_Plata,waterbody:Uruguay_Rio_de_la_Plata:Cerro,2014-02-10
9dd15c176b8f0bbc,source_ood,2,train,Uruguay_Rio_de_la_Plata,Uruguay_Rio_de_la_Plata,waterbody:Uruguay_Rio_de_la_Plata:Ramirez,2014-02-10
f024d4d286a6a371,source_ood,2,train,Uruguay_Rio_de_la_Plata,Uruguay_Rio_de_la_Plata,waterbody:Uruguay_Rio_de_la_Plata:PocitosBarreiro,2014-02-10
ffdc6fe71716e332,source_ood,2,train,Uruguay_Rio_de_la_Plata,Uruguay_Rio_de_la_Plata,waterbody:Uruguay_Rio_de_la_Plata:Malvin,2014-02-10
e540428ddbed7899,source_ood,2,train,Uruguay_Rio_de_la_Plata,Uruguay_Rio_de_la_Plata,waterbody:Uruguay_Rio_de_la_Plata:Carrasco,2014-02-11
f106f9221b219488,source_ood,2,train,Uruguay_Rio_de_la_Plata,Uruguay_Rio_de_la_Plata,waterbody:Uruguay_Rio_de_la_Plata:PajasBlancas,2014-02-11
b931aab0def1b35b,source_ood,2,train,Uruguay_Rio_de_la_Plata,Uruguay_Rio_de_la_Plata,waterbody:Uruguay_Rio_de_la_Plata:Malvin,2014-02-11
3ada108815424d74,source_ood,2,train,Uruguay_Rio_de_la_Plata,Uruguay_Rio_de_la_Plata,waterbody:Uruguay_Rio_de_la_Plata:Ingleses,2014-02-11
0e7daf1aad12b622,source_ood,2,train,Uruguay_Rio_de_la_Plata,Uruguay_Rio_de_la_Plata,waterbody:Uruguay_Rio_de_la_Plata:PuntaEspinillo,2014-02-11
b7e04c37f79d7b06,source_ood,2,train,Uruguay_Rio_de_la_Plata,Uruguay_Rio_de_la_Plata,waterbody:Uruguay_Rio_de_la_Plata:SantaCatalina,2014-02-11
55a206bb9d8bbbdd,source_ood,2,train,Uruguay_Rio_de_la_Plata,Uruguay_Rio_de_la_Plata,waterbody:Uruguay_Rio_de_la_Plata:Cerro,2014-02-11
7b08dda28c151152,source_ood,2,train,Uruguay_Rio_de_la_Plata,Uruguay_Rio_de_la_Plata,waterbody:Uruguay_Rio_de_la_Plata:Ramirez,2014-02-11
d57cf7ebd41e8ccf,source_ood,2,train,Uruguay_Rio_de_la_Plata,Uruguay_Rio_de_la_Plata,waterbody:Uruguay_Rio_de_la_Plata:PocitosBarreiro,2014-02-11
2fb46c9d58143f6e,source_ood,2,train,Uruguay_Rio_de_la_Plata,Uruguay_Rio_de_la_Plata,waterbody:Uruguay_Rio_de_la_Plata:Carrasco,2014-02-19
22e01314f591b105,source_ood,2,train,Uruguay_Rio_de_la_Plata,Uruguay_Rio_de_la_Plata,waterbody:Uruguay_Rio_de_la_Plata:Cerro,2014-02-19
6f377e5cf51c0044,source_ood,2,train,Uruguay_Rio_de_la_Plata,Uruguay_Rio_de_la_Plata,waterbody:Uruguay_Rio_de_la_Plata:Malvin,2014-02-19
4af14b8e11d4d069,source_ood,2,train,Uruguay_Rio_de_la_Plata,Uruguay_Rio_de_la_Plata,waterbody:Uruguay_Rio_de_la_Plata:PajasBlancas,2014-02-19
1512efbcf9c4b60f,source_ood,2,train,Uruguay_Rio_de_la_Plata,Uruguay_Rio_de_la_Plata,waterbody:Uruguay_Rio_de_la_Plata:Ramirez,2014-02-19
7d0b2cbeb3e94101,source_ood,2,train,Uruguay_Rio_de_la_Plata,Uruguay_Rio_de_la_Plata,waterbody:Uruguay_Rio_de_la_Plata:PocitosBarreiro,2014-02-19
3da6487c1959ed37,source_ood,2,train,Uruguay_Rio_de_la_Plata,Uruguay_Rio_de_la_Plata,waterbody:Uruguay_Rio_de_la_Plata:PocitosBarreiro,2014-02-21
5c92154982ede098,source_ood,2,train,Uruguay_Rio_de_la_Plata,Uruguay_Rio_de_la_Plata,waterbody:Uruguay_Rio_de_la_Plata:Malvin,2014-02-21
6226a3ad4ed6aa5f,source_ood,2,train,Uruguay_Rio_de_la_Plata,Uruguay_Rio_de_la_Plata,waterbody:Uruguay_Rio_de_la_Plata:Ramirez,2014-02-21
c3c30d1dfeabaef2,source_ood,2,train,Uruguay_Rio_de_la_Plata,Uruguay_Rio_de_la_Plata,waterbody:Uruguay_Rio_de_la_Plata:Carrasco,2014-02-21
c940d1b0fa671b8d,source_ood,2,train,Uruguay_Rio_de_la_Plata,Uruguay_Rio_de_la_Plata,waterbody:Uruguay_Rio_de_la_Plata:Carrasco,2014-02-23
db8ca43abcb95675,source_ood,2,train,Uruguay_Rio_de_la_Plata,Uruguay_Rio_de_la_Plata,waterbody:Uruguay_Rio_de_la_Plata:Miramar,2014-02-23
7e273794b3869200,source_ood,2,train,Uruguay_Rio_de_la_Plata,Uruguay_Rio_de_la_Plata,waterbody:Uruguay_Rio_de_la_Plata:LaColorada,2014-02-23
5c5ae31e7b9defab,source_ood,2,train,Uruguay_Rio_de_la_Plata,Uruguay_Rio_de_la_Plata,waterbody:Uruguay_Rio_de_la_Plata:PajasBlancas,2014-02-23
4b8112bd0d32b4d9,source_ood,2,train,Uruguay_Rio_de_la_Plata,Uruguay_Rio_de_la_Plata,waterbody:Uruguay_Rio_de_la_Plata:PocitosBarreiro,2014-02-23
687294fd2894764d,source_ood,2,train,Uruguay_Rio_de_la_Plata,Uruguay_Rio_de_la_Plata,waterbody:Uruguay_Rio_de_la_Plata:PocitosBarreiro,2014-02-24
3c2a2ac20950ab25,source_ood,2,train,Uruguay_Rio_de_la_Plata,Uruguay_Rio_de_la_Plata,waterbody:Uruguay_Rio_de_la_Plata:Buceo,2014-02-24
c48dd7b6abc2b70d,source_ood,2,train,Uruguay_Rio_de_la_Plata,Uruguay_Rio_de_la_Plata,waterbody:Uruguay_Rio_de_la_Plata:Malvin,2014-02-24
d696adcc416f3ea2,source_ood,2,train,Uruguay_Rio_de_la_Plata,Uruguay_Rio_de_la_Plata,waterbody:Uruguay_Rio_de_la_Plata:PuntaYeguas,2014-02-24
8d9c59534dbc67e9,source_ood,2,train,Uruguay_Rio_de_la_Plata,Uruguay_Rio_de_la_Plata,waterbody:Uruguay_Rio_de_la_Plata:SantaCatalina,2014-02-24
33b86c721431a28b,source_ood,2,train,Uruguay_Rio_de_la_Plata,Uruguay_Rio_de_la_Plata,waterbody:Uruguay_Rio_de_la_Plata:Cerro,2014-02-24
f2a8a9d0e8de101e,source_ood,2,train,Uruguay_Rio_de_la_Plata,Uruguay_Rio_de_la_Plata,waterbody:Uruguay_Rio_de_la_Plata:Ramirez,2014-02-24
3dd9af13c8ffec9f,source_ood,2,train,Uruguay_Rio_de_la_Plata,Uruguay_Rio_de_la_Plata,waterbody:Uruguay_Rio_de_la_Plata:Carrasco,2014-02-24
6555f275df03331c,source_ood,2,train,Uruguay_Rio_de_la_Plata,Uruguay_Rio_de_la_Plata,waterbody:Uruguay_Rio_de_la_Plata:PocitosBarreiro,2014-02-25
a83096c8a6fdd99b,source_ood,2,train,Uruguay_Rio_de_la_Plata,Uruguay_Rio_de_la_Plata,waterbody:Uruguay_Rio_de_la_Plata:Carrasco,2014-02-26
8a2b5be71e022fe6,source_ood,2,train,Uruguay_Rio_de_la_Plata,Uruguay_Rio_de_la_Plata,waterbody:Uruguay_Rio_de_la_Plata:PuertoBuceo,2014-02-26
1dcd878a9158b405,source_ood,2,train,Uruguay_Rio_de_la_Plata,Uruguay_Rio_de_la_Plata,waterbody:Uruguay_Rio_de_la_Plata:PocitosBarreiro,2014-02-28
05df65d9b28114fa,source_ood,2,train,Uruguay_Rio_de_la_Plata,Uruguay_Rio_de_la_Plata,waterbody:Uruguay_Rio_de_la_Plata:Malvin,2014-02-28
c6fe8310d00891c0,source_ood,2,train,Uruguay_Rio_de_la_Plata,Uruguay_Rio_de_la_Plata,waterbody:Uruguay_Rio_de_la_Plata:PajasBlancas,2014-02-28
e88054d7e8856f0b,source_ood,2,train,Uruguay_Rio_de_la_Plata,Uruguay_Rio_de_la_Plata,waterbody:Uruguay_Rio_de_la_Plata:Cerro,2014-02-28
b66be37796b3d31e,source_ood,2,train,Uruguay_Rio_de_la_Plata,Uruguay_Rio_de_la_Plata,waterbody:Uruguay_Rio_de_la_Plata:Ramirez,2014-02-28
a68bc51f18af6273,source_ood,2,train,Uruguay_Rio_de_la_Plata,Uruguay_Rio_de_la_Plata,waterbody:Uruguay_Rio_de_la_Plata:Carrasco,2014-02-28
083ccea4bfc17dd4,source_ood,2,train,Uruguay_Rio_de_la_Plata,Uruguay_Rio_de_la_Plata,waterbody:Uruguay_Rio_de_la_Plata:Cerro,2014-03-01
ac550018109a35f1,source_ood,2,train,Uruguay_Rio_de_la_Plata,Uruguay_Rio_de_la_Plata,waterbody:Uruguay_Rio_de_la_Plata:PuntaEspinillo,2014-03-01
2d6931c39eed410e,source_ood,2,train,Uruguay_Rio_de_la_Plata,Uruguay_Rio_de_la_Plata,waterbody:Uruguay_Rio_de_la_Plata:PuntaYeguas,2014-03-01
b9780aae460af1b7,source_ood,2,train,Uruguay_Rio_de_la_Plata,Uruguay_Rio_de_la_Plata,waterbody:Uruguay_Rio_de_la_Plata:Ramirez,2014-03-05
70d88551252bd068,source_ood,2,train,Uruguay_Rio_de_la_Plata,Uruguay_Rio_de_la_Plata,waterbody:Uruguay_Rio_de_la_Plata:Cerro,2014-03-05
1087dd99c92f52ee,source_ood,2,train,Uruguay_Rio_de_la_Plata,Uruguay_Rio_de_la_Plata,waterbody:Uruguay_Rio_de_la_Plata:PocitosBarreiro,2014-03-05
be76a6cd4e564771,source_ood,2,train,Uruguay_Rio_de_la_Plata,Uruguay_Rio_de_la_Plata,waterbody:Uruguay_Rio_de_la_Plata:PajasBlancas,2014-03-05
c48c63f700d1f04a,source_ood,2,train,Uruguay_Rio_de_la_Plata,Uruguay_Rio_de_la_Plata,waterbody:Uruguay_Rio_de_la_Plata:Carrasco,2014-03-05
93847cce2dd8b6a7,source_ood,2,train,Uruguay_Rio_de_la_Plata,Uruguay_Rio_de_la_Plata,waterbody:Uruguay_Rio_de_la_Plata:Malvin,2014-03-05
4ce76ca3b96d131f,source_ood,2,train,Uruguay_Rio_de_la_Plata,Uruguay_Rio_de_la_Plata,waterbody:Uruguay_Rio_de_la_Plata:PocitosAvenidaBrasil,2014-03-06
1b46bf46053406c0,source_ood,2,train,Uruguay_Rio_de_la_Plata,Uruguay_Rio_de_la_Plata,waterbody:Uruguay_Rio_de_la_Plata:Ramirez,2014-03-06
8ea14f475dcacab8,source_ood,2,train,Uruguay_Rio_de_la_Plata,Uruguay_Rio_de_la_Plata,waterbody:Uruguay_Rio_de_la_Plata:Nacional,2014-03-07
4f12437237a66166,source_ood,2,train,Uruguay_Rio_de_la_Plata,Uruguay_Rio_de_la_Plata,waterbody:Uruguay_Rio_de_la_Plata:PocitosBarreiro,2014-03-07
f6eefa4b6237ac8f,source_ood,2,train,Uruguay_Rio_de_la_Plata,Uruguay_Rio_de_la_Plata,waterbody:Uruguay_Rio_de_la_Plata:LaColorada,2014-03-07
134704310a822de9,source_ood,2,train,Uruguay_Rio_de_la_Plata,Uruguay_Rio_de_la_Plata,waterbody:Uruguay_Rio_de_la_Plata:PajasBlancas,2014-03-07
42ef2ef97e940ec6,source_ood,2,train,Uruguay_Rio_de_la_Plata,Uruguay_Rio_de_la_Plata,waterbody:Uruguay_Rio_de_la_Plata:Carrasco,2014-03-09
4a82d1e5f5e16843,source_ood,2,train,Uruguay_Rio_de_la_Plata,Uruguay_Rio_de_la_Plata,waterbody:Uruguay_Rio_de_la_Plata:Malvin,2014-03-09
69e2ac5f25b8b25a,source_ood,2,train,Uruguay_Rio_de_la_Plata,Uruguay_Rio_de_la_Plata,waterbody:Uruguay_Rio_de_la_Plata:PocitosBarreiro,2014-03-09
c42e7f4c7af11a17,source_ood,2,train,Uruguay_Rio_de_la_Plata,Uruguay_Rio_de_la_Plata,waterbody:Uruguay_Rio_de_la_Plata:Ramirez,2014-03-11
67c6e3f3be67c9d4,source_ood,2,train,Uruguay_Rio_de_la_Plata,Uruguay_Rio_de_la_Plata,waterbody:Uruguay_Rio_de_la_Plata:Malvin,2014-03-11
310f1ac0cf35492b,source_ood,2,train,Uruguay_Rio_de_la_Plata,Uruguay_Rio_de_la_Plata,waterbody:Uruguay_Rio_de_la_Plata:PajasBlancas,2014-03-11
94398f0e106c1a51,source_ood,2,train,Uruguay_Rio_de_la_Plata,Uruguay_Rio_de_la_Plata,waterbody:Uruguay_Rio_de_la_Plata:PocitosBarreiro,2014-03-11
3b545b67d556e19b,source_ood,2,train,Uruguay_Rio_de_la_Plata,Uruguay_Rio_de_la_Plata,waterbody:Uruguay_Rio_de_la_Plata:Cerro,2014-03-11
a0e1b1da79045bd8,source_ood,2,train,Uruguay_Rio_de_la_Plata,Uruguay_Rio_de_la_Plata,waterbody:Uruguay_Rio_de_la_Plata:Carrasco,2014-03-11
6a397154c0c16c00,source_ood,2,train,Uruguay_Rio_de_la_Plata,Uruguay_Rio_de_la_Plata,waterbody:Uruguay_Rio_de_la_Plata:LaColorada,2014-03-14
dde93d366b92cd0e,source_ood,2,train,Uruguay_Rio_de_la_Plata,Uruguay_Rio_de_la_Plata,waterbody:Uruguay_Rio_de_la_Plata:PajasBlancas,2014-03-14
bb1e51c06951750e,source_ood,2,train,Uruguay_Rio_de_la_Plata,Uruguay_Rio_de_la_Plata,waterbody:Uruguay_Rio_de_la_Plata:Cerro,2014-03-14
e2dd51044b0038aa,source_ood,2,train,Uruguay_Rio_de_la_Plata,Uruguay_Rio_de_la_Plata,waterbody:Uruguay_Rio_de_la_Plata:Ramirez,2014-03-14
f061e47406a1f4ee,source_ood,2,train,Uruguay_Rio_de_la_Plata,Uruguay_Rio_de_la_Plata,waterbody:Uruguay_Rio_de_la_Plata:PocitosBarreiro,2014-03-18
a59199b4b9fa8832,source_ood,2,train,Uruguay_Rio_de_la_Plata,Uruguay_Rio_de_la_Plata,waterbody:Uruguay_Rio_de_la_Plata:Cerro,2014-03-18
627da17d1422678a,source_ood,2,train,Uruguay_Rio_de_la_Plata,Uruguay_Rio_de_la_Plata,waterbody:Uruguay_Rio_de_la_Plata:Ramirez,2014-03-18
3201ae4deb1edd73,source_ood,2,train,Uruguay_Rio_de_la_Plata,Uruguay_Rio_de_la_Plata,waterbody:Uruguay_Rio_de_la_Plata:Malvin,2014-03-18
20a7fb0718ec4609,source_ood,2,train,Uruguay_Rio_de_la_Plata,Uruguay_Rio_de_la_Plata,waterbody:Uruguay_Rio_de_la_Plata:PajasBlancas,2014-03-18
725d11fb4354d2fc,source_ood,2,train,Uruguay_Rio_de_la_Plata,Uruguay_Rio_de_la_Plata,waterbody:Uruguay_Rio_de_la_Plata:Carrasco,2014-03-18
586b2d570ac221ce,source_ood,2,train,Uruguay_Rio_de_la_Plata,Uruguay_Rio_de_la_Plata,waterbody:Uruguay_Rio_de_la_Plata:Cerro,2014-03-25
3c8086cbd8b00565,source_ood,2,train,Uruguay_Rio_de_la_Plata,Uruguay_Rio_de_la_Plata,waterbody:Uruguay_Rio_de_la_Plata:PajasBlancas,2014-03-25
6daa168e18111571,source_ood,2,train,Uruguay_Rio_de_la_Plata,Uruguay_Rio_de_la_Plata,waterbody:Uruguay_Rio_de_la_Plata:Malvin,2014-03-25
eadf307efc0bbf08,source_ood,2,train,Uruguay_Rio_de_la_Plata,Uruguay_Rio_de_la_Plata,waterbody:Uruguay_Rio_de_la_Plata:Carrasco,2014-03-25
99182d4d924ea93f,source_ood,2,train,Uruguay_Rio_de_la_Plata,Uruguay_Rio_de_la_Plata,waterbody:Uruguay_Rio_de_la_Plata:PocitosBarreiro,2014-03-25
2d0fc3971d3518c2,source_ood,2,train,Uruguay_Rio_de_la_Plata,Uruguay_Rio_de_la_Plata,waterbody:Uruguay_Rio_de_la_Plata:Ramirez,2014-03-25
7e7cebddf8c025a3,source_ood,2,train,Uruguay_Rio_de_la_Plata,Uruguay_Rio_de_la_Plata,waterbody:Uruguay_Rio_de_la_Plata:Malvin,2014-04-09
604d5100dc3f4f1f,source_ood,2,train,Uruguay_Rio_de_la_Plata,Uruguay_Rio_de_la_Plata,waterbody:Uruguay_Rio_de_la_Plata:Cerro,2014-04-09
7a6c9609d7a5d36f,source_ood,2,train,Uruguay_Rio_de_la_Plata,Uruguay_Rio_de_la_Plata,waterbody:Uruguay_Rio_de_la_Plata:PocitosBarreiro,2014-04-09
e2af51e5dd7c4d3a,source_ood,2,train,Uruguay_Rio_de_la_Plata,Uruguay_Rio_de_la_Plata,waterbody:Uruguay_Rio_de_la_Plata:PajasBlancas,2014-04-09
fbd24ba3336194b0,source_ood,2,train,Uruguay_Rio_de_la_Plata,Uruguay_Rio_de_la_Plata,waterbody:Uruguay_Rio_de_la_Plata:Ramirez,2014-04-09
c04329aa3fe4ebc6,source_ood,2,train,Uruguay_Rio_de_la_Plata,Uruguay_Rio_de_la_Plata,waterbody:Uruguay_Rio_de_la_Plata:Carrasco,2014-04-09
b4e0780e2d9ae5bf,source_ood,2,train,Uruguay_Rio_de_la_Plata,Uruguay_Rio_de_la_Plata,waterbody:Uruguay_Rio_de_la_Plata:Cerro,2014-05-02
263a4d9a37730ee4,source_ood,2,train,Uruguay_Rio_de_la_Plata,Uruguay_Rio_de_la_Plata,waterbody:Uruguay_Rio_de_la_Plata:Ramirez,2014-05-02
ed8096c9dc2ba5dc,source_ood,2,train,Uruguay_Rio_de_la_Plata,Uruguay_Rio_de_la_Plata,waterbody:Uruguay_Rio_de_la_Plata:Malvin,2014-05-02
dfaf60ea8ea3eadc,source_ood,2,train,Uruguay_Rio_de_la_Plata,Uruguay_Rio_de_la_Plata,waterbody:Uruguay_Rio_de_la_Plata:PocitosBarreiro,2014-05-02
d0f0951a99326200,source_ood,2,train,Uruguay_Rio_de_la_Plata,Uruguay_Rio_de_la_Plata,waterbody:Uruguay_Rio_de_la_Plata:PajasBlancas,2014-05-02
75d1d06a5058b5c0,source_ood,2,train,Uruguay_Rio_de_la_Plata,Uruguay_Rio_de_la_Plata,waterbody:Uruguay_Rio_de_la_Plata:Carrasco,2014-05-02
ff0ab7bf14412893,source_ood,2,train,Uruguay_Rio_de_la_Plata,Uruguay_Rio_de_la_Plata,waterbody:Uruguay_Rio_de_la_Plata:Cerro,2014-05-12
c02434e296fd8a16,source_ood,2,train,Uruguay_Rio_de_la_Plata,Uruguay_Rio_de_la_Plata,waterbody:Uruguay_Rio_de_la_Plata:Ramirez,2014-05-12
0b8410b1c8afd641,source_ood,2,train,Uruguay_Rio_de_la_Plata,Uruguay_Rio_de_la_Plata,waterbody:Uruguay_Rio_de_la_Plata:PajasBlancas,2014-05-12
a62d481293a4bae8,source_ood,2,train,Uruguay_Rio_de_la_Plata,Uruguay_Rio_de_la_Plata,waterbody:Uruguay_Rio_de_la_Plata:PocitosBarreiro,2014-05-12
2b0ddb127f3b194e,source_ood,2,train,Uruguay_Rio_de_la_Plata,Uruguay_Rio_de_la_Plata,waterbody:Uruguay_Rio_de_la_Plata:Malvin,2014-05-12
3603ab91c03f38c2,source_ood,2,train,Uruguay_Rio_de_la_Plata,Uruguay_Rio_de_la_Plata,waterbody:Uruguay_Rio_de_la_Plata:Carrasco,2014-05-12
c6c63d7bd11967c1,source_ood,2,train,Uruguay_Rio_de_la_Plata,Uruguay_Rio_de_la_Plata,waterbody:Uruguay_Rio_de_la_Plata:PajasBlancas,2014-05-27
6ea69c85661d7c4d,source_ood,2,train,Uruguay_Rio_de_la_Plata,Uruguay_Rio_de_la_Plata,waterbody:Uruguay_Rio_de_la_Plata:Carrasco,2014-05-27
24c8b45806d34026,source_ood,2,train,Uruguay_Rio_de_la_Plata,Uruguay_Rio_de_la_Plata,waterbody:Uruguay_Rio_de_la_Plata:PocitosBarreiro,2014-05-27
575831cbafd5a533,source_ood,2,train,Uruguay_Rio_de_la_Plata,Uruguay_Rio_de_la_Plata,waterbody:Uruguay_Rio_de_la_Plata:Cerro,2014-05-27
2237137b53427642,source_ood,2,train,Uruguay_Rio_de_la_Plata,Uruguay_Rio_de_la_Plata,waterbody:Uruguay_Rio_de_la_Plata:Ramirez,2014-05-27
df828d32d0713d19,source_ood,2,train,Uruguay_Rio_de_la_Plata,Uruguay_Rio_de_la_Plata,waterbody:Uruguay_Rio_de_la_Plata:Malvin,2014-05-27
c784358321bf289a,source_ood,2,train,Uruguay_Rio_de_la_Plata,Uruguay_Rio_de_la_Plata,waterbody:Uruguay_Rio_de_la_Plata:Malvin,2014-08-18
e822e956150b0649,source_ood,2,train,Uruguay_Rio_de_la_Plata,Uruguay_Rio_de_la_Plata,waterbody:Uruguay_Rio_de_la_Plata:Carrasco,2014-08-18
f704d7e34a195adf,source_ood,2,train,Uruguay_Rio_de_la_Plata,Uruguay_Rio_de_la_Plata,waterbody:Uruguay_Rio_de_la_Plata:PajasBlancas,2014-08-18
2d4af33e6437080c,source_ood,2,train,Uruguay_Rio_de_la_Plata,Uruguay_Rio_de_la_Plata,waterbody:Uruguay_Rio_de_la_Plata:Cerro,2014-08-18
4db7b060c9b77281,source_ood,2,train,Uruguay_Rio_de_la_Plata,Uruguay_Rio_de_la_Plata,waterbody:Uruguay_Rio_de_la_Plata:Ramirez,2014-08-18
6a2405f38999bbe2,source_ood,2,train,Uruguay_Rio_de_la_Plata,Uruguay_Rio_de_la_Plata,waterbody:Uruguay_Rio_de_la_Plata:PocitosBarreiro,2014-08-18
a05518d224d870fe,source_ood,2,train,Uruguay_Rio_de_la_Plata,Uruguay_Rio_de_la_Plata,waterbody:Uruguay_Rio_de_la_Plata:PocitosBarreiro,2014-08-20
74f1aa8540dd9d0b,source_ood,2,train,Uruguay_Rio_de_la_Plata,Uruguay_Rio_de_la_Plata,waterbody:Uruguay_Rio_de_la_Plata:Cerro,2014-08-20
83d233a914e8269b,source_ood,2,train,Uruguay_Rio_de_la_Plata,Uruguay_Rio_de_la_Plata,waterbody:Uruguay_Rio_de_la_Plata:SantaCatalina,2014-08-20
895f1fa6603486c8,source_ood,2,train,Uruguay_Rio_de_la_Plata,Uruguay_Rio_de_la_Plata,waterbody:Uruguay_Rio_de_la_Plata:Malvin,2014-08-20
f58226f775b950ac,source_ood,2,train,Uruguay_Rio_de_la_Plata,Uruguay_Rio_de_la_Plata,waterbody:Uruguay_Rio_de_la_Plata:PajasBlancas,2014-08-20
0e30e2617c9f2a29,source_ood,2,train,Uruguay_Rio_de_la_Plata,Uruguay_Rio_de_la_Plata,waterbody:Uruguay_Rio_de_la_Plata:PuntaEspinillo,2014-08-20
3457c8824d94c9b3,source_ood,2,train,Uruguay_Rio_de_la_Plata,Uruguay_Rio_de_la_Plata,waterbody:Uruguay_Rio_de_la_Plata:Ramirez,2014-08-20
156794bc277799a4,source_ood,2,train,Uruguay_Rio_de_la_Plata,Uruguay_Rio_de_la_Plata,waterbody:Uruguay_Rio_de_la_Plata:Ingleses,2014-08-20
9d42311ffe4777b1,source_ood,2,train,Uruguay_Rio_de_la_Plata,Uruguay_Rio_de_la_Plata,waterbody:Uruguay_Rio_de_la_Plata:Carrasco,2014-08-20
30432e71c263002a,source_ood,2,train,Uruguay_Rio_de_la_Plata,Uruguay_Rio_de_la_Plata,waterbody:Uruguay_Rio_de_la_Plata:Carrasco,2014-09-12
417207d3622c6885,source_ood,2,train,Uruguay_Rio_de_la_Plata,Uruguay_Rio_de_la_Plata,waterbody:Uruguay_Rio_de_la_Plata:Malvin,2014-09-12
735ce52c5b07916a,source_ood,2,train,Uruguay_Rio_de_la_Plata,Uruguay_Rio_de_la_Plata,waterbody:Uruguay_Rio_de_la_Plata:PajasBlancas,2014-09-12
e2c6fb0765d4ee7b,source_ood,2,train,Uruguay_Rio_de_la_Plata,Uruguay_Rio_de_la_Plata,waterbody:Uruguay_Rio_de_la_Plata:PocitosBarreiro,2014-09-12
563cfccbb4cb97c5,source_ood,2,train,Uruguay_Rio_de_la_Plata,Uruguay_Rio_de_la_Plata,waterbody:Uruguay_Rio_de_la_Plata:Cerro,2014-09-12
25feee6b0b9f16d5,source_ood,2,train,Uruguay_Rio_de_la_Plata,Uruguay_Rio_de_la_Plata,waterbody:Uruguay_Rio_de_la_Plata:Ramirez,2014-09-12
cbe62819dce5f95d,source_ood,2,train,Uruguay_Rio_de_la_Plata,Uruguay_Rio_de_la_Plata,waterbody:Uruguay_Rio_de_la_Plata:Malvin,2014-09-24
1b6d65a1d2dc1084,source_ood,2,train,Uruguay_Rio_de_la_Plata,Uruguay_Rio_de_la_Plata,waterbody:Uruguay_Rio_de_la_Plata:Ramirez,2014-09-24
91bfe998157569ff,source_ood,2,train,Uruguay_Rio_de_la_Plata,Uruguay_Rio_de_la_Plata,waterbody:Uruguay_Rio_de_la_Plata:Cerro,2014-09-24
1ef5dddeff42e40d,source_ood,2,train,Uruguay_Rio_de_la_Plata,Uruguay_Rio_de_la_Plata,waterbody:Uruguay_Rio_de_la_Plata:Carrasco,2014-09-24
4ba86eaaef449481,source_ood,2,train,Uruguay_Rio_de_la_Plata,Uruguay_Rio_de_la_Plata,waterbody:Uruguay_Rio_de_la_Plata:PajasBlancas,2014-09-24
7a8113318f2f7497,source_ood,2,train,Uruguay_Rio_de_la_Plata,Uruguay_Rio_de_la_Plata,waterbody:Uruguay_Rio_de_la_Plata:PocitosBarreiro,2014-09-24
51b9e14b482a57b0,source_ood,2,train,Uruguay_Rio_de_la_Plata,Uruguay_Rio_de_la_Plata,waterbody:Uruguay_Rio_de_la_Plata:PocitosBarreiro,2014-10-02
d5e7b9542a28cd2e,source_ood,2,train,Uruguay_Rio_de_la_Plata,Uruguay_Rio_de_la_Plata,waterbody:Uruguay_Rio_de_la_Plata:Malvin,2014-10-02
9de7bda330a5f105,source_ood,2,train,Uruguay_Rio_de_la_Plata,Uruguay_Rio_de_la_Plata,waterbody:Uruguay_Rio_de_la_Plata:PajasBlancas,2014-10-02
669c9f41cd3c80d0,source_ood,2,train,Uruguay_Rio_de_la_Plata,Uruguay_Rio_de_la_Plata,waterbody:Uruguay_Rio_de_la_Plata:Cerro,2014-10-02
92acaad71b5fbc34,source_ood,2,train,Uruguay_Rio_de_la_Plata,Uruguay_Rio_de_la_Plata,waterbody:Uruguay_Rio_de_la_Plata:Ramirez,2014-10-02
3b967517cd959cd5,source_ood,2,train,Uruguay_Rio_de_la_Plata,Uruguay_Rio_de_la_Plata,waterbody:Uruguay_Rio_de_la_Plata:Carrasco,2014-10-02
851da620ec81b3e8,source_ood,2,train,Uruguay_Rio_de_la_Plata,Uruguay_Rio_de_la_Plata,waterbody:Uruguay_Rio_de_la_Plata:Carrasco,2014-10-15
15a52859174efb30,source_ood,2,train,Uruguay_Rio_de_la_Plata,Uruguay_Rio_de_la_Plata,waterbody:Uruguay_Rio_de_la_Plata:PajasBlancas,2014-10-15
9739ad6172ec5972,source_ood,2,train,Uruguay_Rio_de_la_Plata,Uruguay_Rio_de_la_Plata,waterbody:Uruguay_Rio_de_la_Plata:PocitosBarreiro,2014-10-15
0a074f55901a5faa,source_ood,2,train,Uruguay_Rio_de_la_Plata,Uruguay_Rio_de_la_Plata,waterbody:Uruguay_Rio_de_la_Plata:Ramirez,2014-10-15
daf2f9ceb9190fa9,source_ood,2,train,Uruguay_Rio_de_la_Plata,Uruguay_Rio_de_la_Plata,waterbody:Uruguay_Rio_de_la_Plata:Cerro,2014-10-15
f406ee5094b5451c,source_ood,2,train,Uruguay_Rio_de_la_Plata,Uruguay_Rio_de_la_Plata,waterbody:Uruguay_Rio_de_la_Plata:Malvin,2014-10-15
5791bc4972d72f97,source_ood,2,train,Uruguay_Rio_de_la_Plata,Uruguay_Rio_de_la_Plata,waterbody:Uruguay_Rio_de_la_Plata:PajasBlancas,2014-10-31
2ce9c2ed750e0902,source_ood,2,train,Uruguay_Rio_de_la_Plata,Uruguay_Rio_de_la_Plata,waterbody:Uruguay_Rio_de_la_Plata:Carrasco,2014-10-31
d07f524ef6f6bd10,source_ood,2,train,Uruguay_Rio_de_la_Plata,Uruguay_Rio_de_la_Plata,waterbody:Uruguay_Rio_de_la_Plata:Malvin,2014-10-31
572984aa5e6fa6c3,source_ood,2,train,Uruguay_Rio_de_la_Plata,Uruguay_Rio_de_la_Plata,waterbody:Uruguay_Rio_de_la_Plata:Cerro,2014-10-31
d76da148e80818f2,source_ood,2,train,Uruguay_Rio_de_la_Plata,Uruguay_Rio_de_la_Plata,waterbody:Uruguay_Rio_de_la_Plata:Ramirez,2014-10-31
80fc54f5370b8267,source_ood,2,train,Uruguay_Rio_de_la_Plata,Uruguay_Rio_de_la_Plata,waterbody:Uruguay_Rio_de_la_Plata:PocitosBarreiro,2014-10-31
e68589b85a7c439e,source_ood,2,train,Uruguay_Rio_de_la_Plata,Uruguay_Rio_de_la_Plata,waterbody:Uruguay_Rio_de_la_Plata:Malvin,2014-11-06
2e13e3e693c35840,source_ood,2,train,Uruguay_Rio_de_la_Plata,Uruguay_Rio_de_la_Plata,waterbody:Uruguay_Rio_de_la_Plata:Carrasco,2014-11-06
65dc9e715530623a,source_ood,2,train,Uruguay_Rio_de_la_Plata,Uruguay_Rio_de_la_Plata,waterbody:Uruguay_Rio_de_la_Plata:PajasBlancas,2014-11-06
bd300df33de58285,source_ood,2,train,Uruguay_Rio_de_la_Plata,Uruguay_Rio_de_la_Plata,waterbody:Uruguay_Rio_de_la_Plata:Cerro,2014-11-06
43d3c661fd4c3e6e,source_ood,2,train,Uruguay_Rio_de_la_Plata,Uruguay_Rio_de_la_Plata,waterbody:Uruguay_Rio_de_la_Plata:Ramirez,2014-11-06
66e8ab2717d09279,source_ood,2,train,Uruguay_Rio_de_la_Plata,Uruguay_Rio_de_la_Plata,waterbody:Uruguay_Rio_de_la_Plata:PocitosBarreiro,2014-11-06
f66a87fc8bfdb4e7,source_ood,2,train,Uruguay_Rio_de_la_Plata,Uruguay_Rio_de_la_Plata,waterbody:Uruguay_Rio_de_la_Plata:Cerro,2014-11-12
e9d72c4dfce59e8b,source_ood,2,train,Uruguay_Rio_de_la_Plata,Uruguay_Rio_de_la_Plata,waterbody:Uruguay_Rio_de_la_Plata:PajasBlancas,2014-11-12
95b570c8dff88625,source_ood,2,train,Uruguay_Rio_de_la_Plata,Uruguay_Rio_de_la_Plata,waterbody:Uruguay_Rio_de_la_Plata:Malvin,2014-11-12
0a41b2c29dc850d7,source_ood,2,train,Uruguay_Rio_de_la_Plata,Uruguay_Rio_de_la_Plata,waterbody:Uruguay_Rio_de_la_Plata:PocitosBarreiro,2014-11-12
3b7e57fcc1b5289e,source_ood,2,train,Uruguay_Rio_de_la_Plata,Uruguay_Rio_de_la_Plata,waterbody:Uruguay_Rio_de_la_Plata:Ramirez,2014-11-12
de1c6b3ac5b71d18,source_ood,2,train,Uruguay_Rio_de_la_Plata,Uruguay_Rio_de_la_Plata,waterbody:Uruguay_Rio_de_la_Plata:Carrasco,2014-11-12
27413aa0b6d1b177,source_ood,2,train,Uruguay_Rio_de_la_Plata,Uruguay_Rio_de_la_Plata,waterbody:Uruguay_Rio_de_la_Plata:Ramirez,2014-11-18
b8b8e736e195d87f,source_ood,2,train,Uruguay_Rio_de_la_Plata,Uruguay_Rio_de_la_Plata,waterbody:Uruguay_Rio_de_la_Plata:SantaCatalina,2014-11-18
94512175b7743a8b,source_ood,2,train,Uruguay_Rio_de_la_Plata,Uruguay_Rio_de_la_Plata,waterbody:Uruguay_Rio_de_la_Plata:Cerro,2014-11-18
0f03dbeb92c5939d,source_ood,2,train,Uruguay_Rio_de_la_Plata,Uruguay_Rio_de_la_Plata,waterbody:Uruguay_Rio_de_la_Plata:PuntaEspinillo,2014-11-18
1f97ce257784a1ef,source_ood,2,train,Uruguay_Rio_de_la_Plata,Uruguay_Rio_de_la_Plata,waterbody:Uruguay_Rio_de_la_Plata:PajasBlancas,2014-11-18
822e97bff26201b8,source_ood,2,train,Uruguay_Rio_de_la_Plata,Uruguay_Rio_de_la_Plata,waterbody:Uruguay_Rio_de_la_Plata:PocitosBarreiro,2014-11-18
fdda16168d6175be,source_ood,2,train,Uruguay_Rio_de_la_Plata,Uruguay_Rio_de_la_Plata,waterbody:Uruguay_Rio_de_la_Plata:Malvin,2014-11-18
3eff9865aad1a253,source_ood,2,train,Uruguay_Rio_de_la_Plata,Uruguay_Rio_de_la_Plata,waterbody:Uruguay_Rio_de_la_Plata:Ingleses,2014-11-18
afcce717c04b2a93,source_ood,2,train,Uruguay_Rio_de_la_Plata,Uruguay_Rio_de_la_Plata,waterbody:Uruguay_Rio_de_la_Plata:Carrasco,2014-11-18
36111f0ed12bc3bb,source_ood,2,train,Uruguay_Rio_de_la_Plata,Uruguay_Rio_de_la_Plata,waterbody:Uruguay_Rio_de_la_Plata:PajasBlancas,2014-11-25
fbc0264037755343,source_ood,2,train,Uruguay_Rio_de_la_Plata,Uruguay_Rio_de_la_Plata,waterbody:Uruguay_Rio_de_la_Plata:Carrasco,2014-11-25
fd430f21276cbe00,source_ood,2,train,Uruguay_Rio_de_la_Plata,Uruguay_Rio_de_la_Plata,waterbody:Uruguay_Rio_de_la_Plata:Cerro,2014-11-25
e9d7d014b5807ff5,source_ood,2,train,Uruguay_Rio_de_la_Plata,Uruguay_Rio_de_la_Plata,waterbody:Uruguay_Rio_de_la_Plata:Ramirez,2014-11-25
7ff962fa2810f8ea,source_ood,2,train,Uruguay_Rio_de_la_Plata,Uruguay_Rio_de_la_Plata,waterbody:Uruguay_Rio_de_la_Plata:PocitosBarreiro,2014-11-25
c9362563d35eba47,source_ood,2,train,Uruguay_Rio_de_la_Plata,Uruguay_Rio_de_la_Plata,waterbody:Uruguay_Rio_de_la_Plata:Malvin,2014-11-25
6aa90dff08321ef9,source_ood,2,train,Uruguay_Rio_de_la_Plata,Uruguay_Rio_de_la_Plata,waterbody:Uruguay_Rio_de_la_Plata:SantaCatalina,2014-11-29
c7ece1440ca86ecb,source_ood,2,train,Uruguay_Rio_de_la_Plata,Uruguay_Rio_de_la_Plata,waterbody:Uruguay_Rio_de_la_Plata:PocitosBarreiro,2014-12-04
81743ad6848d5a6d,source_ood,2,train,Uruguay_Rio_de_la_Plata,Uruguay_Rio_de_la_Plata,waterbody:Uruguay_Rio_de_la_Plata:Malvin,2014-12-04
4630e83765f27526,source_ood,2,train,Uruguay_Rio_de_la_Plata,Uruguay_Rio_de_la_Plata,waterbody:Uruguay_Rio_de_la_Plata:PajasBlancas,2014-12-04
716fb8e205b553ba,source_ood,2,train,Uruguay_Rio_de_la_Plata,Uruguay_Rio_de_la_Plata,waterbody:Uruguay_Rio_de_la_Plata:Cerro,2014-12-04
41ffa3e4fa231018,source_ood,2,train,Uruguay_Rio_de_la_Plata,Uruguay_Rio_de_la_Plata,waterbody:Uruguay_Rio_de_la_Plata:Ramirez,2014-12-04
0e8970ecb823a822,source_ood,2,train,Uruguay_Rio_de_la_Plata,Uruguay_Rio_de_la_Plata,waterbody:Uruguay_Rio_de_la_Plata:Carrasco,2014-12-04
0d308cb8bcdc2bbb,source_ood,2,train,Uruguay_Rio_de_la_Plata,Uruguay_Rio_de_la_Plata,waterbody:Uruguay_Rio_de_la_Plata:PocitosBarreiro,2014-12-09
46f8e700bd01c7ef,source_ood,2,train,Uruguay_Rio_de_la_Plata,Uruguay_Rio_de_la_Plata,waterbody:Uruguay_Rio_de_la_Plata:Malvin,2014-12-09
0915a3a475d0ab8b,source_ood,2,train,Uruguay_Rio_de_la_Plata,Uruguay_Rio_de_la_Plata,waterbody:Uruguay_Rio_de_la_Plata:PajasBlancas,2014-12-09
c6325789b4d72ba6,source_ood,2,train,Uruguay_Rio_de_la_Plata,Uruguay_Rio_de_la_Plata,waterbody:Uruguay_Rio_de_la_Plata:Cerro,2014-12-09
2c4e014c9d8015d5,source_ood,2,train,Uruguay_Rio_de_la_Plata,Uruguay_Rio_de_la_Plata,waterbody:Uruguay_Rio_de_la_Plata:Ramirez,2014-12-09
b32e01fbb2362c98,source_ood,2,train,Uruguay_Rio_de_la_Plata,Uruguay_Rio_de_la_Plata,waterbody:Uruguay_Rio_de_la_Plata:PocitosAvenidaBrasil,2014-12-09
3c4f4f9c22182775,source_ood,2,train,Uruguay_Rio_de_la_Plata,Uruguay_Rio_de_la_Plata,waterbody:Uruguay_Rio_de_la_Plata:Carrasco,2014-12-09
f99d1eeed6f9ff8a,source_ood,2,train,Uruguay_Rio_de_la_Plata,Uruguay_Rio_de_la_Plata,waterbody:Uruguay_Rio_de_la_Plata:PuntaEspinillo,2014-12-17
4fd4fde98d35598e,source_ood,2,train,Uruguay_Rio_de_la_Plata,Uruguay_Rio_de_la_Plata,waterbody:Uruguay_Rio_de_la_Plata:LaColorada,2014-12-17
f20c09a44ad75853,source_ood,2,train,Uruguay_Rio_de_la_Plata,Uruguay_Rio_de_la_Plata,waterbody:Uruguay_Rio_de_la_Plata:Ramirez,2014-12-18
4a9e53cdde0f5f59,source_ood,2,train,Uruguay_Rio_de_la_Plata,Uruguay_Rio_de_la_Plata,waterbody:Uruguay_Rio_de_la_Plata:Cerro,2014-12-18
f84a12a3bba72679,source_ood,2,train,Uruguay_Rio_de_la_Plata,Uruguay_Rio_de_la_Plata,waterbody:Uruguay_Rio_de_la_Plata:PajasBlancas,2014-12-18
ae75b1f467be8efd,source_ood,2,train,Uruguay_Rio_de_la_Plata,Uruguay_Rio_de_la_Plata,waterbody:Uruguay_Rio_de_la_Plata:Carrasco,2014-12-18
8c7d0bb13422e0aa,source_ood,2,train,Uruguay_Rio_de_la_Plata,Uruguay_Rio_de_la_Plata,waterbody:Uruguay_Rio_de_la_Plata:PocitosBarreiro,2014-12-18
3f2b94ceb3b7dd1b,source_ood,2,train,Uruguay_Rio_de_la_Plata,Uruguay_Rio_de_la_Plata,waterbody:Uruguay_Rio_de_la_Plata:Malvin,2014-12-18
d59825390cb35ab4,source_ood,2,train,Uruguay_Rio_de_la_Plata,Uruguay_Rio_de_la_Plata,waterbody:Uruguay_Rio_de_la_Plata:Malvin,2014-12-22
d8b561ccef8f7db4,source_ood,2,train,Uruguay_Rio_de_la_Plata,Uruguay_Rio_de_la_Plata,waterbody:Uruguay_Rio_de_la_Plata:PajasBlancas,2014-12-22
5af97271c5fbf8e7,source_ood,2,train,Uruguay_Rio_de_la_Plata,Uruguay_Rio_de_la_Plata,waterbody:Uruguay_Rio_de_la_Plata:Cerro,2014-12-22
41f080c3cbc6c2e9,source_ood,2,train,Uruguay_Rio_de_la_Plata,Uruguay_Rio_de_la_Plata,waterbody:Uruguay_Rio_de_la_Plata:Ramirez,2014-12-22
b394934732fa97ef,source_ood,2,train,Uruguay_Rio_de_la_Plata,Uruguay_Rio_de_la_Plata,waterbody:Uruguay_Rio_de_la_Plata:PocitosBarreiro,2014-12-22
5071c46e710620ad,source_ood,2,train,Uruguay_Rio_de_la_Plata,Uruguay_Rio_de_la_Plata,waterbody:Uruguay_Rio_de_la_Plata:Carrasco,2014-12-22
13af3e4dbb367b69,source_ood,2,train,Uruguay_Rio_de_la_Plata,Uruguay_Rio_de_la_Plata,waterbody:Uruguay_Rio_de_la_Plata:Ramirez,2014-12-23
33801cf96e5edfa7,source_ood,2,train,Uruguay_Rio_de_la_Plata,Uruguay_Rio_de_la_Plata,waterbody:Uruguay_Rio_de_la_Plata:Malvin,2014-12-26
645df3f0c621fa8f,source_ood,2,train,Uruguay_Rio_de_la_Plata,Uruguay_Rio_de_la_Plata,waterbody:Uruguay_Rio_de_la_Plata:Cerro,2014-12-26
de2b7b59738a2289,source_ood,2,train,Uruguay_Rio_de_la_Plata,Uruguay_Rio_de_la_Plata,waterbody:Uruguay_Rio_de_la_Plata:Ramirez,2014-12-26
9ed35730166c4a9b,source_ood,2,train,Uruguay_Rio_de_la_Plata,Uruguay_Rio_de_la_Plata,waterbody:Uruguay_Rio_de_la_Plata:Carrasco,2014-12-26
7a7e900e81e3501c,source_ood,2,train,Uruguay_Rio_de_la_Plata,Uruguay_Rio_de_la_Plata,waterbody:Uruguay_Rio_de_la_Plata:PajasBlancas,2014-12-26
03d5437b8a760d64,source_ood,2,train,Uruguay_Rio_de_la_Plata,Uruguay_Rio_de_la_Plata,waterbody:Uruguay_Rio_de_la_Plata:PocitosBarreiro,2014-12-26
48ac85ef709d88c1,source_ood,2,train,Uruguay_Rio_de_la_Plata,Uruguay_Rio_de_la_Plata,waterbody:Uruguay_Rio_de_la_Plata:Carrasco,2014-12-29
496466662cf4be25,source_ood,2,train,Uruguay_Rio_de_la_Plata,Uruguay_Rio_de_la_Plata,waterbody:Uruguay_Rio_de_la_Plata:PuntaEspinillo,2014-12-29
5dbe9a759625e789,source_ood,2,train,Uruguay_Rio_de_la_Plata,Uruguay_Rio_de_la_Plata,waterbody:Uruguay_Rio_de_la_Plata:PajasBlancas,2014-12-29
1cd8404ba108b901,source_ood,2,train,Uruguay_Rio_de_la_Plata,Uruguay_Rio_de_la_Plata,waterbody:Uruguay_Rio_de_la_Plata:Cerro,2014-12-29
c89c7af72028e765,source_ood,2,train,Uruguay_Rio_de_la_Plata,Uruguay_Rio_de_la_Plata,waterbody:Uruguay_Rio_de_la_Plata:Ramirez,2014-12-29
37ee8a3cb80bef71,source_ood,2,train,Uruguay_Rio_de_la_Plata,Uruguay_Rio_de_la_Plata,waterbody:Uruguay_Rio_de_la_Plata:SantaCatalina,2014-12-29
6975d64498f6dd74,source_ood,2,train,Uruguay_Rio_de_la_Plata,Uruguay_Rio_de_la_Plata,waterbody:Uruguay_Rio_de_la_Plata:PocitosBarreiro,2014-12-29
0605426343f672f4,source_ood,2,train,Uruguay_Rio_de_la_Plata,Uruguay_Rio_de_la_Plata,waterbody:Uruguay_Rio_de_la_Plata:Malvin,2014-12-29
f390ca01a57f3c8c,source_ood,2,train,Uruguay_Rio_de_la_Plata,Uruguay_Rio_de_la_Plata,waterbody:Uruguay_Rio_de_la_Plata:PajasBlancas,2014-12-30
0fcaa14c333cbde7,source_ood,2,train,Uruguay_Rio_de_la_Plata,Uruguay_Rio_de_la_Plata,waterbody:Uruguay_Rio_de_la_Plata:Buceo,2014-12-30
32386d20a6607aeb,source_ood,2,train,Uruguay_Rio_de_la_Plata,Uruguay_Rio_de_la_Plata,waterbody:Uruguay_Rio_de_la_Plata:Malvin,2015-01-05
59c22704b3b3a647,source_ood,2,train,Uruguay_Rio_de_la_Plata,Uruguay_Rio_de_la_Plata,waterbody:Uruguay_Rio_de_la_Plata:Carrasco,2015-01-05
0b65202726be0fbc,source_ood,2,train,Uruguay_Rio_de_la_Plata,Uruguay_Rio_de_la_Plata,waterbody:Uruguay_Rio_de_la_Plata:PajasBlancas,2015-01-07
c0dc4495c21205c1,source_ood,2,train,Uruguay_Rio_de_la_Plata,Uruguay_Rio_de_la_Plata,waterbody:Uruguay_Rio_de_la_Plata:Cerro,2015-01-07
591a69fa2a3bd525,source_ood,2,train,Uruguay_Rio_de_la_Plata,Uruguay_Rio_de_la_Plata,waterbody:Uruguay_Rio_de_la_Plata:PocitosBarreiro,2015-01-07
443736d58a76b6d8,source_ood,2,train,Uruguay_Rio_de_la_Plata,Uruguay_Rio_de_la_Plata,waterbody:Uruguay_Rio_de_la_Plata:Ramirez,2015-01-07
f0fb423a23ef0923,source_ood,2,train,Uruguay_Rio_de_la_Plata,Uruguay_Rio_de_la_Plata,waterbody:Uruguay_Rio_de_la_Plata:Malvin,2015-01-07
2bfdead45d20b206,source_ood,2,train,Uruguay_Rio_de_la_Plata,Uruguay_Rio_de_la_Plata,waterbody:Uruguay_Rio_de_la_Plata:Carrasco,2015-01-07
e5a7a8084e2cb0e7,source_ood,2,train,Uruguay_Rio_de_la_Plata,Uruguay_Rio_de_la_Plata,waterbody:Uruguay_Rio_de_la_Plata:PocitosBarreiro,2015-01-12
429e0dc3fc0305fa,source_ood,2,train,Uruguay_Rio_de_la_Plata,Uruguay_Rio_de_la_Plata,waterbody:Uruguay_Rio_de_la_Plata:Cerro,2015-01-12
65fa60d78ed15918,source_ood,2,train,Uruguay_Rio_de_la_Plata,Uruguay_Rio_de_la_Plata,waterbody:Uruguay_Rio_de_la_Plata:Ramirez,2015-01-12
cdc5d019c7dafbcf,source_ood,2,train,Uruguay_Rio_de_la_Plata,Uruguay_Rio_de_la_Plata,waterbody:Uruguay_Rio_de_la_Plata:PajasBlancas,2015-01-12
3e0ebd49bdfe251b,source_ood,2,train,Uruguay_Rio_de_la_Plata,Uruguay_Rio_de_la_Plata,waterbody:Uruguay_Rio_de_la_Plata:PuntaYeguas,2015-01-12
fb979e6f77cfdb46,source_ood,2,train,Uruguay_Rio_de_la_Plata,Uruguay_Rio_de_la_Plata,waterbody:Uruguay_Rio_de_la_Plata:Carrasco,2015-01-12
280089ec967feadb,source_ood,2,train,Uruguay_Rio_de_la_Plata,Uruguay_Rio_de_la_Plata,waterbody:Uruguay_Rio_de_la_Plata:Malvin,2015-01-12
1f66f3cb3c977350,source_ood,2,train,Uruguay_Rio_de_la_Plata,Uruguay_Rio_de_la_Plata,waterbody:Uruguay_Rio_de_la_Plata:Ramirez,2015-01-14
9625c1dd2d8fb619,source_ood,2,train,Uruguay_Rio_de_la_Plata,Uruguay_Rio_de_la_Plata,waterbody:Uruguay_Rio_de_la_Plata:Cerro,2015-01-20
6bddbeb26ed7b110,source_ood,2,train,Uruguay_Rio_de_la_Plata,Uruguay_Rio_de_la_Plata,waterbody:Uruguay_Rio_de_la_Plata:PocitosBarreiro,2015-01-20
7316a8578a727c5e,source_ood,2,train,Uruguay_Rio_de_la_Plata,Uruguay_Rio_de_la_Plata,waterbody:Uruguay_Rio_de_la_Plata:Ramirez,2015-01-20
22120946f0433b0f,source_ood,2,train,Uruguay_Rio_de_la_Plata,Uruguay_Rio_de_la_Plata,waterbody:Uruguay_Rio_de_la_Plata:Carrasco,2015-01-20
017d978014c83c85,source_ood,2,train,Uruguay_Rio_de_la_Plata,Uruguay_Rio_de_la_Plata,waterbody:Uruguay_Rio_de_la_Plata:Malvin,2015-01-20
7ef81cbfab24047a,source_ood,2,train,Uruguay_Rio_de_la_Plata,Uruguay_Rio_de_la_Plata,waterbody:Uruguay_Rio_de_la_Plata:PuntaYeguas,2015-01-22
0864f02668962dd3,source_ood,2,train,Uruguay_Rio_de_la_Plata,Uruguay_Rio_de_la_Plata,waterbody:Uruguay_Rio_de_la_Plata:Cerro,2015-01-26
32de260dfd4ba6fb,source_ood,2,train,Uruguay_Rio_de_la_Plata,Uruguay_Rio_de_la_Plata,waterbody:Uruguay_Rio_de_la_Plata:Ramirez,2015-01-26
b8e7560cbc02123d,source_ood,2,train,Uruguay_Rio_de_la_Plata,Uruguay_Rio_de_la_Plata,waterbody:Uruguay_Rio_de_la_Plata:PajasBlancas,2015-01-26
083cf37997fa282d,source_ood,2,train,Uruguay_Rio_de_la_Plata,Uruguay_Rio_de_la_Plata,waterbody:Uruguay_Rio_de_la_Plata:Ingleses,2015-01-26
4f8e56cc8d3ffed1,source_ood,2,train,Uruguay_Rio_de_la_Plata,Uruguay_Rio_de_la_Plata,waterbody:Uruguay_Rio_de_la_Plata:Carrasco,2015-01-26
57e502d560dcfb37,source_ood,2,train,Uruguay_Rio_de_la_Plata,Uruguay_Rio_de_la_Plata,waterbody:Uruguay_Rio_de_la_Plata:Malvin,2015-01-26
56369bd97a34d277,source_ood,2,train,Uruguay_Rio_de_la_Plata,Uruguay_Rio_de_la_Plata,waterbody:Uruguay_Rio_de_la_Plata:PocitosBarreiro,2015-01-26
fd4519b1638411a4,source_ood,2,train,Uruguay_Rio_de_la_Plata,Uruguay_Rio_de_la_Plata,waterbody:Uruguay_Rio_de_la_Plata:Cerro,2015-01-27
bb26850dfae347bd,source_ood,2,train,Uruguay_Rio_de_la_Plata,Uruguay_Rio_de_la_Plata,waterbody:Uruguay_Rio_de_la_Plata:Ramirez,2015-01-27
9d44499ca5fbe4d3,source_ood,2,train,Uruguay_Rio_de_la_Plata,Uruguay_Rio_de_la_Plata,waterbody:Uruguay_Rio_de_la_Plata:Ramirez,2015-02-04
e57a435034941326,source_ood,2,train,Uruguay_Rio_de_la_Plata,Uruguay_Rio_de_la_Plata,waterbody:Uruguay_Rio_de_la_Plata:Cerro,2015-02-04
70c5ccf6e1bf03d7,source_ood,2,train,Uruguay_Rio_de_la_Plata,Uruguay_Rio_de_la_Plata,waterbody:Uruguay_Rio_de_la_Plata:PajasBlancas,2015-02-04
c674a00a012e63d7,source_ood,2,train,Uruguay_Rio_de_la_Plata,Uruguay_Rio_de_la_Plata,waterbody:Uruguay_Rio_de_la_Plata:PocitosBarreiro,2015-02-04
ebfbca921360e1ee,source_ood,2,train,Uruguay_Rio_de_la_Plata,Uruguay_Rio_de_la_Plata,waterbody:Uruguay_Rio_de_la_Plata:Carrasco,2015-02-04
a9d4d085fbf5ba55,source_ood,2,train,Uruguay_Rio_de_la_Plata,Uruguay_Rio_de_la_Plata,waterbody:Uruguay_Rio_de_la_Plata:Malvin,2015-02-04
3f2f27015e8db931,source_ood,2,train,Uruguay_Rio_de_la_Plata,Uruguay_Rio_de_la_Plata,waterbody:Uruguay_Rio_de_la_Plata:Carrasco,2015-02-09
4f104537c7a2b68d,source_ood,2,train,Uruguay_Rio_de_la_Plata,Uruguay_Rio_de_la_Plata,waterbody:Uruguay_Rio_de_la_Plata:PuntaEspinillo,2015-02-09
00efbf2e08162d1e,source_ood,2,train,Uruguay_Rio_de_la_Plata,Uruguay_Rio_de_la_Plata,waterbody:Uruguay_Rio_de_la_Plata:PocitosBarreiro,2015-02-09
70198eb069aa9d82,source_ood,2,train,Uruguay_Rio_de_la_Plata,Uruguay_Rio_de_la_Plata,waterbody:Uruguay_Rio_de_la_Plata:Malvin,2015-02-09
eeded79f5f320d5f,source_ood,2,train,Uruguay_Rio_de_la_Plata,Uruguay_Rio_de_la_Plata,waterbody:Uruguay_Rio_de_la_Plata:SantaCatalina,2015-02-09
e0aed502b7b0b16d,source_ood,2,train,Uruguay_Rio_de_la_Plata,Uruguay_Rio_de_la_Plata,waterbody:Uruguay_Rio_de_la_Plata:PajasBlancas,2015-02-09
5a3d84533b81a6ad,source_ood,2,train,Uruguay_Rio_de_la_Plata,Uruguay_Rio_de_la_Plata,waterbody:Uruguay_Rio_de_la_Plata:Cerro,2015-02-09
e8ec9b2f7741b19d,source_ood,2,train,Uruguay_Rio_de_la_Plata,Uruguay_Rio_de_la_Plata,waterbody:Uruguay_Rio_de_la_Plata:Ramirez,2015-02-09
b2edeb167c8b7748,source_ood,2,train,Uruguay_Rio_de_la_Plata,Uruguay_Rio_de_la_Plata,waterbody:Uruguay_Rio_de_la_Plata:PajasBlancas,2015-02-11
3fe3106fd62c8eef,source_ood,2,train,Uruguay_Rio_de_la_Plata,Uruguay_Rio_de_la_Plata,waterbody:Uruguay_Rio_de_la_Plata:PocitosBarreiro,2015-02-11
bd4c12f6d6e6c31d,source_ood,2,train,Uruguay_Rio_de_la_Plata,Uruguay_Rio_de_la_Plata,waterbody:Uruguay_Rio_de_la_Plata:Cerro,2015-02-11
6362887efe4b855a,source_ood,2,train,Uruguay_Rio_de_la_Plata,Uruguay_Rio_de_la_Plata,waterbody:Uruguay_Rio_de_la_Plata:Carrasco,2015-02-11
2a2ee321d4c73aee,source_ood,2,train,Uruguay_Rio_de_la_Plata,Uruguay_Rio_de_la_Plata,waterbody:Uruguay_Rio_de_la_Plata:Ramirez,2015-02-11
bd355b8053604898,source_ood,2,train,Uruguay_Rio_de_la_Plata,Uruguay_Rio_de_la_Plata,waterbody:Uruguay_Rio_de_la_Plata:Malvin,2015-02-11
864fdfdd35eb85c1,source_ood,2,train,Uruguay_Rio_de_la_Plata,Uruguay_Rio_de_la_Plata,waterbody:Uruguay_Rio_de_la_Plata:Carrasco,2015-02-18
bd7395d148f31409,source_ood,2,train,Uruguay_Rio_de_la_Plata,Uruguay_Rio_de_la_Plata,waterbody:Uruguay_Rio_de_la_Plata:Cerro,2015-02-18
557dc10daf7ef03a,source_ood,2,train,Uruguay_Rio_de_la_Plata,Uruguay_Rio_de_la_Plata,waterbody:Uruguay_Rio_de_la_Plata:PocitosBarreiro,2015-02-18
2fc1a995ab7698d8,source_ood,2,train,Uruguay_Rio_de_la_Plata,Uruguay_Rio_de_la_Plata,waterbody:Uruguay_Rio_de_la_Plata:Malvin,2015-02-18
151a7930ad623d2c,source_ood,2,train,Uruguay_Rio_de_la_Plata,Uruguay_Rio_de_la_Plata,waterbody:Uruguay_Rio_de_la_Plata:PajasBlancas,2015-02-18
848f85aa07457f74,source_ood,2,train,Uruguay_Rio_de_la_Plata,Uruguay_Rio_de_la_Plata,waterbody:Uruguay_Rio_de_la_Plata:Ramirez,2015-02-18
6424f0726144c9b9,source_ood,2,train,Uruguay_Rio_de_la_Plata,Uruguay_Rio_de_la_Plata,waterbody:Uruguay_Rio_de_la_Plata:Ramirez,2015-02-20
4612d8dcb407a632,source_ood,2,train,Uruguay_Rio_de_la_Plata,Uruguay_Rio_de_la_Plata,waterbody:Uruguay_Rio_de_la_Plata:Malvin,2015-02-25
d54e90d24916ba05,source_ood,2,train,Uruguay_Rio_de_la_Plata,Uruguay_Rio_de_la_Plata,waterbody:Uruguay_Rio_de_la_Plata:Ramirez,2015-02-25
dd7c05308f773325,source_ood,2,train,Uruguay_Rio_de_la_Plata,Uruguay_Rio_de_la_Plata,waterbody:Uruguay_Rio_de_la_Plata:Carrasco,2015-02-25
20756b02debff423,source_ood,2,train,Uruguay_Rio_de_la_Plata,Uruguay_Rio_de_la_Plata,waterbody:Uruguay_Rio_de_la_Plata:Cerro,2015-02-25
8d208e46d6afbbb4,source_ood,2,train,Uruguay_Rio_de_la_Plata,Uruguay_Rio_de_la_Plata,waterbody:Uruguay_Rio_de_la_Plata:PocitosBarreiro,2015-02-25
7e592605a5dba42d,source_ood,2,train,Uruguay_Rio_de_la_Plata,Uruguay_Rio_de_la_Plata,waterbody:Uruguay_Rio_de_la_Plata:PajasBlancas,2015-02-25
1da568965d1c972a,source_ood,2,train,Uruguay_Rio_de_la_Plata,Uruguay_Rio_de_la_Plata,waterbody:Uruguay_Rio_de_la_Plata:Carrasco,2015-03-03
1d0188998f82050d,source_ood,2,train,Uruguay_Rio_de_la_Plata,Uruguay_Rio_de_la_Plata,waterbody:Uruguay_Rio_de_la_Plata:Malvin,2015-03-03
8a570e7e893888d7,source_ood,2,train,Uruguay_Rio_de_la_Plata,Uruguay_Rio_de_la_Plata,waterbody:Uruguay_Rio_de_la_Plata:Ramirez,2015-03-03
4f7a1fa756284a3d,source_ood,2,train,Uruguay_Rio_de_la_Plata,Uruguay_Rio_de_la_Plata,waterbody:Uruguay_Rio_de_la_Plata:PocitosBarreiro,2015-03-03
6ef888876a14dc22,source_ood,2,train,Uruguay_Rio_de_la_Plata,Uruguay_Rio_de_la_Plata,waterbody:Uruguay_Rio_de_la_Plata:PajasBlancas,2015-03-03
886efd0c9e0e37e1,source_ood,2,train,Uruguay_Rio_de_la_Plata,Uruguay_Rio_de_la_Plata,waterbody:Uruguay_Rio_de_la_Plata:Cerro,2015-03-03
3c9f0d61b3323983,source_ood,2,train,Uruguay_Rio_de_la_Plata,Uruguay_Rio_de_la_Plata,waterbody:Uruguay_Rio_de_la_Plata:Carrasco,2015-03-13
97b9c9d69fd2a449,source_ood,2,train,Uruguay_Rio_de_la_Plata,Uruguay_Rio_de_la_Plata,waterbody:Uruguay_Rio_de_la_Plata:PajasBlancas,2015-03-13
ad4f0467bd932e20,source_ood,2,train,Uruguay_Rio_de_la_Plata,Uruguay_Rio_de_la_Plata,waterbody:Uruguay_Rio_de_la_Plata:Cerro,2015-03-13
a21a403c2a868e5f,source_ood,2,train,Uruguay_Rio_de_la_Plata,Uruguay_Rio_de_la_Plata,waterbody:Uruguay_Rio_de_la_Plata:Ramirez,2015-03-13
baca0adf1733c8e1,source_ood,2,train,Uruguay_Rio_de_la_Plata,Uruguay_Rio_de_la_Plata,waterbody:Uruguay_Rio_de_la_Plata:PocitosBarreiro,2015-03-13
5aa51b00c5366a42,source_ood,2,train,Uruguay_Rio_de_la_Plata,Uruguay_Rio_de_la_Plata,waterbody:Uruguay_Rio_de_la_Plata:Malvin,2015-03-13
4e9118f8782fcbf1,source_ood,2,train,Uruguay_Rio_de_la_Plata,Uruguay_Rio_de_la_Plata,waterbody:Uruguay_Rio_de_la_Plata:Ramirez,2015-03-16
4ffbdba506f3df6c,source_ood,2,train,Uruguay_Rio_de_la_Plata,Uruguay_Rio_de_la_Plata,waterbody:Uruguay_Rio_de_la_Plata:PocitosBarreiro,2015-03-16
7a75f716e2d031d3,source_ood,2,train,Uruguay_Rio_de_la_Plata,Uruguay_Rio_de_la_Plata,waterbody:Uruguay_Rio_de_la_Plata:PajasBlancas,2015-03-16
f9e8e8d3ac9faae0,source_ood,2,train,Uruguay_Rio_de_la_Plata,Uruguay_Rio_de_la_Plata,waterbody:Uruguay_Rio_de_la_Plata:Cerro,2015-03-16
014b552ad13dafe1,source_ood,2,train,Uruguay_Rio_de_la_Plata,Uruguay_Rio_de_la_Plata,waterbody:Uruguay_Rio_de_la_Plata:Carrasco,2015-03-16
b860a3d5f22fd70e,source_ood,2,train,Uruguay_Rio_de_la_Plata,Uruguay_Rio_de_la_Plata,waterbody:Uruguay_Rio_de_la_Plata:Malvin,2015-03-16
3e7120ac1b6a6fb9,source_ood,2,train,Uruguay_Rio_de_la_Plata,Uruguay_Rio_de_la_Plata,waterbody:Uruguay_Rio_de_la_Plata:PocitosAvenidaBrasil,2015-03-17
f66974a85bd0bc5c,source_ood,2,train,Uruguay_Rio_de_la_Plata,Uruguay_Rio_de_la_Plata,waterbody:Uruguay_Rio_de_la_Plata:Ramirez,2015-03-17
c0580449a7172a8b,source_ood,2,train,Uruguay_Rio_de_la_Plata,Uruguay_Rio_de_la_Plata,waterbody:Uruguay_Rio_de_la_Plata:PuntaEspinillo,2015-03-23
7fe8d5d092bb4512,source_ood,2,train,Uruguay_Rio_de_la_Plata,Uruguay_Rio_de_la_Plata,waterbody:Uruguay_Rio_de_la_Plata:PajasBlancas,2015-03-23
bb5ed2f41a131e2a,source_ood,2,train,Uruguay_Rio_de_la_Plata,Uruguay_Rio_de_la_Plata,waterbody:Uruguay_Rio_de_la_Plata:SantaCatalina,2015-03-23
abdecf4a5187a188,source_ood,2,train,Uruguay_Rio_de_la_Plata,Uruguay_Rio_de_la_Plata,waterbody:Uruguay_Rio_de_la_Plata:Carrasco,2015-03-23
fc8ad178a48aebe1,source_ood,2,train,Uruguay_Rio_de_la_Plata,Uruguay_Rio_de_la_Plata,waterbody:Uruguay_Rio_de_la_Plata:Ramirez,2015-03-23
34854fc11f6279b5,source_ood,2,train,Uruguay_Rio_de_la_Plata,Uruguay_Rio_de_la_Plata,waterbody:Uruguay_Rio_de_la_Plata:PocitosBarreiro,2015-03-23
bf6eefb8efde40cd,source_ood,2,train,Uruguay_Rio_de_la_Plata,Uruguay_Rio_de_la_Plata,waterbody:Uruguay_Rio_de_la_Plata:Malvin,2015-03-23
cb8092d35d4536e0,source_ood,2,train,Uruguay_Rio_de_la_Plata,Uruguay_Rio_de_la_Plata,waterbody:Uruguay_Rio_de_la_Plata:Cerro,2015-03-23
9e0739bf7eda73a7,source_ood,2,train,Uruguay_Rio_de_la_Plata,Uruguay_Rio_de_la_Plata,waterbody:Uruguay_Rio_de_la_Plata:Ingleses,2015-03-23
3f2a582b4a06e00c,source_ood,2,train,Uruguay_Rio_de_la_Plata,Uruguay_Rio_de_la_Plata,waterbody:Uruguay_Rio_de_la_Plata:PocitosBarreiro,2015-04-07
20c2ac4827233e8a,source_ood,2,train,Uruguay_Rio_de_la_Plata,Uruguay_Rio_de_la_Plata,waterbody:Uruguay_Rio_de_la_Plata:Cerro,2015-04-07
4ee23f1eb97f8829,source_ood,2,train,Uruguay_Rio_de_la_Plata,Uruguay_Rio_de_la_Plata,waterbody:Uruguay_Rio_de_la_Plata:Ramirez,2015-04-07
90972aba55c71fa7,source_ood,2,train,Uruguay_Rio_de_la_Plata,Uruguay_Rio_de_la_Plata,waterbody:Uruguay_Rio_de_la_Plata:Malvin,2015-04-07
aeaa30b565dcbcdb,source_ood,2,train,Uruguay_Rio_de_la_Plata,Uruguay_Rio_de_la_Plata,waterbody:Uruguay_Rio_de_la_Plata:Carrasco,2015-04-07
29971dfae270a7be,source_ood,2,train,Uruguay_Rio_de_la_Plata,Uruguay_Rio_de_la_Plata,waterbody:Uruguay_Rio_de_la_Plata:PajasBlancas,2015-04-07
a540b3e282fdf4a6,source_ood,2,train,Uruguay_Rio_de_la_Plata,Uruguay_Rio_de_la_Plata,waterbody:Uruguay_Rio_de_la_Plata:Cerro,2015-04-16
9e8d2500b76c13f5,source_ood,2,train,Uruguay_Rio_de_la_Plata,Uruguay_Rio_de_la_Plata,waterbody:Uruguay_Rio_de_la_Plata:Ramirez,2015-04-16
abce3c5dcef3643a,source_ood,2,train,Uruguay_Rio_de_la_Plata,Uruguay_Rio_de_la_Plata,waterbody:Uruguay_Rio_de_la_Plata:PocitosBarreiro,2015-04-16
a48711ad4405c010,source_ood,2,train,Uruguay_Rio_de_la_Plata,Uruguay_Rio_de_la_Plata,waterbody:Uruguay_Rio_de_la_Plata:Malvin,2015-04-16
fdf2e18be8461b30,source_ood,2,train,Uruguay_Rio_de_la_Plata,Uruguay_Rio_de_la_Plata,waterbody:Uruguay_Rio_de_la_Plata:PajasBlancas,2015-04-16
b239c841b2180965,source_ood,2,train,Uruguay_Rio_de_la_Plata,Uruguay_Rio_de_la_Plata,waterbody:Uruguay_Rio_de_la_Plata:Carrasco,2015-04-16
c52049ae2a2effef,source_ood,2,train,Uruguay_Rio_de_la_Plata,Uruguay_Rio_de_la_Plata,waterbody:Uruguay_Rio_de_la_Plata:PajasBlancas,2015-04-22
3dd3f2eb4da99181,source_ood,2,train,Uruguay_Rio_de_la_Plata,Uruguay_Rio_de_la_Plata,waterbody:Uruguay_Rio_de_la_Plata:Cerro,2015-04-22
e52241b2194880b3,source_ood,2,train,Uruguay_Rio_de_la_Plata,Uruguay_Rio_de_la_Plata,waterbody:Uruguay_Rio_de_la_Plata:Malvin,2015-04-22
9c62257ee6070cad,source_ood,2,train,Uruguay_Rio_de_la_Plata,Uruguay_Rio_de_la_Plata,waterbody:Uruguay_Rio_de_la_Plata:PocitosBarreiro,2015-04-22
e5a9ee61f278ad52,source_ood,2,train,Uruguay_Rio_de_la_Plata,Uruguay_Rio_de_la_Plata,waterbody:Uruguay_Rio_de_la_Plata:Carrasco,2015-04-22
e85842a74c0459f1,source_ood,2,train,Uruguay_Rio_de_la_Plata,Uruguay_Rio_de_la_Plata,waterbody:Uruguay_Rio_de_la_Plata:Ramirez,2015-04-22
4f6d07b6683933ad,source_ood,2,train,Uruguay_Rio_de_la_Plata,Uruguay_Rio_de_la_Plata,waterbody:Uruguay_Rio_de_la_Plata:PajasBlancas,2015-04-27
2df5636b583fb64f,source_ood,2,train,Uruguay_Rio_de_la_Plata,Uruguay_Rio_de_la_Plata,waterbody:Uruguay_Rio_de_la_Plata:PocitosBarreiro,2015-04-27
71f2cdeba13ff3de,source_ood,2,train,Uruguay_Rio_de_la_Plata,Uruguay_Rio_de_la_Plata,waterbody:Uruguay_Rio_de_la_Plata:Cerro,2015-04-27
3003753dde5df7b4,source_ood,2,train,Uruguay_Rio_de_la_Plata,Uruguay_Rio_de_la_Plata,waterbody:Uruguay_Rio_de_la_Plata:Ramirez,2015-04-27
5d9dd386785a1561,source_ood,2,train,Uruguay_Rio_de_la_Plata,Uruguay_Rio_de_la_Plata,waterbody:Uruguay_Rio_de_la_Plata:Malvin,2015-04-27
61195b4d1491ba3a,source_ood,2,train,Uruguay_Rio_de_la_Plata,Uruguay_Rio_de_la_Plata,waterbody:Uruguay_Rio_de_la_Plata:Carrasco,2015-04-27
f4b6084fa71c3747,source_ood,2,train,Uruguay_Rio_de_la_Plata,Uruguay_Rio_de_la_Plata,waterbody:Uruguay_Rio_de_la_Plata:PajasBlancas,2015-05-07
1642bde1c8762057,source_ood,2,train,Uruguay_Rio_de_la_Plata,Uruguay_Rio_de_la_Plata,waterbody:Uruguay_Rio_de_la_Plata:Carrasco,2015-05-07
488bd72ad3b29984,source_ood,2,train,Uruguay_Rio_de_la_Plata,Uruguay_Rio_de_la_Plata,waterbody:Uruguay_Rio_de_la_Plata:Cerro,2015-05-07
c5e88cafe2f04a5a,source_ood,2,train,Uruguay_Rio_de_la_Plata,Uruguay_Rio_de_la_Plata,waterbody:Uruguay_Rio_de_la_Plata:Ramirez,2015-05-07
b6ea707c7436cdd3,source_ood,2,train,Uruguay_Rio_de_la_Plata,Uruguay_Rio_de_la_Plata,waterbody:Uruguay_Rio_de_la_Plata:PocitosBarreiro,2015-05-07
810503ad087403f2,source_ood,2,train,Uruguay_Rio_de_la_Plata,Uruguay_Rio_de_la_Plata,waterbody:Uruguay_Rio_de_la_Plata:Malvin,2015-05-07
96f4de8830b01923,source_ood,2,train,Uruguay_Rio_de_la_Plata,Uruguay_Rio_de_la_Plata,waterbody:Uruguay_Rio_de_la_Plata:PajasBlancas,2015-05-12
8f17a43e473e42e7,source_ood,2,train,Uruguay_Rio_de_la_Plata,Uruguay_Rio_de_la_Plata,waterbody:Uruguay_Rio_de_la_Plata:Carrasco,2015-05-12
8bfbc6484c3d8b94,source_ood,2,train,Uruguay_Rio_de_la_Plata,Uruguay_Rio_de_la_Plata,waterbody:Uruguay_Rio_de_la_Plata:Cerro,2015-05-12
54114efb286b8ae4,source_ood,2,train,Uruguay_Rio_de_la_Plata,Uruguay_Rio_de_la_Plata,waterbody:Uruguay_Rio_de_la_Plata:Ramirez,2015-05-12
d24e74ec0364cfe0,source_ood,2,train,Uruguay_Rio_de_la_Plata,Uruguay_Rio_de_la_Plata,waterbody:Uruguay_Rio_de_la_Plata:PocitosBarreiro,2015-05-12
fe463fc0a434f2bf,source_ood,2,train,Uruguay_Rio_de_la_Plata,Uruguay_Rio_de_la_Plata,waterbody:Uruguay_Rio_de_la_Plata:Malvin,2015-05-12
69d42065a50ce072,source_ood,2,train,Uruguay_Rio_de_la_Plata,Uruguay_Rio_de_la_Plata,waterbody:Uruguay_Rio_de_la_Plata:PajasBlancas,2015-05-22
9cebfe4924af7984,source_ood,2,train,Uruguay_Rio_de_la_Plata,Uruguay_Rio_de_la_Plata,waterbody:Uruguay_Rio_de_la_Plata:Cerro,2015-05-22
2531ad3567be373e,source_ood,2,train,Uruguay_Rio_de_la_Plata,Uruguay_Rio_de_la_Plata,waterbody:Uruguay_Rio_de_la_Plata:Carrasco,2015-05-22
9db3ce95afa4f049,source_ood,2,train,Uruguay_Rio_de_la_Plata,Uruguay_Rio_de_la_Plata,waterbody:Uruguay_Rio_de_la_Plata:PocitosBarreiro,2015-05-22
b2f7caa1ca9a1184,source_ood,2,train,Uruguay_Rio_de_la_Plata,Uruguay_Rio_de_la_Plata,waterbody:Uruguay_Rio_de_la_Plata:Ramirez,2015-05-22
fdff3841235ae53c,source_ood,2,train,Uruguay_Rio_de_la_Plata,Uruguay_Rio_de_la_Plata,waterbody:Uruguay_Rio_de_la_Plata:Malvin,2015-05-22
740ae47b8c2c3015,source_ood,2,train,Uruguay_Rio_de_la_Plata,Uruguay_Rio_de_la_Plata,waterbody:Uruguay_Rio_de_la_Plata:PocitosBarreiro,2015-05-26
a16c80c8f77cddcc,source_ood,2,train,Uruguay_Rio_de_la_Plata,Uruguay_Rio_de_la_Plata,waterbody:Uruguay_Rio_de_la_Plata:Cerro,2015-05-26
25728445d1b8bbbb,source_ood,2,train,Uruguay_Rio_de_la_Plata,Uruguay_Rio_de_la_Plata,waterbody:Uruguay_Rio_de_la_Plata:Ramirez,2015-05-26
004b287d79601a74,source_ood,2,train,Uruguay_Rio_de_la_Plata,Uruguay_Rio_de_la_Plata,waterbody:Uruguay_Rio_de_la_Plata:Carrasco,2015-05-26
39d5f83786d98474,source_ood,2,train,Uruguay_Rio_de_la_Plata,Uruguay_Rio_de_la_Plata,waterbody:Uruguay_Rio_de_la_Plata:Malvin,2015-05-26
0a19269cd1952aa7,source_ood,2,train,Uruguay_Rio_de_la_Plata,Uruguay_Rio_de_la_Plata,waterbody:Uruguay_Rio_de_la_Plata:PajasBlancas,2015-05-26
d0e35e73e85fe0e2,source_ood,2,train,Uruguay_Rio_de_la_Plata,Uruguay_Rio_de_la_Plata,waterbody:Uruguay_Rio_de_la_Plata:PajasBlancas,2015-06-03
fe088a137e765e25,source_ood,2,train,Uruguay_Rio_de_la_Plata,Uruguay_Rio_de_la_Plata,waterbody:Uruguay_Rio_de_la_Plata:PocitosBarreiro,2015-06-03
60f79fc5ff4779b3,source_ood,2,train,Uruguay_Rio_de_la_Plata,Uruguay_Rio_de_la_Plata,waterbody:Uruguay_Rio_de_la_Plata:Ramirez,2015-06-03
01450e69ba187892,source_ood,2,train,Uruguay_Rio_de_la_Plata,Uruguay_Rio_de_la_Plata,waterbody:Uruguay_Rio_de_la_Plata:Cerro,2015-06-03
a0a7c6768a6f679e,source_ood,2,train,Uruguay_Rio_de_la_Plata,Uruguay_Rio_de_la_Plata,waterbody:Uruguay_Rio_de_la_Plata:Carrasco,2015-06-03
fa823b244ad10b63,source_ood,2,train,Uruguay_Rio_de_la_Plata,Uruguay_Rio_de_la_Plata,waterbody:Uruguay_Rio_de_la_Plata:Malvin,2015-06-03
59b5f72cd62a0fb7,source_ood,2,train,Uruguay_Rio_de_la_Plata,Uruguay_Rio_de_la_Plata,waterbody:Uruguay_Rio_de_la_Plata:Carrasco,2015-06-10
353b02b24f08ea22,source_ood,2,train,Uruguay_Rio_de_la_Plata,Uruguay_Rio_de_la_Plata,waterbody:Uruguay_Rio_de_la_Plata:PajasBlancas,2015-06-10
8f31c4daa8e3d69e,source_ood,2,train,Uruguay_Rio_de_la_Plata,Uruguay_Rio_de_la_Plata,waterbody:Uruguay_Rio_de_la_Plata:Malvin,2015-06-10
a1690600ceca0510,source_ood,2,train,Uruguay_Rio_de_la_Plata,Uruguay_Rio_de_la_Plata,waterbody:Uruguay_Rio_de_la_Plata:PocitosBarreiro,2015-06-10
9bd58175f1fa0dc8,source_ood,2,train,Uruguay_Rio_de_la_Plata,Uruguay_Rio_de_la_Plata,waterbody:Uruguay_Rio_de_la_Plata:Cerro,2015-06-10
efcb82ff8de3be40,source_ood,2,train,Uruguay_Rio_de_la_Plata,Uruguay_Rio_de_la_Plata,waterbody:Uruguay_Rio_de_la_Plata:Ramirez,2015-06-10
423605a419f32d07,source_ood,2,train,Uruguay_Rio_de_la_Plata,Uruguay_Rio_de_la_Plata,waterbody:Uruguay_Rio_de_la_Plata:Carrasco,2015-06-17
ae4c9eea8e6d3483,source_ood,2,train,Uruguay_Rio_de_la_Plata,Uruguay_Rio_de_la_Plata,waterbody:Uruguay_Rio_de_la_Plata:Cerro,2015-06-17
b154440e65fc07b2,source_ood,2,train,Uruguay_Rio_de_la_Plata,Uruguay_Rio_de_la_Plata,waterbody:Uruguay_Rio_de_la_Plata:PajasBlancas,2015-06-17
d99240bea215d258,source_ood,2,train,Uruguay_Rio_de_la_Plata,Uruguay_Rio_de_la_Plata,waterbody:Uruguay_Rio_de_la_Plata:Ramirez,2015-06-17
a42ea7e702a7836f,source_ood,2,train,Uruguay_Rio_de_la_Plata,Uruguay_Rio_de_la_Plata,waterbody:Uruguay_Rio_de_la_Plata:Malvin,2015-06-17
c97398a67d102bf6,source_ood,2,train,Uruguay_Rio_de_la_Plata,Uruguay_Rio_de_la_Plata,waterbody:Uruguay_Rio_de_la_Plata:PocitosBarreiro,2015-06-17
ad8fe0831a050a41,source_ood,2,train,Uruguay_Rio_de_la_Plata,Uruguay_Rio_de_la_Plata,waterbody:Uruguay_Rio_de_la_Plata:Ramirez,2015-06-26
aefa15c283d726d2,source_ood,2,train,Uruguay_Rio_de_la_Plata,Uruguay_Rio_de_la_Plata,waterbody:Uruguay_Rio_de_la_Plata:PocitosBarreiro,2015-06-26
37e6ea1a71b633bf,source_ood,2,train,Uruguay_Rio_de_la_Plata,Uruguay_Rio_de_la_Plata,waterbody:Uruguay_Rio_de_la_Plata:Malvin,2015-06-26
a0c6f367eea851a9,source_ood,2,train,Uruguay_Rio_de_la_Plata,Uruguay_Rio_de_la_Plata,waterbody:Uruguay_Rio_de_la_Plata:PajasBlancas,2015-06-26
502bfd00047ca6ed,source_ood,2,train,Uruguay_Rio_de_la_Plata,Uruguay_Rio_de_la_Plata,waterbody:Uruguay_Rio_de_la_Plata:Cerro,2015-06-26
8773a1be5df7afb1,source_ood,2,train,Uruguay_Rio_de_la_Plata,Uruguay_Rio_de_la_Plata,waterbody:Uruguay_Rio_de_la_Plata:Carrasco,2015-06-26
3fb0eb1e1d5870e2,source_ood,2,train,Uruguay_Rio_de_la_Plata,Uruguay_Rio_de_la_Plata,waterbody:Uruguay_Rio_de_la_Plata:Malvin,2015-06-29
5c000eae3840ad27,source_ood,2,train,Uruguay_Rio_de_la_Plata,Uruguay_Rio_de_la_Plata,waterbody:Uruguay_Rio_de_la_Plata:Carrasco,2015-06-29
bd6b0ae94f28ba15,source_ood,2,train,Uruguay_Rio_de_la_Plata,Uruguay_Rio_de_la_Plata,waterbody:Uruguay_Rio_de_la_Plata:PocitosBarreiro,2015-06-29
eba79a9a87cc984c,source_ood,2,train,Uruguay_Rio_de_la_Plata,Uruguay_Rio_de_la_Plata,waterbody:Uruguay_Rio_de_la_Plata:Cerro,2015-06-29
63f208b30f02b063,source_ood,2,train,Uruguay_Rio_de_la_Plata,Uruguay_Rio_de_la_Plata,waterbody:Uruguay_Rio_de_la_Plata:PajasBlancas,2015-06-29
aa7e52c5f0191b2d,source_ood,2,train,Uruguay_Rio_de_la_Plata,Uruguay_Rio_de_la_Plata,waterbody:Uruguay_Rio_de_la_Plata:Ramirez,2015-06-29
8399142a1e9a3c75,source_ood,2,train,Uruguay_Rio_de_la_Plata,Uruguay_Rio_de_la_Plata,waterbody:Uruguay_Rio_de_la_Plata:PajasBlancas,2015-07-09
b08617ba0c58b723,source_ood,2,train,Uruguay_Rio_de_la_Plata,Uruguay_Rio_de_la_Plata,waterbody:Uruguay_Rio_de_la_Plata:Cerro,2015-07-09
094fbd3afded9a59,source_ood,2,train,Uruguay_Rio_de_la_Plata,Uruguay_Rio_de_la_Plata,waterbody:Uruguay_Rio_de_la_Plata:Ramirez,2015-07-09
bc3cf46317a8df93,source_ood,2,train,Uruguay_Rio_de_la_Plata,Uruguay_Rio_de_la_Plata,waterbody:Uruguay_Rio_de_la_Plata:PocitosBarreiro,2015-07-09
dece00061728237f,source_ood,2,train,Uruguay_Rio_de_la_Plata,Uruguay_Rio_de_la_Plata,waterbody:Uruguay_Rio_de_la_Plata:Malvin,2015-07-09
07996ed0e7334b96,source_ood,2,train,Uruguay_Rio_de_la_Plata,Uruguay_Rio_de_la_Plata,waterbody:Uruguay_Rio_de_la_Plata:Carrasco,2015-07-09
db6839fc28b9a906,source_ood,2,train,Uruguay_Rio_de_la_Plata,Uruguay_Rio_de_la_Plata,waterbody:Uruguay_Rio_de_la_Plata:Cerro,2015-07-15
90cd23bd96ebed58,source_ood,2,train,Uruguay_Rio_de_la_Plata,Uruguay_Rio_de_la_Plata,waterbody:Uruguay_Rio_de_la_Plata:Ramirez,2015-07-15
05208b72ebfb084e,source_ood,2,train,Uruguay_Rio_de_la_Plata,Uruguay_Rio_de_la_Plata,waterbody:Uruguay_Rio_de_la_Plata:PajasBlancas,2015-07-15
4b04704a0d6895c5,source_ood,2,train,Uruguay_Rio_de_la_Plata,Uruguay_Rio_de_la_Plata,waterbody:Uruguay_Rio_de_la_Plata:Carrasco,2015-07-15
da6c70f1a709bf38,source_ood,2,train,Uruguay_Rio_de_la_Plata,Uruguay_Rio_de_la_Plata,waterbody:Uruguay_Rio_de_la_Plata:Malvin,2015-07-15
e68ad4f09263b570,source_ood,2,train,Uruguay_Rio_de_la_Plata,Uruguay_Rio_de_la_Plata,waterbody:Uruguay_Rio_de_la_Plata:PocitosBarreiro,2015-07-15
7e034bc45227ff79,source_ood,2,train,Uruguay_Rio_de_la_Plata,Uruguay_Rio_de_la_Plata,waterbody:Uruguay_Rio_de_la_Plata:Cerro,2015-07-23
c18dbadc3d7eeef4,source_ood,2,train,Uruguay_Rio_de_la_Plata,Uruguay_Rio_de_la_Plata,waterbody:Uruguay_Rio_de_la_Plata:PocitosBarreiro,2015-07-23
c6f20c01784fc104,source_ood,2,train,Uruguay_Rio_de_la_Plata,Uruguay_Rio_de_la_Plata,waterbody:Uruguay_Rio_de_la_Plata:Ramirez,2015-07-23
96972e21b34cf1e7,source_ood,2,train,Uruguay_Rio_de_la_Plata,Uruguay_Rio_de_la_Plata,waterbody:Uruguay_Rio_de_la_Plata:Malvin,2015-07-23
6d32da21a4da44c8,source_ood,2,train,Uruguay_Rio_de_la_Plata,Uruguay_Rio_de_la_Plata,waterbody:Uruguay_Rio_de_la_Plata:PajasBlancas,2015-07-23
b06fa66009851ebd,source_ood,2,train,Uruguay_Rio_de_la_Plata,Uruguay_Rio_de_la_Plata,waterbody:Uruguay_Rio_de_la_Plata:Carrasco,2015-07-23
838978cb14679dac,source_ood,2,train,Uruguay_Rio_de_la_Plata,Uruguay_Rio_de_la_Plata,waterbody:Uruguay_Rio_de_la_Plata:PocitosBarreiro,2015-07-29
a2597899c0579aa6,source_ood,2,train,Uruguay_Rio_de_la_Plata,Uruguay_Rio_de_la_Plata,waterbody:Uruguay_Rio_de_la_Plata:Malvin,2015-07-29
2f31b3aa027997a5,source_ood,2,train,Uruguay_Rio_de_la_Plata,Uruguay_Rio_de_la_Plata,waterbody:Uruguay_Rio_de_la_Plata:Carrasco,2015-07-29
46e15f992c08305d,source_ood,2,train,Uruguay_Rio_de_la_Plata,Uruguay_Rio_de_la_Plata,waterbody:Uruguay_Rio_de_la_Plata:PajasBlancas,2015-07-29
e7c8a0a08a674c64,source_ood,2,train,Uruguay_Rio_de_la_Plata,Uruguay_Rio_de_la_Plata,waterbody:Uruguay_Rio_de_la_Plata:Cerro,2015-07-29
c93cf31693a3cd27,source_ood,2,train,Uruguay_Rio_de_la_Plata,Uruguay_Rio_de_la_Plata,waterbody:Uruguay_Rio_de_la_Plata:Ramirez,2015-07-29
042f7fcc1de79a00,source_ood,2,train,Uruguay_Rio_de_la_Plata,Uruguay_Rio_de_la_Plata,waterbody:Uruguay_Rio_de_la_Plata:PajasBlancas,2015-08-04
072bfdb06f05b717,source_ood,2,train,Uruguay_Rio_de_la_Plata,Uruguay_Rio_de_la_Plata,waterbody:Uruguay_Rio_de_la_Plata:Carrasco,2015-08-04
cadf420ec26dbd19,source_ood,2,train,Uruguay_Rio_de_la_Plata,Uruguay_Rio_de_la_Plata,waterbody:Uruguay_Rio_de_la_Plata:Cerro,2015-08-04
e3f08b3b4a19c711,source_ood,2,train,Uruguay_Rio_de_la_Plata,Uruguay_Rio_de_la_Plata,waterbody:Uruguay_Rio_de_la_Plata:Ramirez,2015-08-04
0150c0c012f6aaad,source_ood,2,train,Uruguay_Rio_de_la_Plata,Uruguay_Rio_de_la_Plata,waterbody:Uruguay_Rio_de_la_Plata:PocitosBarreiro,2015-08-04
8a0fefa7e302cd5d,source_ood,2,train,Uruguay_Rio_de_la_Plata,Uruguay_Rio_de_la_Plata,waterbody:Uruguay_Rio_de_la_Plata:Malvin,2015-08-04
0f89d793de759338,source_ood,2,train,Uruguay_Rio_de_la_Plata,Uruguay_Rio_de_la_Plata,waterbody:Uruguay_Rio_de_la_Plata:Cerro,2015-08-14
1f8664834bae3691,source_ood,2,train,Uruguay_Rio_de_la_Plata,Uruguay_Rio_de_la_Plata,waterbody:Uruguay_Rio_de_la_Plata:PocitosBarreiro,2015-08-14
17eae44f9fd66b03,source_ood,2,train,Uruguay_Rio_de_la_Plata,Uruguay_Rio_de_la_Plata,waterbody:Uruguay_Rio_de_la_Plata:Ramirez,2015-08-14
2b7d77aba7305054,source_ood,2,train,Uruguay_Rio_de_la_Plata,Uruguay_Rio_de_la_Plata,waterbody:Uruguay_Rio_de_la_Plata:PajasBlancas,2015-08-14
7d94f72d1f1dc472,source_ood,2,train,Uruguay_Rio_de_la_Plata,Uruguay_Rio_de_la_Plata,waterbody:Uruguay_Rio_de_la_Plata:Malvin,2015-08-14
1eb3c29e23568605,source_ood,2,train,Uruguay_Rio_de_la_Plata,Uruguay_Rio_de_la_Plata,waterbody:Uruguay_Rio_de_la_Plata:Carrasco,2015-08-14
72a5cb581ffb59e7,source_ood,2,train,Uruguay_Rio_de_la_Plata,Uruguay_Rio_de_la_Plata,waterbody:Uruguay_Rio_de_la_Plata:Ramirez,2015-08-20
75caf1e4653a0dce,source_ood,2,train,Uruguay_Rio_de_la_Plata,Uruguay_Rio_de_la_Plata,waterbody:Uruguay_Rio_de_la_Plata:PocitosBarreiro,2015-08-20
93d0c416ec29425f,source_ood,2,train,Uruguay_Rio_de_la_Plata,Uruguay_Rio_de_la_Plata,waterbody:Uruguay_Rio_de_la_Plata:Malvin,2015-08-20
2fb06dda4539526f,source_ood,2,train,Uruguay_Rio_de_la_Plata,Uruguay_Rio_de_la_Plata,waterbody:Uruguay_Rio_de_la_Plata:PajasBlancas,2015-08-20
53acea7427acac8b,source_ood,2,train,Uruguay_Rio_de_la_Plata,Uruguay_Rio_de_la_Plata,waterbody:Uruguay_Rio_de_la_Plata:Cerro,2015-08-20
45d3b6b7637a564e,source_ood,2,train,Uruguay_Rio_de_la_Plata,Uruguay_Rio_de_la_Plata,waterbody:Uruguay_Rio_de_la_Plata:Carrasco,2015-08-20
d0badbea9dde46d8,source_ood,2,train,Uruguay_Rio_de_la_Plata,Uruguay_Rio_de_la_Plata,waterbody:Uruguay_Rio_de_la_Plata:PocitosBarreiro,2015-08-28
ae209a0fc9d25f36,source_ood,2,train,Uruguay_Rio_de_la_Plata,Uruguay_Rio_de_la_Plata,waterbody:Uruguay_Rio_de_la_Plata:Malvin,2015-08-28
4526d62114d70e39,source_ood,2,train,Uruguay_Rio_de_la_Plata,Uruguay_Rio_de_la_Plata,waterbody:Uruguay_Rio_de_la_Plata:Ramirez,2015-08-28
ac684abeff532416,source_ood,2,train,Uruguay_Rio_de_la_Plata,Uruguay_Rio_de_la_Plata,waterbody:Uruguay_Rio_de_la_Plata:PajasBlancas,2015-08-28
01d7769a09651e63,source_ood,2,train,Uruguay_Rio_de_la_Plata,Uruguay_Rio_de_la_Plata,waterbody:Uruguay_Rio_de_la_Plata:Cerro,2015-08-28
afe6bbd2508b40ef,source_ood,2,train,Uruguay_Rio_de_la_Plata,Uruguay_Rio_de_la_Plata,waterbody:Uruguay_Rio_de_la_Plata:Carrasco,2015-08-28
ebd189c29e652513,source_ood,2,train,Uruguay_Rio_de_la_Plata,Uruguay_Rio_de_la_Plata,waterbody:Uruguay_Rio_de_la_Plata:Malvin,2015-09-02
31e4d9b1983c44e5,source_ood,2,train,Uruguay_Rio_de_la_Plata,Uruguay_Rio_de_la_Plata,waterbody:Uruguay_Rio_de_la_Plata:PocitosBarreiro,2015-09-02
7487763e43edb1de,source_ood,2,train,Uruguay_Rio_de_la_Plata,Uruguay_Rio_de_la_Plata,waterbody:Uruguay_Rio_de_la_Plata:Cerro,2015-09-02
d4be99b3f24a6adc,source_ood,2,train,Uruguay_Rio_de_la_Plata,Uruguay_Rio_de_la_Plata,waterbody:Uruguay_Rio_de_la_Plata:PajasBlancas,2015-09-02
d8da622b540fae1e,source_ood,2,train,Uruguay_Rio_de_la_Plata,Uruguay_Rio_de_la_Plata,waterbody:Uruguay_Rio_de_la_Plata:Carrasco,2015-09-02
ea9dec057c079a41,source_ood,2,train,Uruguay_Rio_de_la_Plata,Uruguay_Rio_de_la_Plata,waterbody:Uruguay_Rio_de_la_Plata:Ramirez,2015-09-02
7760e96e27084227,source_ood,2,train,Uruguay_Rio_de_la_Plata,Uruguay_Rio_de_la_Plata,waterbody:Uruguay_Rio_de_la_Plata:Cerro,2015-09-08
d02afd55b5bc5537,source_ood,2,train,Uruguay_Rio_de_la_Plata,Uruguay_Rio_de_la_Plata,waterbody:Uruguay_Rio_de_la_Plata:PocitosBarreiro,2015-09-08
2b6a299792ab26d3,source_ood,2,train,Uruguay_Rio_de_la_Plata,Uruguay_Rio_de_la_Plata,waterbody:Uruguay_Rio_de_la_Plata:Ramirez,2015-09-08
e5208d58016017e9,source_ood,2,train,Uruguay_Rio_de_la_Plata,Uruguay_Rio_de_la_Plata,waterbody:Uruguay_Rio_de_la_Plata:PajasBlancas,2015-09-08
1a5913b122b7ec18,source_ood,2,train,Uruguay_Rio_de_la_Plata,Uruguay_Rio_de_la_Plata,waterbody:Uruguay_Rio_de_la_Plata:Carrasco,2015-09-08
cb99e3ea6f058cf3,source_ood,2,train,Uruguay_Rio_de_la_Plata,Uruguay_Rio_de_la_Plata,waterbody:Uruguay_Rio_de_la_Plata:Malvin,2015-09-08
e5ebe6d3d7a3daf1,source_ood,2,train,Uruguay_Rio_de_la_Plata,Uruguay_Rio_de_la_Plata,waterbody:Uruguay_Rio_de_la_Plata:PocitosBarreiro,2015-09-15
34b4c6839175c18c,source_ood,2,train,Uruguay_Rio_de_la_Plata,Uruguay_Rio_de_la_Plata,waterbody:Uruguay_Rio_de_la_Plata:Malvin,2015-09-15
52daa738b9470e74,source_ood,2,train,Uruguay_Rio_de_la_Plata,Uruguay_Rio_de_la_Plata,waterbody:Uruguay_Rio_de_la_Plata:Ramirez,2015-09-15
e8a3799d9d080fe1,source_ood,2,train,Uruguay_Rio_de_la_Plata,Uruguay_Rio_de_la_Plata,waterbody:Uruguay_Rio_de_la_Plata:Carrasco,2015-09-15
4d76b51e287e34d8,source_ood,2,train,Uruguay_Rio_de_la_Plata,Uruguay_Rio_de_la_Plata,waterbody:Uruguay_Rio_de_la_Plata:PajasBlancas,2015-09-15
9e641b3ba2aefd6f,source_ood,2,train,Uruguay_Rio_de_la_Plata,Uruguay_Rio_de_la_Plata,waterbody:Uruguay_Rio_de_la_Plata:Cerro,2015-09-15
11e7b29eaec714cd,source_ood,2,train,Uruguay_Rio_de_la_Plata,Uruguay_Rio_de_la_Plata,waterbody:Uruguay_Rio_de_la_Plata:Carrasco,2015-10-05
759725479b8954f0,source_ood,2,train,Uruguay_Rio_de_la_Plata,Uruguay_Rio_de_la_Plata,waterbody:Uruguay_Rio_de_la_Plata:Cerro,2015-10-05
797e0302d8878666,source_ood,2,train,Uruguay_Rio_de_la_Plata,Uruguay_Rio_de_la_Plata,waterbody:Uruguay_Rio_de_la_Plata:Ramirez,2015-10-05
d5874dae719641a5,source_ood,2,train,Uruguay_Rio_de_la_Plata,Uruguay_Rio_de_la_Plata,waterbody:Uruguay_Rio_de_la_Plata:PajasBlancas,2015-10-05
ea9296d77f6d6057,source_ood,2,train,Uruguay_Rio_de_la_Plata,Uruguay_Rio_de_la_Plata,waterbody:Uruguay_Rio_de_la_Plata:PocitosBarreiro,2015-10-05
17c1f27867bf75d2,source_ood,2,train,Uruguay_Rio_de_la_Plata,Uruguay_Rio_de_la_Plata,waterbody:Uruguay_Rio_de_la_Plata:Malvin,2015-10-05
b9815e5cc996646d,source_ood,2,train,Uruguay_Rio_de_la_Plata,Uruguay_Rio_de_la_Plata,waterbody:Uruguay_Rio_de_la_Plata:Malvin,2015-10-14
e886bf419ec66c3d,source_ood,2,train,Uruguay_Rio_de_la_Plata,Uruguay_Rio_de_la_Plata,waterbody:Uruguay_Rio_de_la_Plata:PocitosBarreiro,2015-10-14
a57622db186fe0c4,source_ood,2,train,Uruguay_Rio_de_la_Plata,Uruguay_Rio_de_la_Plata,waterbody:Uruguay_Rio_de_la_Plata:Carrasco,2015-10-14
92d4fdf067b8d00a,source_ood,2,train,Uruguay_Rio_de_la_Plata,Uruguay_Rio_de_la_Plata,waterbody:Uruguay_Rio_de_la_Plata:Ramirez,2015-10-14
50781e6cc131f438,source_ood,2,train,Uruguay_Rio_de_la_Plata,Uruguay_Rio_de_la_Plata,waterbody:Uruguay_Rio_de_la_Plata:PajasBlancas,2015-10-14
5a158bddba0eaf9e,source_ood,2,train,Uruguay_Rio_de_la_Plata,Uruguay_Rio_de_la_Plata,waterbody:Uruguay_Rio_de_la_Plata:Cerro,2015-10-14
b6eed860ed31aa89,source_ood,2,train,Uruguay_Rio_de_la_Plata,Uruguay_Rio_de_la_Plata,waterbody:Uruguay_Rio_de_la_Plata:Carrasco,2015-10-22
30a9008eff33951f,source_ood,2,train,Uruguay_Rio_de_la_Plata,Uruguay_Rio_de_la_Plata,waterbody:Uruguay_Rio_de_la_Plata:PocitosBarreiro,2015-10-22
3a524e946ab4275a,source_ood,2,train,Uruguay_Rio_de_la_Plata,Uruguay_Rio_de_la_Plata,waterbody:Uruguay_Rio_de_la_Plata:Malvin,2015-10-22
0ac29f788cbadc6a,source_ood,2,train,Uruguay_Rio_de_la_Plata,Uruguay_Rio_de_la_Plata,waterbody:Uruguay_Rio_de_la_Plata:PajasBlancas,2015-10-22
0a79cc08678d981a,source_ood,2,train,Uruguay_Rio_de_la_Plata,Uruguay_Rio_de_la_Plata,waterbody:Uruguay_Rio_de_la_Plata:Cerro,2015-10-22
e808041c222aec4b,source_ood,2,train,Uruguay_Rio_de_la_Plata,Uruguay_Rio_de_la_Plata,waterbody:Uruguay_Rio_de_la_Plata:Ramirez,2015-10-22
15bcdf842b33dc5c,source_ood,2,train,Uruguay_Rio_de_la_Plata,Uruguay_Rio_de_la_Plata,waterbody:Uruguay_Rio_de_la_Plata:PocitosBarreiro,2015-10-29
c8367766897899f4,source_ood,2,train,Uruguay_Rio_de_la_Plata,Uruguay_Rio_de_la_Plata,waterbody:Uruguay_Rio_de_la_Plata:Malvin,2015-10-29
33a89cf2a660ca9c,source_ood,2,train,Uruguay_Rio_de_la_Plata,Uruguay_Rio_de_la_Plata,waterbody:Uruguay_Rio_de_la_Plata:Cerro,2015-10-29
ef73e8694b666530,source_ood,2,train,Uruguay_Rio_de_la_Plata,Uruguay_Rio_de_la_Plata,waterbody:Uruguay_Rio_de_la_Plata:Ramirez,2015-10-29
68de5f8f1917b1e3,source_ood,2,train,Uruguay_Rio_de_la_Plata,Uruguay_Rio_de_la_Plata,waterbody:Uruguay_Rio_de_la_Plata:PajasBlancas,2015-10-29
1510358d886563fc,source_ood,2,train,Uruguay_Rio_de_la_Plata,Uruguay_Rio_de_la_Plata,waterbody:Uruguay_Rio_de_la_Plata:Carrasco,2015-10-29
b4d5cd15a3e62012,source_ood,2,train,Uruguay_Rio_de_la_Plata,Uruguay_Rio_de_la_Plata,waterbody:Uruguay_Rio_de_la_Plata:Malvin,2015-11-05
a30e8fcb2d44fde5,source_ood,2,train,Uruguay_Rio_de_la_Plata,Uruguay_Rio_de_la_Plata,waterbody:Uruguay_Rio_de_la_Plata:SantaCatalina,2015-11-05
a821ce377aa9c295,source_ood,2,train,Uruguay_Rio_de_la_Plata,Uruguay_Rio_de_la_Plata,waterbody:Uruguay_Rio_de_la_Plata:Cerro,2015-11-05
59a6072937b47585,source_ood,2,train,Uruguay_Rio_de_la_Plata,Uruguay_Rio_de_la_Plata,waterbody:Uruguay_Rio_de_la_Plata:Ramirez,2015-11-05
fd18363f4e29c1f7,source_ood,2,train,Uruguay_Rio_de_la_Plata,Uruguay_Rio_de_la_Plata,waterbody:Uruguay_Rio_de_la_Plata:Ingleses,2015-11-05
04a4cfb31aa852eb,source_ood,2,train,Uruguay_Rio_de_la_Plata,Uruguay_Rio_de_la_Plata,waterbody:Uruguay_Rio_de_la_Plata:Carrasco,2015-11-05
0deaa214093ce860,source_ood,2,train,Uruguay_Rio_de_la_Plata,Uruguay_Rio_de_la_Plata,waterbody:Uruguay_Rio_de_la_Plata:PuntaEspinillo,2015-11-05
7a387a9c1b359472,source_ood,2,train,Uruguay_Rio_de_la_Plata,Uruguay_Rio_de_la_Plata,waterbody:Uruguay_Rio_de_la_Plata:PajasBlancas,2015-11-05
0208978c579a370d,source_ood,2,train,Uruguay_Rio_de_la_Plata,Uruguay_Rio_de_la_Plata,waterbody:Uruguay_Rio_de_la_Plata:PocitosBarreiro,2015-11-05
d709aa3f0a55bcf8,source_ood,2,train,Uruguay_Rio_de_la_Plata,Uruguay_Rio_de_la_Plata,waterbody:Uruguay_Rio_de_la_Plata:Cerro,2015-11-11
58a9241368a2b551,source_ood,2,train,Uruguay_Rio_de_la_Plata,Uruguay_Rio_de_la_Plata,waterbody:Uruguay_Rio_de_la_Plata:PocitosBarreiro,2015-11-11
67f59adb5d661f6a,source_ood,2,train,Uruguay_Rio_de_la_Plata,Uruguay_Rio_de_la_Plata,waterbody:Uruguay_Rio_de_la_Plata:Carrasco,2015-11-11
3f5224af2352696c,source_ood,2,train,Uruguay_Rio_de_la_Plata,Uruguay_Rio_de_la_Plata,waterbody:Uruguay_Rio_de_la_Plata:PajasBlancas,2015-11-11
021cb9321d383aa3,source_ood,2,train,Uruguay_Rio_de_la_Plata,Uruguay_Rio_de_la_Plata,waterbody:Uruguay_Rio_de_la_Plata:Malvin,2015-11-11
10ea7b9b7537218e,source_ood,2,train,Uruguay_Rio_de_la_Plata,Uruguay_Rio_de_la_Plata,waterbody:Uruguay_Rio_de_la_Plata:Ramirez,2015-11-11
f00ef3a7ac553568,source_ood,2,train,Uruguay_Rio_de_la_Plata,Uruguay_Rio_de_la_Plata,waterbody:Uruguay_Rio_de_la_Plata:Cerro,2015-11-18
b5e4a87ae300f32d,source_ood,2,train,Uruguay_Rio_de_la_Plata,Uruguay_Rio_de_la_Plata,waterbody:Uruguay_Rio_de_la_Plata:Malvin,2015-11-18
eb1e8b0d710b4138,source_ood,2,train,Uruguay_Rio_de_la_Plata,Uruguay_Rio_de_la_Plata,waterbody:Uruguay_Rio_de_la_Plata:Carrasco,2015-11-18
a217603054a3af04,source_ood,2,train,Uruguay_Rio_de_la_Plata,Uruguay_Rio_de_la_Plata,waterbody:Uruguay_Rio_de_la_Plata:Ramirez,2015-11-18
4fd1409501824a33,source_ood,2,train,Uruguay_Rio_de_la_Plata,Uruguay_Rio_de_la_Plata,waterbody:Uruguay_Rio_de_la_Plata:PocitosBarreiro,2015-11-18
a0dc540e2dd23e5a,source_ood,2,train,Uruguay_Rio_de_la_Plata,Uruguay_Rio_de_la_Plata,waterbody:Uruguay_Rio_de_la_Plata:PajasBlancas,2015-11-18
be6658da8c066020,source_ood,2,train,Uruguay_Rio_de_la_Plata,Uruguay_Rio_de_la_Plata,waterbody:Uruguay_Rio_de_la_Plata:PocitosBarreiro,2015-11-25
9815bc5ce6b047df,source_ood,2,train,Uruguay_Rio_de_la_Plata,Uruguay_Rio_de_la_Plata,waterbody:Uruguay_Rio_de_la_Plata:PajasBlancas,2015-11-25
0bfbc5a48cf43eab,source_ood,2,train,Uruguay_Rio_de_la_Plata,Uruguay_Rio_de_la_Plata,waterbody:Uruguay_Rio_de_la_Plata:Carrasco,2015-11-25
dfd566978b2f8524,source_ood,2,train,Uruguay_Rio_de_la_Plata,Uruguay_Rio_de_la_Plata,waterbody:Uruguay_Rio_de_la_Plata:Ramirez,2015-11-25
fc56b5967dfa459b,source_ood,2,train,Uruguay_Rio_de_la_Plata,Uruguay_Rio_de_la_Plata,waterbody:Uruguay_Rio_de_la_Plata:Malvin,2015-11-25
36d4a8e24eb700dc,source_ood,2,train,Uruguay_Rio_de_la_Plata,Uruguay_Rio_de_la_Plata,waterbody:Uruguay_Rio_de_la_Plata:Cerro,2015-11-25
9f47520ff2806cd3,source_ood,2,train,Uruguay_Rio_de_la_Plata,Uruguay_Rio_de_la_Plata,waterbody:Uruguay_Rio_de_la_Plata:Malvin,2015-12-02
d1f9adefa9c1bd31,source_ood,2,train,Uruguay_Rio_de_la_Plata,Uruguay_Rio_de_la_Plata,waterbody:Uruguay_Rio_de_la_Plata:PocitosBarreiro,2015-12-02
d428fcd87097afad,source_ood,2,train,Uruguay_Rio_de_la_Plata,Uruguay_Rio_de_la_Plata,waterbody:Uruguay_Rio_de_la_Plata:Carrasco,2015-12-02
3395a0399dd5139e,source_ood,2,train,Uruguay_Rio_de_la_Plata,Uruguay_Rio_de_la_Plata,waterbody:Uruguay_Rio_de_la_Plata:Cerro,2015-12-02
777f732dadecf3a7,source_ood,2,train,Uruguay_Rio_de_la_Plata,Uruguay_Rio_de_la_Plata,waterbody:Uruguay_Rio_de_la_Plata:PajasBlancas,2015-12-02
453aab5403696257,source_ood,2,train,Uruguay_Rio_de_la_Plata,Uruguay_Rio_de_la_Plata,waterbody:Uruguay_Rio_de_la_Plata:Ramirez,2015-12-02
cabab5c060a24fe2,source_ood,2,train,Uruguay_Rio_de_la_Plata,Uruguay_Rio_de_la_Plata,waterbody:Uruguay_Rio_de_la_Plata:PuntaYeguas,2015-12-08
db1e0c13ce9e7469,source_ood,2,train,Uruguay_Rio_de_la_Plata,Uruguay_Rio_de_la_Plata,waterbody:Uruguay_Rio_de_la_Plata:PajasBlancas,2015-12-08
9579b7fa57756099,source_ood,2,train,Uruguay_Rio_de_la_Plata,Uruguay_Rio_de_la_Plata,waterbody:Uruguay_Rio_de_la_Plata:Carrasco,2015-12-08
4cbd0658ea5635a2,source_ood,2,train,Uruguay_Rio_de_la_Plata,Uruguay_Rio_de_la_Plata,waterbody:Uruguay_Rio_de_la_Plata:Cerro,2015-12-08
eef10664f1760934,source_ood,2,train,Uruguay_Rio_de_la_Plata,Uruguay_Rio_de_la_Plata,waterbody:Uruguay_Rio_de_la_Plata:Ramirez,2015-12-08
201df09557d80328,source_ood,2,train,Uruguay_Rio_de_la_Plata,Uruguay_Rio_de_la_Plata,waterbody:Uruguay_Rio_de_la_Plata:PocitosBarreiro,2015-12-08
9009bc6263f587f7,source_ood,2,train,Uruguay_Rio_de_la_Plata,Uruguay_Rio_de_la_Plata,waterbody:Uruguay_Rio_de_la_Plata:Malvin,2015-12-08
215b6ef78881eb8d,source_ood,2,train,Uruguay_Rio_de_la_Plata,Uruguay_Rio_de_la_Plata,waterbody:Uruguay_Rio_de_la_Plata:Ramirez,2015-12-09
30786e599c1fb3f6,source_ood,2,train,Uruguay_Rio_de_la_Plata,Uruguay_Rio_de_la_Plata,waterbody:Uruguay_Rio_de_la_Plata:PajasBlancas,2015-12-16
654d11467dde4831,source_ood,2,train,Uruguay_Rio_de_la_Plata,Uruguay_Rio_de_la_Plata,waterbody:Uruguay_Rio_de_la_Plata:Cerro,2015-12-16
bd34c35ad99db185,source_ood,2,train,Uruguay_Rio_de_la_Plata,Uruguay_Rio_de_la_Plata,waterbody:Uruguay_Rio_de_la_Plata:SantaCatalina,2015-12-16
dd7df0f409681a68,source_ood,2,train,Uruguay_Rio_de_la_Plata,Uruguay_Rio_de_la_Plata,waterbody:Uruguay_Rio_de_la_Plata:PocitosBarreiro,2015-12-16
9ade18f57e8dcb4e,source_ood,2,train,Uruguay_Rio_de_la_Plata,Uruguay_Rio_de_la_Plata,waterbody:Uruguay_Rio_de_la_Plata:PuntaEspinillo,2015-12-16
1b99ea7633487899,source_ood,2,train,Uruguay_Rio_de_la_Plata,Uruguay_Rio_de_la_Plata,waterbody:Uruguay_Rio_de_la_Plata:Malvin,2015-12-16
7ad49a71fb8611be,source_ood,2,train,Uruguay_Rio_de_la_Plata,Uruguay_Rio_de_la_Plata,waterbody:Uruguay_Rio_de_la_Plata:Ramirez,2015-12-16
d73d2166d5f36d44,source_ood,2,train,Uruguay_Rio_de_la_Plata,Uruguay_Rio_de_la_Plata,waterbody:Uruguay_Rio_de_la_Plata:Ingleses,2015-12-16
5dcde35185a72425,source_ood,2,train,Uruguay_Rio_de_la_Plata,Uruguay_Rio_de_la_Plata,waterbody:Uruguay_Rio_de_la_Plata:Carrasco,2015-12-16
f1128c57b8944eb3,source_ood,2,train,Uruguay_Rio_de_la_Plata,Uruguay_Rio_de_la_Plata,waterbody:Uruguay_Rio_de_la_Plata:PocitosBarreiro,2015-12-19
afd5d0686987328b,source_ood,2,train,Uruguay_Rio_de_la_Plata,Uruguay_Rio_de_la_Plata,waterbody:Uruguay_Rio_de_la_Plata:PajasBlancas,2015-12-23
b1ea88e2d0cc4357,source_ood,2,train,Uruguay_Rio_de_la_Plata,Uruguay_Rio_de_la_Plata,waterbody:Uruguay_Rio_de_la_Plata:Malvin,2015-12-23
c80f5590c69b96b0,source_ood,2,train,Uruguay_Rio_de_la_Plata,Uruguay_Rio_de_la_Plata,waterbody:Uruguay_Rio_de_la_Plata:PocitosBarreiro,2015-12-23
023c9c279cb6709b,source_ood,2,train,Uruguay_Rio_de_la_Plata,Uruguay_Rio_de_la_Plata,waterbody:Uruguay_Rio_de_la_Plata:Carrasco,2015-12-23
d05db6252ab41b35,source_ood,2,train,Uruguay_Rio_de_la_Plata,Uruguay_Rio_de_la_Plata,waterbody:Uruguay_Rio_de_la_Plata:Ramirez,2015-12-23
4fa6766d51cde0b1,source_ood,2,train,Uruguay_Rio_de_la_Plata,Uruguay_Rio_de_la_Plata,waterbody:Uruguay_Rio_de_la_Plata:Cerro,2015-12-23
c42ccc63d4dff054,source_ood,2,train,Uruguay_Rio_de_la_Plata,Uruguay_Rio_de_la_Plata,waterbody:Uruguay_Rio_de_la_Plata:Ramirez,2015-12-28
e187640515b6371f,source_ood,2,train,Uruguay_Rio_de_la_Plata,Uruguay_Rio_de_la_Plata,waterbody:Uruguay_Rio_de_la_Plata:PajasBlancas,2015-12-29
d990926d3a3c6da2,source_ood,2,train,Uruguay_Rio_de_la_Plata,Uruguay_Rio_de_la_Plata,waterbody:Uruguay_Rio_de_la_Plata:Malvin,2015-12-29
b074a2f3d2f8b058,source_ood,2,train,Uruguay_Rio_de_la_Plata,Uruguay_Rio_de_la_Plata,waterbody:Uruguay_Rio_de_la_Plata:Cerro,2015-12-29
6850e5b6afda903d,source_ood,2,train,Uruguay_Rio_de_la_Plata,Uruguay_Rio_de_la_Plata,waterbody:Uruguay_Rio_de_la_Plata:Ramirez,2015-12-29
37c57d59e3dcc7c1,source_ood,2,train,Uruguay_Rio_de_la_Plata,Uruguay_Rio_de_la_Plata,waterbody:Uruguay_Rio_de_la_Plata:Carrasco,2015-12-29
e16b196380834da7,source_ood,2,train,Uruguay_Rio_de_la_Plata,Uruguay_Rio_de_la_Plata,waterbody:Uruguay_Rio_de_la_Plata:PocitosBarreiro,2015-12-29
418654d5bb18b329,source_ood,2,train,Uruguay_Rio_de_la_Plata,Uruguay_Rio_de_la_Plata,waterbody:Uruguay_Rio_de_la_Plata:PuertoBuceo,2015-12-29
3372fdf3ee48e131,source_ood,2,train,Uruguay_Rio_de_la_Plata,Uruguay_Rio_de_la_Plata,waterbody:Uruguay_Rio_de_la_Plata:PajasBlancas,2016-01-04
f81c4aad85d39603,source_ood,2,train,Uruguay_Rio_de_la_Plata,Uruguay_Rio_de_la_Plata,waterbody:Uruguay_Rio_de_la_Plata:Carrasco,2016-01-04
8e6a50680838d27e,source_ood,2,train,Uruguay_Rio_de_la_Plata,Uruguay_Rio_de_la_Plata,waterbody:Uruguay_Rio_de_la_Plata:Cerro,2016-01-04
27e617e2ccc082c8,source_ood,2,train,Uruguay_Rio_de_la_Plata,Uruguay_Rio_de_la_Plata,waterbody:Uruguay_Rio_de_la_Plata:Ramirez,2016-01-04
7116079448aa8cb1,source_ood,2,train,Uruguay_Rio_de_la_Plata,Uruguay_Rio_de_la_Plata,waterbody:Uruguay_Rio_de_la_Plata:Malvin,2016-01-04
cd6a98585c4e7c56,source_ood,2,train,Uruguay_Rio_de_la_Plata,Uruguay_Rio_de_la_Plata,waterbody:Uruguay_Rio_de_la_Plata:PocitosBarreiro,2016-01-04
3100b071172e7ecc,source_ood,2,train,Uruguay_Rio_de_la_Plata,Uruguay_Rio_de_la_Plata,waterbody:Uruguay_Rio_de_la_Plata:PajasBlancas,2016-01-05
b6460587aeb3b8a0,source_ood,2,train,Uruguay_Rio_de_la_Plata,Uruguay_Rio_de_la_Plata,waterbody:Uruguay_Rio_de_la_Plata:Cerro,2016-01-05
6c20d605345bcfa8,source_ood,2,train,Uruguay_Rio_de_la_Plata,Uruguay_Rio_de_la_Plata,waterbody:Uruguay_Rio_de_la_Plata:Malvin,2016-01-11
90d68b32e3b3b5c0,source_ood,2,train,Uruguay_Rio_de_la_Plata,Uruguay_Rio_de_la_Plata,waterbody:Uruguay_Rio_de_la_Plata:Carrasco,2016-01-11
ad4888675ae6ed65,source_ood,2,train,Uruguay_Rio_de_la_Plata,Uruguay_Rio_de_la_Plata,waterbody:Uruguay_Rio_de_la_Plata:PajasBlancas,2016-01-11
5c49e41d1e752877,source_ood,2,train,Uruguay_Rio_de_la_Plata,Uruguay_Rio_de_la_Plata,waterbody:Uruguay_Rio_de_la_Plata:Cerro,2016-01-11
749209356ba53873,source_ood,2,train,Uruguay_Rio_de_la_Plata,Uruguay_Rio_de_la_Plata,waterbody:Uruguay_Rio_de_la_Plata:Ramirez,2016-01-11
1deb68ee44f99571,source_ood,2,train,Uruguay_Rio_de_la_Plata,Uruguay_Rio_de_la_Plata,waterbody:Uruguay_Rio_de_la_Plata:PocitosBarreiro,2016-01-11
04aed44986e88791,source_ood,2,train,Uruguay_Rio_de_la_Plata,Uruguay_Rio_de_la_Plata,waterbody:Uruguay_Rio_de_la_Plata:Ramirez,2016-01-21
a967a1756ee2b37e,source_ood,2,train,Uruguay_Rio_de_la_Plata,Uruguay_Rio_de_la_Plata,waterbody:Uruguay_Rio_de_la_Plata:PocitosBarreiro,2016-01-21
20dc56cd8e5b1593,source_ood,2,train,Uruguay_Rio_de_la_Plata,Uruguay_Rio_de_la_Plata,waterbody:Uruguay_Rio_de_la_Plata:PajasBlancas,2016-01-21
c32dc2c7e0704cae,source_ood,2,train,Uruguay_Rio_de_la_Plata,Uruguay_Rio_de_la_Plata,waterbody:Uruguay_Rio_de_la_Plata:Cerro,2016-01-21
1081886e4b731272,source_ood,2,train,Uruguay_Rio_de_la_Plata,Uruguay_Rio_de_la_Plata,waterbody:Uruguay_Rio_de_la_Plata:Malvin,2016-01-21
bab4cdc2c6649a39,source_ood,2,train,Uruguay_Rio_de_la_Plata,Uruguay_Rio_de_la_Plata,waterbody:Uruguay_Rio_de_la_Plata:Carrasco,2016-01-21
77b164f4cee008b3,source_ood,2,train,Uruguay_Rio_de_la_Plata,Uruguay_Rio_de_la_Plata,waterbody:Uruguay_Rio_de_la_Plata:Cerro,2016-01-28
97183cb5aa9d3b94,source_ood,2,train,Uruguay_Rio_de_la_Plata,Uruguay_Rio_de_la_Plata,waterbody:Uruguay_Rio_de_la_Plata:Ramirez,2016-01-28
aacad3b777b4d5d0,source_ood,2,train,Uruguay_Rio_de_la_Plata,Uruguay_Rio_de_la_Plata,waterbody:Uruguay_Rio_de_la_Plata:PajasBlancas,2016-01-28
450612391038f9ba,source_ood,2,train,Uruguay_Rio_de_la_Plata,Uruguay_Rio_de_la_Plata,waterbody:Uruguay_Rio_de_la_Plata:Carrasco,2016-01-28
5ee7fb6fee9464fe,source_ood,2,train,Uruguay_Rio_de_la_Plata,Uruguay_Rio_de_la_Plata,waterbody:Uruguay_Rio_de_la_Plata:Malvin,2016-01-28
643ac77262f229bc,source_ood,2,train,Uruguay_Rio_de_la_Plata,Uruguay_Rio_de_la_Plata,waterbody:Uruguay_Rio_de_la_Plata:PocitosBarreiro,2016-01-28
54d68579dfc6ff2a,source_ood,2,train,Uruguay_Rio_de_la_Plata,Uruguay_Rio_de_la_Plata,waterbody:Uruguay_Rio_de_la_Plata:PajasBlancas,2016-02-02
714376341b9ac089,source_ood,2,train,Uruguay_Rio_de_la_Plata,Uruguay_Rio_de_la_Plata,waterbody:Uruguay_Rio_de_la_Plata:PocitosBarreiro,2016-02-02
4a3ce8f1c8410670,source_ood,2,train,Uruguay_Rio_de_la_Plata,Uruguay_Rio_de_la_Plata,waterbody:Uruguay_Rio_de_la_Plata:Malvin,2016-02-02
bab48ce1f61afbd9,source_ood,2,train,Uruguay_Rio_de_la_Plata,Uruguay_Rio_de_la_Plata,waterbody:Uruguay_Rio_de_la_Plata:Carrasco,2016-02-02
623a04441071fba5,source_ood,2,train,Uruguay_Rio_de_la_Plata,Uruguay_Rio_de_la_Plata,waterbody:Uruguay_Rio_de_la_Plata:Ramirez,2016-02-02
79d658212c52d0e4,source_ood,2,train,Uruguay_Rio_de_la_Plata,Uruguay_Rio_de_la_Plata,waterbody:Uruguay_Rio_de_la_Plata:Cerro,2016-02-02
f034944e2683e8cc,source_ood,2,train,Uruguay_Rio_de_la_Plata,Uruguay_Rio_de_la_Plata,waterbody:Uruguay_Rio_de_la_Plata:PajasBlancas,2016-02-11
cb223620e2e13d2d,source_ood,2,train,Uruguay_Rio_de_la_Plata,Uruguay_Rio_de_la_Plata,waterbody:Uruguay_Rio_de_la_Plata:Cerro,2016-02-11
5f370dcadc253bc0,source_ood,2,train,Uruguay_Rio_de_la_Plata,Uruguay_Rio_de_la_Plata,waterbody:Uruguay_Rio_de_la_Plata:Ramirez,2016-02-11
ff9c02c3a19105d4,source_ood,2,train,Uruguay_Rio_de_la_Plata,Uruguay_Rio_de_la_Plata,waterbody:Uruguay_Rio_de_la_Plata:PocitosBarreiro,2016-02-11
09eeea0651c811ba,source_ood,2,train,Uruguay_Rio_de_la_Plata,Uruguay_Rio_de_la_Plata,waterbody:Uruguay_Rio_de_la_Plata:Malvin,2016-02-11
d07642a92e9f563c,source_ood,2,train,Uruguay_Rio_de_la_Plata,Uruguay_Rio_de_la_Plata,waterbody:Uruguay_Rio_de_la_Plata:Carrasco,2016-02-11
0e1ba086fe1d1ab1,source_ood,2,train,Uruguay_Rio_de_la_Plata,Uruguay_Rio_de_la_Plata,waterbody:Uruguay_Rio_de_la_Plata:PocitosBarreiro,2016-02-15
fa0447cdfc00cf0a,source_ood,2,train,Uruguay_Rio_de_la_Plata,Uruguay_Rio_de_la_Plata,waterbody:Uruguay_Rio_de_la_Plata:SantaCatalina,2016-02-15
ef0fe8f3af7e63df,source_ood,2,train,Uruguay_Rio_de_la_Plata,Uruguay_Rio_de_la_Plata,waterbody:Uruguay_Rio_de_la_Plata:Nacional,2016-02-15
005f2a70b98c2045,source_ood,2,train,Uruguay_Rio_de_la_Plata,Uruguay_Rio_de_la_Plata,waterbody:Uruguay_Rio_de_la_Plata:Cerro,2016-02-15
f1521f311bd63284,source_ood,2,train,Uruguay_Rio_de_la_Plata,Uruguay_Rio_de_la_Plata,waterbody:Uruguay_Rio_de_la_Plata:PocitosAvenidaBrasil,2016-02-15
5ba8ec30e4a622b0,source_ood,2,train,Uruguay_Rio_de_la_Plata,Uruguay_Rio_de_la_Plata,waterbody:Uruguay_Rio_de_la_Plata:Malvin,2016-02-16
65329e2b5f3447c3,source_ood,2,train,Uruguay_Rio_de_la_Plata,Uruguay_Rio_de_la_Plata,waterbody:Uruguay_Rio_de_la_Plata:PajasBlancas,2016-02-16
003bca43daebd255,source_ood,2,train,Uruguay_Rio_de_la_Plata,Uruguay_Rio_de_la_Plata,waterbody:Uruguay_Rio_de_la_Plata:Cerro,2016-02-16
222f771faddceb74,source_ood,2,train,Uruguay_Rio_de_la_Plata,Uruguay_Rio_de_la_Plata,waterbody:Uruguay_Rio_de_la_Plata:PocitosBarreiro,2016-02-16
c419dd407d071e28,source_ood,2,train,Uruguay_Rio_de_la_Plata,Uruguay_Rio_de_la_Plata,waterbody:Uruguay_Rio_de_la_Plata:Carrasco,2016-02-23
55b7930a5a8d04eb,source_ood,2,train,Uruguay_Rio_de_la_Plata,Uruguay_Rio_de_la_Plata,waterbody:Uruguay_Rio_de_la_Plata:Ramirez,2016-02-23
b32824f48176040a,source_ood,2,train,Uruguay_Rio_de_la_Plata,Uruguay_Rio_de_la_Plata,waterbody:Uruguay_Rio_de_la_Plata:PocitosBarreiro,2016-02-23
426d6bb14c7b06db,source_ood,2,train,Uruguay_Rio_de_la_Plata,Uruguay_Rio_de_la_Plata,waterbody:Uruguay_Rio_de_la_Plata:Malvin,2016-02-23
5a32ecdf50700539,source_ood,2,train,Uruguay_Rio_de_la_Plata,Uruguay_Rio_de_la_Plata,waterbody:Uruguay_Rio_de_la_Plata:Cerro,2016-02-23
5d84b78fbaad0ba2,source_ood,2,train,Uruguay_Rio_de_la_Plata,Uruguay_Rio_de_la_Plata,waterbody:Uruguay_Rio_de_la_Plata:Malvin,2016-02-29
52fe6818df46f5bd,source_ood,2,train,Uruguay_Rio_de_la_Plata,Uruguay_Rio_de_la_Plata,waterbody:Uruguay_Rio_de_la_Plata:PocitosBarreiro,2016-02-29
83612fab04cec46d,source_ood,2,train,Uruguay_Rio_de_la_Plata,Uruguay_Rio_de_la_Plata,waterbody:Uruguay_Rio_de_la_Plata:Carrasco,2016-02-29
630e39b69e9766e3,source_ood,2,train,Uruguay_Rio_de_la_Plata,Uruguay_Rio_de_la_Plata,waterbody:Uruguay_Rio_de_la_Plata:Malvin,2016-03-01
deebb3e4d42a37fe,source_ood,2,train,Uruguay_Rio_de_la_Plata,Uruguay_Rio_de_la_Plata,waterbody:Uruguay_Rio_de_la_Plata:Carrasco,2016-03-01
ff62fbaf6f7d81af,source_ood,2,train,Uruguay_Rio_de_la_Plata,Uruguay_Rio_de_la_Plata,waterbody:Uruguay_Rio_de_la_Plata:PocitosBarreiro,2016-03-01
894ea961da53b54d,source_ood,2,train,Uruguay_Rio_de_la_Plata,Uruguay_Rio_de_la_Plata,waterbody:Uruguay_Rio_de_la_Plata:Cerro,2016-03-01
b8475ef48bf605ef,source_ood,2,train,Uruguay_Rio_de_la_Plata,Uruguay_Rio_de_la_Plata,waterbody:Uruguay_Rio_de_la_Plata:SantaCatalina,2016-03-07
c3e51d0feddf17f9,source_ood,2,train,Uruguay_Rio_de_la_Plata,Uruguay_Rio_de_la_Plata,waterbody:Uruguay_Rio_de_la_Plata:LaColorada,2016-03-07
68d03e2d69c9e843,source_ood,2,train,Uruguay_Rio_de_la_Plata,Uruguay_Rio_de_la_Plata,waterbody:Uruguay_Rio_de_la_Plata:Ramirez,2016-03-08
8f964c0a9e6356ed,source_ood,2,train,Uruguay_Rio_de_la_Plata,Uruguay_Rio_de_la_Plata,waterbody:Uruguay_Rio_de_la_Plata:PocitosBarreiro,2016-03-11
8ebd4153378b1128,source_ood,2,train,Uruguay_Rio_de_la_Plata,Uruguay_Rio_de_la_Plata,waterbody:Uruguay_Rio_de_la_Plata:Malvin,2016-03-11
7c48a27306f1eb78,source_ood,2,train,Uruguay_Rio_de_la_Plata,Uruguay_Rio_de_la_Plata,waterbody:Uruguay_Rio_de_la_Plata:Carrasco,2016-03-11
83459529f60750bf,source_ood,2,train,Uruguay_Rio_de_la_Plata,Uruguay_Rio_de_la_Plata,waterbody:Uruguay_Rio_de_la_Plata:PajasBlancas,2016-03-11
1ac00caf6b70f61a,source_ood,2,train,Uruguay_Rio_de_la_Plata,Uruguay_Rio_de_la_Plata,waterbody:Uruguay_Rio_de_la_Plata:Cerro,2016-03-11
cac8d3d32f6e52d5,source_ood,2,train,Uruguay_Rio_de_la_Plata,Uruguay_Rio_de_la_Plata,waterbody:Uruguay_Rio_de_la_Plata:Ramirez,2016-03-11
1531ffbc59c41ed4,source_ood,2,train,Uruguay_Rio_de_la_Plata,Uruguay_Rio_de_la_Plata,waterbody:Uruguay_Rio_de_la_Plata:PajasBlancas,2016-03-16
be8e2ff45637ec5e,source_ood,2,train,Uruguay_Rio_de_la_Plata,Uruguay_Rio_de_la_Plata,waterbody:Uruguay_Rio_de_la_Plata:Malvin,2016-03-16
20a6e2b991ef5eef,source_ood,2,train,Uruguay_Rio_de_la_Plata,Uruguay_Rio_de_la_Plata,waterbody:Uruguay_Rio_de_la_Plata:Ramirez,2016-03-16
e67279f0ef3250c2,source_ood,2,train,Uruguay_Rio_de_la_Plata,Uruguay_Rio_de_la_Plata,waterbody:Uruguay_Rio_de_la_Plata:PocitosBarreiro,2016-03-16
2dd15fe8a9940181,source_ood,2,train,Uruguay_Rio_de_la_Plata,Uruguay_Rio_de_la_Plata,waterbody:Uruguay_Rio_de_la_Plata:Carrasco,2016-03-16
794428d6f131dadd,source_ood,2,train,Uruguay_Rio_de_la_Plata,Uruguay_Rio_de_la_Plata,waterbody:Uruguay_Rio_de_la_Plata:Cerro,2016-03-16
68ad4305c3dfdcb7,source_ood,2,train,Uruguay_Rio_de_la_Plata,Uruguay_Rio_de_la_Plata,waterbody:Uruguay_Rio_de_la_Plata:Ramirez,2016-03-29
1852c4f5b4f09ece,source_ood,2,train,Uruguay_Rio_de_la_Plata,Uruguay_Rio_de_la_Plata,waterbody:Uruguay_Rio_de_la_Plata:PajasBlancas,2016-03-29
72f78cb57bb0a2a6,source_ood,2,train,Uruguay_Rio_de_la_Plata,Uruguay_Rio_de_la_Plata,waterbody:Uruguay_Rio_de_la_Plata:Cerro,2016-03-31
331f21e53019b8f1,source_ood,2,train,Uruguay_Rio_de_la_Plata,Uruguay_Rio_de_la_Plata,waterbody:Uruguay_Rio_de_la_Plata:Ramirez,2016-03-31
41dbf2e133c82a65,source_ood,2,train,Uruguay_Rio_de_la_Plata,Uruguay_Rio_de_la_Plata,waterbody:Uruguay_Rio_de_la_Plata:Carrasco,2016-03-31
54842b8a02d02384,source_ood,2,train,Uruguay_Rio_de_la_Plata,Uruguay_Rio_de_la_Plata,waterbody:Uruguay_Rio_de_la_Plata:PocitosBarreiro,2016-03-31
2f24aaaf1be7f8f1,source_ood,2,train,Uruguay_Rio_de_la_Plata,Uruguay_Rio_de_la_Plata,waterbody:Uruguay_Rio_de_la_Plata:Malvin,2016-03-31
2442f75cd3e328e1,source_ood,2,train,Uruguay_Rio_de_la_Plata,Uruguay_Rio_de_la_Plata,waterbody:Uruguay_Rio_de_la_Plata:PajasBlancas,2016-03-31
9256119133d515b7,source_ood,2,train,Uruguay_Rio_de_la_Plata,Uruguay_Rio_de_la_Plata,waterbody:Uruguay_Rio_de_la_Plata:PocitosBarreiro,2016-04-07
cb4f5813622531e5,source_ood,2,train,Uruguay_Rio_de_la_Plata,Uruguay_Rio_de_la_Plata,waterbody:Uruguay_Rio_de_la_Plata:Ramirez,2016-04-07
4b9b40f7c52d63a6,source_ood,2,train,Uruguay_Rio_de_la_Plata,Uruguay_Rio_de_la_Plata,waterbody:Uruguay_Rio_de_la_Plata:Carrasco,2016-04-07
0077510de3b4aca7,source_ood,2,train,Uruguay_Rio_de_la_Plata,Uruguay_Rio_de_la_Plata,waterbody:Uruguay_Rio_de_la_Plata:Malvin,2016-04-07
0b0c96d8cfa876ac,source_ood,2,train,Uruguay_Rio_de_la_Plata,Uruguay_Rio_de_la_Plata,waterbody:Uruguay_Rio_de_la_Plata:PajasBlancas,2016-04-07
aee10986bd8d20e2,source_ood,2,train,Uruguay_Rio_de_la_Plata,Uruguay_Rio_de_la_Plata,waterbody:Uruguay_Rio_de_la_Plata:Cerro,2016-04-07
c402e82842b15e94,source_ood,2,train,Uruguay_Rio_de_la_Plata,Uruguay_Rio_de_la_Plata,waterbody:Uruguay_Rio_de_la_Plata:PajasBlancas,2016-04-15
48b2bdffc2cdfa6c,source_ood,2,train,Uruguay_Rio_de_la_Plata,Uruguay_Rio_de_la_Plata,waterbody:Uruguay_Rio_de_la_Plata:Cerro,2016-04-15
5c0040c99a7b1b1c,source_ood,2,train,Uruguay_Rio_de_la_Plata,Uruguay_Rio_de_la_Plata,waterbody:Uruguay_Rio_de_la_Plata:Ramirez,2016-04-15
43f88cab431cb4ca,source_ood,2,train,Uruguay_Rio_de_la_Plata,Uruguay_Rio_de_la_Plata,waterbody:Uruguay_Rio_de_la_Plata:PocitosBarreiro,2016-04-15
5de6b4cbf522fad6,source_ood,2,train,Uruguay_Rio_de_la_Plata,Uruguay_Rio_de_la_Plata,waterbody:Uruguay_Rio_de_la_Plata:Malvin,2016-04-15
12484ddec9bd24d0,source_ood,2,train,Uruguay_Rio_de_la_Plata,Uruguay_Rio_de_la_Plata,waterbody:Uruguay_Rio_de_la_Plata:PocitosBarreiro,2016-04-22
458ce78fb9c63473,source_ood,2,train,Uruguay_Rio_de_la_Plata,Uruguay_Rio_de_la_Plata,waterbody:Uruguay_Rio_de_la_Plata:Malvin,2016-04-22
36ace58125b509fe,source_ood,2,train,Uruguay_Rio_de_la_Plata,Uruguay_Rio_de_la_Plata,waterbody:Uruguay_Rio_de_la_Plata:Cerro,2016-04-22
1213a0778cb01f1b,source_ood,2,train,Uruguay_Rio_de_la_Plata,Uruguay_Rio_de_la_Plata,waterbody:Uruguay_Rio_de_la_Plata:Ramirez,2016-04-22
1d89e7efe10824b7,source_ood,2,train,Uruguay_Rio_de_la_Plata,Uruguay_Rio_de_la_Plata,waterbody:Uruguay_Rio_de_la_Plata:Carrasco,2016-04-22
d2571b133b41735e,source_ood,2,train,Uruguay_Rio_de_la_Plata,Uruguay_Rio_de_la_Plata,waterbody:Uruguay_Rio_de_la_Plata:PajasBlancas,2016-04-22
d26b1d8ff9798998,source_ood,2,train,Uruguay_Rio_de_la_Plata,Uruguay_Rio_de_la_Plata,waterbody:Uruguay_Rio_de_la_Plata:PocitosBarreiro,2016-04-28
896c7dcb9a6e98d4,source_ood,2,train,Uruguay_Rio_de_la_Plata,Uruguay_Rio_de_la_Plata,waterbody:Uruguay_Rio_de_la_Plata:Carrasco,2016-04-28
4fb3cd71d7ab169f,source_ood,2,train,Uruguay_Rio_de_la_Plata,Uruguay_Rio_de_la_Plata,waterbody:Uruguay_Rio_de_la_Plata:PajasBlancas,2016-04-28
7c07d1d5ad77f2fe,source_ood,2,train,Uruguay_Rio_de_la_Plata,Uruguay_Rio_de_la_Plata,waterbody:Uruguay_Rio_de_la_Plata:Cerro,2016-04-28
d4d19b356b1c76a9,source_ood,2,train,Uruguay_Rio_de_la_Plata,Uruguay_Rio_de_la_Plata,waterbody:Uruguay_Rio_de_la_Plata:Ramirez,2016-04-28
2cbd62edb19a2a88,source_ood,2,train,Uruguay_Rio_de_la_Plata,Uruguay_Rio_de_la_Plata,waterbody:Uruguay_Rio_de_la_Plata:Malvin,2016-04-28
8f22cc82c40525ba,source_ood,2,train,Uruguay_Rio_de_la_Plata,Uruguay_Rio_de_la_Plata,waterbody:Uruguay_Rio_de_la_Plata:PajasBlancas,2016-05-10
576bebbd2b793ddd,source_ood,2,train,Uruguay_Rio_de_la_Plata,Uruguay_Rio_de_la_Plata,waterbody:Uruguay_Rio_de_la_Plata:Malvin,2016-05-10
41916594f8f2d1d1,source_ood,2,train,Uruguay_Rio_de_la_Plata,Uruguay_Rio_de_la_Plata,waterbody:Uruguay_Rio_de_la_Plata:Carrasco,2016-05-10
c33078449a5aa4ff,source_ood,2,train,Uruguay_Rio_de_la_Plata,Uruguay_Rio_de_la_Plata,waterbody:Uruguay_Rio_de_la_Plata:Cerro,2016-05-10
cbd083c1a1aebdda,source_ood,2,train,Uruguay_Rio_de_la_Plata,Uruguay_Rio_de_la_Plata,waterbody:Uruguay_Rio_de_la_Plata:Ramirez,2016-05-10
94c47c59fa29a484,source_ood,2,train,Uruguay_Rio_de_la_Plata,Uruguay_Rio_de_la_Plata,waterbody:Uruguay_Rio_de_la_Plata:PocitosBarreiro,2016-05-10
b7a9f6968964e71e,source_ood,2,train,Uruguay_Rio_de_la_Plata,Uruguay_Rio_de_la_Plata,waterbody:Uruguay_Rio_de_la_Plata:Malvin,2016-06-07
790b038691a4dfe1,source_ood,2,train,Uruguay_Rio_de_la_Plata,Uruguay_Rio_de_la_Plata,waterbody:Uruguay_Rio_de_la_Plata:Carrasco,2016-06-07
ec13d6f54d6911e8,source_ood,2,train,Uruguay_Rio_de_la_Plata,Uruguay_Rio_de_la_Plata,waterbody:Uruguay_Rio_de_la_Plata:Ramirez,2016-06-07
6497788d0610f789,source_ood,2,train,Uruguay_Rio_de_la_Plata,Uruguay_Rio_de_la_Plata,waterbody:Uruguay_Rio_de_la_Plata:PajasBlancas,2016-06-07
696b46a1ac19f71c,source_ood,2,train,Uruguay_Rio_de_la_Plata,Uruguay_Rio_de_la_Plata,waterbody:Uruguay_Rio_de_la_Plata:Cerro,2016-06-07
f41479a6ceed1850,source_ood,2,train,Uruguay_Rio_de_la_Plata,Uruguay_Rio_de_la_Plata,waterbody:Uruguay_Rio_de_la_Plata:PocitosBarreiro,2016-06-07
993e47cc8ff12b77,source_ood,2,train,Uruguay_Rio_de_la_Plata,Uruguay_Rio_de_la_Plata,waterbody:Uruguay_Rio_de_la_Plata:Carrasco,2016-07-11
79378bff9d867fd2,source_ood,2,train,Uruguay_Rio_de_la_Plata,Uruguay_Rio_de_la_Plata,waterbody:Uruguay_Rio_de_la_Plata:PajasBlancas,2016-07-11
c45fdf1e053ab1b4,source_ood,2,train,Uruguay_Rio_de_la_Plata,Uruguay_Rio_de_la_Plata,waterbody:Uruguay_Rio_de_la_Plata:PocitosBarreiro,2016-07-11
158f2dbc04f7dbea,source_ood,2,train,Uruguay_Rio_de_la_Plata,Uruguay_Rio_de_la_Plata,waterbody:Uruguay_Rio_de_la_Plata:Malvin,2016-07-11
1c235c359a8d3cb5,source_ood,2,train,Uruguay_Rio_de_la_Plata,Uruguay_Rio_de_la_Plata,waterbody:Uruguay_Rio_de_la_Plata:Ramirez,2016-07-11
ba348fba18c6730e,source_ood,2,train,Uruguay_Rio_de_la_Plata,Uruguay_Rio_de_la_Plata,waterbody:Uruguay_Rio_de_la_Plata:Cerro,2016-07-11
62c80c720bb534eb,source_ood,2,train,Uruguay_Rio_de_la_Plata,Uruguay_Rio_de_la_Plata,waterbody:Uruguay_Rio_de_la_Plata:PajasBlancas,2016-08-15
092a634541765036,source_ood,2,train,Uruguay_Rio_de_la_Plata,Uruguay_Rio_de_la_Plata,waterbody:Uruguay_Rio_de_la_Plata:Carrasco,2016-08-15
b8f87547b2dc73c4,source_ood,2,train,Uruguay_Rio_de_la_Plata,Uruguay_Rio_de_la_Plata,waterbody:Uruguay_Rio_de_la_Plata:Ramirez,2016-08-15
a1c753942c059a4d,source_ood,2,train,Uruguay_Rio_de_la_Plata,Uruguay_Rio_de_la_Plata,waterbody:Uruguay_Rio_de_la_Plata:Cerro,2016-08-15
9a8c8b596fc8b726,source_ood,2,train,Uruguay_Rio_de_la_Plata,Uruguay_Rio_de_la_Plata,waterbody:Uruguay_Rio_de_la_Plata:Malvin,2016-08-15
7d93e9588a487887,source_ood,2,train,Uruguay_Rio_de_la_Plata,Uruguay_Rio_de_la_Plata,waterbody:Uruguay_Rio_de_la_Plata:PocitosBarreiro,2016-08-15
9abaf27eca02f6de,source_ood,2,train,Uruguay_Rio_de_la_Plata,Uruguay_Rio_de_la_Plata,waterbody:Uruguay_Rio_de_la_Plata:PocitosBarreiro,2016-09-08
e2cae6c949721f9b,source_ood,2,train,Uruguay_Rio_de_la_Plata,Uruguay_Rio_de_la_Plata,waterbody:Uruguay_Rio_de_la_Plata:Malvin,2016-09-08
b967fe0a392d0eb5,source_ood,2,train,Uruguay_Rio_de_la_Plata,Uruguay_Rio_de_la_Plata,waterbody:Uruguay_Rio_de_la_Plata:PajasBlancas,2016-09-08
bdf2dadd2a3bf805,source_ood,2,train,Uruguay_Rio_de_la_Plata,Uruguay_Rio_de_la_Plata,waterbody:Uruguay_Rio_de_la_Plata:Carrasco,2016-09-08
2ea127119faa57a2,source_ood,2,train,Uruguay_Rio_de_la_Plata,Uruguay_Rio_de_la_Plata,waterbody:Uruguay_Rio_de_la_Plata:Ramirez,2016-09-08
26ef1cfa2bc5f643,source_ood,2,train,Uruguay_Rio_de_la_Plata,Uruguay_Rio_de_la_Plata,waterbody:Uruguay_Rio_de_la_Plata:Cerro,2016-09-08
3220f16313cce680,source_ood,2,train,Uruguay_Rio_de_la_Plata,Uruguay_Rio_de_la_Plata,waterbody:Uruguay_Rio_de_la_Plata:Carrasco,2016-10-11
fbd4b05c94c9088a,source_ood,2,train,Uruguay_Rio_de_la_Plata,Uruguay_Rio_de_la_Plata,waterbody:Uruguay_Rio_de_la_Plata:PocitosBarreiro,2016-10-11
c72bd4995fbb4954,source_ood,2,train,Uruguay_Rio_de_la_Plata,Uruguay_Rio_de_la_Plata,waterbody:Uruguay_Rio_de_la_Plata:Malvin,2016-10-11
1867efe8ff157781,source_ood,2,train,Uruguay_Rio_de_la_Plata,Uruguay_Rio_de_la_Plata,waterbody:Uruguay_Rio_de_la_Plata:Cerro,2016-10-11
23a090b8bdd97677,source_ood,2,train,Uruguay_Rio_de_la_Plata,Uruguay_Rio_de_la_Plata,waterbody:Uruguay_Rio_de_la_Plata:PajasBlancas,2016-10-11
13888f6fd6c262c7,source_ood,2,train,Uruguay_Rio_de_la_Plata,Uruguay_Rio_de_la_Plata,waterbody:Uruguay_Rio_de_la_Plata:Ramirez,2016-10-11
430f4c4aaaea7fba,source_ood,2,train,Uruguay_Rio_de_la_Plata,Uruguay_Rio_de_la_Plata,waterbody:Uruguay_Rio_de_la_Plata:Malvin,2016-10-14
f8f5eec5f6f48740,source_ood,2,train,Uruguay_Rio_de_la_Plata,Uruguay_Rio_de_la_Plata,waterbody:Uruguay_Rio_de_la_Plata:PajasBlancas,2016-10-14
99d04b6f3a4b9651,source_ood,2,train,Uruguay_Rio_de_la_Plata,Uruguay_Rio_de_la_Plata,waterbody:Uruguay_Rio_de_la_Plata:Carrasco,2016-10-14
88d74b15a1aca635,source_ood,2,train,Uruguay_Rio_de_la_Plata,Uruguay_Rio_de_la_Plata,waterbody:Uruguay_Rio_de_la_Plata:Ramirez,2016-10-14
a2c56bb64c061643,source_ood,2,train,Uruguay_Rio_de_la_Plata,Uruguay_Rio_de_la_Plata,waterbody:Uruguay_Rio_de_la_Plata:Cerro,2016-10-14
0831f6af6098575d,source_ood,2,train,Uruguay_Rio_de_la_Plata,Uruguay_Rio_de_la_Plata,waterbody:Uruguay_Rio_de_la_Plata:PocitosBarreiro,2016-10-14
52cfdcd830bc97c9,source_ood,2,train,Uruguay_Rio_de_la_Plata,Uruguay_Rio_de_la_Plata,waterbody:Uruguay_Rio_de_la_Plata:Cerro,2016-11-08
3b1f3efd244b6744,source_ood,2,train,Uruguay_Rio_de_la_Plata,Uruguay_Rio_de_la_Plata,waterbody:Uruguay_Rio_de_la_Plata:Ramirez,2016-11-08
0230eb7d5d7f04ff,source_ood,2,train,Uruguay_Rio_de_la_Plata,Uruguay_Rio_de_la_Plata,waterbody:Uruguay_Rio_de_la_Plata:PocitosBarreiro,2016-11-08
6ee71edf69387bf0,source_ood,2,train,Uruguay_Rio_de_la_Plata,Uruguay_Rio_de_la_Plata,waterbody:Uruguay_Rio_de_la_Plata:Carrasco,2016-11-08
782d77e3ec29ab51,source_ood,2,train,Uruguay_Rio_de_la_Plata,Uruguay_Rio_de_la_Plata,waterbody:Uruguay_Rio_de_la_Plata:PajasBlancas,2016-11-08
e45b6d4cae1ff098,source_ood,2,train,Uruguay_Rio_de_la_Plata,Uruguay_Rio_de_la_Plata,waterbody:Uruguay_Rio_de_la_Plata:Malvin,2016-11-08
a33fb7e1f3f981f0,source_ood,2,train,Uruguay_Rio_de_la_Plata,Uruguay_Rio_de_la_Plata,waterbody:Uruguay_Rio_de_la_Plata:PocitosBarreiro,2016-11-23
5b9a5e7b3ff3897a,source_ood,2,train,Uruguay_Rio_de_la_Plata,Uruguay_Rio_de_la_Plata,waterbody:Uruguay_Rio_de_la_Plata:PajasBlancas,2016-11-23
3b1c9b236600be6c,source_ood,2,train,Uruguay_Rio_de_la_Plata,Uruguay_Rio_de_la_Plata,waterbody:Uruguay_Rio_de_la_Plata:Cerro,2016-11-23
c697e855bde592f1,source_ood,2,train,Uruguay_Rio_de_la_Plata,Uruguay_Rio_de_la_Plata,waterbody:Uruguay_Rio_de_la_Plata:Carrasco,2016-11-23
b48553b435a6125f,source_ood,2,train,Uruguay_Rio_de_la_Plata,Uruguay_Rio_de_la_Plata,waterbody:Uruguay_Rio_de_la_Plata:Ramirez,2016-11-23
d1ff0aef9f78f9f9,source_ood,2,train,Uruguay_Rio_de_la_Plata,Uruguay_Rio_de_la_Plata,waterbody:Uruguay_Rio_de_la_Plata:Malvin,2016-11-23
353e3d4fe861f719,source_ood,2,train,Uruguay_Rio_de_la_Plata,Uruguay_Rio_de_la_Plata,waterbody:Uruguay_Rio_de_la_Plata:PocitosBarreiro,2016-12-09
397c3295a50b0d29,source_ood,2,train,Uruguay_Rio_de_la_Plata,Uruguay_Rio_de_la_Plata,waterbody:Uruguay_Rio_de_la_Plata:Ramirez,2016-12-09
294d0a5bd7de6472,source_ood,2,train,Uruguay_Rio_de_la_Plata,Uruguay_Rio_de_la_Plata,waterbody:Uruguay_Rio_de_la_Plata:Cerro,2016-12-09
e9bd3d2ccb9ae741,source_ood,2,train,Uruguay_Rio_de_la_Plata,Uruguay_Rio_de_la_Plata,waterbody:Uruguay_Rio_de_la_Plata:PajasBlancas,2016-12-09
7448ac088a059782,source_ood,2,train,Uruguay_Rio_de_la_Plata,Uruguay_Rio_de_la_Plata,waterbody:Uruguay_Rio_de_la_Plata:Carrasco,2016-12-09
e5c07960139ef79e,source_ood,2,train,Uruguay_Rio_de_la_Plata,Uruguay_Rio_de_la_Plata,waterbody:Uruguay_Rio_de_la_Plata:Malvin,2016-12-09
e5e395a0faf821fa,source_ood,2,train,Uruguay_Rio_de_la_Plata,Uruguay_Rio_de_la_Plata,waterbody:Uruguay_Rio_de_la_Plata:Carrasco,2016-12-19
dccb677c5cf9a344,source_ood,2,train,Uruguay_Rio_de_la_Plata,Uruguay_Rio_de_la_Plata,waterbody:Uruguay_Rio_de_la_Plata:Cerro,2016-12-19
74a43a3993a56d5c,source_ood,2,train,Uruguay_Rio_de_la_Plata,Uruguay_Rio_de_la_Plata,waterbody:Uruguay_Rio_de_la_Plata:Ramirez,2016-12-19
81ebaf78af57e632,source_ood,2,train,Uruguay_Rio_de_la_Plata,Uruguay_Rio_de_la_Plata,waterbody:Uruguay_Rio_de_la_Plata:PocitosBarreiro,2016-12-19
2e7c1cd88964952e,source_ood,2,train,Uruguay_Rio_de_la_Plata,Uruguay_Rio_de_la_Plata,waterbody:Uruguay_Rio_de_la_Plata:Malvin,2016-12-19
5fb76ef201f6a239,source_ood,2,train,Uruguay_Rio_de_la_Plata,Uruguay_Rio_de_la_Plata,waterbody:Uruguay_Rio_de_la_Plata:PajasBlancas,2016-12-19
54aec49b6846008e,source_ood,2,train,Uruguay_Rio_de_la_Plata,Uruguay_Rio_de_la_Plata,waterbody:Uruguay_Rio_de_la_Plata:Cerro,2016-12-29
8df0ca775b980fbb,source_ood,2,train,Uruguay_Rio_de_la_Plata,Uruguay_Rio_de_la_Plata,waterbody:Uruguay_Rio_de_la_Plata:PajasBlancas,2016-12-29
7905ea635834f3ab,source_ood,2,train,Uruguay_Rio_de_la_Plata,Uruguay_Rio_de_la_Plata,waterbody:Uruguay_Rio_de_la_Plata:PocitosBarreiro,2017-01-05
62543028a7c31a32,source_ood,2,train,Uruguay_Rio_de_la_Plata,Uruguay_Rio_de_la_Plata,waterbody:Uruguay_Rio_de_la_Plata:PajasBlancas,2017-01-05
3c75fc3eba8e52c0,source_ood,2,train,Uruguay_Rio_de_la_Plata,Uruguay_Rio_de_la_Plata,waterbody:Uruguay_Rio_de_la_Plata:Malvin,2017-01-05
0d50e113bf6d4d38,source_ood,2,train,Uruguay_Rio_de_la_Plata,Uruguay_Rio_de_la_Plata,waterbody:Uruguay_Rio_de_la_Plata:Carrasco,2017-01-05
3976f9c6481512be,source_ood,2,train,Uruguay_Rio_de_la_Plata,Uruguay_Rio_de_la_Plata,waterbody:Uruguay_Rio_de_la_Plata:Cerro,2017-01-05
665819e915109922,source_ood,2,train,Uruguay_Rio_de_la_Plata,Uruguay_Rio_de_la_Plata,waterbody:Uruguay_Rio_de_la_Plata:Ramirez,2017-01-05
d7af9a3bea184920,source_ood,2,train,Uruguay_Rio_de_la_Plata,Uruguay_Rio_de_la_Plata,waterbody:Uruguay_Rio_de_la_Plata:PajasBlancas,2017-01-12
4a78fe48243abc4e,source_ood,2,train,Uruguay_Rio_de_la_Plata,Uruguay_Rio_de_la_Plata,waterbody:Uruguay_Rio_de_la_Plata:Nacional,2017-01-17
77a31b735a914c60,source_ood,2,train,Uruguay_Rio_de_la_Plata,Uruguay_Rio_de_la_Plata,waterbody:Uruguay_Rio_de_la_Plata:Cerro,2017-01-17
391fc3f07abe699e,source_ood,2,train,Uruguay_Rio_de_la_Plata,Uruguay_Rio_de_la_Plata,waterbody:Uruguay_Rio_de_la_Plata:Cerro,2017-01-19
c0f0e0302ad77aa9,source_ood,2,train,Uruguay_Rio_de_la_Plata,Uruguay_Rio_de_la_Plata,waterbody:Uruguay_Rio_de_la_Plata:PajasBlancas,2017-01-19
fed2f8065b80d691,source_ood,2,train,Uruguay_Rio_de_la_Plata,Uruguay_Rio_de_la_Plata,waterbody:Uruguay_Rio_de_la_Plata:Carrasco,2017-01-19
e0378d3b2a3102e0,source_ood,2,train,Uruguay_Rio_de_la_Plata,Uruguay_Rio_de_la_Plata,waterbody:Uruguay_Rio_de_la_Plata:Ramirez,2017-01-19
24801369fb82e25a,source_ood,2,train,Uruguay_Rio_de_la_Plata,Uruguay_Rio_de_la_Plata,waterbody:Uruguay_Rio_de_la_Plata:PocitosBarreiro,2017-01-19
6674a0fccea11dbc,source_ood,2,train,Uruguay_Rio_de_la_Plata,Uruguay_Rio_de_la_Plata,waterbody:Uruguay_Rio_de_la_Plata:Malvin,2017-01-19
7addd3c185be5568,source_ood,2,train,Uruguay_Rio_de_la_Plata,Uruguay_Rio_de_la_Plata,waterbody:Uruguay_Rio_de_la_Plata:PuntaEspinillo,2017-01-23
d27e48f80a278c4c,source_ood,2,train,Uruguay_Rio_de_la_Plata,Uruguay_Rio_de_la_Plata,waterbody:Uruguay_Rio_de_la_Plata:Zabala,2017-01-31
bed2745420680899,source_ood,2,train,Uruguay_Rio_de_la_Plata,Uruguay_Rio_de_la_Plata,waterbody:Uruguay_Rio_de_la_Plata:PajasBlancas,2017-02-02
784d0a4eef393222,source_ood,2,train,Uruguay_Rio_de_la_Plata,Uruguay_Rio_de_la_Plata,waterbody:Uruguay_Rio_de_la_Plata:Cerro,2017-02-02
76d4d986c9165cb8,source_ood,2,train,Uruguay_Rio_de_la_Plata,Uruguay_Rio_de_la_Plata,waterbody:Uruguay_Rio_de_la_Plata:Carrasco,2017-02-02
23f4866947d4adb8,source_ood,2,train,Uruguay_Rio_de_la_Plata,Uruguay_Rio_de_la_Plata,waterbody:Uruguay_Rio_de_la_Plata:Ramirez,2017-02-02
0e327d7ea0b70a0d,source_ood,2,train,Uruguay_Rio_de_la_Plata,Uruguay_Rio_de_la_Plata,waterbody:Uruguay_Rio_de_la_Plata:Malvin,2017-02-02
db514ef815a57a1e,source_ood,2,train,Uruguay_Rio_de_la_Plata,Uruguay_Rio_de_la_Plata,waterbody:Uruguay_Rio_de_la_Plata:PocitosBarreiro,2017-02-02
fd89d6ee4ce912e6,source_ood,2,train,Uruguay_Rio_de_la_Plata,Uruguay_Rio_de_la_Plata,waterbody:Uruguay_Rio_de_la_Plata:Cerro,2017-02-03
9e47d3b79d0cfa97,source_ood,2,train,Uruguay_Rio_de_la_Plata,Uruguay_Rio_de_la_Plata,waterbody:Uruguay_Rio_de_la_Plata:PuntaEspinillo,2017-02-07
07bd877d3205b81d,source_ood,2,train,Uruguay_Rio_de_la_Plata,Uruguay_Rio_de_la_Plata,waterbody:Uruguay_Rio_de_la_Plata:PuertoBuceo,2017-02-10
459bf9e1065761d8,source_ood,2,train,Uruguay_Rio_de_la_Plata,Uruguay_Rio_de_la_Plata,waterbody:Uruguay_Rio_de_la_Plata:Ramirez,2017-02-14
c1d9c991b29690a7,source_ood,2,train,Uruguay_Rio_de_la_Plata,Uruguay_Rio_de_la_Plata,waterbody:Uruguay_Rio_de_la_Plata:PajasBlancas,2017-02-14
3647652876523389,source_ood,2,train,Uruguay_Rio_de_la_Plata,Uruguay_Rio_de_la_Plata,waterbody:Uruguay_Rio_de_la_Plata:Malvin,2017-02-14
c07a3aa3790b844b,source_ood,2,train,Uruguay_Rio_de_la_Plata,Uruguay_Rio_de_la_Plata,waterbody:Uruguay_Rio_de_la_Plata:Cerro,2017-02-14
47146739b80bf672,source_ood,2,train,Uruguay_Rio_de_la_Plata,Uruguay_Rio_de_la_Plata,waterbody:Uruguay_Rio_de_la_Plata:PocitosBarreiro,2017-02-14
840d5cedb1d1eac7,source_ood,2,train,Uruguay_Rio_de_la_Plata,Uruguay_Rio_de_la_Plata,waterbody:Uruguay_Rio_de_la_Plata:Carrasco,2017-02-14
417396b6bb7323ed,source_ood,2,train,Uruguay_Rio_de_la_Plata,Uruguay_Rio_de_la_Plata,waterbody:Uruguay_Rio_de_la_Plata:Ramirez,2017-02-16
4e144797deb9bd82,source_ood,2,train,Uruguay_Rio_de_la_Plata,Uruguay_Rio_de_la_Plata,waterbody:Uruguay_Rio_de_la_Plata:Zabala,2017-03-02
ee5c33ed61bbd79b,source_ood,2,train,Uruguay_Rio_de_la_Plata,Uruguay_Rio_de_la_Plata,waterbody:Uruguay_Rio_de_la_Plata:SantaCatalina,2017-03-02
e3b455b7c15a579f,source_ood,2,train,Uruguay_Rio_de_la_Plata,Uruguay_Rio_de_la_Plata,waterbody:Uruguay_Rio_de_la_Plata:PuertoBuceo,2017-03-05
7f307baa4195e893,source_ood,2,train,Uruguay_Rio_de_la_Plata,Uruguay_Rio_de_la_Plata,waterbody:Uruguay_Rio_de_la_Plata:PocitosAvenidaBrasil,2017-03-05
8d29d8d42e0908a5,source_ood,2,train,Uruguay_Rio_de_la_Plata,Uruguay_Rio_de_la_Plata,waterbody:Uruguay_Rio_de_la_Plata:Zabala,2017-03-05
0d49bb87fb2c53b2,source_ood,2,train,Uruguay_Rio_de_la_Plata,Uruguay_Rio_de_la_Plata,waterbody:Uruguay_Rio_de_la_Plata:Nacional,2017-03-06
4f5210a331d20e6d,source_ood,2,train,Uruguay_Rio_de_la_Plata,Uruguay_Rio_de_la_Plata,waterbody:Uruguay_Rio_de_la_Plata:Ramirez,2017-03-06
fdf38eb97780fc8f,source_ood,2,train,Uruguay_Rio_de_la_Plata,Uruguay_Rio_de_la_Plata,waterbody:Uruguay_Rio_de_la_Plata:Malvin,2017-03-07
88c6ee002a1b949a,source_ood,2,train,Uruguay_Rio_de_la_Plata,Uruguay_Rio_de_la_Plata,waterbody:Uruguay_Rio_de_la_Plata:PajasBlancas,2017-03-07
fc580da9a18c945c,source_ood,2,train,Uruguay_Rio_de_la_Plata,Uruguay_Rio_de_la_Plata,waterbody:Uruguay_Rio_de_la_Plata:Cerro,2017-03-07
de2b7de1a1630bf4,source_ood,2,train,Uruguay_Rio_de_la_Plata,Uruguay_Rio_de_la_Plata,waterbody:Uruguay_Rio_de_la_Plata:Ramirez,2017-03-07
62701972373928b8,source_ood,2,train,Uruguay_Rio_de_la_Plata,Uruguay_Rio_de_la_Plata,waterbody:Uruguay_Rio_de_la_Plata:PocitosBarreiro,2017-03-07
f8b920117dc3f5ca,source_ood,2,train,Uruguay_Rio_de_la_Plata,Uruguay_Rio_de_la_Plata,waterbody:Uruguay_Rio_de_la_Plata:Carrasco,2017-03-07
4c9d237a59c7a3ab,source_ood,2,train,Uruguay_Rio_de_la_Plata,Uruguay_Rio_de_la_Plata,waterbody:Uruguay_Rio_de_la_Plata:Ramirez,2017-03-17
57296311ece9891d,source_ood,2,train,Uruguay_Rio_de_la_Plata,Uruguay_Rio_de_la_Plata,waterbody:Uruguay_Rio_de_la_Plata:PocitosBarreiro,2017-03-20
e51a455d42b9a5ce,source_ood,2,train,Uruguay_Rio_de_la_Plata,Uruguay_Rio_de_la_Plata,waterbody:Uruguay_Rio_de_la_Plata:Ramirez,2017-03-20
3b0a7ff5e8ece1d7,source_ood,2,train,Uruguay_Rio_de_la_Plata,Uruguay_Rio_de_la_Plata,waterbody:Uruguay_Rio_de_la_Plata:PajasBlancas,2017-03-20
2007101692e98820,source_ood,2,train,Uruguay_Rio_de_la_Plata,Uruguay_Rio_de_la_Plata,waterbody:Uruguay_Rio_de_la_Plata:Malvin,2017-03-20
51e07b0f1e8cd6b7,source_ood,2,train,Uruguay_Rio_de_la_Plata,Uruguay_Rio_de_la_Plata,waterbody:Uruguay_Rio_de_la_Plata:Cerro,2017-03-20
4788a9a6dfc8c0e1,source_ood,2,train,Uruguay_Rio_de_la_Plata,Uruguay_Rio_de_la_Plata,waterbody:Uruguay_Rio_de_la_Plata:Carrasco,2017-03-20
7fae6b483ba0cad6,source_ood,2,train,Uruguay_Rio_de_la_Plata,Uruguay_Rio_de_la_Plata,waterbody:Uruguay_Rio_de_la_Plata:PocitosBarreiro,2017-04-03
528f77d0006efaf8,source_ood,2,train,Uruguay_Rio_de_la_Plata,Uruguay_Rio_de_la_Plata,waterbody:Uruguay_Rio_de_la_Plata:Malvin,2017-04-03
2fe0863dd84ce724,source_ood,2,train,Uruguay_Rio_de_la_Plata,Uruguay_Rio_de_la_Plata,waterbody:Uruguay_Rio_de_la_Plata:PajasBlancas,2017-04-03
8e24056e883180f2,source_ood,2,train,Uruguay_Rio_de_la_Plata,Uruguay_Rio_de_la_Plata,waterbody:Uruguay_Rio_de_la_Plata:Cerro,2017-04-03
d477e8d04732410e,source_ood,2,train,Uruguay_Rio_de_la_Plata,Uruguay_Rio_de_la_Plata,waterbody:Uruguay_Rio_de_la_Plata:Ramirez,2017-04-03
78ebe3803012b951,source_ood,2,train,Uruguay_Rio_de_la_Plata,Uruguay_Rio_de_la_Plata,waterbody:Uruguay_Rio_de_la_Plata:Carrasco,2017-04-03
84bf06e77aa2ae4d,source_ood,2,train,Uruguay_Rio_de_la_Plata,Uruguay_Rio_de_la_Plata,waterbody:Uruguay_Rio_de_la_Plata:PajasBlancas,2017-05-09
54ec785cea19de97,source_ood,2,train,Uruguay_Rio_de_la_Plata,Uruguay_Rio_de_la_Plata,waterbody:Uruguay_Rio_de_la_Plata:PocitosBarreiro,2017-05-09
32c3fca88f8b5e4d,source_ood,2,train,Uruguay_Rio_de_la_Plata,Uruguay_Rio_de_la_Plata,waterbody:Uruguay_Rio_de_la_Plata:Cerro,2017-05-09
aba56335d0442383,source_ood,2,train,Uruguay_Rio_de_la_Plata,Uruguay_Rio_de_la_Plata,waterbody:Uruguay_Rio_de_la_Plata:Ramirez,2017-05-09
19d8a2e7b3bf4924,source_ood,2,train,Uruguay_Rio_de_la_Plata,Uruguay_Rio_de_la_Plata,waterbody:Uruguay_Rio_de_la_Plata:Malvin,2017-05-09
a601e29cec379841,source_ood,2,train,Uruguay_Rio_de_la_Plata,Uruguay_Rio_de_la_Plata,waterbody:Uruguay_Rio_de_la_Plata:Carrasco,2017-05-09
947226a5b0e04484,source_ood,2,train,Uruguay_Rio_de_la_Plata,Uruguay_Rio_de_la_Plata,waterbody:Uruguay_Rio_de_la_Plata:Malvin,2017-06-15
42ca2c3fd7802f2d,source_ood,2,train,Uruguay_Rio_de_la_Plata,Uruguay_Rio_de_la_Plata,waterbody:Uruguay_Rio_de_la_Plata:PocitosBarreiro,2017-06-15
39edb0428c4686c7,source_ood,2,train,Uruguay_Rio_de_la_Plata,Uruguay_Rio_de_la_Plata,waterbody:Uruguay_Rio_de_la_Plata:PajasBlancas,2017-06-15
be5502673a051373,source_ood,2,train,Uruguay_Rio_de_la_Plata,Uruguay_Rio_de_la_Plata,waterbody:Uruguay_Rio_de_la_Plata:Cerro,2017-06-15
a53ca80889a20029,source_ood,2,train,Uruguay_Rio_de_la_Plata,Uruguay_Rio_de_la_Plata,waterbody:Uruguay_Rio_de_la_Plata:Ramirez,2017-06-15
f7347921ce80e2a4,source_ood,2,train,Uruguay_Rio_de_la_Plata,Uruguay_Rio_de_la_Plata,waterbody:Uruguay_Rio_de_la_Plata:Carrasco,2017-06-15
1b0fb5984b8d2286,source_ood,2,train,Uruguay_Rio_de_la_Plata,Uruguay_Rio_de_la_Plata,waterbody:Uruguay_Rio_de_la_Plata:Salto,2013-01-20
147601b1af5a82dd,source_ood,2,train,Uruguay_Rio_de_la_Plata,Uruguay_Rio_de_la_Plata,waterbody:Uruguay_Rio_de_la_Plata:PuntaDelEste,2013-01-20
bbd0804bdaefc352,source_ood,2,train,Uruguay_Rio_de_la_Plata,Uruguay_Rio_de_la_Plata,waterbody:Uruguay_Rio_de_la_Plata:Montevideo,2013-01-20
1dc8bc2863a08155,source_ood,2,train,Uruguay_Rio_de_la_Plata,Uruguay_Rio_de_la_Plata,waterbody:Uruguay_Rio_de_la_Plata:Colonia,2013-01-20
ea3c4e111321734b,source_ood,2,train,Uruguay_Rio_de_la_Plata,Uruguay_Rio_de_la_Plata,waterbody:Uruguay_Rio_de_la_Plata:Carmelo,2013-01-20
6f9c1b6db6827e64,source_ood,2,train,Uruguay_Rio_de_la_Plata,Uruguay_Rio_de_la_Plata,waterbody:Uruguay_Rio_de_la_Plata:FrayBentos,2013-01-20
82fe2da76d5cf7c2,source_ood,2,train,Uruguay_Rio_de_la_Plata,Uruguay_Rio_de_la_Plata,waterbody:Uruguay_Rio_de_la_Plata:Salto,2013-01-20
6c40949acd831766,source_ood,2,train,Uruguay_Rio_de_la_Plata,Uruguay_Rio_de_la_Plata,waterbody:Uruguay_Rio_de_la_Plata:Carmelo,2013-01-20
84f05e28a09c5cb2,source_ood,2,train,Uruguay_Rio_de_la_Plata,Uruguay_Rio_de_la_Plata,waterbody:Uruguay_Rio_de_la_Plata:PuntaDelEste,2013-01-20
4f6f004467f69d9a,source_ood,2,train,Uruguay_Rio_de_la_Plata,Uruguay_Rio_de_la_Plata,waterbody:Uruguay_Rio_de_la_Plata:Montevideo,2013-01-20
2269c3344daa28d8,source_ood,2,train,Uruguay_Rio_de_la_Plata,Uruguay_Rio_de_la_Plata,waterbody:Uruguay_Rio_de_la_Plata:Colonia,2013-01-20
237a5682f314a083,source_ood,2,train,Uruguay_Rio_de_la_Plata,Uruguay_Rio_de_la_Plata,waterbody:Uruguay_Rio_de_la_Plata:FrayBentos,2013-01-20
cc4fcb17ed8b32c6,source_ood,2,train,Uruguay_Rio_de_la_Plata,Uruguay_Rio_de_la_Plata,waterbody:Uruguay_Rio_de_la_Plata:Salto,2013-03-16
3decd85764d46532,source_ood,2,train,Uruguay_Rio_de_la_Plata,Uruguay_Rio_de_la_Plata,waterbody:Uruguay_Rio_de_la_Plata:FrayBentos,2013-03-16
11d6a593a03ca065,source_ood,2,train,Uruguay_Rio_de_la_Plata,Uruguay_Rio_de_la_Plata,waterbody:Uruguay_Rio_de_la_Plata:Salto,2013-03-16
c3e0b4eab83294fd,source_ood,2,train,Uruguay_Rio_de_la_Plata,Uruguay_Rio_de_la_Plata,waterbody:Uruguay_Rio_de_la_Plata:PuntaDelEste,2013-03-16
fccbbc5f306583d3,source_ood,2,train,Uruguay_Rio_de_la_Plata,Uruguay_Rio_de_la_Plata,waterbody:Uruguay_Rio_de_la_Plata:Montevideo,2013-03-16
75267eefd290e0f1,source_ood,2,train,Uruguay_Rio_de_la_Plata,Uruguay_Rio_de_la_Plata,waterbody:Uruguay_Rio_de_la_Plata:Colonia,2013-03-16
3a097b875aeddccb,source_ood,2,train,Uruguay_Rio_de_la_Plata,Uruguay_Rio_de_la_Plata,waterbody:Uruguay_Rio_de_la_Plata:Carmelo,2013-03-16
ff7f6b69b30a3d16,source_ood,2,train,Uruguay_Rio_de_la_Plata,Uruguay_Rio_de_la_Plata,waterbody:Uruguay_Rio_de_la_Plata:FrayBentos,2013-03-16
dde98f15dfa6b78b,source_ood,2,train,Uruguay_Rio_de_la_Plata,Uruguay_Rio_de_la_Plata,waterbody:Uruguay_Rio_de_la_Plata:Colonia,2013-03-16
9d73338136efcf69,source_ood,2,train,Uruguay_Rio_de_la_Plata,Uruguay_Rio_de_la_Plata,waterbody:Uruguay_Rio_de_la_Plata:Carmelo,2013-03-16
24cc80d4f3598d8b,source_ood,2,train,Uruguay_Rio_de_la_Plata,Uruguay_Rio_de_la_Plata,waterbody:Uruguay_Rio_de_la_Plata:PuntaDelEste,2013-03-16
a779fd4f1d42b4fb,source_ood,2,train,Uruguay_Rio_de_la_Plata,Uruguay_Rio_de_la_Plata,waterbody:Uruguay_Rio_de_la_Plata:Montevideo,2013-03-16
4f718b64c990ec2d,source_ood,2,train,Uruguay_Rio_de_la_Plata,Uruguay_Rio_de_la_Plata,waterbody:Uruguay_Rio_de_la_Plata:FrayBentos,2013-06-22
6144406da68be9be,source_ood,2,train,Uruguay_Rio_de_la_Plata,Uruguay_Rio_de_la_Plata,waterbody:Uruguay_Rio_de_la_Plata:Salto,2013-06-22
7e41943a3207d9b1,source_ood,2,train,Uruguay_Rio_de_la_Plata,Uruguay_Rio_de_la_Plata,waterbody:Uruguay_Rio_de_la_Plata:Carmelo,2013-06-22
f84b12614ac58c86,source_ood,2,train,Uruguay_Rio_de_la_Plata,Uruguay_Rio_de_la_Plata,waterbody:Uruguay_Rio_de_la_Plata:FrayBentos,2013-06-22
3c3bb350cc336883,source_ood,2,train,Uruguay_Rio_de_la_Plata,Uruguay_Rio_de_la_Plata,waterbody:Uruguay_Rio_de_la_Plata:Salto,2013-06-22
dcda295988c90e41,source_ood,2,train,Uruguay_Rio_de_la_Plata,Uruguay_Rio_de_la_Plata,waterbody:Uruguay_Rio_de_la_Plata:PuntaDelEste,2013-06-22
0dbd8ca3d23427da,source_ood,2,train,Uruguay_Rio_de_la_Plata,Uruguay_Rio_de_la_Plata,waterbody:Uruguay_Rio_de_la_Plata:Montevideo,2013-06-22
b7c46c3c9477d507,source_ood,2,train,Uruguay_Rio_de_la_Plata,Uruguay_Rio_de_la_Plata,waterbody:Uruguay_Rio_de_la_Plata:Colonia,2013-06-22
eeefe45462055dae,source_ood,2,train,Uruguay_Rio_de_la_Plata,Uruguay_Rio_de_la_Plata,waterbody:Uruguay_Rio_de_la_Plata:Carmelo,2013-06-22
971eb86d3d2ab25b,source_ood,2,train,Uruguay_Rio_de_la_Plata,Uruguay_Rio_de_la_Plata,waterbody:Uruguay_Rio_de_la_Plata:Montevideo,2013-06-22
77e59d506e8ebcc6,source_ood,2,train,Uruguay_Rio_de_la_Plata,Uruguay_Rio_de_la_Plata,waterbody:Uruguay_Rio_de_la_Plata:Colonia,2013-06-22
014c01396881d014,source_ood,2,train,Uruguay_Rio_de_la_Plata,Uruguay_Rio_de_la_Plata,waterbody:Uruguay_Rio_de_la_Plata:PuntaDelEste,2013-06-22
e54902a7e38ddd49,source_ood,2,train,Uruguay_Rio_de_la_Plata,Uruguay_Rio_de_la_Plata,waterbody:Uruguay_Rio_de_la_Plata:Salto,2013-10-05
49bcd9f62589ee66,source_ood,2,train,Uruguay_Rio_de_la_Plata,Uruguay_Rio_de_la_Plata,waterbody:Uruguay_Rio_de_la_Plata:Carmelo,2013-10-05
b564aa09c17a4050,source_ood,2,train,Uruguay_Rio_de_la_Plata,Uruguay_Rio_de_la_Plata,waterbody:Uruguay_Rio_de_la_Plata:FrayBentos,2013-10-05
a279fef21634fb3a,source_ood,2,train,Uruguay_Rio_de_la_Plata,Uruguay_Rio_de_la_Plata,waterbody:Uruguay_Rio_de_la_Plata:Colonia,2013-10-05
42afe8d482a4c88e,source_ood,2,train,Uruguay_Rio_de_la_Plata,Uruguay_Rio_de_la_Plata,waterbody:Uruguay_Rio_de_la_Plata:Carmelo,2013-10-05
759626fd28230e3c,source_ood,2,train,Uruguay_Rio_de_la_Plata,Uruguay_Rio_de_la_Plata,waterbody:Uruguay_Rio_de_la_Plata:FrayBentos,2013-10-05
ab226c365d2649a4,source_ood,2,train,Uruguay_Rio_de_la_Plata,Uruguay_Rio_de_la_Plata,waterbody:Uruguay_Rio_de_la_Plata:Salto,2013-10-05
645537b2c682530b,source_ood,2,train,Uruguay_Rio_de_la_Plata,Uruguay_Rio_de_la_Plata,waterbody:Uruguay_Rio_de_la_Plata:PuntaDelEste,2013-10-05
f39ee0326c6e7f16,source_ood,2,train,Uruguay_Rio_de_la_Plata,Uruguay_Rio_de_la_Plata,waterbody:Uruguay_Rio_de_la_Plata:Montevideo,2013-10-05
cb9c12de6622fbb9,source_ood,2,train,Uruguay_Rio_de_la_Plata,Uruguay_Rio_de_la_Plata,waterbody:Uruguay_Rio_de_la_Plata:Colonia,2013-10-05
52ef12066e07763b,source_ood,2,train,Uruguay_Rio_de_la_Plata,Uruguay_Rio_de_la_Plata,waterbody:Uruguay_Rio_de_la_Plata:PuntaDelEste,2013-10-05
e9d4484bc31ddd07,source_ood,2,train,Uruguay_Rio_de_la_Plata,Uruguay_Rio_de_la_Plata,waterbody:Uruguay_Rio_de_la_Plata:Montevideo,2013-10-05
125c86c0fff4fa88,source_ood,2,train,Uruguay_Rio_de_la_Plata,Uruguay_Rio_de_la_Plata,waterbody:Uruguay_Rio_de_la_Plata:FrayBentos,2013-11-30
13e16ca85b3c4547,source_ood,2,train,Uruguay_Rio_de_la_Plata,Uruguay_Rio_de_la_Plata,waterbody:Uruguay_Rio_de_la_Plata:Salto,2013-11-30
363efdeb9ca0494a,source_ood,2,train,Uruguay_Rio_de_la_Plata,Uruguay_Rio_de_la_Plata,waterbody:Uruguay_Rio_de_la_Plata:Colonia,2013-11-30
f0c10af7471ef935,source_ood,2,train,Uruguay_Rio_de_la_Plata,Uruguay_Rio_de_la_Plata,waterbody:Uruguay_Rio_de_la_Plata:Carmelo,2013-11-30
a6096295b6eaffd5,source_ood,2,train,Uruguay_Rio_de_la_Plata,Uruguay_Rio_de_la_Plata,waterbody:Uruguay_Rio_de_la_Plata:Montevideo,2013-11-30
e7c1eaa556ad1abf,source_ood,2,train,Uruguay_Rio_de_la_Plata,Uruguay_Rio_de_la_Plata,waterbody:Uruguay_Rio_de_la_Plata:Colonia,2013-11-30
5e47e241ab79c7ac,source_ood,2,train,Uruguay_Rio_de_la_Plata,Uruguay_Rio_de_la_Plata,waterbody:Uruguay_Rio_de_la_Plata:Carmelo,2013-11-30
cf407b00f1b17d0d,source_ood,2,train,Uruguay_Rio_de_la_Plata,Uruguay_Rio_de_la_Plata,waterbody:Uruguay_Rio_de_la_Plata:FrayBentos,2013-11-30
10c451fcd50f71d5,source_ood,2,train,Uruguay_Rio_de_la_Plata,Uruguay_Rio_de_la_Plata,waterbody:Uruguay_Rio_de_la_Plata:Salto,2013-11-30
fcfdbfef2c1a9f97,source_ood,2,train,Uruguay_Rio_de_la_Plata,Uruguay_Rio_de_la_Plata,waterbody:Uruguay_Rio_de_la_Plata:PuntaDelEste,2013-11-30
1ab7ace29f461e65,source_ood,2,train,Uruguay_Rio_de_la_Plata,Uruguay_Rio_de_la_Plata,waterbody:Uruguay_Rio_de_la_Plata:Montevideo,2013-11-30
730535d9eee8d629,source_ood,2,train,Uruguay_Rio_de_la_Plata,Uruguay_Rio_de_la_Plata,waterbody:Uruguay_Rio_de_la_Plata:PuntaDelEste,2013-11-30
22dbd8ecbd89760e,source_ood,2,train,Uruguay_Rio_de_la_Plata,Uruguay_Rio_de_la_Plata,waterbody:Uruguay_Rio_de_la_Plata:Montevideo,2014-03-23
5900ca571a08095a,source_ood,2,train,Uruguay_Rio_de_la_Plata,Uruguay_Rio_de_la_Plata,waterbody:Uruguay_Rio_de_la_Plata:Carmelo,2014-03-23
99646481372a0883,source_ood,2,train,Uruguay_Rio_de_la_Plata,Uruguay_Rio_de_la_Plata,waterbody:Uruguay_Rio_de_la_Plata:FrayBentos,2014-03-23
17ffb10464f93088,source_ood,2,train,Uruguay_Rio_de_la_Plata,Uruguay_Rio_de_la_Plata,waterbody:Uruguay_Rio_de_la_Plata:Salto,2014-03-23
2cccf694aad32077,source_ood,2,train,Uruguay_Rio_de_la_Plata,Uruguay_Rio_de_la_Plata,waterbody:Uruguay_Rio_de_la_Plata:Colonia,2014-03-23
1d0bf557db573625,source_ood,2,train,Uruguay_Rio_de_la_Plata,Uruguay_Rio_de_la_Plata,waterbody:Uruguay_Rio_de_la_Plata:PuntaDelEste,2014-03-23
8174bf427e8a31d7,source_ood,2,train,Uruguay_Rio_de_la_Plata,Uruguay_Rio_de_la_Plata,waterbody:Uruguay_Rio_de_la_Plata:Montevideo,2014-03-23
f9c670d79a93d3cd,source_ood,2,train,Uruguay_Rio_de_la_Plata,Uruguay_Rio_de_la_Plata,waterbody:Uruguay_Rio_de_la_Plata:Colonia,2014-03-23
ba78529b7873d5b9,source_ood,2,train,Uruguay_Rio_de_la_Plata,Uruguay_Rio_de_la_Plata,waterbody:Uruguay_Rio_de_la_Plata:Carmelo,2014-03-23
f6c2afc8a106e5c0,source_ood,2,train,Uruguay_Rio_de_la_Plata,Uruguay_Rio_de_la_Plata,waterbody:Uruguay_Rio_de_la_Plata:FrayBentos,2014-03-23
4de1f3a777546b87,source_ood,2,train,Uruguay_Rio_de_la_Plata,Uruguay_Rio_de_la_Plata,waterbody:Uruguay_Rio_de_la_Plata:Salto,2014-03-23
ec2f97c14c76d575,source_ood,2,train,Uruguay_Rio_de_la_Plata,Uruguay_Rio_de_la_Plata,waterbody:Uruguay_Rio_de_la_Plata:PuntaDelEste,2014-03-23
0cb8b233d3095539,source_ood,1,validation,USGS_Sacramento_Delta,USGS_Sacramento_Delta,waterbody:USGS_Sacramento_Delta:CACHE SLOUGH A S LIBERTY ISLAND NR RIO VISTA CA,2023-01-03
f216f3d2376a13f1,source_ood,1,validation,USGS_Sacramento_Delta,USGS_Sacramento_Delta,waterbody:USGS_Sacramento_Delta:CACHE SLOUGH A S LIBERTY ISLAND NR RIO VISTA CA,2023-01-03
f291c9b43a88269b,source_ood,1,validation,USGS_Sacramento_Delta,USGS_Sacramento_Delta,waterbody:USGS_Sacramento_Delta:CACHE SLOUGH A S LIBERTY ISLAND NR RIO VISTA CA,2023-01-03
f224f59d1a76d9ab,source_ood,1,validation,USGS_Sacramento_Delta,USGS_Sacramento_Delta,waterbody:USGS_Sacramento_Delta:STATEN ISLAND NR TERMINOUS CA,2024-01-03
2f04e5a62cd2a4eb,source_ood,1,validation,USGS_Sacramento_Delta,USGS_Sacramento_Delta,waterbody:USGS_Sacramento_Delta:STATEN ISLAND NR TERMINOUS CA,2024-01-03
7b7c8f2c4312bd68,source_ood,1,validation,USGS_Sacramento_Delta,USGS_Sacramento_Delta,waterbody:USGS_Sacramento_Delta:STATEN ISLAND NR TERMINOUS CA,2024-01-03
40b543c020cf1d4f,source_ood,1,validation,USGS_Sacramento_Delta,USGS_Sacramento_Delta,waterbody:USGS_Sacramento_Delta:CACHE SLOUGH A S LIBERTY ISLAND NR RIO VISTA CA,2022-01-05
d67c9ba060e768e3,source_ood,1,validation,USGS_Sacramento_Delta,USGS_Sacramento_Delta,waterbody:USGS_Sacramento_Delta:CACHE SLOUGH A S LIBERTY ISLAND NR RIO VISTA CA,2022-01-05
d53198b3873262cf,source_ood,1,validation,USGS_Sacramento_Delta,USGS_Sacramento_Delta,waterbody:USGS_Sacramento_Delta:CACHE SLOUGH A S LIBERTY ISLAND NR RIO VISTA CA,2022-01-05
13e68bdfbf19aabf,source_ood,1,validation,USGS_Sacramento_Delta,USGS_Sacramento_Delta,waterbody:USGS_Sacramento_Delta:CACHE SLOUGH A S LIBERTY ISLAND NR RIO VISTA CA,2022-01-05
473766aeeccd913d,source_ood,1,validation,USGS_Sacramento_Delta,USGS_Sacramento_Delta,waterbody:USGS_Sacramento_Delta:SACRAMENTO R BL TOLAND LANDING NR RIO VISTA CA,2022-01-05
2506840d3af74379,source_ood,1,validation,USGS_Sacramento_Delta,USGS_Sacramento_Delta,waterbody:USGS_Sacramento_Delta:SACRAMENTO R BL TOLAND LANDING NR RIO VISTA CA,2022-01-05
bb1907c565a9faf3,source_ood,1,validation,USGS_Sacramento_Delta,USGS_Sacramento_Delta,waterbody:USGS_Sacramento_Delta:SACRAMENTO R BL TOLAND LANDING NR RIO VISTA CA,2022-01-05
f7049c22060e632b,source_ood,1,validation,USGS_Sacramento_Delta,USGS_Sacramento_Delta,waterbody:USGS_Sacramento_Delta:SACRAMENTO R BL TOLAND LANDING NR RIO VISTA CA,2022-01-05
ef25ab4538ce87b3,source_ood,1,validation,USGS_Sacramento_Delta,USGS_Sacramento_Delta,waterbody:USGS_Sacramento_Delta:San Joaquin R a R mi 72.2 nr Vernalis CA,2022-01-05
03b8ca4e4a0ea7d0,source_ood,1,validation,USGS_Sacramento_Delta,USGS_Sacramento_Delta,waterbody:USGS_Sacramento_Delta:San Joaquin R a R mi 72.2 nr Vernalis CA,2022-01-05
87372c041bc01c68,source_ood,1,validation,USGS_Sacramento_Delta,USGS_Sacramento_Delta,waterbody:USGS_Sacramento_Delta:San Joaquin R a R mi 72.2 nr Vernalis CA,2022-01-05
9f9c01fa6666560a,source_ood,1,validation,USGS_Sacramento_Delta,USGS_Sacramento_Delta,waterbody:USGS_Sacramento_Delta:San Joaquin R a R mi 72.2 nr Vernalis CA,2022-01-05
8a4cc2c87ab2ec38,source_ood,1,validation,USGS_Sacramento_Delta,USGS_Sacramento_Delta,waterbody:USGS_Sacramento_Delta:SAN JOAQUIN R A JERSEY POINT CA,2022-01-05
180dd77381c92e8e,source_ood,1,validation,USGS_Sacramento_Delta,USGS_Sacramento_Delta,waterbody:USGS_Sacramento_Delta:SAN JOAQUIN R A JERSEY POINT CA,2022-01-05
eb44bdd509720f23,source_ood,1,validation,USGS_Sacramento_Delta,USGS_Sacramento_Delta,waterbody:USGS_Sacramento_Delta:SAN JOAQUIN R A JERSEY POINT CA,2022-01-05
405954975330b3f7,source_ood,1,validation,USGS_Sacramento_Delta,USGS_Sacramento_Delta,waterbody:USGS_Sacramento_Delta:SAN JOAQUIN R A JERSEY POINT CA,2022-01-05
1ad1f64f982878e6,source_ood,1,validation,USGS_Sacramento_Delta,USGS_Sacramento_Delta,waterbody:USGS_Sacramento_Delta:SACRAMENTO R BL TOLAND LANDING NR RIO VISTA CA,2023-01-06
a0ce6c383497e834,source_ood,1,validation,USGS_Sacramento_Delta,USGS_Sacramento_Delta,waterbody:USGS_Sacramento_Delta:SACRAMENTO R BL TOLAND LANDING NR RIO VISTA CA,2023-01-06
cb43c3159229a2ee,source_ood,1,validation,USGS_Sacramento_Delta,USGS_Sacramento_Delta,waterbody:USGS_Sacramento_Delta:SACRAMENTO R BL TOLAND LANDING NR RIO VISTA CA,2023-01-06
5c07ab3d7e428be3,source_ood,1,validation,USGS_Sacramento_Delta,USGS_Sacramento_Delta,waterbody:USGS_Sacramento_Delta:SACRAMENTO R BL TOLAND LANDING NR RIO VISTA CA,2023-01-06
e708a7ded2d8faf6,source_ood,1,validation,USGS_Sacramento_Delta,USGS_Sacramento_Delta,waterbody:USGS_Sacramento_Delta:SAN JOAQUIN R A JERSEY POINT CA,2023-01-06
ddae855de54190eb,source_ood,1,validation,USGS_Sacramento_Delta,USGS_Sacramento_Delta,waterbody:USGS_Sacramento_Delta:SAN JOAQUIN R A JERSEY POINT CA,2023-01-06
f69c12d83d60e3af,source_ood,1,validation,USGS_Sacramento_Delta,USGS_Sacramento_Delta,waterbody:USGS_Sacramento_Delta:SAN JOAQUIN R A JERSEY POINT CA,2023-01-06
2107c488e43db643,source_ood,1,validation,USGS_Sacramento_Delta,USGS_Sacramento_Delta,waterbody:USGS_Sacramento_Delta:SAN JOAQUIN R A JERSEY POINT CA,2023-01-06
75357b303530698c,source_ood,1,validation,USGS_Sacramento_Delta,USGS_Sacramento_Delta,waterbody:USGS_Sacramento_Delta:SAN JOAQUIN R AB BUCKLEY COVE NR STOCKTON CA,2022-01-07
9be1cc389a462a15,source_ood,1,validation,USGS_Sacramento_Delta,USGS_Sacramento_Delta,waterbody:USGS_Sacramento_Delta:SAN JOAQUIN R AB BUCKLEY COVE NR STOCKTON CA,2022-01-07
90d23acc6ab6f45d,source_ood,1,validation,USGS_Sacramento_Delta,USGS_Sacramento_Delta,waterbody:USGS_Sacramento_Delta:SAN JOAQUIN R AB BUCKLEY COVE NR STOCKTON CA,2022-01-07
acb90efb28e433a8,source_ood,1,validation,USGS_Sacramento_Delta,USGS_Sacramento_Delta,waterbody:USGS_Sacramento_Delta:SAN JOAQUIN R AB BUCKLEY COVE NR STOCKTON CA,2022-01-07
d126a0c4e8585ae4,source_ood,1,validation,USGS_Sacramento_Delta,USGS_Sacramento_Delta,waterbody:USGS_Sacramento_Delta:SACRAMENTO R BL TOLAND LANDING NR RIO VISTA CA,2024-01-09
29116bd74243089b,source_ood,1,validation,USGS_Sacramento_Delta,USGS_Sacramento_Delta,waterbody:USGS_Sacramento_Delta:SACRAMENTO R BL TOLAND LANDING NR RIO VISTA CA,2024-01-09
1fbf9599ca385ee8,source_ood,1,validation,USGS_Sacramento_Delta,USGS_Sacramento_Delta,waterbody:USGS_Sacramento_Delta:SACRAMENTO R BL TOLAND LANDING NR RIO VISTA CA,2024-01-09
80bf8edc88016ab7,source_ood,1,validation,USGS_Sacramento_Delta,USGS_Sacramento_Delta,waterbody:USGS_Sacramento_Delta:SAN JOAQUIN R A JERSEY POINT CA,2024-01-11
1bf5b48682b29eb1,source_ood,1,validation,USGS_Sacramento_Delta,USGS_Sacramento_Delta,waterbody:USGS_Sacramento_Delta:SAN JOAQUIN R A JERSEY POINT CA,2024-01-11
de2a62b56dfc8c35,source_ood,1,validation,USGS_Sacramento_Delta,USGS_Sacramento_Delta,waterbody:USGS_Sacramento_Delta:SAN JOAQUIN R A JERSEY POINT CA,2024-01-11
8d66da9df50a31df,source_ood,1,validation,USGS_Sacramento_Delta,USGS_Sacramento_Delta,waterbody:USGS_Sacramento_Delta:SACRAMENTO R A DECKER ISLAND NR RIO VISTA CA,2021-01-12
8c86c90934ca0cb7,source_ood,1,validation,USGS_Sacramento_Delta,USGS_Sacramento_Delta,waterbody:USGS_Sacramento_Delta:SACRAMENTO R A DECKER ISLAND NR RIO VISTA CA,2021-01-12
13e2f53f3f39adee,source_ood,1,validation,USGS_Sacramento_Delta,USGS_Sacramento_Delta,waterbody:USGS_Sacramento_Delta:SACRAMENTO R A DECKER ISLAND NR RIO VISTA CA,2021-01-12
5bb7a5b8d63a0f7b,source_ood,1,validation,USGS_Sacramento_Delta,USGS_Sacramento_Delta,waterbody:USGS_Sacramento_Delta:SAN JOAQUIN R A JERSEY POINT CA,2021-01-12
3e7ff135d5200dc4,source_ood,1,validation,USGS_Sacramento_Delta,USGS_Sacramento_Delta,waterbody:USGS_Sacramento_Delta:SAN JOAQUIN R A JERSEY POINT CA,2021-01-12
f7b06e760403055f,source_ood,1,validation,USGS_Sacramento_Delta,USGS_Sacramento_Delta,waterbody:USGS_Sacramento_Delta:SAN JOAQUIN R A JERSEY POINT CA,2021-01-12
d5ce4e21fe42459a,source_ood,1,validation,USGS_Sacramento_Delta,USGS_Sacramento_Delta,waterbody:USGS_Sacramento_Delta:MIDDLE R AT MIDDLE RIVER CA,2023-01-12
c002ca4798446f35,source_ood,1,validation,USGS_Sacramento_Delta,USGS_Sacramento_Delta,waterbody:USGS_Sacramento_Delta:MIDDLE R AT MIDDLE RIVER CA,2023-01-12
5ad9e0bae5da4068,source_ood,1,validation,USGS_Sacramento_Delta,USGS_Sacramento_Delta,waterbody:USGS_Sacramento_Delta:MIDDLE R AT MIDDLE RIVER CA,2023-01-12
c6c4fda6fe3ede2e,source_ood,1,validation,USGS_Sacramento_Delta,USGS_Sacramento_Delta,waterbody:USGS_Sacramento_Delta:MIDDLE R AT MIDDLE RIVER CA,2023-01-12
6594858ad004b9c1,source_ood,1,validation,USGS_Sacramento_Delta,USGS_Sacramento_Delta,waterbody:USGS_Sacramento_Delta:SAN JOAQUIN R AB BUCKLEY COVE NR STOCKTON CA,2023-01-13
02dbc7e4c9e7dd6c,source_ood,1,validation,USGS_Sacramento_Delta,USGS_Sacramento_Delta,waterbody:USGS_Sacramento_Delta:SAN JOAQUIN R AB BUCKLEY COVE NR STOCKTON CA,2023-01-13
4f4bbe07a6ba5d1b,source_ood,1,validation,USGS_Sacramento_Delta,USGS_Sacramento_Delta,waterbody:USGS_Sacramento_Delta:SAN JOAQUIN R AB BUCKLEY COVE NR STOCKTON CA,2023-01-13
1dff75a331a68592,source_ood,1,validation,USGS_Sacramento_Delta,USGS_Sacramento_Delta,waterbody:USGS_Sacramento_Delta:SAN JOAQUIN R AB BUCKLEY COVE NR STOCKTON CA,2023-01-13
784cea50dc5b5870,source_ood,1,validation,USGS_Sacramento_Delta,USGS_Sacramento_Delta,waterbody:USGS_Sacramento_Delta:SAN JOAQUIN R AB BUCKLEY COVE NR STOCKTON CA,2024-01-17
a24710202b2f080e,source_ood,1,validation,USGS_Sacramento_Delta,USGS_Sacramento_Delta,waterbody:USGS_Sacramento_Delta:SAN JOAQUIN R AB BUCKLEY COVE NR STOCKTON CA,2024-01-17
385c5a6f31b47aa2,source_ood,1,validation,USGS_Sacramento_Delta,USGS_Sacramento_Delta,waterbody:USGS_Sacramento_Delta:SAN JOAQUIN R AB BUCKLEY COVE NR STOCKTON CA,2024-01-17
cbb687a3227f6a5b,source_ood,1,validation,USGS_Sacramento_Delta,USGS_Sacramento_Delta,waterbody:USGS_Sacramento_Delta:SAN JOAQUIN R A JERSEY POINT CA,2022-01-18
53f285a33651ee8e,source_ood,1,validation,USGS_Sacramento_Delta,USGS_Sacramento_Delta,waterbody:USGS_Sacramento_Delta:SAN JOAQUIN R A JERSEY POINT CA,2022-01-18
30ff07042f9a55df,source_ood,1,validation,USGS_Sacramento_Delta,USGS_Sacramento_Delta,waterbody:USGS_Sacramento_Delta:SAN JOAQUIN R A JERSEY POINT CA,2022-01-18
1d9141c8a4212cbe,source_ood,1,validation,USGS_Sacramento_Delta,USGS_Sacramento_Delta,waterbody:USGS_Sacramento_Delta:SAN JOAQUIN R A JERSEY POINT CA,2022-01-18
1735a18aaafb6fed,source_ood,1,validation,USGS_Sacramento_Delta,USGS_Sacramento_Delta,waterbody:USGS_Sacramento_Delta:CACHE SLOUGH A S LIBERTY ISLAND NR RIO VISTA CA,2022-01-18
9fb326ade5629d0c,source_ood,1,validation,USGS_Sacramento_Delta,USGS_Sacramento_Delta,waterbody:USGS_Sacramento_Delta:CACHE SLOUGH A S LIBERTY ISLAND NR RIO VISTA CA,2022-01-18
e2053aea21749782,source_ood,1,validation,USGS_Sacramento_Delta,USGS_Sacramento_Delta,waterbody:USGS_Sacramento_Delta:CACHE SLOUGH A S LIBERTY ISLAND NR RIO VISTA CA,2022-01-18
7fe912269dcfc404,source_ood,1,validation,USGS_Sacramento_Delta,USGS_Sacramento_Delta,waterbody:USGS_Sacramento_Delta:CACHE SLOUGH A S LIBERTY ISLAND NR RIO VISTA CA,2022-01-18
0caa38e216410532,source_ood,1,validation,USGS_Sacramento_Delta,USGS_Sacramento_Delta,waterbody:USGS_Sacramento_Delta:CACHE SLOUGH A S LIBERTY ISLAND NR RIO VISTA CA,2024-01-18
59aae93ed9e86bde,source_ood,1,validation,USGS_Sacramento_Delta,USGS_Sacramento_Delta,waterbody:USGS_Sacramento_Delta:CACHE SLOUGH A S LIBERTY ISLAND NR RIO VISTA CA,2024-01-18
29b6bc6c0e43e4e7,source_ood,1,validation,USGS_Sacramento_Delta,USGS_Sacramento_Delta,waterbody:USGS_Sacramento_Delta:CACHE SLOUGH A S LIBERTY ISLAND NR RIO VISTA CA,2024-01-18
575dcb6667c6d84d,source_ood,1,validation,USGS_Sacramento_Delta,USGS_Sacramento_Delta,waterbody:USGS_Sacramento_Delta:MIDDLE R AT MIDDLE RIVER CA,2022-01-21
fcd24753f3e366ef,source_ood,1,validation,USGS_Sacramento_Delta,USGS_Sacramento_Delta,waterbody:USGS_Sacramento_Delta:MIDDLE R AT MIDDLE RIVER CA,2022-01-21
f85b0106eddcd1f9,source_ood,1,validation,USGS_Sacramento_Delta,USGS_Sacramento_Delta,waterbody:USGS_Sacramento_Delta:MIDDLE R AT MIDDLE RIVER CA,2022-01-21
9a953ce673cd232f,source_ood,1,validation,USGS_Sacramento_Delta,USGS_Sacramento_Delta,waterbody:USGS_Sacramento_Delta:MIDDLE R AT MIDDLE RIVER CA,2022-01-21
3eb93030171fb580,source_ood,1,validation,USGS_Sacramento_Delta,USGS_Sacramento_Delta,waterbody:USGS_Sacramento_Delta:SACRAMENTO R BL TOLAND LANDING NR RIO VISTA CA,2023-01-31
4c71f52bd46a9341,source_ood,1,validation,USGS_Sacramento_Delta,USGS_Sacramento_Delta,waterbody:USGS_Sacramento_Delta:SACRAMENTO R BL TOLAND LANDING NR RIO VISTA CA,2023-01-31
255cfcdab8850403,source_ood,1,validation,USGS_Sacramento_Delta,USGS_Sacramento_Delta,waterbody:USGS_Sacramento_Delta:SACRAMENTO R BL TOLAND LANDING NR RIO VISTA CA,2023-01-31
6111e7ad8a001ce3,source_ood,1,validation,USGS_Sacramento_Delta,USGS_Sacramento_Delta,waterbody:USGS_Sacramento_Delta:SACRAMENTO R BL TOLAND LANDING NR RIO VISTA CA,2023-01-31
e488a43cf5a0d825,source_ood,1,validation,USGS_Sacramento_Delta,USGS_Sacramento_Delta,waterbody:USGS_Sacramento_Delta:FRANKS TRACT NR BETHEL ISLAND CA,2023-01-31
207e5693a53192c6,source_ood,1,validation,USGS_Sacramento_Delta,USGS_Sacramento_Delta,waterbody:USGS_Sacramento_Delta:FRANKS TRACT NR BETHEL ISLAND CA,2023-01-31
a490924957ef413a,source_ood,1,validation,USGS_Sacramento_Delta,USGS_Sacramento_Delta,waterbody:USGS_Sacramento_Delta:FRANKS TRACT NR BETHEL ISLAND CA,2023-01-31
aaa005bcb2fdea3c,source_ood,1,validation,USGS_Sacramento_Delta,USGS_Sacramento_Delta,waterbody:USGS_Sacramento_Delta:FRANKS TRACT NR BETHEL ISLAND CA,2023-01-31
ca2739406d8ce79f,source_ood,1,validation,USGS_Sacramento_Delta,USGS_Sacramento_Delta,waterbody:USGS_Sacramento_Delta:MIDDLE R AT MIDDLE RIVER CA,2023-02-01
0143e53a269f3fbf,source_ood,1,validation,USGS_Sacramento_Delta,USGS_Sacramento_Delta,waterbody:USGS_Sacramento_Delta:MIDDLE R AT MIDDLE RIVER CA,2023-02-01
d7baeaff197a9eae,source_ood,1,validation,USGS_Sacramento_Delta,USGS_Sacramento_Delta,waterbody:USGS_Sacramento_Delta:MIDDLE R AT MIDDLE RIVER CA,2023-02-01
e463b4af66f69db8,source_ood,1,validation,USGS_Sacramento_Delta,USGS_Sacramento_Delta,waterbody:USGS_Sacramento_Delta:MIDDLE R AT MIDDLE RIVER CA,2023-02-01
f9caa1675fe68db3,source_ood,1,validation,USGS_Sacramento_Delta,USGS_Sacramento_Delta,waterbody:USGS_Sacramento_Delta:SAN JOAQUIN R A JERSEY POINT CA,2023-02-02
b17738245da0f78b,source_ood,1,validation,USGS_Sacramento_Delta,USGS_Sacramento_Delta,waterbody:USGS_Sacramento_Delta:SAN JOAQUIN R A JERSEY POINT CA,2023-02-02
be511deecada7b96,source_ood,1,validation,USGS_Sacramento_Delta,USGS_Sacramento_Delta,waterbody:USGS_Sacramento_Delta:SAN JOAQUIN R A JERSEY POINT CA,2023-02-02
2a9090dc2a65ecad,source_ood,1,validation,USGS_Sacramento_Delta,USGS_Sacramento_Delta,waterbody:USGS_Sacramento_Delta:SAN JOAQUIN R A JERSEY POINT CA,2023-02-02
a8e6d83bc0c91d11,source_ood,1,validation,USGS_Sacramento_Delta,USGS_Sacramento_Delta,waterbody:USGS_Sacramento_Delta:OLD R A BACON ISLAND CA,2024-02-05
a94ebb3cb26b899b,source_ood,1,validation,USGS_Sacramento_Delta,USGS_Sacramento_Delta,waterbody:USGS_Sacramento_Delta:OLD R A BACON ISLAND CA,2024-02-05
f4be8559dc874738,source_ood,1,validation,USGS_Sacramento_Delta,USGS_Sacramento_Delta,waterbody:USGS_Sacramento_Delta:OLD R A BACON ISLAND CA,2024-02-05
c36c25ad9eac89aa,source_ood,1,validation,USGS_Sacramento_Delta,USGS_Sacramento_Delta,waterbody:USGS_Sacramento_Delta:MIDDLE R AT MIDDLE RIVER CA,2024-02-05
4441be88dbc7f1f0,source_ood,1,validation,USGS_Sacramento_Delta,USGS_Sacramento_Delta,waterbody:USGS_Sacramento_Delta:MIDDLE R AT MIDDLE RIVER CA,2024-02-05
5654df201e81057e,source_ood,1,validation,USGS_Sacramento_Delta,USGS_Sacramento_Delta,waterbody:USGS_Sacramento_Delta:MIDDLE R AT MIDDLE RIVER CA,2024-02-05
6ea811fdb6121985,source_ood,1,validation,USGS_Sacramento_Delta,USGS_Sacramento_Delta,waterbody:USGS_Sacramento_Delta:CACHE SLOUGH A S LIBERTY ISLAND NR RIO VISTA CA,2024-02-06
0f00598bbc943831,source_ood,1,validation,USGS_Sacramento_Delta,USGS_Sacramento_Delta,waterbody:USGS_Sacramento_Delta:CACHE SLOUGH A S LIBERTY ISLAND NR RIO VISTA CA,2024-02-06
270bfd30faf67305,source_ood,1,validation,USGS_Sacramento_Delta,USGS_Sacramento_Delta,waterbody:USGS_Sacramento_Delta:CACHE SLOUGH A S LIBERTY ISLAND NR RIO VISTA CA,2024-02-06
1e3420a069e3ca62,source_ood,1,validation,USGS_Sacramento_Delta,USGS_Sacramento_Delta,waterbody:USGS_Sacramento_Delta:San Joaquin R a R mi 72.2 nr Vernalis CA,2022-02-07
97bf91a6b3a99f9b,source_ood,1,validation,USGS_Sacramento_Delta,USGS_Sacramento_Delta,waterbody:USGS_Sacramento_Delta:San Joaquin R a R mi 72.2 nr Vernalis CA,2022-02-07
31c2ec5cf82a2e4c,source_ood,1,validation,USGS_Sacramento_Delta,USGS_Sacramento_Delta,waterbody:USGS_Sacramento_Delta:San Joaquin R a R mi 72.2 nr Vernalis CA,2022-02-07
ad1296f0dd56d2a3,source_ood,1,validation,USGS_Sacramento_Delta,USGS_Sacramento_Delta,waterbody:USGS_Sacramento_Delta:San Joaquin R a R mi 72.2 nr Vernalis CA,2022-02-07
b34e74f6513fab68,source_ood,1,validation,USGS_Sacramento_Delta,USGS_Sacramento_Delta,waterbody:USGS_Sacramento_Delta:SACRAMENTO R BL TOLAND LANDING NR RIO VISTA CA,2024-02-07
f30bff6a798a8b51,source_ood,1,validation,USGS_Sacramento_Delta,USGS_Sacramento_Delta,waterbody:USGS_Sacramento_Delta:SACRAMENTO R BL TOLAND LANDING NR RIO VISTA CA,2024-02-07
76c818944764adfb,source_ood,1,validation,USGS_Sacramento_Delta,USGS_Sacramento_Delta,waterbody:USGS_Sacramento_Delta:SACRAMENTO R BL TOLAND LANDING NR RIO VISTA CA,2024-02-07
52255c40aee79a9e,source_ood,1,validation,USGS_Sacramento_Delta,USGS_Sacramento_Delta,waterbody:USGS_Sacramento_Delta:SAN JOAQUIN R A JERSEY POINT CA,2024-02-07
cfa6cd81cb8d78dd,source_ood,1,validation,USGS_Sacramento_Delta,USGS_Sacramento_Delta,waterbody:USGS_Sacramento_Delta:SAN JOAQUIN R A JERSEY POINT CA,2024-02-07
51bfd0df8c380cd2,source_ood,1,validation,USGS_Sacramento_Delta,USGS_Sacramento_Delta,waterbody:USGS_Sacramento_Delta:SAN JOAQUIN R A JERSEY POINT CA,2024-02-07
07042c55335fa40a,source_ood,1,validation,USGS_Sacramento_Delta,USGS_Sacramento_Delta,waterbody:USGS_Sacramento_Delta:SAN JOAQUIN R AB BUCKLEY COVE NR STOCKTON CA,2022-02-09
8347ba964dce6330,source_ood,1,validation,USGS_Sacramento_Delta,USGS_Sacramento_Delta,waterbody:USGS_Sacramento_Delta:SAN JOAQUIN R AB BUCKLEY COVE NR STOCKTON CA,2022-02-09
2b78b447f4ab771f,source_ood,1,validation,USGS_Sacramento_Delta,USGS_Sacramento_Delta,waterbody:USGS_Sacramento_Delta:SAN JOAQUIN R AB BUCKLEY COVE NR STOCKTON CA,2022-02-09
b4aefff36ef55e51,source_ood,1,validation,USGS_Sacramento_Delta,USGS_Sacramento_Delta,waterbody:USGS_Sacramento_Delta:SAN JOAQUIN R AB BUCKLEY COVE NR STOCKTON CA,2022-02-09
be156480e457ca18,source_ood,1,validation,USGS_Sacramento_Delta,USGS_Sacramento_Delta,waterbody:USGS_Sacramento_Delta:CACHE SLOUGH A S LIBERTY ISLAND NR RIO VISTA CA,2023-02-09
95e5a3e1cb58be36,source_ood,1,validation,USGS_Sacramento_Delta,USGS_Sacramento_Delta,waterbody:USGS_Sacramento_Delta:CACHE SLOUGH A S LIBERTY ISLAND NR RIO VISTA CA,2023-02-09
c5ef6023a9ba1a83,source_ood,1,validation,USGS_Sacramento_Delta,USGS_Sacramento_Delta,waterbody:USGS_Sacramento_Delta:CACHE SLOUGH A S LIBERTY ISLAND NR RIO VISTA CA,2023-02-09
e61fb1f24d2be5af,source_ood,1,validation,USGS_Sacramento_Delta,USGS_Sacramento_Delta,waterbody:USGS_Sacramento_Delta:CACHE SLOUGH A S LIBERTY ISLAND NR RIO VISTA CA,2023-02-09
bb8506971a153661,source_ood,1,validation,USGS_Sacramento_Delta,USGS_Sacramento_Delta,waterbody:USGS_Sacramento_Delta:SAN JOAQUIN R AB BUCKLEY COVE NR STOCKTON CA,2023-02-14
89f583439feaac6d,source_ood,1,validation,USGS_Sacramento_Delta,USGS_Sacramento_Delta,waterbody:USGS_Sacramento_Delta:SAN JOAQUIN R AB BUCKLEY COVE NR STOCKTON CA,2023-02-14
8cb27669e759b157,source_ood,1,validation,USGS_Sacramento_Delta,USGS_Sacramento_Delta,waterbody:USGS_Sacramento_Delta:SAN JOAQUIN R AB BUCKLEY COVE NR STOCKTON CA,2023-02-14
cd7bfc65c7dec925,source_ood,1,validation,USGS_Sacramento_Delta,USGS_Sacramento_Delta,waterbody:USGS_Sacramento_Delta:SAN JOAQUIN R AB BUCKLEY COVE NR STOCKTON CA,2023-02-14
b8c20d7b9186acb3,source_ood,1,validation,USGS_Sacramento_Delta,USGS_Sacramento_Delta,waterbody:USGS_Sacramento_Delta:SACRAMENTO R A DECKER ISLAND NR RIO VISTA CA,2021-02-16
43189d86398d7b6e,source_ood,1,validation,USGS_Sacramento_Delta,USGS_Sacramento_Delta,waterbody:USGS_Sacramento_Delta:SACRAMENTO R A DECKER ISLAND NR RIO VISTA CA,2021-02-16
9f0bc94d140115dd,source_ood,1,validation,USGS_Sacramento_Delta,USGS_Sacramento_Delta,waterbody:USGS_Sacramento_Delta:SACRAMENTO R A DECKER ISLAND NR RIO VISTA CA,2021-02-16
923741b6cf7f55ea,source_ood,1,validation,USGS_Sacramento_Delta,USGS_Sacramento_Delta,waterbody:USGS_Sacramento_Delta:SAN JOAQUIN R A JERSEY POINT CA,2021-02-16
538bfb203f03e03e,source_ood,1,validation,USGS_Sacramento_Delta,USGS_Sacramento_Delta,waterbody:USGS_Sacramento_Delta:SAN JOAQUIN R A JERSEY POINT CA,2021-02-16
9877501a7c64ae75,source_ood,1,validation,USGS_Sacramento_Delta,USGS_Sacramento_Delta,waterbody:USGS_Sacramento_Delta:SAN JOAQUIN R A JERSEY POINT CA,2021-02-16
da0754d61a449643,source_ood,1,validation,USGS_Sacramento_Delta,USGS_Sacramento_Delta,waterbody:USGS_Sacramento_Delta:SACRAMENTO R BL TOLAND LANDING NR RIO VISTA CA,2022-02-16
362e109215fca10b,source_ood,1,validation,USGS_Sacramento_Delta,USGS_Sacramento_Delta,waterbody:USGS_Sacramento_Delta:SACRAMENTO R BL TOLAND LANDING NR RIO VISTA CA,2022-02-16
a79bad41f746d5d8,source_ood,1,validation,USGS_Sacramento_Delta,USGS_Sacramento_Delta,waterbody:USGS_Sacramento_Delta:SACRAMENTO R BL TOLAND LANDING NR RIO VISTA CA,2022-02-16
5accd23bd4831e32,source_ood,1,validation,USGS_Sacramento_Delta,USGS_Sacramento_Delta,waterbody:USGS_Sacramento_Delta:SACRAMENTO R BL TOLAND LANDING NR RIO VISTA CA,2022-02-16
4a412b9db91e738d,source_ood,1,validation,USGS_Sacramento_Delta,USGS_Sacramento_Delta,waterbody:USGS_Sacramento_Delta:SAN JOAQUIN R A JERSEY POINT CA,2022-02-16
3db550383b5f116f,source_ood,1,validation,USGS_Sacramento_Delta,USGS_Sacramento_Delta,waterbody:USGS_Sacramento_Delta:SAN JOAQUIN R A JERSEY POINT CA,2022-02-16
37d10c01ffcd6076,source_ood,1,validation,USGS_Sacramento_Delta,USGS_Sacramento_Delta,waterbody:USGS_Sacramento_Delta:SAN JOAQUIN R A JERSEY POINT CA,2022-02-16
96eadfef2fcf1f29,source_ood,1,validation,USGS_Sacramento_Delta,USGS_Sacramento_Delta,waterbody:USGS_Sacramento_Delta:SAN JOAQUIN R A JERSEY POINT CA,2022-02-16
dc5bb4903144926a,source_ood,1,validation,USGS_Sacramento_Delta,USGS_Sacramento_Delta,waterbody:USGS_Sacramento_Delta:CACHE SLOUGH A S LIBERTY ISLAND NR RIO VISTA CA,2022-02-17
d2bdf7eae04ec800,source_ood,1,validation,USGS_Sacramento_Delta,USGS_Sacramento_Delta,waterbody:USGS_Sacramento_Delta:CACHE SLOUGH A S LIBERTY ISLAND NR RIO VISTA CA,2022-02-17
39f1dfa05bab7954,source_ood,1,validation,USGS_Sacramento_Delta,USGS_Sacramento_Delta,waterbody:USGS_Sacramento_Delta:CACHE SLOUGH A S LIBERTY ISLAND NR RIO VISTA CA,2022-02-17
38af7d8d4d733617,source_ood,1,validation,USGS_Sacramento_Delta,USGS_Sacramento_Delta,waterbody:USGS_Sacramento_Delta:CACHE SLOUGH A S LIBERTY ISLAND NR RIO VISTA CA,2022-02-17
2da369efaaac2af8,source_ood,1,validation,USGS_Sacramento_Delta,USGS_Sacramento_Delta,waterbody:USGS_Sacramento_Delta:SAN JOAQUIN R AB BUCKLEY COVE NR STOCKTON CA,2024-02-20
73412a6d3ed77033,source_ood,1,validation,USGS_Sacramento_Delta,USGS_Sacramento_Delta,waterbody:USGS_Sacramento_Delta:SAN JOAQUIN R AB BUCKLEY COVE NR STOCKTON CA,2024-02-20
51647ab0c96fb511,source_ood,1,validation,USGS_Sacramento_Delta,USGS_Sacramento_Delta,waterbody:USGS_Sacramento_Delta:SAN JOAQUIN R AB BUCKLEY COVE NR STOCKTON CA,2024-02-20
9940c9ace43ea69a,source_ood,1,validation,USGS_Sacramento_Delta,USGS_Sacramento_Delta,waterbody:USGS_Sacramento_Delta:MIDDLE R AT MIDDLE RIVER CA,2024-02-22
e2d30741e53bfa8b,source_ood,1,validation,USGS_Sacramento_Delta,USGS_Sacramento_Delta,waterbody:USGS_Sacramento_Delta:MIDDLE R AT MIDDLE RIVER CA,2024-02-22
cca60758c125f0db,source_ood,1,validation,USGS_Sacramento_Delta,USGS_Sacramento_Delta,waterbody:USGS_Sacramento_Delta:MIDDLE R AT MIDDLE RIVER CA,2024-02-22
dd4a8567fa88a364,source_ood,1,validation,USGS_Sacramento_Delta,USGS_Sacramento_Delta,waterbody:USGS_Sacramento_Delta:OLD R A BACON ISLAND CA,2024-02-22
ea661c9f66bbe038,source_ood,1,validation,USGS_Sacramento_Delta,USGS_Sacramento_Delta,waterbody:USGS_Sacramento_Delta:OLD R A BACON ISLAND CA,2024-02-22
b08ef2caaf8b3072,source_ood,1,validation,USGS_Sacramento_Delta,USGS_Sacramento_Delta,waterbody:USGS_Sacramento_Delta:OLD R A BACON ISLAND CA,2024-02-22
52b080606d3291d0,source_ood,1,validation,USGS_Sacramento_Delta,USGS_Sacramento_Delta,waterbody:USGS_Sacramento_Delta:MIDDLE R AT MIDDLE RIVER CA,2022-02-24
9c8a621fedb720ce,source_ood,1,validation,USGS_Sacramento_Delta,USGS_Sacramento_Delta,waterbody:USGS_Sacramento_Delta:MIDDLE R AT MIDDLE RIVER CA,2022-02-24
cacfc58a06be3746,source_ood,1,validation,USGS_Sacramento_Delta,USGS_Sacramento_Delta,waterbody:USGS_Sacramento_Delta:MIDDLE R AT MIDDLE RIVER CA,2022-02-24
2efd945c5c210b6c,source_ood,1,validation,USGS_Sacramento_Delta,USGS_Sacramento_Delta,waterbody:USGS_Sacramento_Delta:MIDDLE R AT MIDDLE RIVER CA,2022-02-24
d47258a6a2b08cf8,source_ood,1,validation,USGS_Sacramento_Delta,USGS_Sacramento_Delta,waterbody:USGS_Sacramento_Delta:FRANKS TRACT NR BETHEL ISLAND CA,2023-02-28
14bc8817df177bb1,source_ood,1,validation,USGS_Sacramento_Delta,USGS_Sacramento_Delta,waterbody:USGS_Sacramento_Delta:FRANKS TRACT NR BETHEL ISLAND CA,2023-02-28
2439b764ebf93ce6,source_ood,1,validation,USGS_Sacramento_Delta,USGS_Sacramento_Delta,waterbody:USGS_Sacramento_Delta:FRANKS TRACT NR BETHEL ISLAND CA,2023-02-28
717166aa7e2fe9cd,source_ood,1,validation,USGS_Sacramento_Delta,USGS_Sacramento_Delta,waterbody:USGS_Sacramento_Delta:FRANKS TRACT NR BETHEL ISLAND CA,2023-02-28
b2055194fb5638ae,source_ood,1,validation,USGS_Sacramento_Delta,USGS_Sacramento_Delta,waterbody:USGS_Sacramento_Delta:MIDDLE R AT MIDDLE RIVER CA,2021-03-02
1dcc59f55bdc4ca9,source_ood,1,validation,USGS_Sacramento_Delta,USGS_Sacramento_Delta,waterbody:USGS_Sacramento_Delta:MIDDLE R AT MIDDLE RIVER CA,2021-03-02
6b0b523d45ecc359,source_ood,1,validation,USGS_Sacramento_Delta,USGS_Sacramento_Delta,waterbody:USGS_Sacramento_Delta:MIDDLE R AT MIDDLE RIVER CA,2021-03-02
f57a6429c4e31365,source_ood,1,validation,USGS_Sacramento_Delta,USGS_Sacramento_Delta,waterbody:USGS_Sacramento_Delta:MIDDLE R AT MIDDLE RIVER CA,2021-03-02
61618e0fdbdc9bf9,source_ood,1,validation,USGS_Sacramento_Delta,USGS_Sacramento_Delta,waterbody:USGS_Sacramento_Delta:San Joaquin R a R mi 72.2 nr Vernalis CA,2021-03-03
26a4d2197d23c01a,source_ood,1,validation,USGS_Sacramento_Delta,USGS_Sacramento_Delta,waterbody:USGS_Sacramento_Delta:San Joaquin R a R mi 72.2 nr Vernalis CA,2021-03-03
c5b9de019303afc5,source_ood,1,validation,USGS_Sacramento_Delta,USGS_Sacramento_Delta,waterbody:USGS_Sacramento_Delta:San Joaquin R a R mi 72.2 nr Vernalis CA,2021-03-03
d1377632bd70ae67,source_ood,1,validation,USGS_Sacramento_Delta,USGS_Sacramento_Delta,waterbody:USGS_Sacramento_Delta:San Joaquin R a R mi 72.2 nr Vernalis CA,2021-03-03
87d543d9023859f5,source_ood,1,validation,USGS_Sacramento_Delta,USGS_Sacramento_Delta,waterbody:USGS_Sacramento_Delta:SAN JOAQUIN R A JERSEY POINT CA,2021-03-03
30096105478cf723,source_ood,1,validation,USGS_Sacramento_Delta,USGS_Sacramento_Delta,waterbody:USGS_Sacramento_Delta:SAN JOAQUIN R A JERSEY POINT CA,2021-03-03
fd47f9eb6315e176,source_ood,1,validation,USGS_Sacramento_Delta,USGS_Sacramento_Delta,waterbody:USGS_Sacramento_Delta:SAN JOAQUIN R A JERSEY POINT CA,2021-03-03
0f9aabc7b674992e,source_ood,1,validation,USGS_Sacramento_Delta,USGS_Sacramento_Delta,waterbody:USGS_Sacramento_Delta:SACRAMENTO R A DECKER ISLAND NR RIO VISTA CA,2021-03-03
be6daee3efb6e33e,source_ood,1,validation,USGS_Sacramento_Delta,USGS_Sacramento_Delta,waterbody:USGS_Sacramento_Delta:SACRAMENTO R A DECKER ISLAND NR RIO VISTA CA,2021-03-03
f781dbabc6c7bb7c,source_ood,1,validation,USGS_Sacramento_Delta,USGS_Sacramento_Delta,waterbody:USGS_Sacramento_Delta:SACRAMENTO R A DECKER ISLAND NR RIO VISTA CA,2021-03-03
14de25d9bd455b28,source_ood,1,validation,USGS_Sacramento_Delta,USGS_Sacramento_Delta,waterbody:USGS_Sacramento_Delta:SACRAMENTO R BL TOLAND LANDING NR RIO VISTA CA,2022-03-03
5fa88c31fd237d3b,source_ood,1,validation,USGS_Sacramento_Delta,USGS_Sacramento_Delta,waterbody:USGS_Sacramento_Delta:SACRAMENTO R BL TOLAND LANDING NR RIO VISTA CA,2022-03-03
5fee0622763816a6,source_ood,1,validation,USGS_Sacramento_Delta,USGS_Sacramento_Delta,waterbody:USGS_Sacramento_Delta:SACRAMENTO R BL TOLAND LANDING NR RIO VISTA CA,2022-03-03
3f7d7dd275d24121,source_ood,1,validation,USGS_Sacramento_Delta,USGS_Sacramento_Delta,waterbody:USGS_Sacramento_Delta:SACRAMENTO R BL TOLAND LANDING NR RIO VISTA CA,2022-03-03
d43ffe9efa96b8ba,source_ood,1,validation,USGS_Sacramento_Delta,USGS_Sacramento_Delta,waterbody:USGS_Sacramento_Delta:SAN JOAQUIN R A JERSEY POINT CA,2022-03-03
22dfb167463d6126,source_ood,1,validation,USGS_Sacramento_Delta,USGS_Sacramento_Delta,waterbody:USGS_Sacramento_Delta:SAN JOAQUIN R A JERSEY POINT CA,2022-03-03
8de9d25a1d52045c,source_ood,1,validation,USGS_Sacramento_Delta,USGS_Sacramento_Delta,waterbody:USGS_Sacramento_Delta:SAN JOAQUIN R A JERSEY POINT CA,2022-03-03
5595e240d9d666da,source_ood,1,validation,USGS_Sacramento_Delta,USGS_Sacramento_Delta,waterbody:USGS_Sacramento_Delta:SAN JOAQUIN R A JERSEY POINT CA,2022-03-03
5d8769e8ec6ab83f,source_ood,1,validation,USGS_Sacramento_Delta,USGS_Sacramento_Delta,waterbody:USGS_Sacramento_Delta:CACHE SLOUGH A S LIBERTY ISLAND NR RIO VISTA CA,2021-03-04
5f34b90b6e22601a,source_ood,1,validation,USGS_Sacramento_Delta,USGS_Sacramento_Delta,waterbody:USGS_Sacramento_Delta:CACHE SLOUGH A S LIBERTY ISLAND NR RIO VISTA CA,2021-03-04
af322aeb530bf518,source_ood,1,validation,USGS_Sacramento_Delta,USGS_Sacramento_Delta,waterbody:USGS_Sacramento_Delta:CACHE SLOUGH A S LIBERTY ISLAND NR RIO VISTA CA,2021-03-04
58fde611fe1e6e2b,source_ood,1,validation,USGS_Sacramento_Delta,USGS_Sacramento_Delta,waterbody:USGS_Sacramento_Delta:CACHE SLOUGH A S LIBERTY ISLAND NR RIO VISTA CA,2021-03-04
9b98b0dc7940cebc,source_ood,1,validation,USGS_Sacramento_Delta,USGS_Sacramento_Delta,waterbody:USGS_Sacramento_Delta:SAN JOAQUIN R AB BUCKLEY COVE NR STOCKTON CA,2021-03-05
4b9f166bd2b3c45c,source_ood,1,validation,USGS_Sacramento_Delta,USGS_Sacramento_Delta,waterbody:USGS_Sacramento_Delta:SAN JOAQUIN R AB BUCKLEY COVE NR STOCKTON CA,2021-03-05
ff54f0f858071629,source_ood,1,validation,USGS_Sacramento_Delta,USGS_Sacramento_Delta,waterbody:USGS_Sacramento_Delta:SAN JOAQUIN R AB BUCKLEY COVE NR STOCKTON CA,2021-03-05
26c88f1077bba29b,source_ood,1,validation,USGS_Sacramento_Delta,USGS_Sacramento_Delta,waterbody:USGS_Sacramento_Delta:SAN JOAQUIN R AB BUCKLEY COVE NR STOCKTON CA,2021-03-05
1a62dceaa7bc9ef0,source_ood,1,validation,USGS_Sacramento_Delta,USGS_Sacramento_Delta,waterbody:USGS_Sacramento_Delta:SACRAMENTO R BL TOLAND LANDING NR RIO VISTA CA,2024-03-05
7f391a2a7de1bac5,source_ood,1,validation,USGS_Sacramento_Delta,USGS_Sacramento_Delta,waterbody:USGS_Sacramento_Delta:SACRAMENTO R BL TOLAND LANDING NR RIO VISTA CA,2024-03-05
e5896ff95c2b295f,source_ood,1,validation,USGS_Sacramento_Delta,USGS_Sacramento_Delta,waterbody:USGS_Sacramento_Delta:SACRAMENTO R BL TOLAND LANDING NR RIO VISTA CA,2024-03-05
e1b14dced58230d4,source_ood,1,validation,USGS_Sacramento_Delta,USGS_Sacramento_Delta,waterbody:USGS_Sacramento_Delta:CACHE SLOUGH A S LIBERTY ISLAND NR RIO VISTA CA,2023-03-06
19218514a6e0351c,source_ood,1,validation,USGS_Sacramento_Delta,USGS_Sacramento_Delta,waterbody:USGS_Sacramento_Delta:CACHE SLOUGH A S LIBERTY ISLAND NR RIO VISTA CA,2023-03-06
7ac5d2d7d32e254a,source_ood,1,validation,USGS_Sacramento_Delta,USGS_Sacramento_Delta,waterbody:USGS_Sacramento_Delta:CACHE SLOUGH A S LIBERTY ISLAND NR RIO VISTA CA,2023-03-06
52d0c619e97d902b,source_ood,1,validation,USGS_Sacramento_Delta,USGS_Sacramento_Delta,waterbody:USGS_Sacramento_Delta:CACHE SLOUGH A S LIBERTY ISLAND NR RIO VISTA CA,2023-03-06
b2ee7fff162eda83,source_ood,1,validation,USGS_Sacramento_Delta,USGS_Sacramento_Delta,waterbody:USGS_Sacramento_Delta:SACRAMENTO R BL TOLAND LANDING NR RIO VISTA CA,2023-03-07
7bd122c493af7b98,source_ood,1,validation,USGS_Sacramento_Delta,USGS_Sacramento_Delta,waterbody:USGS_Sacramento_Delta:SACRAMENTO R BL TOLAND LANDING NR RIO VISTA CA,2023-03-07
e89ef9a9030ca6b4,source_ood,1,validation,USGS_Sacramento_Delta,USGS_Sacramento_Delta,waterbody:USGS_Sacramento_Delta:SACRAMENTO R BL TOLAND LANDING NR RIO VISTA CA,2023-03-07
17fabe3adaaa581b,source_ood,1,validation,USGS_Sacramento_Delta,USGS_Sacramento_Delta,waterbody:USGS_Sacramento_Delta:SACRAMENTO R BL TOLAND LANDING NR RIO VISTA CA,2023-03-07
815004e72382d762,source_ood,1,validation,USGS_Sacramento_Delta,USGS_Sacramento_Delta,waterbody:USGS_Sacramento_Delta:SAN JOAQUIN R A JERSEY POINT CA,2023-03-07
a6da4f6a1070d672,source_ood,1,validation,USGS_Sacramento_Delta,USGS_Sacramento_Delta,waterbody:USGS_Sacramento_Delta:SAN JOAQUIN R A JERSEY POINT CA,2023-03-07
47e6db94452d5b0f,source_ood,1,validation,USGS_Sacramento_Delta,USGS_Sacramento_Delta,waterbody:USGS_Sacramento_Delta:SAN JOAQUIN R A JERSEY POINT CA,2023-03-07
38366139021865e1,source_ood,1,validation,USGS_Sacramento_Delta,USGS_Sacramento_Delta,waterbody:USGS_Sacramento_Delta:SAN JOAQUIN R A JERSEY POINT CA,2023-03-07
4e43b77d0af1d07d,source_ood,1,validation,USGS_Sacramento_Delta,USGS_Sacramento_Delta,waterbody:USGS_Sacramento_Delta:CACHE SLOUGH A S LIBERTY ISLAND NR RIO VISTA CA,2024-03-07
9f31b2fbd4a48d31,source_ood,1,validation,USGS_Sacramento_Delta,USGS_Sacramento_Delta,waterbody:USGS_Sacramento_Delta:CACHE SLOUGH A S LIBERTY ISLAND NR RIO VISTA CA,2024-03-07
a6c14afb0046c735,source_ood,1,validation,USGS_Sacramento_Delta,USGS_Sacramento_Delta,waterbody:USGS_Sacramento_Delta:CACHE SLOUGH A S LIBERTY ISLAND NR RIO VISTA CA,2024-03-07
70f6c4cc7ba0b67f,source_ood,1,validation,USGS_Sacramento_Delta,USGS_Sacramento_Delta,waterbody:USGS_Sacramento_Delta:San Joaquin R a R mi 72.2 nr Vernalis CA,2022-03-09
2c4dc68c4d1eae0e,source_ood,1,validation,USGS_Sacramento_Delta,USGS_Sacramento_Delta,waterbody:USGS_Sacramento_Delta:San Joaquin R a R mi 72.2 nr Vernalis CA,2022-03-09
7543e9f542aa9895,source_ood,1,validation,USGS_Sacramento_Delta,USGS_Sacramento_Delta,waterbody:USGS_Sacramento_Delta:San Joaquin R a R mi 72.2 nr Vernalis CA,2022-03-09
8282fedf50e979d0,source_ood,1,validation,USGS_Sacramento_Delta,USGS_Sacramento_Delta,waterbody:USGS_Sacramento_Delta:San Joaquin R a R mi 72.2 nr Vernalis CA,2022-03-09
b7b00d06026f2c49,source_ood,1,validation,USGS_Sacramento_Delta,USGS_Sacramento_Delta,waterbody:USGS_Sacramento_Delta:MIDDLE R AT MIDDLE RIVER CA,2023-03-10
1a8b03337df93239,source_ood,1,validation,USGS_Sacramento_Delta,USGS_Sacramento_Delta,waterbody:USGS_Sacramento_Delta:MIDDLE R AT MIDDLE RIVER CA,2023-03-10
b390baaaa4345a6a,source_ood,1,validation,USGS_Sacramento_Delta,USGS_Sacramento_Delta,waterbody:USGS_Sacramento_Delta:MIDDLE R AT MIDDLE RIVER CA,2023-03-10
553ca664d0d59220,source_ood,1,validation,USGS_Sacramento_Delta,USGS_Sacramento_Delta,waterbody:USGS_Sacramento_Delta:MIDDLE R AT MIDDLE RIVER CA,2023-03-10
785f6a0119dd13e3,source_ood,1,validation,USGS_Sacramento_Delta,USGS_Sacramento_Delta,waterbody:USGS_Sacramento_Delta:SAN JOAQUIN R AB BUCKLEY COVE NR STOCKTON CA,2022-03-11
ea18868cfcec4b89,source_ood,1,validation,USGS_Sacramento_Delta,USGS_Sacramento_Delta,waterbody:USGS_Sacramento_Delta:SAN JOAQUIN R AB BUCKLEY COVE NR STOCKTON CA,2022-03-11
2217e55fdec88b72,source_ood,1,validation,USGS_Sacramento_Delta,USGS_Sacramento_Delta,waterbody:USGS_Sacramento_Delta:SAN JOAQUIN R AB BUCKLEY COVE NR STOCKTON CA,2022-03-11
90942aaaf2675439,source_ood,1,validation,USGS_Sacramento_Delta,USGS_Sacramento_Delta,waterbody:USGS_Sacramento_Delta:SAN JOAQUIN R AB BUCKLEY COVE NR STOCKTON CA,2022-03-11
3425249ba565b977,source_ood,1,validation,USGS_Sacramento_Delta,USGS_Sacramento_Delta,waterbody:USGS_Sacramento_Delta:SAN JOAQUIN R A JERSEY POINT CA,2024-03-12
5c3836121de29bae,source_ood,1,validation,USGS_Sacramento_Delta,USGS_Sacramento_Delta,waterbody:USGS_Sacramento_Delta:SAN JOAQUIN R A JERSEY POINT CA,2024-03-12
42b4037dbea5af8a,source_ood,1,validation,USGS_Sacramento_Delta,USGS_Sacramento_Delta,waterbody:USGS_Sacramento_Delta:SAN JOAQUIN R A JERSEY POINT CA,2024-03-12
aaf61663ffbc5427,source_ood,1,validation,USGS_Sacramento_Delta,USGS_Sacramento_Delta,waterbody:USGS_Sacramento_Delta:SAN JOAQUIN R AB BUCKLEY COVE NR STOCKTON CA,2023-03-15
81c13f38e0892bca,source_ood,1,validation,USGS_Sacramento_Delta,USGS_Sacramento_Delta,waterbody:USGS_Sacramento_Delta:SAN JOAQUIN R AB BUCKLEY COVE NR STOCKTON CA,2023-03-15
e0d14b6962330248,source_ood,1,validation,USGS_Sacramento_Delta,USGS_Sacramento_Delta,waterbody:USGS_Sacramento_Delta:SAN JOAQUIN R AB BUCKLEY COVE NR STOCKTON CA,2023-03-15
37e3a6d4e4e016d6,source_ood,1,validation,USGS_Sacramento_Delta,USGS_Sacramento_Delta,waterbody:USGS_Sacramento_Delta:SAN JOAQUIN R A JERSEY POINT CA,2021-03-16
7f65151dfb7ef05e,source_ood,1,validation,USGS_Sacramento_Delta,USGS_Sacramento_Delta,waterbody:USGS_Sacramento_Delta:SAN JOAQUIN R A JERSEY POINT CA,2021-03-16
38bf06a5815c137d,source_ood,1,validation,USGS_Sacramento_Delta,USGS_Sacramento_Delta,waterbody:USGS_Sacramento_Delta:SAN JOAQUIN R A JERSEY POINT CA,2021-03-16
3f9f1c96768860ed,source_ood,1,validation,USGS_Sacramento_Delta,USGS_Sacramento_Delta,waterbody:USGS_Sacramento_Delta:SACRAMENTO R A DECKER ISLAND NR RIO VISTA CA,2021-03-16
e8884af1b0f17ad2,source_ood,1,validation,USGS_Sacramento_Delta,USGS_Sacramento_Delta,waterbody:USGS_Sacramento_Delta:SACRAMENTO R A DECKER ISLAND NR RIO VISTA CA,2021-03-16
a26ea257b911aeb9,source_ood,1,validation,USGS_Sacramento_Delta,USGS_Sacramento_Delta,waterbody:USGS_Sacramento_Delta:SACRAMENTO R A DECKER ISLAND NR RIO VISTA CA,2021-03-16
2b1b239addc7c7fc,source_ood,1,validation,USGS_Sacramento_Delta,USGS_Sacramento_Delta,waterbody:USGS_Sacramento_Delta:SAN JOAQUIN R AB BUCKLEY COVE NR STOCKTON CA,2024-03-20
958597c68032cff0,source_ood,1,validation,USGS_Sacramento_Delta,USGS_Sacramento_Delta,waterbody:USGS_Sacramento_Delta:SAN JOAQUIN R AB BUCKLEY COVE NR STOCKTON CA,2024-03-20
3a3e504c3db57fd9,source_ood,1,validation,USGS_Sacramento_Delta,USGS_Sacramento_Delta,waterbody:USGS_Sacramento_Delta:SAN JOAQUIN R AB BUCKLEY COVE NR STOCKTON CA,2024-03-20
91a6914a15a321a4,source_ood,1,validation,USGS_Sacramento_Delta,USGS_Sacramento_Delta,waterbody:USGS_Sacramento_Delta:MIDDLE R AT MIDDLE RIVER CA,2024-03-21
7b66e28f60861b58,source_ood,1,validation,USGS_Sacramento_Delta,USGS_Sacramento_Delta,waterbody:USGS_Sacramento_Delta:MIDDLE R AT MIDDLE RIVER CA,2024-03-21
f74d8e77ad0c0c47,source_ood,1,validation,USGS_Sacramento_Delta,USGS_Sacramento_Delta,waterbody:USGS_Sacramento_Delta:MIDDLE R AT MIDDLE RIVER CA,2024-03-21
9cd44152d30f8cd3,source_ood,1,validation,USGS_Sacramento_Delta,USGS_Sacramento_Delta,waterbody:USGS_Sacramento_Delta:OLD R A BACON ISLAND CA,2024-03-21
db5d560d27937b93,source_ood,1,validation,USGS_Sacramento_Delta,USGS_Sacramento_Delta,waterbody:USGS_Sacramento_Delta:OLD R A BACON ISLAND CA,2024-03-21
866a6092ec0e2400,source_ood,1,validation,USGS_Sacramento_Delta,USGS_Sacramento_Delta,waterbody:USGS_Sacramento_Delta:OLD R A BACON ISLAND CA,2024-03-21
5ca30945bebdaf23,source_ood,1,validation,USGS_Sacramento_Delta,USGS_Sacramento_Delta,waterbody:USGS_Sacramento_Delta:CACHE SLOUGH A S LIBERTY ISLAND NR RIO VISTA CA,2022-03-22
c3361bf7e674a54b,source_ood,1,validation,USGS_Sacramento_Delta,USGS_Sacramento_Delta,waterbody:USGS_Sacramento_Delta:CACHE SLOUGH A S LIBERTY ISLAND NR RIO VISTA CA,2022-03-22
972c093b0110c247,source_ood,1,validation,USGS_Sacramento_Delta,USGS_Sacramento_Delta,waterbody:USGS_Sacramento_Delta:CACHE SLOUGH A S LIBERTY ISLAND NR RIO VISTA CA,2022-03-22
9e57e674b00df641,source_ood,1,validation,USGS_Sacramento_Delta,USGS_Sacramento_Delta,waterbody:USGS_Sacramento_Delta:CACHE SLOUGH A S LIBERTY ISLAND NR RIO VISTA CA,2022-03-22
ab88d50a9ec76adb,source_ood,1,validation,USGS_Sacramento_Delta,USGS_Sacramento_Delta,waterbody:USGS_Sacramento_Delta:MIDDLE R AT MIDDLE RIVER CA,2022-03-24
be9d924f044a1d82,source_ood,1,validation,USGS_Sacramento_Delta,USGS_Sacramento_Delta,waterbody:USGS_Sacramento_Delta:MIDDLE R AT MIDDLE RIVER CA,2022-03-24
13639ad8b6d12e9c,source_ood,1,validation,USGS_Sacramento_Delta,USGS_Sacramento_Delta,waterbody:USGS_Sacramento_Delta:MIDDLE R AT MIDDLE RIVER CA,2022-03-24
cf308318f9a30c5a,source_ood,1,validation,USGS_Sacramento_Delta,USGS_Sacramento_Delta,waterbody:USGS_Sacramento_Delta:MIDDLE R AT MIDDLE RIVER CA,2022-03-24
4f8ae0999ee8868a,source_ood,1,validation,USGS_Sacramento_Delta,USGS_Sacramento_Delta,waterbody:USGS_Sacramento_Delta:TWITCHELL ISLAND DR A PUMP STATION NR RIO VISTA CA,2024-03-25
bebcb18b8dbac9ac,source_ood,1,validation,USGS_Sacramento_Delta,USGS_Sacramento_Delta,waterbody:USGS_Sacramento_Delta:TWITCHELL ISLAND DR A PUMP STATION NR RIO VISTA CA,2024-03-25
c647885d0373ee78,source_ood,1,validation,USGS_Sacramento_Delta,USGS_Sacramento_Delta,waterbody:USGS_Sacramento_Delta:TWITCHELL ISLAND DR A PUMP STATION NR RIO VISTA CA,2024-03-25
c65b472939f4d237,source_ood,1,validation,USGS_Sacramento_Delta,USGS_Sacramento_Delta,waterbody:USGS_Sacramento_Delta:STATEN ISLAND NR TERMINOUS CA,2024-03-25
beec9ff7c5091857,source_ood,1,validation,USGS_Sacramento_Delta,USGS_Sacramento_Delta,waterbody:USGS_Sacramento_Delta:STATEN ISLAND NR TERMINOUS CA,2024-03-25
3d2b063fd7a1e985,source_ood,1,validation,USGS_Sacramento_Delta,USGS_Sacramento_Delta,waterbody:USGS_Sacramento_Delta:STATEN ISLAND NR TERMINOUS CA,2024-03-25
c4e4db60cab160d2,source_ood,1,validation,USGS_Sacramento_Delta,USGS_Sacramento_Delta,waterbody:USGS_Sacramento_Delta:STATEN ISLAND DRAIN NR TERMINOUS CA,2024-03-25
1872d75ac803ca24,source_ood,1,validation,USGS_Sacramento_Delta,USGS_Sacramento_Delta,waterbody:USGS_Sacramento_Delta:STATEN ISLAND DRAIN NR TERMINOUS CA,2024-03-25
66573baa9c8160cf,source_ood,1,validation,USGS_Sacramento_Delta,USGS_Sacramento_Delta,waterbody:USGS_Sacramento_Delta:STATEN ISLAND DRAIN NR TERMINOUS CA,2024-03-25
2b4b79fa7085619f,source_ood,1,validation,USGS_Sacramento_Delta,USGS_Sacramento_Delta,waterbody:USGS_Sacramento_Delta:San Joaquin R a R mi 72.2 nr Vernalis CA,2021-04-01
581e2fa526eb5a18,source_ood,1,validation,USGS_Sacramento_Delta,USGS_Sacramento_Delta,waterbody:USGS_Sacramento_Delta:San Joaquin R a R mi 72.2 nr Vernalis CA,2021-04-01
24f6786bd0ce0314,source_ood,1,validation,USGS_Sacramento_Delta,USGS_Sacramento_Delta,waterbody:USGS_Sacramento_Delta:San Joaquin R a R mi 72.2 nr Vernalis CA,2021-04-01
63d3cb5d6b46ea3c,source_ood,1,validation,USGS_Sacramento_Delta,USGS_Sacramento_Delta,waterbody:USGS_Sacramento_Delta:San Joaquin R a R mi 72.2 nr Vernalis CA,2021-04-01
9c86e320968a15b1,source_ood,1,validation,USGS_Sacramento_Delta,USGS_Sacramento_Delta,waterbody:USGS_Sacramento_Delta:SAN JOAQUIN R A JERSEY POINT CA,2021-04-01
a38defafc2838f42,source_ood,1,validation,USGS_Sacramento_Delta,USGS_Sacramento_Delta,waterbody:USGS_Sacramento_Delta:SAN JOAQUIN R A JERSEY POINT CA,2021-04-01
52a1dd3a6ee7f2ab,source_ood,1,validation,USGS_Sacramento_Delta,USGS_Sacramento_Delta,waterbody:USGS_Sacramento_Delta:SAN JOAQUIN R A JERSEY POINT CA,2021-04-01
8623fd39ef783190,source_ood,1,validation,USGS_Sacramento_Delta,USGS_Sacramento_Delta,waterbody:USGS_Sacramento_Delta:SACRAMENTO R A DECKER ISLAND NR RIO VISTA CA,2021-04-01
c44b080d81a911dd,source_ood,1,validation,USGS_Sacramento_Delta,USGS_Sacramento_Delta,waterbody:USGS_Sacramento_Delta:SACRAMENTO R A DECKER ISLAND NR RIO VISTA CA,2021-04-01
115f85c5cc14250f,source_ood,1,validation,USGS_Sacramento_Delta,USGS_Sacramento_Delta,waterbody:USGS_Sacramento_Delta:SACRAMENTO R A DECKER ISLAND NR RIO VISTA CA,2021-04-01
67fcaa7d6f923cd8,source_ood,1,validation,USGS_Sacramento_Delta,USGS_Sacramento_Delta,waterbody:USGS_Sacramento_Delta:SACRAMENTO R A DECKER ISLAND NR RIO VISTA CA,2021-04-01
fb7040e0e64defc3,source_ood,1,validation,USGS_Sacramento_Delta,USGS_Sacramento_Delta,waterbody:USGS_Sacramento_Delta:SACRAMENTO R A DECKER ISLAND NR RIO VISTA CA,2021-04-01
33bc818bcc052438,source_ood,1,validation,USGS_Sacramento_Delta,USGS_Sacramento_Delta,waterbody:USGS_Sacramento_Delta:SACRAMENTO R A DECKER ISLAND NR RIO VISTA CA,2021-04-01
b8923154ff6df704,source_ood,1,validation,USGS_Sacramento_Delta,USGS_Sacramento_Delta,waterbody:USGS_Sacramento_Delta:SACRAMENTO R A DECKER ISLAND NR RIO VISTA CA,2021-04-01
1fc4e81a0c9e21ec,source_ood,1,validation,USGS_Sacramento_Delta,USGS_Sacramento_Delta,waterbody:USGS_Sacramento_Delta:TWITCHELL ISLAND DR A PUMP STATION NR RIO VISTA CA,2023-04-03
fccd4a935da44cff,source_ood,1,validation,USGS_Sacramento_Delta,USGS_Sacramento_Delta,waterbody:USGS_Sacramento_Delta:TWITCHELL ISLAND DR A PUMP STATION NR RIO VISTA CA,2023-04-03
f7a06b3711cba90b,source_ood,1,validation,USGS_Sacramento_Delta,USGS_Sacramento_Delta,waterbody:USGS_Sacramento_Delta:TWITCHELL ISLAND DR A PUMP STATION NR RIO VISTA CA,2023-04-03
57b3ff5834c49863,source_ood,1,validation,USGS_Sacramento_Delta,USGS_Sacramento_Delta,waterbody:USGS_Sacramento_Delta:STATEN ISLAND NR TERMINOUS CA,2023-04-03
acf558f2973573d2,source_ood,1,validation,USGS_Sacramento_Delta,USGS_Sacramento_Delta,waterbody:USGS_Sacramento_Delta:STATEN ISLAND NR TERMINOUS CA,2023-04-03
ed578441529483bb,source_ood,1,validation,USGS_Sacramento_Delta,USGS_Sacramento_Delta,waterbody:USGS_Sacramento_Delta:STATEN ISLAND NR TERMINOUS CA,2023-04-03
e2d293111c39922c,source_ood,1,validation,USGS_Sacramento_Delta,USGS_Sacramento_Delta,waterbody:USGS_Sacramento_Delta:STATEN ISLAND DRAIN NR TERMINOUS CA,2023-04-03
b85c724754a806af,source_ood,1,validation,USGS_Sacramento_Delta,USGS_Sacramento_Delta,waterbody:USGS_Sacramento_Delta:STATEN ISLAND DRAIN NR TERMINOUS CA,2023-04-03
7313753de2b4e598,source_ood,1,validation,USGS_Sacramento_Delta,USGS_Sacramento_Delta,waterbody:USGS_Sacramento_Delta:STATEN ISLAND DRAIN NR TERMINOUS CA,2023-04-03
4afdf0fbf717b392,source_ood,1,validation,USGS_Sacramento_Delta,USGS_Sacramento_Delta,waterbody:USGS_Sacramento_Delta:SACRAMENTO R BL TOLAND LANDING NR RIO VISTA CA,2022-04-04
156f9a9023495b1a,source_ood,1,validation,USGS_Sacramento_Delta,USGS_Sacramento_Delta,waterbody:USGS_Sacramento_Delta:SACRAMENTO R BL TOLAND LANDING NR RIO VISTA CA,2022-04-04
c699a3ae5f5b56b3,source_ood,1,validation,USGS_Sacramento_Delta,USGS_Sacramento_Delta,waterbody:USGS_Sacramento_Delta:SACRAMENTO R BL TOLAND LANDING NR RIO VISTA CA,2022-04-04
da4d9f32b09c9f2d,source_ood,1,validation,USGS_Sacramento_Delta,USGS_Sacramento_Delta,waterbody:USGS_Sacramento_Delta:SACRAMENTO R BL TOLAND LANDING NR RIO VISTA CA,2022-04-04
729b2265a62414df,source_ood,1,validation,USGS_Sacramento_Delta,USGS_Sacramento_Delta,waterbody:USGS_Sacramento_Delta:SAN JOAQUIN R A JERSEY POINT CA,2022-04-04
16b0f5ca15b3e569,source_ood,1,validation,USGS_Sacramento_Delta,USGS_Sacramento_Delta,waterbody:USGS_Sacramento_Delta:SAN JOAQUIN R A JERSEY POINT CA,2022-04-04
7505d5f736dfcba0,source_ood,1,validation,USGS_Sacramento_Delta,USGS_Sacramento_Delta,waterbody:USGS_Sacramento_Delta:SAN JOAQUIN R A JERSEY POINT CA,2022-04-04
7a8f5372fe7b0b78,source_ood,1,validation,USGS_Sacramento_Delta,USGS_Sacramento_Delta,waterbody:USGS_Sacramento_Delta:SAN JOAQUIN R A JERSEY POINT CA,2022-04-04
d8e1421eb771d517,source_ood,1,validation,USGS_Sacramento_Delta,USGS_Sacramento_Delta,waterbody:USGS_Sacramento_Delta:CACHE SLOUGH A S LIBERTY ISLAND NR RIO VISTA CA,2023-04-04
35d0fa4a8c0edf65,source_ood,1,validation,USGS_Sacramento_Delta,USGS_Sacramento_Delta,waterbody:USGS_Sacramento_Delta:CACHE SLOUGH A S LIBERTY ISLAND NR RIO VISTA CA,2023-04-04
9c1be404423aad3d,source_ood,1,validation,USGS_Sacramento_Delta,USGS_Sacramento_Delta,waterbody:USGS_Sacramento_Delta:CACHE SLOUGH A S LIBERTY ISLAND NR RIO VISTA CA,2023-04-04
3a7f4380183b39dd,source_ood,1,validation,USGS_Sacramento_Delta,USGS_Sacramento_Delta,waterbody:USGS_Sacramento_Delta:CACHE SLOUGH A S LIBERTY ISLAND NR RIO VISTA CA,2023-04-04
b333689593b1bc6d,source_ood,1,validation,USGS_Sacramento_Delta,USGS_Sacramento_Delta,waterbody:USGS_Sacramento_Delta:SAN JOAQUIN R AB BUCKLEY COVE NR STOCKTON CA,2021-04-05
44e0f01350a8f551,source_ood,1,validation,USGS_Sacramento_Delta,USGS_Sacramento_Delta,waterbody:USGS_Sacramento_Delta:SAN JOAQUIN R AB BUCKLEY COVE NR STOCKTON CA,2021-04-05
236309680f809045,source_ood,1,validation,USGS_Sacramento_Delta,USGS_Sacramento_Delta,waterbody:USGS_Sacramento_Delta:SAN JOAQUIN R AB BUCKLEY COVE NR STOCKTON CA,2021-04-05
011ac07065f1f748,source_ood,1,validation,USGS_Sacramento_Delta,USGS_Sacramento_Delta,waterbody:USGS_Sacramento_Delta:SAN JOAQUIN R AB BUCKLEY COVE NR STOCKTON CA,2021-04-05
c24daa6b91f45903,source_ood,1,validation,USGS_Sacramento_Delta,USGS_Sacramento_Delta,waterbody:USGS_Sacramento_Delta:San Joaquin R a R mi 72.2 nr Vernalis CA,2022-04-06
9020a4caab70eedb,source_ood,1,validation,USGS_Sacramento_Delta,USGS_Sacramento_Delta,waterbody:USGS_Sacramento_Delta:San Joaquin R a R mi 72.2 nr Vernalis CA,2022-04-06
ab71dd039a32137a,source_ood,1,validation,USGS_Sacramento_Delta,USGS_Sacramento_Delta,waterbody:USGS_Sacramento_Delta:San Joaquin R a R mi 72.2 nr Vernalis CA,2022-04-06
7fb5029b6c11441f,source_ood,1,validation,USGS_Sacramento_Delta,USGS_Sacramento_Delta,waterbody:USGS_Sacramento_Delta:San Joaquin R a R mi 72.2 nr Vernalis CA,2022-04-06
dccddf77e0d2d11c,source_ood,1,validation,USGS_Sacramento_Delta,USGS_Sacramento_Delta,waterbody:USGS_Sacramento_Delta:SAN JOAQUIN R A JERSEY POINT CA,2023-04-06
ee6301d4b0a0beb9,source_ood,1,validation,USGS_Sacramento_Delta,USGS_Sacramento_Delta,waterbody:USGS_Sacramento_Delta:SAN JOAQUIN R A JERSEY POINT CA,2023-04-06
d62b96794b6cc3a8,source_ood,1,validation,USGS_Sacramento_Delta,USGS_Sacramento_Delta,waterbody:USGS_Sacramento_Delta:SAN JOAQUIN R A JERSEY POINT CA,2023-04-06
77da05c760c038b5,source_ood,1,validation,USGS_Sacramento_Delta,USGS_Sacramento_Delta,waterbody:USGS_Sacramento_Delta:SAN JOAQUIN R A JERSEY POINT CA,2023-04-06
d31974f0c78a8fcf,source_ood,1,validation,USGS_Sacramento_Delta,USGS_Sacramento_Delta,waterbody:USGS_Sacramento_Delta:SACRAMENTO R BL TOLAND LANDING NR RIO VISTA CA,2023-04-06
cb31d09dbbc0cfe3,source_ood,1,validation,USGS_Sacramento_Delta,USGS_Sacramento_Delta,waterbody:USGS_Sacramento_Delta:SACRAMENTO R BL TOLAND LANDING NR RIO VISTA CA,2023-04-06
4436558d5c68e34c,source_ood,1,validation,USGS_Sacramento_Delta,USGS_Sacramento_Delta,waterbody:USGS_Sacramento_Delta:SACRAMENTO R BL TOLAND LANDING NR RIO VISTA CA,2023-04-06
6d1c31fc8d356a18,source_ood,1,validation,USGS_Sacramento_Delta,USGS_Sacramento_Delta,waterbody:USGS_Sacramento_Delta:SACRAMENTO R BL TOLAND LANDING NR RIO VISTA CA,2023-04-06
65e90813196485bb,source_ood,1,validation,USGS_Sacramento_Delta,USGS_Sacramento_Delta,waterbody:USGS_Sacramento_Delta:MIDDLE R AT MIDDLE RIVER CA,2023-04-06
1a01eb3fd312af30,source_ood,1,validation,USGS_Sacramento_Delta,USGS_Sacramento_Delta,waterbody:USGS_Sacramento_Delta:MIDDLE R AT MIDDLE RIVER CA,2023-04-06
8b4e9970642248ec,source_ood,1,validation,USGS_Sacramento_Delta,USGS_Sacramento_Delta,waterbody:USGS_Sacramento_Delta:MIDDLE R AT MIDDLE RIVER CA,2023-04-06
7d45770df43c0abd,source_ood,1,validation,USGS_Sacramento_Delta,USGS_Sacramento_Delta,waterbody:USGS_Sacramento_Delta:MIDDLE R AT MIDDLE RIVER CA,2023-04-06
e6046d85e1e8f392,source_ood,1,validation,USGS_Sacramento_Delta,USGS_Sacramento_Delta,waterbody:USGS_Sacramento_Delta:SAN JOAQUIN R A JERSEY POINT CA,2024-04-09
7ef8317170888fd9,source_ood,1,validation,USGS_Sacramento_Delta,USGS_Sacramento_Delta,waterbody:USGS_Sacramento_Delta:SAN JOAQUIN R A JERSEY POINT CA,2024-04-09
a576416056e0607a,source_ood,1,validation,USGS_Sacramento_Delta,USGS_Sacramento_Delta,waterbody:USGS_Sacramento_Delta:SAN JOAQUIN R A JERSEY POINT CA,2024-04-09
3d7710c7895ec260,source_ood,1,validation,USGS_Sacramento_Delta,USGS_Sacramento_Delta,waterbody:USGS_Sacramento_Delta:FRANKS TRACT NR BETHEL ISLAND CA,2023-04-11
67d13a83cb2a8a38,source_ood,1,validation,USGS_Sacramento_Delta,USGS_Sacramento_Delta,waterbody:USGS_Sacramento_Delta:FRANKS TRACT NR BETHEL ISLAND CA,2023-04-11
e1d32891780eeb45,source_ood,1,validation,USGS_Sacramento_Delta,USGS_Sacramento_Delta,waterbody:USGS_Sacramento_Delta:FRANKS TRACT NR BETHEL ISLAND CA,2023-04-11
0374f34d6c95f8f9,source_ood,1,validation,USGS_Sacramento_Delta,USGS_Sacramento_Delta,waterbody:USGS_Sacramento_Delta:FRANKS TRACT NR BETHEL ISLAND CA,2023-04-11
3f4c2440fff4ae66,source_ood,1,validation,USGS_Sacramento_Delta,USGS_Sacramento_Delta,waterbody:USGS_Sacramento_Delta:OLD R A BACON ISLAND CA,2024-04-11
f5d1f5856f72a6d4,source_ood,1,validation,USGS_Sacramento_Delta,USGS_Sacramento_Delta,waterbody:USGS_Sacramento_Delta:OLD R A BACON ISLAND CA,2024-04-11
b687aacc4210e8fc,source_ood,1,validation,USGS_Sacramento_Delta,USGS_Sacramento_Delta,waterbody:USGS_Sacramento_Delta:OLD R A BACON ISLAND CA,2024-04-11
2fa216a45451be41,source_ood,1,validation,USGS_Sacramento_Delta,USGS_Sacramento_Delta,waterbody:USGS_Sacramento_Delta:MIDDLE R AT MIDDLE RIVER CA,2024-04-11
767dbbcb26ae0a43,source_ood,1,validation,USGS_Sacramento_Delta,USGS_Sacramento_Delta,waterbody:USGS_Sacramento_Delta:MIDDLE R AT MIDDLE RIVER CA,2024-04-11
56814a95f091ae83,source_ood,1,validation,USGS_Sacramento_Delta,USGS_Sacramento_Delta,waterbody:USGS_Sacramento_Delta:MIDDLE R AT MIDDLE RIVER CA,2024-04-11
32dcba75dee595e9,source_ood,1,validation,USGS_Sacramento_Delta,USGS_Sacramento_Delta,waterbody:USGS_Sacramento_Delta:SAN JOAQUIN R A JERSEY POINT CA,2021-04-13
a6463b9b80f182d4,source_ood,1,validation,USGS_Sacramento_Delta,USGS_Sacramento_Delta,waterbody:USGS_Sacramento_Delta:SAN JOAQUIN R A JERSEY POINT CA,2021-04-13
fa2d7077b48657ec,source_ood,1,validation,USGS_Sacramento_Delta,USGS_Sacramento_Delta,waterbody:USGS_Sacramento_Delta:SAN JOAQUIN R A JERSEY POINT CA,2021-04-13
3b457ab72d2c26f9,source_ood,1,validation,USGS_Sacramento_Delta,USGS_Sacramento_Delta,waterbody:USGS_Sacramento_Delta:SACRAMENTO R A DECKER ISLAND NR RIO VISTA CA,2021-04-13
86d1e74e271dcee3,source_ood,1,validation,USGS_Sacramento_Delta,USGS_Sacramento_Delta,waterbody:USGS_Sacramento_Delta:SACRAMENTO R A DECKER ISLAND NR RIO VISTA CA,2021-04-13
ce259572f98254b4,source_ood,1,validation,USGS_Sacramento_Delta,USGS_Sacramento_Delta,waterbody:USGS_Sacramento_Delta:SACRAMENTO R A DECKER ISLAND NR RIO VISTA CA,2021-04-13
eaf2588a762ac9e6,source_ood,1,validation,USGS_Sacramento_Delta,USGS_Sacramento_Delta,waterbody:USGS_Sacramento_Delta:SAN JOAQUIN R AB BUCKLEY COVE NR STOCKTON CA,2023-04-13
6bbc8b651e790281,source_ood,1,validation,USGS_Sacramento_Delta,USGS_Sacramento_Delta,waterbody:USGS_Sacramento_Delta:SAN JOAQUIN R AB BUCKLEY COVE NR STOCKTON CA,2023-04-13
8c544ca52661465d,source_ood,1,validation,USGS_Sacramento_Delta,USGS_Sacramento_Delta,waterbody:USGS_Sacramento_Delta:SAN JOAQUIN R AB BUCKLEY COVE NR STOCKTON CA,2023-04-13
78a69a75995381ec,source_ood,1,validation,USGS_Sacramento_Delta,USGS_Sacramento_Delta,waterbody:USGS_Sacramento_Delta:SAN JOAQUIN R AB BUCKLEY COVE NR STOCKTON CA,2023-04-13
c304914d710c1e0e,source_ood,1,validation,USGS_Sacramento_Delta,USGS_Sacramento_Delta,waterbody:USGS_Sacramento_Delta:San Joaquin R a R mi 72.2 nr Vernalis CA,2021-04-15
b3ec45fd8642139e,source_ood,1,validation,USGS_Sacramento_Delta,USGS_Sacramento_Delta,waterbody:USGS_Sacramento_Delta:San Joaquin R a R mi 72.2 nr Vernalis CA,2021-04-15
47ce11170afdb962,source_ood,1,validation,USGS_Sacramento_Delta,USGS_Sacramento_Delta,waterbody:USGS_Sacramento_Delta:San Joaquin R a R mi 72.2 nr Vernalis CA,2021-04-15
5e47bd6b07b75e85,source_ood,1,validation,USGS_Sacramento_Delta,USGS_Sacramento_Delta,waterbody:USGS_Sacramento_Delta:San Joaquin R a R mi 72.2 nr Vernalis CA,2021-04-15
55ecc0810ff531fb,source_ood,1,validation,USGS_Sacramento_Delta,USGS_Sacramento_Delta,waterbody:USGS_Sacramento_Delta:MIDDLE R AT MIDDLE RIVER CA,2021-04-15
b161ec10fcde19d5,source_ood,1,validation,USGS_Sacramento_Delta,USGS_Sacramento_Delta,waterbody:USGS_Sacramento_Delta:MIDDLE R AT MIDDLE RIVER CA,2021-04-15
4adc6a7769e362f1,source_ood,1,validation,USGS_Sacramento_Delta,USGS_Sacramento_Delta,waterbody:USGS_Sacramento_Delta:MIDDLE R AT MIDDLE RIVER CA,2021-04-15
41b5083d70c89c2d,source_ood,1,validation,USGS_Sacramento_Delta,USGS_Sacramento_Delta,waterbody:USGS_Sacramento_Delta:MIDDLE R AT MIDDLE RIVER CA,2021-04-15
b73b2e850bce47e3,source_ood,1,validation,USGS_Sacramento_Delta,USGS_Sacramento_Delta,waterbody:USGS_Sacramento_Delta:CACHE SLOUGH A S LIBERTY ISLAND NR RIO VISTA CA,2024-04-15
60df302dab510450,source_ood,1,validation,USGS_Sacramento_Delta,USGS_Sacramento_Delta,waterbody:USGS_Sacramento_Delta:CACHE SLOUGH A S LIBERTY ISLAND NR RIO VISTA CA,2024-04-15
eaf46e5e697230aa,source_ood,1,validation,USGS_Sacramento_Delta,USGS_Sacramento_Delta,waterbody:USGS_Sacramento_Delta:CACHE SLOUGH A S LIBERTY ISLAND NR RIO VISTA CA,2024-04-15
def45e0a2457f262,source_ood,1,validation,USGS_Sacramento_Delta,USGS_Sacramento_Delta,waterbody:USGS_Sacramento_Delta:MIDDLE R AT MIDDLE RIVER CA,2023-04-17
1342202fc83e3233,source_ood,1,validation,USGS_Sacramento_Delta,USGS_Sacramento_Delta,waterbody:USGS_Sacramento_Delta:MIDDLE R AT MIDDLE RIVER CA,2023-04-17
df06b0c66fb4fae7,source_ood,1,validation,USGS_Sacramento_Delta,USGS_Sacramento_Delta,waterbody:USGS_Sacramento_Delta:MIDDLE R AT MIDDLE RIVER CA,2023-04-17
14d487034195f378,source_ood,1,validation,USGS_Sacramento_Delta,USGS_Sacramento_Delta,waterbody:USGS_Sacramento_Delta:MIDDLE R AT MIDDLE RIVER CA,2023-04-17
dae2cee891bcc745,source_ood,1,validation,USGS_Sacramento_Delta,USGS_Sacramento_Delta,waterbody:USGS_Sacramento_Delta:SACRAMENTO R BL TOLAND LANDING NR RIO VISTA CA,2023-04-18
0735b4b850a1b7b8,source_ood,1,validation,USGS_Sacramento_Delta,USGS_Sacramento_Delta,waterbody:USGS_Sacramento_Delta:SACRAMENTO R BL TOLAND LANDING NR RIO VISTA CA,2023-04-18
cf6ff593b1bfae3e,source_ood,1,validation,USGS_Sacramento_Delta,USGS_Sacramento_Delta,waterbody:USGS_Sacramento_Delta:SACRAMENTO R BL TOLAND LANDING NR RIO VISTA CA,2023-04-18
15c4e34b979832f4,source_ood,1,validation,USGS_Sacramento_Delta,USGS_Sacramento_Delta,waterbody:USGS_Sacramento_Delta:SACRAMENTO R BL TOLAND LANDING NR RIO VISTA CA,2023-04-18
8c6f699db578d58f,source_ood,1,validation,USGS_Sacramento_Delta,USGS_Sacramento_Delta,waterbody:USGS_Sacramento_Delta:SAN JOAQUIN R A JERSEY POINT CA,2023-04-18
2ad812dade8778eb,source_ood,1,validation,USGS_Sacramento_Delta,USGS_Sacramento_Delta,waterbody:USGS_Sacramento_Delta:SAN JOAQUIN R A JERSEY POINT CA,2023-04-18
b597def0e7db4773,source_ood,1,validation,USGS_Sacramento_Delta,USGS_Sacramento_Delta,waterbody:USGS_Sacramento_Delta:SAN JOAQUIN R A JERSEY POINT CA,2023-04-18
b18a28867dc4efe0,source_ood,1,validation,USGS_Sacramento_Delta,USGS_Sacramento_Delta,waterbody:USGS_Sacramento_Delta:SAN JOAQUIN R A JERSEY POINT CA,2023-04-18
6be1de8738d525c8,source_ood,1,validation,USGS_Sacramento_Delta,USGS_Sacramento_Delta,waterbody:USGS_Sacramento_Delta:CACHE SLOUGH A S LIBERTY ISLAND NR RIO VISTA CA,2023-04-18
d51d32b13c99b9eb,source_ood,1,validation,USGS_Sacramento_Delta,USGS_Sacramento_Delta,waterbody:USGS_Sacramento_Delta:CACHE SLOUGH A S LIBERTY ISLAND NR RIO VISTA CA,2023-04-18
d8639ddfde4a0451,source_ood,1,validation,USGS_Sacramento_Delta,USGS_Sacramento_Delta,waterbody:USGS_Sacramento_Delta:CACHE SLOUGH A S LIBERTY ISLAND NR RIO VISTA CA,2023-04-18
a9651192785b6aa8,source_ood,1,validation,USGS_Sacramento_Delta,USGS_Sacramento_Delta,waterbody:USGS_Sacramento_Delta:CACHE SLOUGH A S LIBERTY ISLAND NR RIO VISTA CA,2023-04-18
874051ecfe8e1951,source_ood,1,validation,USGS_Sacramento_Delta,USGS_Sacramento_Delta,waterbody:USGS_Sacramento_Delta:SAN JOAQUIN R A ROUGH AND READY ISLAND NR STOCKTON,2021-04-20
ceddcc1735f8d690,source_ood,1,validation,USGS_Sacramento_Delta,USGS_Sacramento_Delta,waterbody:USGS_Sacramento_Delta:SAN JOAQUIN R A ROUGH AND READY ISLAND NR STOCKTON,2021-04-20
9d7bb385a92c5eaf,source_ood,1,validation,USGS_Sacramento_Delta,USGS_Sacramento_Delta,waterbody:USGS_Sacramento_Delta:SAN JOAQUIN R A ROUGH AND READY ISLAND NR STOCKTON,2021-04-20
da7ac2b894e16deb,source_ood,1,validation,USGS_Sacramento_Delta,USGS_Sacramento_Delta,waterbody:USGS_Sacramento_Delta:SAN JOAQUIN R A ROUGH AND READY ISLAND NR STOCKTON,2021-04-20
5b1a332cb817104b,source_ood,1,validation,USGS_Sacramento_Delta,USGS_Sacramento_Delta,waterbody:USGS_Sacramento_Delta:SACRAMENTO R BL TOLAND LANDING NR RIO VISTA CA,2022-04-21
bdbc7b6af67cae15,source_ood,1,validation,USGS_Sacramento_Delta,USGS_Sacramento_Delta,waterbody:USGS_Sacramento_Delta:SACRAMENTO R BL TOLAND LANDING NR RIO VISTA CA,2022-04-21
54a02ce0b74f4177,source_ood,1,validation,USGS_Sacramento_Delta,USGS_Sacramento_Delta,waterbody:USGS_Sacramento_Delta:SACRAMENTO R BL TOLAND LANDING NR RIO VISTA CA,2022-04-21
31129380c68eda1c,source_ood,1,validation,USGS_Sacramento_Delta,USGS_Sacramento_Delta,waterbody:USGS_Sacramento_Delta:SACRAMENTO R BL TOLAND LANDING NR RIO VISTA CA,2022-04-21
7182c5cd5b4ea221,source_ood,1,validation,USGS_Sacramento_Delta,USGS_Sacramento_Delta,waterbody:USGS_Sacramento_Delta:SAN JOAQUIN R A JERSEY POINT CA,2022-04-21
7ce6539f2b837841,source_ood,1,validation,USGS_Sacramento_Delta,USGS_Sacramento_Delta,waterbody:USGS_Sacramento_Delta:SAN JOAQUIN R A JERSEY POINT CA,2022-04-21
137df83317e2debc,source_ood,1,validation,USGS_Sacramento_Delta,USGS_Sacramento_Delta,waterbody:USGS_Sacramento_Delta:SAN JOAQUIN R A JERSEY POINT CA,2022-04-21
2ea5f4b7e2bae8b8,source_ood,1,validation,USGS_Sacramento_Delta,USGS_Sacramento_Delta,waterbody:USGS_Sacramento_Delta:SAN JOAQUIN R A JERSEY POINT CA,2022-04-21
b2ab2cb23b2ac0a3,source_ood,1,validation,USGS_Sacramento_Delta,USGS_Sacramento_Delta,waterbody:USGS_Sacramento_Delta:CACHE SLOUGH A S LIBERTY ISLAND NR RIO VISTA CA,2021-04-22
b8119cbcebf1796f,source_ood,1,validation,USGS_Sacramento_Delta,USGS_Sacramento_Delta,waterbody:USGS_Sacramento_Delta:CACHE SLOUGH A S LIBERTY ISLAND NR RIO VISTA CA,2021-04-22
ae005d2d1efd73c8,source_ood,1,validation,USGS_Sacramento_Delta,USGS_Sacramento_Delta,waterbody:USGS_Sacramento_Delta:CACHE SLOUGH A S LIBERTY ISLAND NR RIO VISTA CA,2021-04-22
82266e87b541ff27,source_ood,1,validation,USGS_Sacramento_Delta,USGS_Sacramento_Delta,waterbody:USGS_Sacramento_Delta:CACHE SLOUGH A S LIBERTY ISLAND NR RIO VISTA CA,2021-04-22
379e1801244177a9,source_ood,1,validation,USGS_Sacramento_Delta,USGS_Sacramento_Delta,waterbody:USGS_Sacramento_Delta:MIDDLE R AT MIDDLE RIVER CA,2022-04-22
2b7874a076b62dfe,source_ood,1,validation,USGS_Sacramento_Delta,USGS_Sacramento_Delta,waterbody:USGS_Sacramento_Delta:MIDDLE R AT MIDDLE RIVER CA,2022-04-22
2c383cb9f74de9c8,source_ood,1,validation,USGS_Sacramento_Delta,USGS_Sacramento_Delta,waterbody:USGS_Sacramento_Delta:MIDDLE R AT MIDDLE RIVER CA,2022-04-22
9f8f94b0045ea654,source_ood,1,validation,USGS_Sacramento_Delta,USGS_Sacramento_Delta,waterbody:USGS_Sacramento_Delta:MIDDLE R AT MIDDLE RIVER CA,2022-04-22
0856dac79c2752dc,source_ood,1,validation,USGS_Sacramento_Delta,USGS_Sacramento_Delta,waterbody:USGS_Sacramento_Delta:SAN JOAQUIN R AB BUCKLEY COVE NR STOCKTON CA,2022-04-22
3fefef5d05694fca,source_ood,1,validation,USGS_Sacramento_Delta,USGS_Sacramento_Delta,waterbody:USGS_Sacramento_Delta:SAN JOAQUIN R AB BUCKLEY COVE NR STOCKTON CA,2022-04-22
37abb222891f68c7,source_ood,1,validation,USGS_Sacramento_Delta,USGS_Sacramento_Delta,waterbody:USGS_Sacramento_Delta:SAN JOAQUIN R AB BUCKLEY COVE NR STOCKTON CA,2022-04-22
b3459e424a6cc280,source_ood,1,validation,USGS_Sacramento_Delta,USGS_Sacramento_Delta,waterbody:USGS_Sacramento_Delta:SAN JOAQUIN R AB BUCKLEY COVE NR STOCKTON CA,2022-04-22
ec9561b57ef3875a,source_ood,1,validation,USGS_Sacramento_Delta,USGS_Sacramento_Delta,waterbody:USGS_Sacramento_Delta:CACHE SLOUGH A S LIBERTY ISLAND NR RIO VISTA CA,2022-04-25
b77bec1f59390040,source_ood,1,validation,USGS_Sacramento_Delta,USGS_Sacramento_Delta,waterbody:USGS_Sacramento_Delta:CACHE SLOUGH A S LIBERTY ISLAND NR RIO VISTA CA,2022-04-25
e3847a50edcef6a8,source_ood,1,validation,USGS_Sacramento_Delta,USGS_Sacramento_Delta,waterbody:USGS_Sacramento_Delta:CACHE SLOUGH A S LIBERTY ISLAND NR RIO VISTA CA,2022-04-25
5a33f4bee9e61768,source_ood,1,validation,USGS_Sacramento_Delta,USGS_Sacramento_Delta,waterbody:USGS_Sacramento_Delta:CACHE SLOUGH A S LIBERTY ISLAND NR RIO VISTA CA,2022-04-25
db99b1f1e8ed8113,source_ood,1,validation,USGS_Sacramento_Delta,USGS_Sacramento_Delta,waterbody:USGS_Sacramento_Delta:SACRAMENTO R A DECKER ISLAND NR RIO VISTA CA,2021-04-27
d2b9ce2e13d6861f,source_ood,1,validation,USGS_Sacramento_Delta,USGS_Sacramento_Delta,waterbody:USGS_Sacramento_Delta:SACRAMENTO R A DECKER ISLAND NR RIO VISTA CA,2021-04-27
288dbde2e011bfe2,source_ood,1,validation,USGS_Sacramento_Delta,USGS_Sacramento_Delta,waterbody:USGS_Sacramento_Delta:SACRAMENTO R A DECKER ISLAND NR RIO VISTA CA,2021-04-27
692d7a5f088f793b,source_ood,1,validation,USGS_Sacramento_Delta,USGS_Sacramento_Delta,waterbody:USGS_Sacramento_Delta:SAN JOAQUIN R A JERSEY POINT CA,2021-04-27
18a0c5b551258ccb,source_ood,1,validation,USGS_Sacramento_Delta,USGS_Sacramento_Delta,waterbody:USGS_Sacramento_Delta:SAN JOAQUIN R A JERSEY POINT CA,2021-04-27
fcf67b6aa5f87390,source_ood,1,validation,USGS_Sacramento_Delta,USGS_Sacramento_Delta,waterbody:USGS_Sacramento_Delta:SAN JOAQUIN R A JERSEY POINT CA,2021-04-27
e26f8efc2e29dc25,source_ood,1,validation,USGS_Sacramento_Delta,USGS_Sacramento_Delta,waterbody:USGS_Sacramento_Delta:MIDDLE R AT MIDDLE RIVER CA,2021-04-28
07b28301cef2db09,source_ood,1,validation,USGS_Sacramento_Delta,USGS_Sacramento_Delta,waterbody:USGS_Sacramento_Delta:MIDDLE R AT MIDDLE RIVER CA,2021-04-28
7bceec7aca0e80a0,source_ood,1,validation,USGS_Sacramento_Delta,USGS_Sacramento_Delta,waterbody:USGS_Sacramento_Delta:MIDDLE R AT MIDDLE RIVER CA,2021-04-28
a23e66857d149f55,source_ood,1,validation,USGS_Sacramento_Delta,USGS_Sacramento_Delta,waterbody:USGS_Sacramento_Delta:MIDDLE R AT MIDDLE RIVER CA,2021-04-28
638f23b47479ecda,source_ood,1,validation,USGS_Sacramento_Delta,USGS_Sacramento_Delta,waterbody:USGS_Sacramento_Delta:CACHE SLOUGH A S LIBERTY ISLAND NR RIO VISTA CA,2024-04-30
d691e0b4648853c0,source_ood,1,validation,USGS_Sacramento_Delta,USGS_Sacramento_Delta,waterbody:USGS_Sacramento_Delta:CACHE SLOUGH A S LIBERTY ISLAND NR RIO VISTA CA,2024-04-30
613b32792f31eb1c,source_ood,1,validation,USGS_Sacramento_Delta,USGS_Sacramento_Delta,waterbody:USGS_Sacramento_Delta:CACHE SLOUGH A S LIBERTY ISLAND NR RIO VISTA CA,2024-04-30
992a15e321889241,source_ood,1,validation,USGS_Sacramento_Delta,USGS_Sacramento_Delta,waterbody:USGS_Sacramento_Delta:SACRAMENTO R BL TOLAND LANDING NR RIO VISTA CA,2024-05-01
6575fa6130fc9af0,source_ood,1,validation,USGS_Sacramento_Delta,USGS_Sacramento_Delta,waterbody:USGS_Sacramento_Delta:SACRAMENTO R BL TOLAND LANDING NR RIO VISTA CA,2024-05-01
32c40a77af9d8911,source_ood,1,validation,USGS_Sacramento_Delta,USGS_Sacramento_Delta,waterbody:USGS_Sacramento_Delta:SACRAMENTO R BL TOLAND LANDING NR RIO VISTA CA,2024-05-01
529fbed39717cf6b,source_ood,1,validation,USGS_Sacramento_Delta,USGS_Sacramento_Delta,waterbody:USGS_Sacramento_Delta:SAN JOAQUIN R A JERSEY POINT CA,2024-05-01
c44275f227dd137a,source_ood,1,validation,USGS_Sacramento_Delta,USGS_Sacramento_Delta,waterbody:USGS_Sacramento_Delta:SAN JOAQUIN R A JERSEY POINT CA,2024-05-01
8c543142c1fcf269,source_ood,1,validation,USGS_Sacramento_Delta,USGS_Sacramento_Delta,waterbody:USGS_Sacramento_Delta:SAN JOAQUIN R A JERSEY POINT CA,2024-05-01
4172da056d7068ae,source_ood,1,validation,USGS_Sacramento_Delta,USGS_Sacramento_Delta,waterbody:USGS_Sacramento_Delta:OLD R A BACON ISLAND CA,2023-05-02
8bac63c734b0ba80,source_ood,1,validation,USGS_Sacramento_Delta,USGS_Sacramento_Delta,waterbody:USGS_Sacramento_Delta:OLD R A BACON ISLAND CA,2023-05-02
5388749c64228a78,source_ood,1,validation,USGS_Sacramento_Delta,USGS_Sacramento_Delta,waterbody:USGS_Sacramento_Delta:OLD R A BACON ISLAND CA,2023-05-02
3d9555203733d0a0,source_ood,1,validation,USGS_Sacramento_Delta,USGS_Sacramento_Delta,waterbody:USGS_Sacramento_Delta:OLD R A BACON ISLAND CA,2023-05-02
dcd47987e9287b3a,source_ood,1,validation,USGS_Sacramento_Delta,USGS_Sacramento_Delta,waterbody:USGS_Sacramento_Delta:SACRAMENTO R BL TOLAND LANDING NR RIO VISTA CA,2023-05-02
d93adff9b8ed64f0,source_ood,1,validation,USGS_Sacramento_Delta,USGS_Sacramento_Delta,waterbody:USGS_Sacramento_Delta:SACRAMENTO R BL TOLAND LANDING NR RIO VISTA CA,2023-05-02
0786d449d143de70,source_ood,1,validation,USGS_Sacramento_Delta,USGS_Sacramento_Delta,waterbody:USGS_Sacramento_Delta:SACRAMENTO R BL TOLAND LANDING NR RIO VISTA CA,2023-05-02
3c0109bc4b45b28e,source_ood,1,validation,USGS_Sacramento_Delta,USGS_Sacramento_Delta,waterbody:USGS_Sacramento_Delta:SACRAMENTO R BL TOLAND LANDING NR RIO VISTA CA,2023-05-02
06405eee062a851b,source_ood,1,validation,USGS_Sacramento_Delta,USGS_Sacramento_Delta,waterbody:USGS_Sacramento_Delta:MIDDLE R AT MIDDLE RIVER CA,2023-05-02
f166e93880bffdeb,source_ood,1,validation,USGS_Sacramento_Delta,USGS_Sacramento_Delta,waterbody:USGS_Sacramento_Delta:MIDDLE R AT MIDDLE RIVER CA,2023-05-02
27fd9e7934dab031,source_ood,1,validation,USGS_Sacramento_Delta,USGS_Sacramento_Delta,waterbody:USGS_Sacramento_Delta:MIDDLE R AT MIDDLE RIVER CA,2023-05-02
5ddabd9ad674480d,source_ood,1,validation,USGS_Sacramento_Delta,USGS_Sacramento_Delta,waterbody:USGS_Sacramento_Delta:MIDDLE R AT MIDDLE RIVER CA,2023-05-02
95b545fa4f78a7d2,source_ood,1,validation,USGS_Sacramento_Delta,USGS_Sacramento_Delta,waterbody:USGS_Sacramento_Delta:SAN JOAQUIN R A JERSEY POINT CA,2023-05-02
46e7c485ead5eee2,source_ood,1,validation,USGS_Sacramento_Delta,USGS_Sacramento_Delta,waterbody:USGS_Sacramento_Delta:SAN JOAQUIN R A JERSEY POINT CA,2023-05-02
930f7ca08f11f629,source_ood,1,validation,USGS_Sacramento_Delta,USGS_Sacramento_Delta,waterbody:USGS_Sacramento_Delta:SAN JOAQUIN R A JERSEY POINT CA,2023-05-02
15b5da70304e6de5,source_ood,1,validation,USGS_Sacramento_Delta,USGS_Sacramento_Delta,waterbody:USGS_Sacramento_Delta:SAN JOAQUIN R A JERSEY POINT CA,2023-05-02
59ff0ce046ea144e,source_ood,1,validation,USGS_Sacramento_Delta,USGS_Sacramento_Delta,waterbody:USGS_Sacramento_Delta:OLD R A BACON ISLAND CA,2024-05-02
4979bd76261e1ffe,source_ood,1,validation,USGS_Sacramento_Delta,USGS_Sacramento_Delta,waterbody:USGS_Sacramento_Delta:OLD R A BACON ISLAND CA,2024-05-02
a74dd3dcfb4b160a,source_ood,1,validation,USGS_Sacramento_Delta,USGS_Sacramento_Delta,waterbody:USGS_Sacramento_Delta:OLD R A BACON ISLAND CA,2024-05-02
e2fbb4ce5e33da0f,source_ood,1,validation,USGS_Sacramento_Delta,USGS_Sacramento_Delta,waterbody:USGS_Sacramento_Delta:MIDDLE R AT MIDDLE RIVER CA,2024-05-02
4c2dfc6a566aa50b,source_ood,1,validation,USGS_Sacramento_Delta,USGS_Sacramento_Delta,waterbody:USGS_Sacramento_Delta:MIDDLE R AT MIDDLE RIVER CA,2024-05-02
f0dc6f5d45a51777,source_ood,1,validation,USGS_Sacramento_Delta,USGS_Sacramento_Delta,waterbody:USGS_Sacramento_Delta:MIDDLE R AT MIDDLE RIVER CA,2024-05-02
5edbec03dbe22700,source_ood,1,validation,USGS_Sacramento_Delta,USGS_Sacramento_Delta,waterbody:USGS_Sacramento_Delta:San Joaquin R a R mi 72.2 nr Vernalis CA,2021-05-03
0d954694b409454d,source_ood,1,validation,USGS_Sacramento_Delta,USGS_Sacramento_Delta,waterbody:USGS_Sacramento_Delta:San Joaquin R a R mi 72.2 nr Vernalis CA,2021-05-03
4ff68c14ce175b86,source_ood,1,validation,USGS_Sacramento_Delta,USGS_Sacramento_Delta,waterbody:USGS_Sacramento_Delta:San Joaquin R a R mi 72.2 nr Vernalis CA,2021-05-03
7dae12b50404856c,source_ood,1,validation,USGS_Sacramento_Delta,USGS_Sacramento_Delta,waterbody:USGS_Sacramento_Delta:San Joaquin R a R mi 72.2 nr Vernalis CA,2021-05-03
c018fe5e551d110f,source_ood,1,validation,USGS_Sacramento_Delta,USGS_Sacramento_Delta,waterbody:USGS_Sacramento_Delta:MIDDLE R AT MIDDLE RIVER CA,2022-05-04
94bfc2d11f4d1a8b,source_ood,1,validation,USGS_Sacramento_Delta,USGS_Sacramento_Delta,waterbody:USGS_Sacramento_Delta:MIDDLE R AT MIDDLE RIVER CA,2022-05-04
f2e6106bc3de3145,source_ood,1,validation,USGS_Sacramento_Delta,USGS_Sacramento_Delta,waterbody:USGS_Sacramento_Delta:MIDDLE R AT MIDDLE RIVER CA,2022-05-04
8fc69ef4a0b8d9b3,source_ood,1,validation,USGS_Sacramento_Delta,USGS_Sacramento_Delta,waterbody:USGS_Sacramento_Delta:MIDDLE R AT MIDDLE RIVER CA,2022-05-04
bf5aa67db950957e,source_ood,1,validation,USGS_Sacramento_Delta,USGS_Sacramento_Delta,waterbody:USGS_Sacramento_Delta:CACHE SLOUGH A S LIBERTY ISLAND NR RIO VISTA CA,2023-05-04
434ebc671d1fa302,source_ood,1,validation,USGS_Sacramento_Delta,USGS_Sacramento_Delta,waterbody:USGS_Sacramento_Delta:CACHE SLOUGH A S LIBERTY ISLAND NR RIO VISTA CA,2023-05-04
60a3211777bf42fd,source_ood,1,validation,USGS_Sacramento_Delta,USGS_Sacramento_Delta,waterbody:USGS_Sacramento_Delta:CACHE SLOUGH A S LIBERTY ISLAND NR RIO VISTA CA,2023-05-04
71934a756b072642,source_ood,1,validation,USGS_Sacramento_Delta,USGS_Sacramento_Delta,waterbody:USGS_Sacramento_Delta:CACHE SLOUGH A S LIBERTY ISLAND NR RIO VISTA CA,2023-05-04
196f8acc02b08ccf,source_ood,1,validation,USGS_Sacramento_Delta,USGS_Sacramento_Delta,waterbody:USGS_Sacramento_Delta:SAN JOAQUIN R AB BUCKLEY COVE NR STOCKTON CA,2021-05-05
ebc8cdd5ca581a44,source_ood,1,validation,USGS_Sacramento_Delta,USGS_Sacramento_Delta,waterbody:USGS_Sacramento_Delta:SAN JOAQUIN R AB BUCKLEY COVE NR STOCKTON CA,2021-05-05
0507c60a0a074dd2,source_ood,1,validation,USGS_Sacramento_Delta,USGS_Sacramento_Delta,waterbody:USGS_Sacramento_Delta:SAN JOAQUIN R AB BUCKLEY COVE NR STOCKTON CA,2021-05-05
a52424c4995c0aee,source_ood,1,validation,USGS_Sacramento_Delta,USGS_Sacramento_Delta,waterbody:USGS_Sacramento_Delta:SAN JOAQUIN R AB BUCKLEY COVE NR STOCKTON CA,2021-05-05
d727997c296bc1b7,source_ood,1,validation,USGS_Sacramento_Delta,USGS_Sacramento_Delta,waterbody:USGS_Sacramento_Delta:SAN JOAQUIN R A ROUGH AND READY ISLAND NR STOCKTON,2022-05-05
346eefdb5e462165,source_ood,1,validation,USGS_Sacramento_Delta,USGS_Sacramento_Delta,waterbody:USGS_Sacramento_Delta:SAN JOAQUIN R A ROUGH AND READY ISLAND NR STOCKTON,2022-05-05
da1372be6dbe9f9b,source_ood,1,validation,USGS_Sacramento_Delta,USGS_Sacramento_Delta,waterbody:USGS_Sacramento_Delta:SAN JOAQUIN R A ROUGH AND READY ISLAND NR STOCKTON,2022-05-05
52b8d166af295359,source_ood,1,validation,USGS_Sacramento_Delta,USGS_Sacramento_Delta,waterbody:USGS_Sacramento_Delta:SAN JOAQUIN R A ROUGH AND READY ISLAND NR STOCKTON,2022-05-05
7c981902d9948ce8,source_ood,1,validation,USGS_Sacramento_Delta,USGS_Sacramento_Delta,waterbody:USGS_Sacramento_Delta:San Joaquin R a R mi 72.2 nr Vernalis CA,2022-05-05
8b35b321bb6ed2f4,source_ood,1,validation,USGS_Sacramento_Delta,USGS_Sacramento_Delta,waterbody:USGS_Sacramento_Delta:San Joaquin R a R mi 72.2 nr Vernalis CA,2022-05-05
93f0caf94b14bd98,source_ood,1,validation,USGS_Sacramento_Delta,USGS_Sacramento_Delta,waterbody:USGS_Sacramento_Delta:San Joaquin R a R mi 72.2 nr Vernalis CA,2022-05-05
b21456da9c27d3c3,source_ood,1,validation,USGS_Sacramento_Delta,USGS_Sacramento_Delta,waterbody:USGS_Sacramento_Delta:San Joaquin R a R mi 72.2 nr Vernalis CA,2022-05-05
fe4548dd73d7d453,source_ood,1,validation,USGS_Sacramento_Delta,USGS_Sacramento_Delta,waterbody:USGS_Sacramento_Delta:SAN JOAQUIN R A JERSEY POINT CA,2024-05-06
e34ded16b5c21aa0,source_ood,1,validation,USGS_Sacramento_Delta,USGS_Sacramento_Delta,waterbody:USGS_Sacramento_Delta:SAN JOAQUIN R A JERSEY POINT CA,2024-05-06
6cb38bc7f590966b,source_ood,1,validation,USGS_Sacramento_Delta,USGS_Sacramento_Delta,waterbody:USGS_Sacramento_Delta:SAN JOAQUIN R A JERSEY POINT CA,2024-05-06
6b444a6dad1313bd,source_ood,1,validation,USGS_Sacramento_Delta,USGS_Sacramento_Delta,waterbody:USGS_Sacramento_Delta:SAN JOAQUIN R A PRISONERS PT NR TERMINOUS CA,2024-05-06
77a52bedcc644a47,source_ood,1,validation,USGS_Sacramento_Delta,USGS_Sacramento_Delta,waterbody:USGS_Sacramento_Delta:SAN JOAQUIN R A PRISONERS PT NR TERMINOUS CA,2024-05-06
541876fce3f756eb,source_ood,1,validation,USGS_Sacramento_Delta,USGS_Sacramento_Delta,waterbody:USGS_Sacramento_Delta:SAN JOAQUIN R A PRISONERS PT NR TERMINOUS CA,2024-05-06
edb0e64312005e9f,source_ood,1,validation,USGS_Sacramento_Delta,USGS_Sacramento_Delta,waterbody:USGS_Sacramento_Delta:SAN JOAQUIN R A TINSLEY ISLAND NR TERMINOUS CA,2024-05-06
9fbdaeb29925d608,source_ood,1,validation,USGS_Sacramento_Delta,USGS_Sacramento_Delta,waterbody:USGS_Sacramento_Delta:SAN JOAQUIN R A TINSLEY ISLAND NR TERMINOUS CA,2024-05-06
e9a3ed2760eafd04,source_ood,1,validation,USGS_Sacramento_Delta,USGS_Sacramento_Delta,waterbody:USGS_Sacramento_Delta:SAN JOAQUIN R A TINSLEY ISLAND NR TERMINOUS CA,2024-05-06
b827714dd8b08622,source_ood,1,validation,USGS_Sacramento_Delta,USGS_Sacramento_Delta,waterbody:USGS_Sacramento_Delta:TURNER CUT NR HOLT CA,2024-05-06
30f1261b23ece78a,source_ood,1,validation,USGS_Sacramento_Delta,USGS_Sacramento_Delta,waterbody:USGS_Sacramento_Delta:TURNER CUT NR HOLT CA,2024-05-06
4340480b51773fb2,source_ood,1,validation,USGS_Sacramento_Delta,USGS_Sacramento_Delta,waterbody:USGS_Sacramento_Delta:TURNER CUT NR HOLT CA,2024-05-06
fbb1463d06938d3a,source_ood,1,validation,USGS_Sacramento_Delta,USGS_Sacramento_Delta,waterbody:USGS_Sacramento_Delta:SAN JOAQUIN R A BUCKLEY COVE NR STOCKTON CA,2024-05-06
dc04330313c47226,source_ood,1,validation,USGS_Sacramento_Delta,USGS_Sacramento_Delta,waterbody:USGS_Sacramento_Delta:SAN JOAQUIN R A BUCKLEY COVE NR STOCKTON CA,2024-05-06
f2351a0aa9775673,source_ood,1,validation,USGS_Sacramento_Delta,USGS_Sacramento_Delta,waterbody:USGS_Sacramento_Delta:SAN JOAQUIN R A BUCKLEY COVE NR STOCKTON CA,2024-05-06
f26590e8c0516efe,source_ood,1,validation,USGS_Sacramento_Delta,USGS_Sacramento_Delta,waterbody:USGS_Sacramento_Delta:PORT OF STOCKTON NR STOCKTON CA,2024-05-06
58e579c20f222f46,source_ood,1,validation,USGS_Sacramento_Delta,USGS_Sacramento_Delta,waterbody:USGS_Sacramento_Delta:PORT OF STOCKTON NR STOCKTON CA,2024-05-06
e62ef5c11dc18d93,source_ood,1,validation,USGS_Sacramento_Delta,USGS_Sacramento_Delta,waterbody:USGS_Sacramento_Delta:PORT OF STOCKTON NR STOCKTON CA,2024-05-06
03a3f4aa6f99cb58,source_ood,1,validation,USGS_Sacramento_Delta,USGS_Sacramento_Delta,waterbody:USGS_Sacramento_Delta:SAN JOAQUIN R A MORMON SLOUGH A STOCKTON CA,2024-05-06
587ac9132d8f6311,source_ood,1,validation,USGS_Sacramento_Delta,USGS_Sacramento_Delta,waterbody:USGS_Sacramento_Delta:SAN JOAQUIN R A MORMON SLOUGH A STOCKTON CA,2024-05-06
c2e530cafa91f39f,source_ood,1,validation,USGS_Sacramento_Delta,USGS_Sacramento_Delta,waterbody:USGS_Sacramento_Delta:SAN JOAQUIN R A MORMON SLOUGH A STOCKTON CA,2024-05-06
eaf6574bdd547b0d,source_ood,1,validation,USGS_Sacramento_Delta,USGS_Sacramento_Delta,waterbody:USGS_Sacramento_Delta:MCLEOD LAKE A WEBER POINT A STOCKTON CA,2024-05-06
75dee938fda4d97c,source_ood,1,validation,USGS_Sacramento_Delta,USGS_Sacramento_Delta,waterbody:USGS_Sacramento_Delta:MCLEOD LAKE A WEBER POINT A STOCKTON CA,2024-05-06
051082d366652aa8,source_ood,1,validation,USGS_Sacramento_Delta,USGS_Sacramento_Delta,waterbody:USGS_Sacramento_Delta:MCLEOD LAKE A WEBER POINT A STOCKTON CA,2024-05-06
6b3a06b6bc344f2d,source_ood,1,validation,USGS_Sacramento_Delta,USGS_Sacramento_Delta,waterbody:USGS_Sacramento_Delta:SAN JOAQUIN R AB MCCOY AVE NR STOCKTON CA,2024-05-06
5ce8162662d0c42d,source_ood,1,validation,USGS_Sacramento_Delta,USGS_Sacramento_Delta,waterbody:USGS_Sacramento_Delta:SAN JOAQUIN R AB MCCOY AVE NR STOCKTON CA,2024-05-06
adc722d7265e6a15,source_ood,1,validation,USGS_Sacramento_Delta,USGS_Sacramento_Delta,waterbody:USGS_Sacramento_Delta:SAN JOAQUIN R AB MCCOY AVE NR STOCKTON CA,2024-05-06
1cf2b81f6806cf40,source_ood,1,validation,USGS_Sacramento_Delta,USGS_Sacramento_Delta,waterbody:USGS_Sacramento_Delta:SAN JOAQUIN R A NAVY DR NR STOCKTON CA,2024-05-06
16c8383e7632e21b,source_ood,1,validation,USGS_Sacramento_Delta,USGS_Sacramento_Delta,waterbody:USGS_Sacramento_Delta:SAN JOAQUIN R A NAVY DR NR STOCKTON CA,2024-05-06
34be8258440acd54,source_ood,1,validation,USGS_Sacramento_Delta,USGS_Sacramento_Delta,waterbody:USGS_Sacramento_Delta:SAN JOAQUIN R A NAVY DR NR STOCKTON CA,2024-05-06
d216aff33aa500be,source_ood,1,validation,USGS_Sacramento_Delta,USGS_Sacramento_Delta,waterbody:USGS_Sacramento_Delta:FOURTEENMILE SLOUGH NR TERMINOUS CA,2024-05-06
c5ab66b5a08d0fd4,source_ood,1,validation,USGS_Sacramento_Delta,USGS_Sacramento_Delta,waterbody:USGS_Sacramento_Delta:FOURTEENMILE SLOUGH NR TERMINOUS CA,2024-05-06
5830170e244a94f9,source_ood,1,validation,USGS_Sacramento_Delta,USGS_Sacramento_Delta,waterbody:USGS_Sacramento_Delta:FOURTEENMILE SLOUGH NR TERMINOUS CA,2024-05-06
ed2683c93c37fdda,source_ood,1,validation,USGS_Sacramento_Delta,USGS_Sacramento_Delta,waterbody:USGS_Sacramento_Delta:SUISUN BAY A VAN SICKLE ISLAND NR PITTSBURG CA,2024-05-07
8f90bd71a9bdf2db,source_ood,1,validation,USGS_Sacramento_Delta,USGS_Sacramento_Delta,waterbody:USGS_Sacramento_Delta:SUISUN BAY A VAN SICKLE ISLAND NR PITTSBURG CA,2024-05-07
2f59086e1613a20d,source_ood,1,validation,USGS_Sacramento_Delta,USGS_Sacramento_Delta,waterbody:USGS_Sacramento_Delta:SUISUN BAY A VAN SICKLE ISLAND NR PITTSBURG CA,2024-05-07
9afb396a9fe2a1e2,source_ood,1,validation,USGS_Sacramento_Delta,USGS_Sacramento_Delta,waterbody:USGS_Sacramento_Delta:GRIZZLY BAY A SUISUN SLOUGH NR AVON CA,2024-05-07
f322515a401bb967,source_ood,1,validation,USGS_Sacramento_Delta,USGS_Sacramento_Delta,waterbody:USGS_Sacramento_Delta:GRIZZLY BAY A SUISUN SLOUGH NR AVON CA,2024-05-07
82b77aa1260b1251,source_ood,1,validation,USGS_Sacramento_Delta,USGS_Sacramento_Delta,waterbody:USGS_Sacramento_Delta:GRIZZLY BAY A SUISUN SLOUGH NR AVON CA,2024-05-07
fdeedc0c41d7e708,source_ood,1,validation,USGS_Sacramento_Delta,USGS_Sacramento_Delta,waterbody:USGS_Sacramento_Delta:SACRAMENTO R BL TOLAND LANDING NR RIO VISTA CA,2024-05-07
55faefd46bd0e996,source_ood,1,validation,USGS_Sacramento_Delta,USGS_Sacramento_Delta,waterbody:USGS_Sacramento_Delta:SACRAMENTO R BL TOLAND LANDING NR RIO VISTA CA,2024-05-07
d3c1bc0e81c577d5,source_ood,1,validation,USGS_Sacramento_Delta,USGS_Sacramento_Delta,waterbody:USGS_Sacramento_Delta:SACRAMENTO R BL TOLAND LANDING NR RIO VISTA CA,2024-05-07
6cd62aeb93fad3e6,source_ood,1,validation,USGS_Sacramento_Delta,USGS_Sacramento_Delta,waterbody:USGS_Sacramento_Delta:CACHE SLOUGH AB RYER ISLAND FERRY NR RIO VISTA CA,2024-05-07
e59b4db035c130bc,source_ood,1,validation,USGS_Sacramento_Delta,USGS_Sacramento_Delta,waterbody:USGS_Sacramento_Delta:CACHE SLOUGH AB RYER ISLAND FERRY NR RIO VISTA CA,2024-05-07
d5ef6e41ee01c8df,source_ood,1,validation,USGS_Sacramento_Delta,USGS_Sacramento_Delta,waterbody:USGS_Sacramento_Delta:CACHE SLOUGH AB RYER ISLAND FERRY NR RIO VISTA CA,2024-05-07
1b7baf92d71b5483,source_ood,1,validation,USGS_Sacramento_Delta,USGS_Sacramento_Delta,waterbody:USGS_Sacramento_Delta:CACHE SLOUGH A S LIBERTY ISLAND NR RIO VISTA CA,2024-05-07
a7a0855f9b521c6f,source_ood,1,validation,USGS_Sacramento_Delta,USGS_Sacramento_Delta,waterbody:USGS_Sacramento_Delta:CACHE SLOUGH A S LIBERTY ISLAND NR RIO VISTA CA,2024-05-07
0707002a4aee38d3,source_ood,1,validation,USGS_Sacramento_Delta,USGS_Sacramento_Delta,waterbody:USGS_Sacramento_Delta:CACHE SLOUGH A S LIBERTY ISLAND NR RIO VISTA CA,2024-05-07
705ae730d7f50213,source_ood,1,validation,USGS_Sacramento_Delta,USGS_Sacramento_Delta,waterbody:USGS_Sacramento_Delta:SHAG SLOUGH A LIBERTY ISLAND NR COURTLAND CA,2024-05-07
2c86bc0b8f4fc03b,source_ood,1,validation,USGS_Sacramento_Delta,USGS_Sacramento_Delta,waterbody:USGS_Sacramento_Delta:SHAG SLOUGH A LIBERTY ISLAND NR COURTLAND CA,2024-05-07
bda19d637f84d89c,source_ood,1,validation,USGS_Sacramento_Delta,USGS_Sacramento_Delta,waterbody:USGS_Sacramento_Delta:SHAG SLOUGH A LIBERTY ISLAND NR COURTLAND CA,2024-05-07
92c3d59a0d2e1454,source_ood,1,validation,USGS_Sacramento_Delta,USGS_Sacramento_Delta,waterbody:USGS_Sacramento_Delta:LIBERTY ISLAND A UPPER STAIR STEP NR FIVE POINTS C,2024-05-07
cab10e80ca13dc8e,source_ood,1,validation,USGS_Sacramento_Delta,USGS_Sacramento_Delta,waterbody:USGS_Sacramento_Delta:LIBERTY ISLAND A UPPER STAIR STEP NR FIVE POINTS C,2024-05-07
cc68d04ba15145fa,source_ood,1,validation,USGS_Sacramento_Delta,USGS_Sacramento_Delta,waterbody:USGS_Sacramento_Delta:LIBERTY ISLAND A UPPER STAIR STEP NR FIVE POINTS C,2024-05-07
0189508b98d1d920,source_ood,1,validation,USGS_Sacramento_Delta,USGS_Sacramento_Delta,waterbody:USGS_Sacramento_Delta:N MOKELUMNE R A TYLER ISLAND RD NR ISELTON CA,2024-05-08
c13250276f0deca9,source_ood,1,validation,USGS_Sacramento_Delta,USGS_Sacramento_Delta,waterbody:USGS_Sacramento_Delta:N MOKELUMNE R A TYLER ISLAND RD NR ISELTON CA,2024-05-08
1275a896e70613a7,source_ood,1,validation,USGS_Sacramento_Delta,USGS_Sacramento_Delta,waterbody:USGS_Sacramento_Delta:N MOKELUMNE R A TYLER ISLAND RD NR ISELTON CA,2024-05-08
4123c989f2baf790,source_ood,1,validation,USGS_Sacramento_Delta,USGS_Sacramento_Delta,waterbody:USGS_Sacramento_Delta:N MOKELUMNE NR WALNUT GROVE CA,2024-05-08
4cfc7b97f49990d7,source_ood,1,validation,USGS_Sacramento_Delta,USGS_Sacramento_Delta,waterbody:USGS_Sacramento_Delta:N MOKELUMNE NR WALNUT GROVE CA,2024-05-08
8e40989e7586ca02,source_ood,1,validation,USGS_Sacramento_Delta,USGS_Sacramento_Delta,waterbody:USGS_Sacramento_Delta:N MOKELUMNE NR WALNUT GROVE CA,2024-05-08
19f2f1474f6f021b,source_ood,1,validation,USGS_Sacramento_Delta,USGS_Sacramento_Delta,waterbody:USGS_Sacramento_Delta:S MOKELUMNE R A SYCAMORE SLOUGH NR TERMINOUS CA,2024-05-08
d39ad7af080e402c,source_ood,1,validation,USGS_Sacramento_Delta,USGS_Sacramento_Delta,waterbody:USGS_Sacramento_Delta:S MOKELUMNE R A SYCAMORE SLOUGH NR TERMINOUS CA,2024-05-08
b0a91b74aaf196ff,source_ood,1,validation,USGS_Sacramento_Delta,USGS_Sacramento_Delta,waterbody:USGS_Sacramento_Delta:S MOKELUMNE R A SYCAMORE SLOUGH NR TERMINOUS CA,2024-05-08
4417182c8865b37e,source_ood,1,validation,USGS_Sacramento_Delta,USGS_Sacramento_Delta,waterbody:USGS_Sacramento_Delta:SYCAMORE SLOUGH NR TERMINOUS CA,2024-05-08
5c3b1e07dd24108d,source_ood,1,validation,USGS_Sacramento_Delta,USGS_Sacramento_Delta,waterbody:USGS_Sacramento_Delta:SYCAMORE SLOUGH NR TERMINOUS CA,2024-05-08
f0bed0f2289ae7d3,source_ood,1,validation,USGS_Sacramento_Delta,USGS_Sacramento_Delta,waterbody:USGS_Sacramento_Delta:SYCAMORE SLOUGH NR TERMINOUS CA,2024-05-08
cf9e50f5b0bc7140,source_ood,1,validation,USGS_Sacramento_Delta,USGS_Sacramento_Delta,waterbody:USGS_Sacramento_Delta:MIDDLE R NR HOLT CA,2024-05-08
3b258fe0d22ffaa9,source_ood,1,validation,USGS_Sacramento_Delta,USGS_Sacramento_Delta,waterbody:USGS_Sacramento_Delta:MIDDLE R NR HOLT CA,2024-05-08
cfccb1736e013636,source_ood,1,validation,USGS_Sacramento_Delta,USGS_Sacramento_Delta,waterbody:USGS_Sacramento_Delta:MIDDLE R NR HOLT CA,2024-05-08
2b18f549ce2563dd,source_ood,1,validation,USGS_Sacramento_Delta,USGS_Sacramento_Delta,waterbody:USGS_Sacramento_Delta:MIDDLE R AT MIDDLE RIVER CA,2024-05-08
03204c8b1aea01cb,source_ood,1,validation,USGS_Sacramento_Delta,USGS_Sacramento_Delta,waterbody:USGS_Sacramento_Delta:MIDDLE R AT MIDDLE RIVER CA,2024-05-08
9a5e51e20159bf3c,source_ood,1,validation,USGS_Sacramento_Delta,USGS_Sacramento_Delta,waterbody:USGS_Sacramento_Delta:MIDDLE R AT MIDDLE RIVER CA,2024-05-08
cee6feae6e3174af,source_ood,1,validation,USGS_Sacramento_Delta,USGS_Sacramento_Delta,waterbody:USGS_Sacramento_Delta:MIDDLE R A BORDEN HWY NR TRACY CA,2024-05-08
78ab5d0eaea58288,source_ood,1,validation,USGS_Sacramento_Delta,USGS_Sacramento_Delta,waterbody:USGS_Sacramento_Delta:MIDDLE R A BORDEN HWY NR TRACY CA,2024-05-08
2cc1607c0c3e9981,source_ood,1,validation,USGS_Sacramento_Delta,USGS_Sacramento_Delta,waterbody:USGS_Sacramento_Delta:MIDDLE R A BORDEN HWY NR TRACY CA,2024-05-08
68127b4f3f7d913a,source_ood,1,validation,USGS_Sacramento_Delta,USGS_Sacramento_Delta,waterbody:USGS_Sacramento_Delta:OLD R A CLIFTON COURT FERRY CA,2024-05-08
f8a6c57b2b89fe48,source_ood,1,validation,USGS_Sacramento_Delta,USGS_Sacramento_Delta,waterbody:USGS_Sacramento_Delta:OLD R A CLIFTON COURT FERRY CA,2024-05-08
acac6e11e891575e,source_ood,1,validation,USGS_Sacramento_Delta,USGS_Sacramento_Delta,waterbody:USGS_Sacramento_Delta:OLD R A CLIFTON COURT FERRY CA,2024-05-08
13655631ef5e3ab1,source_ood,1,validation,USGS_Sacramento_Delta,USGS_Sacramento_Delta,waterbody:USGS_Sacramento_Delta:OLD R A INDIAN SLOUGH CA,2024-05-08
f435505fee4b79ed,source_ood,1,validation,USGS_Sacramento_Delta,USGS_Sacramento_Delta,waterbody:USGS_Sacramento_Delta:OLD R A INDIAN SLOUGH CA,2024-05-08
5fe42bf9edc283ae,source_ood,1,validation,USGS_Sacramento_Delta,USGS_Sacramento_Delta,waterbody:USGS_Sacramento_Delta:OLD R A INDIAN SLOUGH CA,2024-05-08
92a65b9794dbee04,source_ood,1,validation,USGS_Sacramento_Delta,USGS_Sacramento_Delta,waterbody:USGS_Sacramento_Delta:OLD R A BACON ISLAND CA,2024-05-08
60ffaa573efe9118,source_ood,1,validation,USGS_Sacramento_Delta,USGS_Sacramento_Delta,waterbody:USGS_Sacramento_Delta:OLD R A BACON ISLAND CA,2024-05-08
bda81babfa66baa4,source_ood,1,validation,USGS_Sacramento_Delta,USGS_Sacramento_Delta,waterbody:USGS_Sacramento_Delta:OLD R A BACON ISLAND CA,2024-05-08
d373279d27402af5,source_ood,1,validation,USGS_Sacramento_Delta,USGS_Sacramento_Delta,waterbody:USGS_Sacramento_Delta:OLD R A FRANKS TRACT NR BETHEL ISLAND CA,2024-05-08
88b46539985ca9bb,source_ood,1,validation,USGS_Sacramento_Delta,USGS_Sacramento_Delta,waterbody:USGS_Sacramento_Delta:OLD R A FRANKS TRACT NR BETHEL ISLAND CA,2024-05-08
296d373413d31d76,source_ood,1,validation,USGS_Sacramento_Delta,USGS_Sacramento_Delta,waterbody:USGS_Sacramento_Delta:OLD R A FRANKS TRACT NR BETHEL ISLAND CA,2024-05-08
79256840971a866b,source_ood,1,validation,USGS_Sacramento_Delta,USGS_Sacramento_Delta,waterbody:USGS_Sacramento_Delta:THREEMILE SLOUGH A TWITCHELL ISLAND NR RIO VISTA,2024-05-08
b84281ba927fe304,source_ood,1,validation,USGS_Sacramento_Delta,USGS_Sacramento_Delta,waterbody:USGS_Sacramento_Delta:THREEMILE SLOUGH A TWITCHELL ISLAND NR RIO VISTA,2024-05-08
6c92852d52f562b6,source_ood,1,validation,USGS_Sacramento_Delta,USGS_Sacramento_Delta,waterbody:USGS_Sacramento_Delta:THREEMILE SLOUGH A TWITCHELL ISLAND NR RIO VISTA,2024-05-08
8da6ee92c26d8c54,source_ood,1,validation,USGS_Sacramento_Delta,USGS_Sacramento_Delta,waterbody:USGS_Sacramento_Delta:SACRAMENTO R A RIO VISTA CA,2024-05-09
4512f1d1d43c76b9,source_ood,1,validation,USGS_Sacramento_Delta,USGS_Sacramento_Delta,waterbody:USGS_Sacramento_Delta:SACRAMENTO R A RIO VISTA CA,2024-05-09
2dc24470a0064e91,source_ood,1,validation,USGS_Sacramento_Delta,USGS_Sacramento_Delta,waterbody:USGS_Sacramento_Delta:SACRAMENTO R A RIO VISTA CA,2024-05-09
c53dc0e43f3e5d49,source_ood,1,validation,USGS_Sacramento_Delta,USGS_Sacramento_Delta,waterbody:USGS_Sacramento_Delta:DELTA RMP SACR-028,2024-05-09
d803eaebb90be422,source_ood,1,validation,USGS_Sacramento_Delta,USGS_Sacramento_Delta,waterbody:USGS_Sacramento_Delta:DELTA RMP SACR-028,2024-05-09
84b688bf426afaa4,source_ood,1,validation,USGS_Sacramento_Delta,USGS_Sacramento_Delta,waterbody:USGS_Sacramento_Delta:DELTA RMP SACR-028,2024-05-09
9ae0b93656f94dac,source_ood,1,validation,USGS_Sacramento_Delta,USGS_Sacramento_Delta,waterbody:USGS_Sacramento_Delta:SACRAMENTO R A HOOD CA,2024-05-09
9218d5de7c5519f4,source_ood,1,validation,USGS_Sacramento_Delta,USGS_Sacramento_Delta,waterbody:USGS_Sacramento_Delta:SACRAMENTO R A HOOD CA,2024-05-09
1d2f9b4802f1ac1c,source_ood,1,validation,USGS_Sacramento_Delta,USGS_Sacramento_Delta,waterbody:USGS_Sacramento_Delta:SACRAMENTO R A HOOD CA,2024-05-09
69cfe40f7c915a70,source_ood,1,validation,USGS_Sacramento_Delta,USGS_Sacramento_Delta,waterbody:USGS_Sacramento_Delta:SACRAMENTO R A FREEPORT CA,2024-05-09
b0d065aa3748b2f0,source_ood,1,validation,USGS_Sacramento_Delta,USGS_Sacramento_Delta,waterbody:USGS_Sacramento_Delta:SACRAMENTO R A FREEPORT CA,2024-05-09
bb277355e2f75a47,source_ood,1,validation,USGS_Sacramento_Delta,USGS_Sacramento_Delta,waterbody:USGS_Sacramento_Delta:SACRAMENTO R A FREEPORT CA,2024-05-09
176026f1149cd19f,source_ood,1,validation,USGS_Sacramento_Delta,USGS_Sacramento_Delta,waterbody:USGS_Sacramento_Delta:SACRAMENTO R A PIER A WEST SACRAMENTO CA,2024-05-09
49a08864fdbda0e1,source_ood,1,validation,USGS_Sacramento_Delta,USGS_Sacramento_Delta,waterbody:USGS_Sacramento_Delta:SACRAMENTO R A PIER A WEST SACRAMENTO CA,2024-05-09
e689dc84e4b6295e,source_ood,1,validation,USGS_Sacramento_Delta,USGS_Sacramento_Delta,waterbody:USGS_Sacramento_Delta:SACRAMENTO R A PIER A WEST SACRAMENTO CA,2024-05-09
1086c76aec092551,source_ood,1,validation,USGS_Sacramento_Delta,USGS_Sacramento_Delta,waterbody:USGS_Sacramento_Delta:CACHE SLOUGH A S LIBERTY ISLAND NR RIO VISTA CA,2022-05-10
1e8c79548026e840,source_ood,1,validation,USGS_Sacramento_Delta,USGS_Sacramento_Delta,waterbody:USGS_Sacramento_Delta:CACHE SLOUGH A S LIBERTY ISLAND NR RIO VISTA CA,2022-05-10
195c5aedb529e9ad,source_ood,1,validation,USGS_Sacramento_Delta,USGS_Sacramento_Delta,waterbody:USGS_Sacramento_Delta:CACHE SLOUGH A S LIBERTY ISLAND NR RIO VISTA CA,2022-05-10
41367e61d18e20bd,source_ood,1,validation,USGS_Sacramento_Delta,USGS_Sacramento_Delta,waterbody:USGS_Sacramento_Delta:CACHE SLOUGH A S LIBERTY ISLAND NR RIO VISTA CA,2022-05-10
330eb307a7513927,source_ood,1,validation,USGS_Sacramento_Delta,USGS_Sacramento_Delta,waterbody:USGS_Sacramento_Delta:SACRAMENTO R A PIER A WEST SACRAMENTO CA,2021-05-11
f0700ea447d95269,source_ood,1,validation,USGS_Sacramento_Delta,USGS_Sacramento_Delta,waterbody:USGS_Sacramento_Delta:SACRAMENTO R A PIER A WEST SACRAMENTO CA,2021-05-11
396ea4ab9595c0ca,source_ood,1,validation,USGS_Sacramento_Delta,USGS_Sacramento_Delta,waterbody:USGS_Sacramento_Delta:SACRAMENTO R A PIER A WEST SACRAMENTO CA,2021-05-11
1b87e8449acb4f71,source_ood,1,validation,USGS_Sacramento_Delta,USGS_Sacramento_Delta,waterbody:USGS_Sacramento_Delta:SACRAMENTO R A FREEPORT CA,2021-05-11
ddf12b12be900153,source_ood,1,validation,USGS_Sacramento_Delta,USGS_Sacramento_Delta,waterbody:USGS_Sacramento_Delta:SACRAMENTO R A FREEPORT CA,2021-05-11
223989759d4c799e,source_ood,1,validation,USGS_Sacramento_Delta,USGS_Sacramento_Delta,waterbody:USGS_Sacramento_Delta:SACRAMENTO R A FREEPORT CA,2021-05-11
c9d4491d80a53d42,source_ood,1,validation,USGS_Sacramento_Delta,USGS_Sacramento_Delta,waterbody:USGS_Sacramento_Delta:SACRAMENTO R A HOOD CA,2021-05-11
9039959b33f78094,source_ood,1,validation,USGS_Sacramento_Delta,USGS_Sacramento_Delta,waterbody:USGS_Sacramento_Delta:SACRAMENTO R A HOOD CA,2021-05-11
8143dc8122d32b2e,source_ood,1,validation,USGS_Sacramento_Delta,USGS_Sacramento_Delta,waterbody:USGS_Sacramento_Delta:SACRAMENTO R A HOOD CA,2021-05-11
20e2bb3fd80aae96,source_ood,1,validation,USGS_Sacramento_Delta,USGS_Sacramento_Delta,waterbody:USGS_Sacramento_Delta:SACRAMENTO R AB DELTA CROSS CHANNEL CA,2021-05-11
0b45defcbefecdfb,source_ood,1,validation,USGS_Sacramento_Delta,USGS_Sacramento_Delta,waterbody:USGS_Sacramento_Delta:SACRAMENTO R AB DELTA CROSS CHANNEL CA,2021-05-11
457d2ac086c0dd95,source_ood,1,validation,USGS_Sacramento_Delta,USGS_Sacramento_Delta,waterbody:USGS_Sacramento_Delta:SACRAMENTO R AB DELTA CROSS CHANNEL CA,2021-05-11
f88cc23c258a854e,source_ood,1,validation,USGS_Sacramento_Delta,USGS_Sacramento_Delta,waterbody:USGS_Sacramento_Delta:CACHE SLOUGH A S LIBERTY ISLAND NR RIO VISTA CA,2021-05-11
4bc845411755250e,source_ood,1,validation,USGS_Sacramento_Delta,USGS_Sacramento_Delta,waterbody:USGS_Sacramento_Delta:CACHE SLOUGH A S LIBERTY ISLAND NR RIO VISTA CA,2021-05-11
04cc11332d010294,source_ood,1,validation,USGS_Sacramento_Delta,USGS_Sacramento_Delta,waterbody:USGS_Sacramento_Delta:CACHE SLOUGH A S LIBERTY ISLAND NR RIO VISTA CA,2021-05-11
cef1de37040fdcb3,source_ood,1,validation,USGS_Sacramento_Delta,USGS_Sacramento_Delta,waterbody:USGS_Sacramento_Delta:SHAG SLOUGH A LIBERTY ISLAND NR COURTLAND CA,2021-05-11
633c77e4d835dd0a,source_ood,1,validation,USGS_Sacramento_Delta,USGS_Sacramento_Delta,waterbody:USGS_Sacramento_Delta:SHAG SLOUGH A LIBERTY ISLAND NR COURTLAND CA,2021-05-11
edeba134d9bd02b3,source_ood,1,validation,USGS_Sacramento_Delta,USGS_Sacramento_Delta,waterbody:USGS_Sacramento_Delta:SHAG SLOUGH A LIBERTY ISLAND NR COURTLAND CA,2021-05-11
5723caa1a75dabc2,source_ood,1,validation,USGS_Sacramento_Delta,USGS_Sacramento_Delta,waterbody:USGS_Sacramento_Delta:LIBERTY ISLAND A UPPER STAIR STEP NR FIVE POINTS C,2021-05-11
3a0c31fe81699b9d,source_ood,1,validation,USGS_Sacramento_Delta,USGS_Sacramento_Delta,waterbody:USGS_Sacramento_Delta:LIBERTY ISLAND A UPPER STAIR STEP NR FIVE POINTS C,2021-05-11
8d55384f6d1ac842,source_ood,1,validation,USGS_Sacramento_Delta,USGS_Sacramento_Delta,waterbody:USGS_Sacramento_Delta:LIBERTY ISLAND A UPPER STAIR STEP NR FIVE POINTS C,2021-05-11
d436d92fe1f8de4c,source_ood,1,validation,USGS_Sacramento_Delta,USGS_Sacramento_Delta,waterbody:USGS_Sacramento_Delta:CACHE SLOUGH AB RYER ISLAND FERRY NR RIO VISTA CA,2021-05-11
9091b81926d45114,source_ood,1,validation,USGS_Sacramento_Delta,USGS_Sacramento_Delta,waterbody:USGS_Sacramento_Delta:CACHE SLOUGH AB RYER ISLAND FERRY NR RIO VISTA CA,2021-05-11
bf02f179605aa7ca,source_ood,1,validation,USGS_Sacramento_Delta,USGS_Sacramento_Delta,waterbody:USGS_Sacramento_Delta:CACHE SLOUGH AB RYER ISLAND FERRY NR RIO VISTA CA,2021-05-11
b251bbf09267d6b9,source_ood,1,validation,USGS_Sacramento_Delta,USGS_Sacramento_Delta,waterbody:USGS_Sacramento_Delta:SACRAMENTO R BL TOLAND LANDING NR RIO VISTA CA,2022-05-11
3ac0d29a14c29036,source_ood,1,validation,USGS_Sacramento_Delta,USGS_Sacramento_Delta,waterbody:USGS_Sacramento_Delta:SACRAMENTO R BL TOLAND LANDING NR RIO VISTA CA,2022-05-11
727913d798b360ee,source_ood,1,validation,USGS_Sacramento_Delta,USGS_Sacramento_Delta,waterbody:USGS_Sacramento_Delta:SACRAMENTO R BL TOLAND LANDING NR RIO VISTA CA,2022-05-11
b62c1a65ce8fd7f3,source_ood,1,validation,USGS_Sacramento_Delta,USGS_Sacramento_Delta,waterbody:USGS_Sacramento_Delta:SACRAMENTO R BL TOLAND LANDING NR RIO VISTA CA,2022-05-11
b535957bd1ca6407,source_ood,1,validation,USGS_Sacramento_Delta,USGS_Sacramento_Delta,waterbody:USGS_Sacramento_Delta:SAN JOAQUIN R BL THREEMILE SLOUGH NR RIO VISTA CA,2021-05-12
d1347cab5a033b5b,source_ood,1,validation,USGS_Sacramento_Delta,USGS_Sacramento_Delta,waterbody:USGS_Sacramento_Delta:SAN JOAQUIN R BL THREEMILE SLOUGH NR RIO VISTA CA,2021-05-12
92167800173df652,source_ood,1,validation,USGS_Sacramento_Delta,USGS_Sacramento_Delta,waterbody:USGS_Sacramento_Delta:SAN JOAQUIN R BL THREEMILE SLOUGH NR RIO VISTA CA,2021-05-12
122071253f30a183,source_ood,1,validation,USGS_Sacramento_Delta,USGS_Sacramento_Delta,waterbody:USGS_Sacramento_Delta:SAN JOAQUIN R A PRISONERS PT NR TERMINOUS CA,2021-05-12
6c3811d3013af8fe,source_ood,1,validation,USGS_Sacramento_Delta,USGS_Sacramento_Delta,waterbody:USGS_Sacramento_Delta:SAN JOAQUIN R A PRISONERS PT NR TERMINOUS CA,2021-05-12
ee02b3f7e96d904b,source_ood,1,validation,USGS_Sacramento_Delta,USGS_Sacramento_Delta,waterbody:USGS_Sacramento_Delta:SAN JOAQUIN R A PRISONERS PT NR TERMINOUS CA,2021-05-12
ecd7563f8d53cbf3,source_ood,1,validation,USGS_Sacramento_Delta,USGS_Sacramento_Delta,waterbody:USGS_Sacramento_Delta:SAN JOAQUIN R A TINSLEY ISLAND NR TERMINOUS CA,2021-05-12
370b5adc1b4a3e56,source_ood,1,validation,USGS_Sacramento_Delta,USGS_Sacramento_Delta,waterbody:USGS_Sacramento_Delta:SAN JOAQUIN R A TINSLEY ISLAND NR TERMINOUS CA,2021-05-12
ff7516966c0da066,source_ood,1,validation,USGS_Sacramento_Delta,USGS_Sacramento_Delta,waterbody:USGS_Sacramento_Delta:SAN JOAQUIN R A TINSLEY ISLAND NR TERMINOUS CA,2021-05-12
e4f8ce343b30be09,source_ood,1,validation,USGS_Sacramento_Delta,USGS_Sacramento_Delta,waterbody:USGS_Sacramento_Delta:TURNER CUT NR HOLT CA,2021-05-12
4d642dbc92be625b,source_ood,1,validation,USGS_Sacramento_Delta,USGS_Sacramento_Delta,waterbody:USGS_Sacramento_Delta:TURNER CUT NR HOLT CA,2021-05-12
317e18964290a32f,source_ood,1,validation,USGS_Sacramento_Delta,USGS_Sacramento_Delta,waterbody:USGS_Sacramento_Delta:TURNER CUT NR HOLT CA,2021-05-12
6ed3110fb8d06b96,source_ood,1,validation,USGS_Sacramento_Delta,USGS_Sacramento_Delta,waterbody:USGS_Sacramento_Delta:SAN JOAQUIN R A BUCKLEY COVE NR STOCKTON CA,2021-05-12
4e31c216f5107479,source_ood,1,validation,USGS_Sacramento_Delta,USGS_Sacramento_Delta,waterbody:USGS_Sacramento_Delta:SAN JOAQUIN R A BUCKLEY COVE NR STOCKTON CA,2021-05-12
e673461abaad52ca,source_ood,1,validation,USGS_Sacramento_Delta,USGS_Sacramento_Delta,waterbody:USGS_Sacramento_Delta:SAN JOAQUIN R A BUCKLEY COVE NR STOCKTON CA,2021-05-12
30a8b7d2188f0eef,source_ood,1,validation,USGS_Sacramento_Delta,USGS_Sacramento_Delta,waterbody:USGS_Sacramento_Delta:SAN JOAQUIN R A NAVY DR NR STOCKTON CA,2021-05-12
bb7e322a2a9a14bf,source_ood,1,validation,USGS_Sacramento_Delta,USGS_Sacramento_Delta,waterbody:USGS_Sacramento_Delta:SAN JOAQUIN R A NAVY DR NR STOCKTON CA,2021-05-12
e30af2785d8856fb,source_ood,1,validation,USGS_Sacramento_Delta,USGS_Sacramento_Delta,waterbody:USGS_Sacramento_Delta:SAN JOAQUIN R A NAVY DR NR STOCKTON CA,2021-05-12
45fe090dfc08c844,source_ood,1,validation,USGS_Sacramento_Delta,USGS_Sacramento_Delta,waterbody:USGS_Sacramento_Delta:FOURTEENMILE SLOUGH NR TERMINOUS CA,2021-05-12
12551f7f716f104b,source_ood,1,validation,USGS_Sacramento_Delta,USGS_Sacramento_Delta,waterbody:USGS_Sacramento_Delta:FOURTEENMILE SLOUGH NR TERMINOUS CA,2021-05-12
df0824375780a741,source_ood,1,validation,USGS_Sacramento_Delta,USGS_Sacramento_Delta,waterbody:USGS_Sacramento_Delta:FOURTEENMILE SLOUGH NR TERMINOUS CA,2021-05-12
ee1fbc8ec43b4dd5,source_ood,1,validation,USGS_Sacramento_Delta,USGS_Sacramento_Delta,waterbody:USGS_Sacramento_Delta:GEORGIANA SLOUGH A TYLER ISLAND RD NR ISLETON CA,2021-05-12
dfcfeb92bc10b264,source_ood,1,validation,USGS_Sacramento_Delta,USGS_Sacramento_Delta,waterbody:USGS_Sacramento_Delta:GEORGIANA SLOUGH A TYLER ISLAND RD NR ISLETON CA,2021-05-12
15386d4625372ffe,source_ood,1,validation,USGS_Sacramento_Delta,USGS_Sacramento_Delta,waterbody:USGS_Sacramento_Delta:GEORGIANA SLOUGH A TYLER ISLAND RD NR ISLETON CA,2021-05-12
e7aeaf29f88d8395,source_ood,1,validation,USGS_Sacramento_Delta,USGS_Sacramento_Delta,waterbody:USGS_Sacramento_Delta:DELTA RMP SACR-028,2021-05-12
c4c9e245b19ba733,source_ood,1,validation,USGS_Sacramento_Delta,USGS_Sacramento_Delta,waterbody:USGS_Sacramento_Delta:DELTA RMP SACR-028,2021-05-12
5797324d99d51937,source_ood,1,validation,USGS_Sacramento_Delta,USGS_Sacramento_Delta,waterbody:USGS_Sacramento_Delta:DELTA RMP SACR-028,2021-05-12
5c3e636aacc13591,source_ood,1,validation,USGS_Sacramento_Delta,USGS_Sacramento_Delta,waterbody:USGS_Sacramento_Delta:FRANKS TRACT NR BETHEL ISLAND CA,2022-05-12
347d6b4c6f919e07,source_ood,1,validation,USGS_Sacramento_Delta,USGS_Sacramento_Delta,waterbody:USGS_Sacramento_Delta:FRANKS TRACT NR BETHEL ISLAND CA,2022-05-12
3e3addef7371214a,source_ood,1,validation,USGS_Sacramento_Delta,USGS_Sacramento_Delta,waterbody:USGS_Sacramento_Delta:FRANKS TRACT NR BETHEL ISLAND CA,2022-05-12
4664a51566d5527c,source_ood,1,validation,USGS_Sacramento_Delta,USGS_Sacramento_Delta,waterbody:USGS_Sacramento_Delta:FRANKS TRACT NR BETHEL ISLAND CA,2022-05-12
23bdb2f86f879b99,source_ood,1,validation,USGS_Sacramento_Delta,USGS_Sacramento_Delta,waterbody:USGS_Sacramento_Delta:SAN JOAQUIN R AB BUCKLEY COVE NR STOCKTON CA,2023-05-12
61255e506c2e1258,source_ood,1,validation,USGS_Sacramento_Delta,USGS_Sacramento_Delta,waterbody:USGS_Sacramento_Delta:SAN JOAQUIN R AB BUCKLEY COVE NR STOCKTON CA,2023-05-12
84b962ad358dbeec,source_ood,1,validation,USGS_Sacramento_Delta,USGS_Sacramento_Delta,waterbody:USGS_Sacramento_Delta:SAN JOAQUIN R AB BUCKLEY COVE NR STOCKTON CA,2023-05-12
da7515c1690de181,source_ood,1,validation,USGS_Sacramento_Delta,USGS_Sacramento_Delta,waterbody:USGS_Sacramento_Delta:SAN JOAQUIN R A SAN ANDREAS SHOAL NR TERMINOUS CA,2021-05-13
cae7962080e838bd,source_ood,1,validation,USGS_Sacramento_Delta,USGS_Sacramento_Delta,waterbody:USGS_Sacramento_Delta:SAN JOAQUIN R A SAN ANDREAS SHOAL NR TERMINOUS CA,2021-05-13
cff805f5efcea25f,source_ood,1,validation,USGS_Sacramento_Delta,USGS_Sacramento_Delta,waterbody:USGS_Sacramento_Delta:SAN JOAQUIN R A SAN ANDREAS SHOAL NR TERMINOUS CA,2021-05-13
86d50854fe6b7fb6,source_ood,1,validation,USGS_Sacramento_Delta,USGS_Sacramento_Delta,waterbody:USGS_Sacramento_Delta:N MOKELUMNE R A TYLER ISLAND RD NR ISELTON CA,2021-05-13
ce113ac0c091a331,source_ood,1,validation,USGS_Sacramento_Delta,USGS_Sacramento_Delta,waterbody:USGS_Sacramento_Delta:N MOKELUMNE R A TYLER ISLAND RD NR ISELTON CA,2021-05-13
30ab40df6a2b1584,source_ood,1,validation,USGS_Sacramento_Delta,USGS_Sacramento_Delta,waterbody:USGS_Sacramento_Delta:N MOKELUMNE R A TYLER ISLAND RD NR ISELTON CA,2021-05-13
61b92a70526e59a1,source_ood,1,validation,USGS_Sacramento_Delta,USGS_Sacramento_Delta,waterbody:USGS_Sacramento_Delta:N MOKELUMNE NR WALNUT GROVE CA,2021-05-13
87b7cbe1bac9d610,source_ood,1,validation,USGS_Sacramento_Delta,USGS_Sacramento_Delta,waterbody:USGS_Sacramento_Delta:N MOKELUMNE NR WALNUT GROVE CA,2021-05-13
afb9cb8127eef331,source_ood,1,validation,USGS_Sacramento_Delta,USGS_Sacramento_Delta,waterbody:USGS_Sacramento_Delta:N MOKELUMNE NR WALNUT GROVE CA,2021-05-13
10983cdad23333b6,source_ood,1,validation,USGS_Sacramento_Delta,USGS_Sacramento_Delta,waterbody:USGS_Sacramento_Delta:S MOKELUMNE R A SYCAMORE SLOUGH NR TERMINOUS CA,2021-05-13
d2f6c9a7c3318ac9,source_ood,1,validation,USGS_Sacramento_Delta,USGS_Sacramento_Delta,waterbody:USGS_Sacramento_Delta:S MOKELUMNE R A SYCAMORE SLOUGH NR TERMINOUS CA,2021-05-13
d13e5f75a9112f50,source_ood,1,validation,USGS_Sacramento_Delta,USGS_Sacramento_Delta,waterbody:USGS_Sacramento_Delta:S MOKELUMNE R A SYCAMORE SLOUGH NR TERMINOUS CA,2021-05-13
096a5b1359606786,source_ood,1,validation,USGS_Sacramento_Delta,USGS_Sacramento_Delta,waterbody:USGS_Sacramento_Delta:SYCAMORE SLOUGH NR TERMINOUS CA,2021-05-13
6c9db5a84f1c19fd,source_ood,1,validation,USGS_Sacramento_Delta,USGS_Sacramento_Delta,waterbody:USGS_Sacramento_Delta:SYCAMORE SLOUGH NR TERMINOUS CA,2021-05-13
ea92aae3151ee872,source_ood,1,validation,USGS_Sacramento_Delta,USGS_Sacramento_Delta,waterbody:USGS_Sacramento_Delta:SYCAMORE SLOUGH NR TERMINOUS CA,2021-05-13
1c7644dcf9b8ee53,source_ood,1,validation,USGS_Sacramento_Delta,USGS_Sacramento_Delta,waterbody:USGS_Sacramento_Delta:LITTLE POTATO SLOUGH A TERMINOUS CA,2021-05-13
70a2c3b71172dce5,source_ood,1,validation,USGS_Sacramento_Delta,USGS_Sacramento_Delta,waterbody:USGS_Sacramento_Delta:LITTLE POTATO SLOUGH A TERMINOUS CA,2021-05-13
f943c500dc4f5f73,source_ood,1,validation,USGS_Sacramento_Delta,USGS_Sacramento_Delta,waterbody:USGS_Sacramento_Delta:LITTLE POTATO SLOUGH A TERMINOUS CA,2021-05-13
a21b0b57f741a185,source_ood,1,validation,USGS_Sacramento_Delta,USGS_Sacramento_Delta,waterbody:USGS_Sacramento_Delta:MIDDLE R NR HOLT CA,2021-05-13
9c07aaeaa83b072b,source_ood,1,validation,USGS_Sacramento_Delta,USGS_Sacramento_Delta,waterbody:USGS_Sacramento_Delta:MIDDLE R NR HOLT CA,2021-05-13
3b7c6fe9a9d07dc1,source_ood,1,validation,USGS_Sacramento_Delta,USGS_Sacramento_Delta,waterbody:USGS_Sacramento_Delta:MIDDLE R NR HOLT CA,2021-05-13
20cc03a62b143424,source_ood,1,validation,USGS_Sacramento_Delta,USGS_Sacramento_Delta,waterbody:USGS_Sacramento_Delta:MIDDLE R A BORDEN HWY NR TRACY CA,2021-05-13
b88d6d7385616491,source_ood,1,validation,USGS_Sacramento_Delta,USGS_Sacramento_Delta,waterbody:USGS_Sacramento_Delta:MIDDLE R A BORDEN HWY NR TRACY CA,2021-05-13
6b530a67b9943cbb,source_ood,1,validation,USGS_Sacramento_Delta,USGS_Sacramento_Delta,waterbody:USGS_Sacramento_Delta:MIDDLE R A BORDEN HWY NR TRACY CA,2021-05-13
96c521e426896c03,source_ood,1,validation,USGS_Sacramento_Delta,USGS_Sacramento_Delta,waterbody:USGS_Sacramento_Delta:OLD R A CLIFTON COURT FERRY CA,2021-05-13
79f2c7011d912ff2,source_ood,1,validation,USGS_Sacramento_Delta,USGS_Sacramento_Delta,waterbody:USGS_Sacramento_Delta:OLD R A CLIFTON COURT FERRY CA,2021-05-13
0fe2dfeec89ef7d2,source_ood,1,validation,USGS_Sacramento_Delta,USGS_Sacramento_Delta,waterbody:USGS_Sacramento_Delta:OLD R A CLIFTON COURT FERRY CA,2021-05-13
05910de986cab0c9,source_ood,1,validation,USGS_Sacramento_Delta,USGS_Sacramento_Delta,waterbody:USGS_Sacramento_Delta:OLD R A INDIAN SLOUGH CA,2021-05-13
473dc6dbfceb54de,source_ood,1,validation,USGS_Sacramento_Delta,USGS_Sacramento_Delta,waterbody:USGS_Sacramento_Delta:OLD R A INDIAN SLOUGH CA,2021-05-13
de6510b04a49d8d8,source_ood,1,validation,USGS_Sacramento_Delta,USGS_Sacramento_Delta,waterbody:USGS_Sacramento_Delta:OLD R A INDIAN SLOUGH CA,2021-05-13
e1bc00c1dabc8f2c,source_ood,1,validation,USGS_Sacramento_Delta,USGS_Sacramento_Delta,waterbody:USGS_Sacramento_Delta:OLD R A BACON ISLAND CA,2021-05-13
69fe1a1c6f71fb8e,source_ood,1,validation,USGS_Sacramento_Delta,USGS_Sacramento_Delta,waterbody:USGS_Sacramento_Delta:OLD R A BACON ISLAND CA,2021-05-13
6ec5ab9f9b168f3f,source_ood,1,validation,USGS_Sacramento_Delta,USGS_Sacramento_Delta,waterbody:USGS_Sacramento_Delta:OLD R A BACON ISLAND CA,2021-05-13
64e497bc0465018f,source_ood,1,validation,USGS_Sacramento_Delta,USGS_Sacramento_Delta,waterbody:USGS_Sacramento_Delta:OLD R A FRANKS TRACT NR BETHEL ISLAND CA,2021-05-13
90dbd49c95cd7284,source_ood,1,validation,USGS_Sacramento_Delta,USGS_Sacramento_Delta,waterbody:USGS_Sacramento_Delta:OLD R A FRANKS TRACT NR BETHEL ISLAND CA,2021-05-13
797c3251662dee9a,source_ood,1,validation,USGS_Sacramento_Delta,USGS_Sacramento_Delta,waterbody:USGS_Sacramento_Delta:OLD R A FRANKS TRACT NR BETHEL ISLAND CA,2021-05-13
8ef80898b4b602c9,source_ood,1,validation,USGS_Sacramento_Delta,USGS_Sacramento_Delta,waterbody:USGS_Sacramento_Delta:SAN JOAQUIN R AB FALSE NR BETHEL ISLAND CA,2021-05-13
d665543a6db87b3e,source_ood,1,validation,USGS_Sacramento_Delta,USGS_Sacramento_Delta,waterbody:USGS_Sacramento_Delta:SAN JOAQUIN R AB FALSE NR BETHEL ISLAND CA,2021-05-13
6dbcbae02744a6bc,source_ood,1,validation,USGS_Sacramento_Delta,USGS_Sacramento_Delta,waterbody:USGS_Sacramento_Delta:SAN JOAQUIN R AB FALSE NR BETHEL ISLAND CA,2021-05-13
efc17b60fa685b91,source_ood,1,validation,USGS_Sacramento_Delta,USGS_Sacramento_Delta,waterbody:USGS_Sacramento_Delta:SACRAMENTO R BL TOLAND LANDING NR RIO VISTA CA,2021-05-14
385a22a05006a9d0,source_ood,1,validation,USGS_Sacramento_Delta,USGS_Sacramento_Delta,waterbody:USGS_Sacramento_Delta:SACRAMENTO R BL TOLAND LANDING NR RIO VISTA CA,2021-05-14
aaa409c20f91abe7,source_ood,1,validation,USGS_Sacramento_Delta,USGS_Sacramento_Delta,waterbody:USGS_Sacramento_Delta:SACRAMENTO R BL TOLAND LANDING NR RIO VISTA CA,2021-05-14
38894286c953edb2,source_ood,1,validation,USGS_Sacramento_Delta,USGS_Sacramento_Delta,waterbody:USGS_Sacramento_Delta:SAN JOAQUIN R A JERSEY POINT CA,2021-05-14
5747db842a10cbdf,source_ood,1,validation,USGS_Sacramento_Delta,USGS_Sacramento_Delta,waterbody:USGS_Sacramento_Delta:SAN JOAQUIN R A JERSEY POINT CA,2021-05-14
134b03b0ab4f22e1,source_ood,1,validation,USGS_Sacramento_Delta,USGS_Sacramento_Delta,waterbody:USGS_Sacramento_Delta:SAN JOAQUIN R A JERSEY POINT CA,2021-05-14
97f0f9402b6236a9,source_ood,1,validation,USGS_Sacramento_Delta,USGS_Sacramento_Delta,waterbody:USGS_Sacramento_Delta:SUISUN BAY A VAN SICKLE ISLAND NR PITTSBURG CA,2021-05-14
aed566e008ef5bd3,source_ood,1,validation,USGS_Sacramento_Delta,USGS_Sacramento_Delta,waterbody:USGS_Sacramento_Delta:SUISUN BAY A VAN SICKLE ISLAND NR PITTSBURG CA,2021-05-14
c7374ec7f9ed76e2,source_ood,1,validation,USGS_Sacramento_Delta,USGS_Sacramento_Delta,waterbody:USGS_Sacramento_Delta:SUISUN BAY A VAN SICKLE ISLAND NR PITTSBURG CA,2021-05-14
537b24861cb1a101,source_ood,1,validation,USGS_Sacramento_Delta,USGS_Sacramento_Delta,waterbody:USGS_Sacramento_Delta:GRIZZLY BAY A SUISUN SLOUGH NR AVON CA,2021-05-14
862fbb0f0167770b,source_ood,1,validation,USGS_Sacramento_Delta,USGS_Sacramento_Delta,waterbody:USGS_Sacramento_Delta:GRIZZLY BAY A SUISUN SLOUGH NR AVON CA,2021-05-14
d7594e5b60e6dd90,source_ood,1,validation,USGS_Sacramento_Delta,USGS_Sacramento_Delta,waterbody:USGS_Sacramento_Delta:GRIZZLY BAY A SUISUN SLOUGH NR AVON CA,2021-05-14
cff3fb5327da242d,source_ood,1,validation,USGS_Sacramento_Delta,USGS_Sacramento_Delta,waterbody:USGS_Sacramento_Delta:CACHE SLOUGH A S LIBERTY ISLAND NR RIO VISTA CA,2024-05-14
a2dcc7efcd7f8d15,source_ood,1,validation,USGS_Sacramento_Delta,USGS_Sacramento_Delta,waterbody:USGS_Sacramento_Delta:CACHE SLOUGH A S LIBERTY ISLAND NR RIO VISTA CA,2024-05-14
21da2bf8d7a772cf,source_ood,1,validation,USGS_Sacramento_Delta,USGS_Sacramento_Delta,waterbody:USGS_Sacramento_Delta:CACHE SLOUGH A S LIBERTY ISLAND NR RIO VISTA CA,2024-05-14
45d3b6f334cdf215,source_ood,1,validation,USGS_Sacramento_Delta,USGS_Sacramento_Delta,waterbody:USGS_Sacramento_Delta:THREEMILE SLOUGH A TWITCHELL ISLAND NR RIO VISTA,2023-05-15
b32a2142f0ce361e,source_ood,1,validation,USGS_Sacramento_Delta,USGS_Sacramento_Delta,waterbody:USGS_Sacramento_Delta:THREEMILE SLOUGH A TWITCHELL ISLAND NR RIO VISTA,2023-05-15
5e4f383afdf256a7,source_ood,1,validation,USGS_Sacramento_Delta,USGS_Sacramento_Delta,waterbody:USGS_Sacramento_Delta:THREEMILE SLOUGH A TWITCHELL ISLAND NR RIO VISTA,2023-05-15
461a37678944fa00,source_ood,1,validation,USGS_Sacramento_Delta,USGS_Sacramento_Delta,waterbody:USGS_Sacramento_Delta:OLD R A FRANKS TRACT NR BETHEL ISLAND CA,2023-05-15
57809347bfb1f30d,source_ood,1,validation,USGS_Sacramento_Delta,USGS_Sacramento_Delta,waterbody:USGS_Sacramento_Delta:OLD R A FRANKS TRACT NR BETHEL ISLAND CA,2023-05-15
2f958bd87e7b6af8,source_ood,1,validation,USGS_Sacramento_Delta,USGS_Sacramento_Delta,waterbody:USGS_Sacramento_Delta:OLD R A FRANKS TRACT NR BETHEL ISLAND CA,2023-05-15
be93b43d41e0a8d5,source_ood,1,validation,USGS_Sacramento_Delta,USGS_Sacramento_Delta,waterbody:USGS_Sacramento_Delta:OLD R A BACON ISLAND CA,2023-05-15
322cb4adfeef1074,source_ood,1,validation,USGS_Sacramento_Delta,USGS_Sacramento_Delta,waterbody:USGS_Sacramento_Delta:OLD R A BACON ISLAND CA,2023-05-15
fe0f3adfdc52fc61,source_ood,1,validation,USGS_Sacramento_Delta,USGS_Sacramento_Delta,waterbody:USGS_Sacramento_Delta:OLD R A BACON ISLAND CA,2023-05-15
653e8313c4fdb63a,source_ood,1,validation,USGS_Sacramento_Delta,USGS_Sacramento_Delta,waterbody:USGS_Sacramento_Delta:OLD R A INDIAN SLOUGH CA,2023-05-15
a5f0a6e42e8a8f75,source_ood,1,validation,USGS_Sacramento_Delta,USGS_Sacramento_Delta,waterbody:USGS_Sacramento_Delta:OLD R A INDIAN SLOUGH CA,2023-05-15
cc3c5ab378d6fa9f,source_ood,1,validation,USGS_Sacramento_Delta,USGS_Sacramento_Delta,waterbody:USGS_Sacramento_Delta:OLD R A INDIAN SLOUGH CA,2023-05-15
c52eecec16bcdbbb,source_ood,1,validation,USGS_Sacramento_Delta,USGS_Sacramento_Delta,waterbody:USGS_Sacramento_Delta:OLD R A CLIFTON COURT FERRY CA,2023-05-15
cb6f3d867e43719d,source_ood,1,validation,USGS_Sacramento_Delta,USGS_Sacramento_Delta,waterbody:USGS_Sacramento_Delta:OLD R A CLIFTON COURT FERRY CA,2023-05-15
c9d81b8dc34da225,source_ood,1,validation,USGS_Sacramento_Delta,USGS_Sacramento_Delta,waterbody:USGS_Sacramento_Delta:OLD R A CLIFTON COURT FERRY CA,2023-05-15
97ed549db469fce8,source_ood,1,validation,USGS_Sacramento_Delta,USGS_Sacramento_Delta,waterbody:USGS_Sacramento_Delta:MIDDLE R A BORDEN HWY NR TRACY CA,2023-05-15
a56daebdbe0405ab,source_ood,1,validation,USGS_Sacramento_Delta,USGS_Sacramento_Delta,waterbody:USGS_Sacramento_Delta:MIDDLE R A BORDEN HWY NR TRACY CA,2023-05-15
05acd2e44b7224fe,source_ood,1,validation,USGS_Sacramento_Delta,USGS_Sacramento_Delta,waterbody:USGS_Sacramento_Delta:MIDDLE R A BORDEN HWY NR TRACY CA,2023-05-15
4bceaa1db9f256ca,source_ood,1,validation,USGS_Sacramento_Delta,USGS_Sacramento_Delta,waterbody:USGS_Sacramento_Delta:MIDDLE R AT MIDDLE RIVER CA,2023-05-15
e5b79002258b5c2a,source_ood,1,validation,USGS_Sacramento_Delta,USGS_Sacramento_Delta,waterbody:USGS_Sacramento_Delta:MIDDLE R AT MIDDLE RIVER CA,2023-05-15
5864b8380b8d1761,source_ood,1,validation,USGS_Sacramento_Delta,USGS_Sacramento_Delta,waterbody:USGS_Sacramento_Delta:MIDDLE R AT MIDDLE RIVER CA,2023-05-15
a97e3ffba37fda16,source_ood,1,validation,USGS_Sacramento_Delta,USGS_Sacramento_Delta,waterbody:USGS_Sacramento_Delta:MIDDLE R NR HOLT CA,2023-05-15
7b9757ed6ff60d28,source_ood,1,validation,USGS_Sacramento_Delta,USGS_Sacramento_Delta,waterbody:USGS_Sacramento_Delta:MIDDLE R NR HOLT CA,2023-05-15
4d567db771e151fb,source_ood,1,validation,USGS_Sacramento_Delta,USGS_Sacramento_Delta,waterbody:USGS_Sacramento_Delta:MIDDLE R NR HOLT CA,2023-05-15
97960c58a9de5bc3,source_ood,1,validation,USGS_Sacramento_Delta,USGS_Sacramento_Delta,waterbody:USGS_Sacramento_Delta:LITTLE POTATO SLOUGH A TERMINOUS CA,2023-05-15
4d33ac8ce5ca2d5d,source_ood,1,validation,USGS_Sacramento_Delta,USGS_Sacramento_Delta,waterbody:USGS_Sacramento_Delta:LITTLE POTATO SLOUGH A TERMINOUS CA,2023-05-15
f563c39a6276a373,source_ood,1,validation,USGS_Sacramento_Delta,USGS_Sacramento_Delta,waterbody:USGS_Sacramento_Delta:LITTLE POTATO SLOUGH A TERMINOUS CA,2023-05-15
5efb268260ee8597,source_ood,1,validation,USGS_Sacramento_Delta,USGS_Sacramento_Delta,waterbody:USGS_Sacramento_Delta:S MOKELUMNE R A SYCAMORE SLOUGH NR TERMINOUS CA,2023-05-15
2c62f1fbcc7fb508,source_ood,1,validation,USGS_Sacramento_Delta,USGS_Sacramento_Delta,waterbody:USGS_Sacramento_Delta:S MOKELUMNE R A SYCAMORE SLOUGH NR TERMINOUS CA,2023-05-15
80785d9e661719fd,source_ood,1,validation,USGS_Sacramento_Delta,USGS_Sacramento_Delta,waterbody:USGS_Sacramento_Delta:S MOKELUMNE R A SYCAMORE SLOUGH NR TERMINOUS CA,2023-05-15
252d8f5fc097bee3,source_ood,1,validation,USGS_Sacramento_Delta,USGS_Sacramento_Delta,waterbody:USGS_Sacramento_Delta:SYCAMORE SLOUGH NR TERMINOUS CA,2023-05-15
a4642d0ce1751648,source_ood,1,validation,USGS_Sacramento_Delta,USGS_Sacramento_Delta,waterbody:USGS_Sacramento_Delta:SYCAMORE SLOUGH NR TERMINOUS CA,2023-05-15
d60df74b4ad7e2fb,source_ood,1,validation,USGS_Sacramento_Delta,USGS_Sacramento_Delta,waterbody:USGS_Sacramento_Delta:SYCAMORE SLOUGH NR TERMINOUS CA,2023-05-15
d8f1e0ae48a2f4b0,source_ood,1,validation,USGS_Sacramento_Delta,USGS_Sacramento_Delta,waterbody:USGS_Sacramento_Delta:N MOKELUMNE NR WALNUT GROVE CA,2023-05-15
f9dcaf9542af9512,source_ood,1,validation,USGS_Sacramento_Delta,USGS_Sacramento_Delta,waterbody:USGS_Sacramento_Delta:N MOKELUMNE NR WALNUT GROVE CA,2023-05-15
54cfe8e56f1d66e3,source_ood,1,validation,USGS_Sacramento_Delta,USGS_Sacramento_Delta,waterbody:USGS_Sacramento_Delta:N MOKELUMNE NR WALNUT GROVE CA,2023-05-15
ad402c69c55b2c45,source_ood,1,validation,USGS_Sacramento_Delta,USGS_Sacramento_Delta,waterbody:USGS_Sacramento_Delta:N MOKELUMNE R A TYLER ISLAND RD NR ISELTON CA,2023-05-15
cb6ad0b6de8232ca,source_ood,1,validation,USGS_Sacramento_Delta,USGS_Sacramento_Delta,waterbody:USGS_Sacramento_Delta:N MOKELUMNE R A TYLER ISLAND RD NR ISELTON CA,2023-05-15
5b492f8805ff8fd8,source_ood,1,validation,USGS_Sacramento_Delta,USGS_Sacramento_Delta,waterbody:USGS_Sacramento_Delta:N MOKELUMNE R A TYLER ISLAND RD NR ISELTON CA,2023-05-15
8b20675979859403,source_ood,1,validation,USGS_Sacramento_Delta,USGS_Sacramento_Delta,waterbody:USGS_Sacramento_Delta:SAN JOAQUIN R BL THREEMILE SLOUGH NR RIO VISTA CA,2023-05-15
1e59a6b1c954e2e2,source_ood,1,validation,USGS_Sacramento_Delta,USGS_Sacramento_Delta,waterbody:USGS_Sacramento_Delta:SAN JOAQUIN R BL THREEMILE SLOUGH NR RIO VISTA CA,2023-05-15
84bde159da977c4e,source_ood,1,validation,USGS_Sacramento_Delta,USGS_Sacramento_Delta,waterbody:USGS_Sacramento_Delta:SAN JOAQUIN R BL THREEMILE SLOUGH NR RIO VISTA CA,2023-05-15
5a97941d4169fc18,source_ood,1,validation,USGS_Sacramento_Delta,USGS_Sacramento_Delta,waterbody:USGS_Sacramento_Delta:SACRAMENTO R BL TOLAND LANDING NR RIO VISTA CA,2024-05-15
cbf43ed74dbf0808,source_ood,1,validation,USGS_Sacramento_Delta,USGS_Sacramento_Delta,waterbody:USGS_Sacramento_Delta:SACRAMENTO R BL TOLAND LANDING NR RIO VISTA CA,2024-05-15
878eb0c1f97e3b9d,source_ood,1,validation,USGS_Sacramento_Delta,USGS_Sacramento_Delta,waterbody:USGS_Sacramento_Delta:SACRAMENTO R BL TOLAND LANDING NR RIO VISTA CA,2024-05-15
c76f70d6b26a09af,source_ood,1,validation,USGS_Sacramento_Delta,USGS_Sacramento_Delta,waterbody:USGS_Sacramento_Delta:SAN JOAQUIN R A JERSEY POINT CA,2024-05-15
bc82fc63c13d9af1,source_ood,1,validation,USGS_Sacramento_Delta,USGS_Sacramento_Delta,waterbody:USGS_Sacramento_Delta:SAN JOAQUIN R A JERSEY POINT CA,2024-05-15
65f0acf6817f2ad3,source_ood,1,validation,USGS_Sacramento_Delta,USGS_Sacramento_Delta,waterbody:USGS_Sacramento_Delta:SAN JOAQUIN R A JERSEY POINT CA,2024-05-15
05491dab694db9e8,source_ood,1,validation,USGS_Sacramento_Delta,USGS_Sacramento_Delta,waterbody:USGS_Sacramento_Delta:CACHE SLOUGH AB RYER ISLAND FERRY NR RIO VISTA CA,2022-05-16
1542808f98c09012,source_ood,1,validation,USGS_Sacramento_Delta,USGS_Sacramento_Delta,waterbody:USGS_Sacramento_Delta:CACHE SLOUGH AB RYER ISLAND FERRY NR RIO VISTA CA,2022-05-16
f949ac77f3cb1a1d,source_ood,1,validation,USGS_Sacramento_Delta,USGS_Sacramento_Delta,waterbody:USGS_Sacramento_Delta:CACHE SLOUGH AB RYER ISLAND FERRY NR RIO VISTA CA,2022-05-16
2df3f395e4f9f63b,source_ood,1,validation,USGS_Sacramento_Delta,USGS_Sacramento_Delta,waterbody:USGS_Sacramento_Delta:CACHE SLOUGH AB RYER ISLAND FERRY NR RIO VISTA CA,2022-05-16
49eb85d79a387d7c,source_ood,1,validation,USGS_Sacramento_Delta,USGS_Sacramento_Delta,waterbody:USGS_Sacramento_Delta:CACHE SLOUGH A S LIBERTY ISLAND NR RIO VISTA CA,2022-05-16
3245cdc6df7986d4,source_ood,1,validation,USGS_Sacramento_Delta,USGS_Sacramento_Delta,waterbody:USGS_Sacramento_Delta:CACHE SLOUGH A S LIBERTY ISLAND NR RIO VISTA CA,2022-05-16
6cf9ad2e7f18199f,source_ood,1,validation,USGS_Sacramento_Delta,USGS_Sacramento_Delta,waterbody:USGS_Sacramento_Delta:CACHE SLOUGH A S LIBERTY ISLAND NR RIO VISTA CA,2022-05-16
b1066456cff8dd27,source_ood,1,validation,USGS_Sacramento_Delta,USGS_Sacramento_Delta,waterbody:USGS_Sacramento_Delta:CACHE SLOUGH A S LIBERTY ISLAND NR RIO VISTA CA,2022-05-16
0a1f62b215d20c90,source_ood,1,validation,USGS_Sacramento_Delta,USGS_Sacramento_Delta,waterbody:USGS_Sacramento_Delta:SHAG SLOUGH A LIBERTY ISLAND NR COURTLAND CA,2022-05-16
d8c423be74ce373d,source_ood,1,validation,USGS_Sacramento_Delta,USGS_Sacramento_Delta,waterbody:USGS_Sacramento_Delta:SHAG SLOUGH A LIBERTY ISLAND NR COURTLAND CA,2022-05-16
185ef427ac5dcdf6,source_ood,1,validation,USGS_Sacramento_Delta,USGS_Sacramento_Delta,waterbody:USGS_Sacramento_Delta:SHAG SLOUGH A LIBERTY ISLAND NR COURTLAND CA,2022-05-16
b9dbbccd02a241d3,source_ood,1,validation,USGS_Sacramento_Delta,USGS_Sacramento_Delta,waterbody:USGS_Sacramento_Delta:SHAG SLOUGH A LIBERTY ISLAND NR COURTLAND CA,2022-05-16
c1b38e621ffe4315,source_ood,1,validation,USGS_Sacramento_Delta,USGS_Sacramento_Delta,waterbody:USGS_Sacramento_Delta:LIBERTY ISLAND A UPPER STAIR STEP NR FIVE POINTS C,2022-05-16
c8974fc4835811d1,source_ood,1,validation,USGS_Sacramento_Delta,USGS_Sacramento_Delta,waterbody:USGS_Sacramento_Delta:LIBERTY ISLAND A UPPER STAIR STEP NR FIVE POINTS C,2022-05-16
63e16ba9311abc9f,source_ood,1,validation,USGS_Sacramento_Delta,USGS_Sacramento_Delta,waterbody:USGS_Sacramento_Delta:LIBERTY ISLAND A UPPER STAIR STEP NR FIVE POINTS C,2022-05-16
a062333e4e78913c,source_ood,1,validation,USGS_Sacramento_Delta,USGS_Sacramento_Delta,waterbody:USGS_Sacramento_Delta:LIBERTY ISLAND A UPPER STAIR STEP NR FIVE POINTS C,2022-05-16
4a58d434a56f6293,source_ood,1,validation,USGS_Sacramento_Delta,USGS_Sacramento_Delta,waterbody:USGS_Sacramento_Delta:GEORGIANA SLOUGH A TYLER ISLAND RD NR ISLETON CA,2022-05-16
a9c222956765f03c,source_ood,1,validation,USGS_Sacramento_Delta,USGS_Sacramento_Delta,waterbody:USGS_Sacramento_Delta:GEORGIANA SLOUGH A TYLER ISLAND RD NR ISLETON CA,2022-05-16
0276e4aef447b8f8,source_ood,1,validation,USGS_Sacramento_Delta,USGS_Sacramento_Delta,waterbody:USGS_Sacramento_Delta:GEORGIANA SLOUGH A TYLER ISLAND RD NR ISLETON CA,2022-05-16
7807f54fdd844c5b,source_ood,1,validation,USGS_Sacramento_Delta,USGS_Sacramento_Delta,waterbody:USGS_Sacramento_Delta:GEORGIANA SLOUGH A TYLER ISLAND RD NR ISLETON CA,2022-05-16
f207c0d17cd38574,source_ood,1,validation,USGS_Sacramento_Delta,USGS_Sacramento_Delta,waterbody:USGS_Sacramento_Delta:SACRAMENTO R A RIO VISTA CA,2023-05-16
11df23a59a701b91,source_ood,1,validation,USGS_Sacramento_Delta,USGS_Sacramento_Delta,waterbody:USGS_Sacramento_Delta:SACRAMENTO R A RIO VISTA CA,2023-05-16
da61fa9adb6c6641,source_ood,1,validation,USGS_Sacramento_Delta,USGS_Sacramento_Delta,waterbody:USGS_Sacramento_Delta:SACRAMENTO R A RIO VISTA CA,2023-05-16
2416f243f1cfd23b,source_ood,1,validation,USGS_Sacramento_Delta,USGS_Sacramento_Delta,waterbody:USGS_Sacramento_Delta:SACRAMENTO R BL TOLAND LANDING NR RIO VISTA CA,2023-05-16
0f93e09ba4687a2e,source_ood,1,validation,USGS_Sacramento_Delta,USGS_Sacramento_Delta,waterbody:USGS_Sacramento_Delta:SACRAMENTO R BL TOLAND LANDING NR RIO VISTA CA,2023-05-16
39c1322aec3b3a61,source_ood,1,validation,USGS_Sacramento_Delta,USGS_Sacramento_Delta,waterbody:USGS_Sacramento_Delta:SACRAMENTO R BL TOLAND LANDING NR RIO VISTA CA,2023-05-16
075955693f16a759,source_ood,1,validation,USGS_Sacramento_Delta,USGS_Sacramento_Delta,waterbody:USGS_Sacramento_Delta:SUISUN BAY A VAN SICKLE ISLAND NR PITTSBURG CA,2023-05-16
fe1361e9f945e374,source_ood,1,validation,USGS_Sacramento_Delta,USGS_Sacramento_Delta,waterbody:USGS_Sacramento_Delta:SUISUN BAY A VAN SICKLE ISLAND NR PITTSBURG CA,2023-05-16
8cfc90d4a57e9959,source_ood,1,validation,USGS_Sacramento_Delta,USGS_Sacramento_Delta,waterbody:USGS_Sacramento_Delta:SUISUN BAY A VAN SICKLE ISLAND NR PITTSBURG CA,2023-05-16
91c0241e46105687,source_ood,1,validation,USGS_Sacramento_Delta,USGS_Sacramento_Delta,waterbody:USGS_Sacramento_Delta:GRIZZLY BAY A SUISUN SLOUGH NR AVON CA,2023-05-16
c357586523eb227d,source_ood,1,validation,USGS_Sacramento_Delta,USGS_Sacramento_Delta,waterbody:USGS_Sacramento_Delta:GRIZZLY BAY A SUISUN SLOUGH NR AVON CA,2023-05-16
93a5d4448ca71463,source_ood,1,validation,USGS_Sacramento_Delta,USGS_Sacramento_Delta,waterbody:USGS_Sacramento_Delta:GRIZZLY BAY A SUISUN SLOUGH NR AVON CA,2023-05-16
ee8d81635d7832da,source_ood,1,validation,USGS_Sacramento_Delta,USGS_Sacramento_Delta,waterbody:USGS_Sacramento_Delta:MIDDLE R AT MIDDLE RIVER CA,2023-05-16
c131723112cc831b,source_ood,1,validation,USGS_Sacramento_Delta,USGS_Sacramento_Delta,waterbody:USGS_Sacramento_Delta:MIDDLE R AT MIDDLE RIVER CA,2023-05-16
63c9627cb123f730,source_ood,1,validation,USGS_Sacramento_Delta,USGS_Sacramento_Delta,waterbody:USGS_Sacramento_Delta:MIDDLE R AT MIDDLE RIVER CA,2023-05-16
66fe6b450cd5e880,source_ood,1,validation,USGS_Sacramento_Delta,USGS_Sacramento_Delta,waterbody:USGS_Sacramento_Delta:SUISUN BAY A VAN SICKLE ISLAND NR PITTSBURG CA,2023-05-16
361f08de8ad36827,source_ood,1,validation,USGS_Sacramento_Delta,USGS_Sacramento_Delta,waterbody:USGS_Sacramento_Delta:SUISUN BAY A VAN SICKLE ISLAND NR PITTSBURG CA,2023-05-16
8a86705db0329321,source_ood,1,validation,USGS_Sacramento_Delta,USGS_Sacramento_Delta,waterbody:USGS_Sacramento_Delta:SUISUN BAY A VAN SICKLE ISLAND NR PITTSBURG CA,2023-05-16
cfae20b10320e58f,source_ood,1,validation,USGS_Sacramento_Delta,USGS_Sacramento_Delta,waterbody:USGS_Sacramento_Delta:FRANKS TRACT NR BETHEL ISLAND CA,2023-05-16
cabcc56b893899e1,source_ood,1,validation,USGS_Sacramento_Delta,USGS_Sacramento_Delta,waterbody:USGS_Sacramento_Delta:FRANKS TRACT NR BETHEL ISLAND CA,2023-05-16
1ab5ff58ca7d345f,source_ood,1,validation,USGS_Sacramento_Delta,USGS_Sacramento_Delta,waterbody:USGS_Sacramento_Delta:FRANKS TRACT NR BETHEL ISLAND CA,2023-05-16
4970f942c73aa363,source_ood,1,validation,USGS_Sacramento_Delta,USGS_Sacramento_Delta,waterbody:USGS_Sacramento_Delta:CACHE SLOUGH AB RYER ISLAND FERRY NR RIO VISTA CA,2023-05-16
66455629dad137bf,source_ood,1,validation,USGS_Sacramento_Delta,USGS_Sacramento_Delta,waterbody:USGS_Sacramento_Delta:CACHE SLOUGH AB RYER ISLAND FERRY NR RIO VISTA CA,2023-05-16
08245df034e67ba5,source_ood,1,validation,USGS_Sacramento_Delta,USGS_Sacramento_Delta,waterbody:USGS_Sacramento_Delta:CACHE SLOUGH AB RYER ISLAND FERRY NR RIO VISTA CA,2023-05-16
ca735e3c2841cdd5,source_ood,1,validation,USGS_Sacramento_Delta,USGS_Sacramento_Delta,waterbody:USGS_Sacramento_Delta:CACHE SLOUGH A S LIBERTY ISLAND NR RIO VISTA CA,2023-05-16
8e475431f84f2c24,source_ood,1,validation,USGS_Sacramento_Delta,USGS_Sacramento_Delta,waterbody:USGS_Sacramento_Delta:CACHE SLOUGH A S LIBERTY ISLAND NR RIO VISTA CA,2023-05-16
742b3f94796cd18a,source_ood,1,validation,USGS_Sacramento_Delta,USGS_Sacramento_Delta,waterbody:USGS_Sacramento_Delta:CACHE SLOUGH A S LIBERTY ISLAND NR RIO VISTA CA,2023-05-16
e4be3164fe94d09b,source_ood,1,validation,USGS_Sacramento_Delta,USGS_Sacramento_Delta,waterbody:USGS_Sacramento_Delta:OLD R A BACON ISLAND CA,2023-05-16
8f096d2c72266c28,source_ood,1,validation,USGS_Sacramento_Delta,USGS_Sacramento_Delta,waterbody:USGS_Sacramento_Delta:OLD R A BACON ISLAND CA,2023-05-16
29f8c1ce0731e6a5,source_ood,1,validation,USGS_Sacramento_Delta,USGS_Sacramento_Delta,waterbody:USGS_Sacramento_Delta:OLD R A BACON ISLAND CA,2023-05-16
033824a9cc770972,source_ood,1,validation,USGS_Sacramento_Delta,USGS_Sacramento_Delta,waterbody:USGS_Sacramento_Delta:DELTA RMP YOLO-003,2023-05-16
3ccb10a38af2c88a,source_ood,1,validation,USGS_Sacramento_Delta,USGS_Sacramento_Delta,waterbody:USGS_Sacramento_Delta:DELTA RMP YOLO-003,2023-05-16
74781c8f3bf5bd75,source_ood,1,validation,USGS_Sacramento_Delta,USGS_Sacramento_Delta,waterbody:USGS_Sacramento_Delta:DELTA RMP YOLO-003,2023-05-16
4246b88d581106be,source_ood,1,validation,USGS_Sacramento_Delta,USGS_Sacramento_Delta,waterbody:USGS_Sacramento_Delta:CACHE SLOUGH A S LIBERTY ISLAND NR RIO VISTA CA,2023-05-16
ecefd7507335e653,source_ood,1,validation,USGS_Sacramento_Delta,USGS_Sacramento_Delta,waterbody:USGS_Sacramento_Delta:CACHE SLOUGH A S LIBERTY ISLAND NR RIO VISTA CA,2023-05-16
45d20f1497567844,source_ood,1,validation,USGS_Sacramento_Delta,USGS_Sacramento_Delta,waterbody:USGS_Sacramento_Delta:CACHE SLOUGH A S LIBERTY ISLAND NR RIO VISTA CA,2023-05-16
ddca9a9cfa3a5a0f,source_ood,1,validation,USGS_Sacramento_Delta,USGS_Sacramento_Delta,waterbody:USGS_Sacramento_Delta:SHAG SLOUGH A LIBERTY ISLAND NR COURTLAND CA,2023-05-16
604786d16a25e103,source_ood,1,validation,USGS_Sacramento_Delta,USGS_Sacramento_Delta,waterbody:USGS_Sacramento_Delta:SHAG SLOUGH A LIBERTY ISLAND NR COURTLAND CA,2023-05-16
0a8b3beb5d6e17a6,source_ood,1,validation,USGS_Sacramento_Delta,USGS_Sacramento_Delta,waterbody:USGS_Sacramento_Delta:SHAG SLOUGH A LIBERTY ISLAND NR COURTLAND CA,2023-05-16
264d82d3b0cdb528,source_ood,1,validation,USGS_Sacramento_Delta,USGS_Sacramento_Delta,waterbody:USGS_Sacramento_Delta:LIBERTY ISLAND A UPPER STAIR STEP NR FIVE POINTS C,2023-05-16
d19159b032875c99,source_ood,1,validation,USGS_Sacramento_Delta,USGS_Sacramento_Delta,waterbody:USGS_Sacramento_Delta:LIBERTY ISLAND A UPPER STAIR STEP NR FIVE POINTS C,2023-05-16
dc05c85048e466a7,source_ood,1,validation,USGS_Sacramento_Delta,USGS_Sacramento_Delta,waterbody:USGS_Sacramento_Delta:LIBERTY ISLAND A UPPER STAIR STEP NR FIVE POINTS C,2023-05-16
d4959ca1aafa882c,source_ood,1,validation,USGS_Sacramento_Delta,USGS_Sacramento_Delta,waterbody:USGS_Sacramento_Delta:PROSPECT SLOUGH A PROSPECT ISLAND NR RYDE CA,2023-05-16
1fd3c8f9e339b88d,source_ood,1,validation,USGS_Sacramento_Delta,USGS_Sacramento_Delta,waterbody:USGS_Sacramento_Delta:PROSPECT SLOUGH A PROSPECT ISLAND NR RYDE CA,2023-05-16
5fcb8231fcf63815,source_ood,1,validation,USGS_Sacramento_Delta,USGS_Sacramento_Delta,waterbody:USGS_Sacramento_Delta:PROSPECT SLOUGH A PROSPECT ISLAND NR RYDE CA,2023-05-16
02b298cda6f67d56,source_ood,1,validation,USGS_Sacramento_Delta,USGS_Sacramento_Delta,waterbody:USGS_Sacramento_Delta:OLD R A BACON ISLAND CA,2024-05-16
9f0f1154d0a13646,source_ood,1,validation,USGS_Sacramento_Delta,USGS_Sacramento_Delta,waterbody:USGS_Sacramento_Delta:OLD R A BACON ISLAND CA,2024-05-16
0c22cb34a5c538c2,source_ood,1,validation,USGS_Sacramento_Delta,USGS_Sacramento_Delta,waterbody:USGS_Sacramento_Delta:OLD R A BACON ISLAND CA,2024-05-16
2a148583cbd9fdc2,source_ood,1,validation,USGS_Sacramento_Delta,USGS_Sacramento_Delta,waterbody:USGS_Sacramento_Delta:MIDDLE R AT MIDDLE RIVER CA,2024-05-16
871dbf0d5f664e81,source_ood,1,validation,USGS_Sacramento_Delta,USGS_Sacramento_Delta,waterbody:USGS_Sacramento_Delta:MIDDLE R AT MIDDLE RIVER CA,2024-05-16
e33702cfe3571b8d,source_ood,1,validation,USGS_Sacramento_Delta,USGS_Sacramento_Delta,waterbody:USGS_Sacramento_Delta:MIDDLE R AT MIDDLE RIVER CA,2024-05-16
6c61537683f7749d,source_ood,1,validation,USGS_Sacramento_Delta,USGS_Sacramento_Delta,waterbody:USGS_Sacramento_Delta:THREEMILE SLOUGH A TWITCHELL ISLAND NR RIO VISTA,2022-05-17
86eeded4e0971395,source_ood,1,validation,USGS_Sacramento_Delta,USGS_Sacramento_Delta,waterbody:USGS_Sacramento_Delta:THREEMILE SLOUGH A TWITCHELL ISLAND NR RIO VISTA,2022-05-17
e3340e9ee7b497a4,source_ood,1,validation,USGS_Sacramento_Delta,USGS_Sacramento_Delta,waterbody:USGS_Sacramento_Delta:THREEMILE SLOUGH A TWITCHELL ISLAND NR RIO VISTA,2022-05-17
77e728d9e095d0f9,source_ood,1,validation,USGS_Sacramento_Delta,USGS_Sacramento_Delta,waterbody:USGS_Sacramento_Delta:THREEMILE SLOUGH A TWITCHELL ISLAND NR RIO VISTA,2022-05-17
baca6656c2f2d991,source_ood,1,validation,USGS_Sacramento_Delta,USGS_Sacramento_Delta,waterbody:USGS_Sacramento_Delta:SAN JOAQUIN R A PRISONERS PT NR TERMINOUS CA,2022-05-17
4eb47469515091e0,source_ood,1,validation,USGS_Sacramento_Delta,USGS_Sacramento_Delta,waterbody:USGS_Sacramento_Delta:SAN JOAQUIN R A PRISONERS PT NR TERMINOUS CA,2022-05-17
586559166145d37c,source_ood,1,validation,USGS_Sacramento_Delta,USGS_Sacramento_Delta,waterbody:USGS_Sacramento_Delta:SAN JOAQUIN R A PRISONERS PT NR TERMINOUS CA,2022-05-17
8bcffd7ffcaffdf9,source_ood,1,validation,USGS_Sacramento_Delta,USGS_Sacramento_Delta,waterbody:USGS_Sacramento_Delta:SAN JOAQUIN R A PRISONERS PT NR TERMINOUS CA,2022-05-17
de90c4854be1c141,source_ood,1,validation,USGS_Sacramento_Delta,USGS_Sacramento_Delta,waterbody:USGS_Sacramento_Delta:SAN JOAQUIN R A TINSLEY ISLAND NR TERMINOUS CA,2022-05-17
b133b9b28d9e6d15,source_ood,1,validation,USGS_Sacramento_Delta,USGS_Sacramento_Delta,waterbody:USGS_Sacramento_Delta:SAN JOAQUIN R A TINSLEY ISLAND NR TERMINOUS CA,2022-05-17
69baf8aaf6e24cd5,source_ood,1,validation,USGS_Sacramento_Delta,USGS_Sacramento_Delta,waterbody:USGS_Sacramento_Delta:SAN JOAQUIN R A TINSLEY ISLAND NR TERMINOUS CA,2022-05-17
a86a5a5596806170,source_ood,1,validation,USGS_Sacramento_Delta,USGS_Sacramento_Delta,waterbody:USGS_Sacramento_Delta:SAN JOAQUIN R A TINSLEY ISLAND NR TERMINOUS CA,2022-05-17
5a2d02bec8ba0254,source_ood,1,validation,USGS_Sacramento_Delta,USGS_Sacramento_Delta,waterbody:USGS_Sacramento_Delta:TURNER CUT NR HOLT CA,2022-05-17
488a12e85f97b664,source_ood,1,validation,USGS_Sacramento_Delta,USGS_Sacramento_Delta,waterbody:USGS_Sacramento_Delta:TURNER CUT NR HOLT CA,2022-05-17
b2fecbf661f40055,source_ood,1,validation,USGS_Sacramento_Delta,USGS_Sacramento_Delta,waterbody:USGS_Sacramento_Delta:TURNER CUT NR HOLT CA,2022-05-17
018346bae2741ee5,source_ood,1,validation,USGS_Sacramento_Delta,USGS_Sacramento_Delta,waterbody:USGS_Sacramento_Delta:TURNER CUT NR HOLT CA,2022-05-17
b02fbee5e233e558,source_ood,1,validation,USGS_Sacramento_Delta,USGS_Sacramento_Delta,waterbody:USGS_Sacramento_Delta:SAN JOAQUIN R A BUCKLEY COVE NR STOCKTON CA,2022-05-17
e41db2b0d6520b6d,source_ood,1,validation,USGS_Sacramento_Delta,USGS_Sacramento_Delta,waterbody:USGS_Sacramento_Delta:SAN JOAQUIN R A BUCKLEY COVE NR STOCKTON CA,2022-05-17
7d9c3ee5bf254b17,source_ood,1,validation,USGS_Sacramento_Delta,USGS_Sacramento_Delta,waterbody:USGS_Sacramento_Delta:SAN JOAQUIN R A BUCKLEY COVE NR STOCKTON CA,2022-05-17
da526f567146ed04,source_ood,1,validation,USGS_Sacramento_Delta,USGS_Sacramento_Delta,waterbody:USGS_Sacramento_Delta:SAN JOAQUIN R A BUCKLEY COVE NR STOCKTON CA,2022-05-17
765d211d1ee34516,source_ood,1,validation,USGS_Sacramento_Delta,USGS_Sacramento_Delta,waterbody:USGS_Sacramento_Delta:SAN JOAQUIN R A NAVY DR NR STOCKTON CA,2022-05-17
f30c8468398c485a,source_ood,1,validation,USGS_Sacramento_Delta,USGS_Sacramento_Delta,waterbody:USGS_Sacramento_Delta:SAN JOAQUIN R A NAVY DR NR STOCKTON CA,2022-05-17
e60bb5ebee2d2bbe,source_ood,1,validation,USGS_Sacramento_Delta,USGS_Sacramento_Delta,waterbody:USGS_Sacramento_Delta:SAN JOAQUIN R A NAVY DR NR STOCKTON CA,2022-05-17
bb829e28fe0c1ef7,source_ood,1,validation,USGS_Sacramento_Delta,USGS_Sacramento_Delta,waterbody:USGS_Sacramento_Delta:SAN JOAQUIN R A NAVY DR NR STOCKTON CA,2022-05-17
6136c9c6b98d314f,source_ood,1,validation,USGS_Sacramento_Delta,USGS_Sacramento_Delta,waterbody:USGS_Sacramento_Delta:FOURTEENMILE SLOUGH NR TERMINOUS CA,2022-05-17
df44a2abdceb8959,source_ood,1,validation,USGS_Sacramento_Delta,USGS_Sacramento_Delta,waterbody:USGS_Sacramento_Delta:FOURTEENMILE SLOUGH NR TERMINOUS CA,2022-05-17
bb9cbb1b518d6e54,source_ood,1,validation,USGS_Sacramento_Delta,USGS_Sacramento_Delta,waterbody:USGS_Sacramento_Delta:FOURTEENMILE SLOUGH NR TERMINOUS CA,2022-05-17
ac1014034e139619,source_ood,1,validation,USGS_Sacramento_Delta,USGS_Sacramento_Delta,waterbody:USGS_Sacramento_Delta:FOURTEENMILE SLOUGH NR TERMINOUS CA,2022-05-17
1c36df404dedeec0,source_ood,1,validation,USGS_Sacramento_Delta,USGS_Sacramento_Delta,waterbody:USGS_Sacramento_Delta:SAN JOAQUIN R A TINSLEY ISLAND NR TERMINOUS CA,2022-05-17
57517eea60f54270,source_ood,1,validation,USGS_Sacramento_Delta,USGS_Sacramento_Delta,waterbody:USGS_Sacramento_Delta:SAN JOAQUIN R A TINSLEY ISLAND NR TERMINOUS CA,2022-05-17
2c1374dd43e0e010,source_ood,1,validation,USGS_Sacramento_Delta,USGS_Sacramento_Delta,waterbody:USGS_Sacramento_Delta:SAN JOAQUIN R A TINSLEY ISLAND NR TERMINOUS CA,2022-05-17
c32a69b43eed4b51,source_ood,1,validation,USGS_Sacramento_Delta,USGS_Sacramento_Delta,waterbody:USGS_Sacramento_Delta:SAN JOAQUIN R A TINSLEY ISLAND NR TERMINOUS CA,2022-05-17
094cf825e4db5688,source_ood,1,validation,USGS_Sacramento_Delta,USGS_Sacramento_Delta,waterbody:USGS_Sacramento_Delta:SAN JOAQUIN R A JERSEY POINT CA,2022-05-17
116404d627171dfa,source_ood,1,validation,USGS_Sacramento_Delta,USGS_Sacramento_Delta,waterbody:USGS_Sacramento_Delta:SAN JOAQUIN R A JERSEY POINT CA,2022-05-17
a62a40e7a8411f46,source_ood,1,validation,USGS_Sacramento_Delta,USGS_Sacramento_Delta,waterbody:USGS_Sacramento_Delta:SAN JOAQUIN R A JERSEY POINT CA,2022-05-17
36fc826a3012a557,source_ood,1,validation,USGS_Sacramento_Delta,USGS_Sacramento_Delta,waterbody:USGS_Sacramento_Delta:SAN JOAQUIN R A JERSEY POINT CA,2022-05-17
42bdd59850c08cfd,source_ood,1,validation,USGS_Sacramento_Delta,USGS_Sacramento_Delta,waterbody:USGS_Sacramento_Delta:GRIZZLY BAY A SUISUN SLOUGH NR AVON CA,2022-05-17
f0a03587dafe50ae,source_ood,1,validation,USGS_Sacramento_Delta,USGS_Sacramento_Delta,waterbody:USGS_Sacramento_Delta:GRIZZLY BAY A SUISUN SLOUGH NR AVON CA,2022-05-17
10924283795507d3,source_ood,1,validation,USGS_Sacramento_Delta,USGS_Sacramento_Delta,waterbody:USGS_Sacramento_Delta:GRIZZLY BAY A SUISUN SLOUGH NR AVON CA,2022-05-17
cbd52920798611a8,source_ood,1,validation,USGS_Sacramento_Delta,USGS_Sacramento_Delta,waterbody:USGS_Sacramento_Delta:GRIZZLY BAY A SUISUN SLOUGH NR AVON CA,2022-05-17
5a8c107e09f64ea7,source_ood,1,validation,USGS_Sacramento_Delta,USGS_Sacramento_Delta,waterbody:USGS_Sacramento_Delta:SUISUN BAY A VAN SICKLE ISLAND NR PITTSBURG CA,2022-05-17
e5823b541594130d,source_ood,1,validation,USGS_Sacramento_Delta,USGS_Sacramento_Delta,waterbody:USGS_Sacramento_Delta:SUISUN BAY A VAN SICKLE ISLAND NR PITTSBURG CA,2022-05-17
2b2a2120c6fe3a87,source_ood,1,validation,USGS_Sacramento_Delta,USGS_Sacramento_Delta,waterbody:USGS_Sacramento_Delta:SUISUN BAY A VAN SICKLE ISLAND NR PITTSBURG CA,2022-05-17
1b77c7eadf8472ae,source_ood,1,validation,USGS_Sacramento_Delta,USGS_Sacramento_Delta,waterbody:USGS_Sacramento_Delta:SUISUN BAY A VAN SICKLE ISLAND NR PITTSBURG CA,2022-05-17
c8a62180c3a6826a,source_ood,1,validation,USGS_Sacramento_Delta,USGS_Sacramento_Delta,waterbody:USGS_Sacramento_Delta:SACRAMENTO R BL TOLAND LANDING NR RIO VISTA CA,2022-05-17
f2e44a3adf3c7461,source_ood,1,validation,USGS_Sacramento_Delta,USGS_Sacramento_Delta,waterbody:USGS_Sacramento_Delta:SACRAMENTO R BL TOLAND LANDING NR RIO VISTA CA,2022-05-17
2e1808f1d856ed15,source_ood,1,validation,USGS_Sacramento_Delta,USGS_Sacramento_Delta,waterbody:USGS_Sacramento_Delta:SACRAMENTO R BL TOLAND LANDING NR RIO VISTA CA,2022-05-17
88450518294415d7,source_ood,1,validation,USGS_Sacramento_Delta,USGS_Sacramento_Delta,waterbody:USGS_Sacramento_Delta:SACRAMENTO R BL TOLAND LANDING NR RIO VISTA CA,2022-05-17
4501d8652a95c4d6,source_ood,1,validation,USGS_Sacramento_Delta,USGS_Sacramento_Delta,waterbody:USGS_Sacramento_Delta:SACRAMENTO R BL TOLAND LANDING NR RIO VISTA CA,2023-05-17
b700a7707794c7f2,source_ood,1,validation,USGS_Sacramento_Delta,USGS_Sacramento_Delta,waterbody:USGS_Sacramento_Delta:SACRAMENTO R BL TOLAND LANDING NR RIO VISTA CA,2023-05-17
32fe5ddb95f8e07a,source_ood,1,validation,USGS_Sacramento_Delta,USGS_Sacramento_Delta,waterbody:USGS_Sacramento_Delta:SACRAMENTO R BL TOLAND LANDING NR RIO VISTA CA,2023-05-17
4d3dd6d75ae84db0,source_ood,1,validation,USGS_Sacramento_Delta,USGS_Sacramento_Delta,waterbody:USGS_Sacramento_Delta:SAN JOAQUIN R A JERSEY POINT CA,2023-05-17
cf53ed305e5cf3da,source_ood,1,validation,USGS_Sacramento_Delta,USGS_Sacramento_Delta,waterbody:USGS_Sacramento_Delta:SAN JOAQUIN R A JERSEY POINT CA,2023-05-17
1ccdec84175f1978,source_ood,1,validation,USGS_Sacramento_Delta,USGS_Sacramento_Delta,waterbody:USGS_Sacramento_Delta:SAN JOAQUIN R A JERSEY POINT CA,2023-05-17
df209bf0be77afbf,source_ood,1,validation,USGS_Sacramento_Delta,USGS_Sacramento_Delta,waterbody:USGS_Sacramento_Delta:SAN JOAQUIN R A PRISONERS PT NR TERMINOUS CA,2023-05-17
14486497f40e0bb7,source_ood,1,validation,USGS_Sacramento_Delta,USGS_Sacramento_Delta,waterbody:USGS_Sacramento_Delta:SAN JOAQUIN R A PRISONERS PT NR TERMINOUS CA,2023-05-17
400b71648204e21a,source_ood,1,validation,USGS_Sacramento_Delta,USGS_Sacramento_Delta,waterbody:USGS_Sacramento_Delta:SAN JOAQUIN R A PRISONERS PT NR TERMINOUS CA,2023-05-17
2dafe0c816d57d45,source_ood,1,validation,USGS_Sacramento_Delta,USGS_Sacramento_Delta,waterbody:USGS_Sacramento_Delta:SAN JOAQUIN R A TINSLEY ISLAND NR TERMINOUS CA,2023-05-17
f2a4843845af39c8,source_ood,1,validation,USGS_Sacramento_Delta,USGS_Sacramento_Delta,waterbody:USGS_Sacramento_Delta:SAN JOAQUIN R A TINSLEY ISLAND NR TERMINOUS CA,2023-05-17
029f0b7642b1fcc7,source_ood,1,validation,USGS_Sacramento_Delta,USGS_Sacramento_Delta,waterbody:USGS_Sacramento_Delta:SAN JOAQUIN R A TINSLEY ISLAND NR TERMINOUS CA,2023-05-17
3912e56c5476729f,source_ood,1,validation,USGS_Sacramento_Delta,USGS_Sacramento_Delta,waterbody:USGS_Sacramento_Delta:TURNER CUT NR HOLT CA,2023-05-17
c8932166683d139d,source_ood,1,validation,USGS_Sacramento_Delta,USGS_Sacramento_Delta,waterbody:USGS_Sacramento_Delta:TURNER CUT NR HOLT CA,2023-05-17
04da6a2489fc5f23,source_ood,1,validation,USGS_Sacramento_Delta,USGS_Sacramento_Delta,waterbody:USGS_Sacramento_Delta:TURNER CUT NR HOLT CA,2023-05-17
fc8b00b86009e48d,source_ood,1,validation,USGS_Sacramento_Delta,USGS_Sacramento_Delta,waterbody:USGS_Sacramento_Delta:SAN JOAQUIN R A BUCKLEY COVE NR STOCKTON CA,2023-05-17
14e10f4d0af3610e,source_ood,1,validation,USGS_Sacramento_Delta,USGS_Sacramento_Delta,waterbody:USGS_Sacramento_Delta:SAN JOAQUIN R A BUCKLEY COVE NR STOCKTON CA,2023-05-17
80b5098396733654,source_ood,1,validation,USGS_Sacramento_Delta,USGS_Sacramento_Delta,waterbody:USGS_Sacramento_Delta:SAN JOAQUIN R A BUCKLEY COVE NR STOCKTON CA,2023-05-17
e637e48fd2d16397,source_ood,1,validation,USGS_Sacramento_Delta,USGS_Sacramento_Delta,waterbody:USGS_Sacramento_Delta:PORT OF STOCKTON NR STOCKTON CA,2023-05-17
5c3178b9aefc84ea,source_ood,1,validation,USGS_Sacramento_Delta,USGS_Sacramento_Delta,waterbody:USGS_Sacramento_Delta:PORT OF STOCKTON NR STOCKTON CA,2023-05-17
8bfc589f6981eeb9,source_ood,1,validation,USGS_Sacramento_Delta,USGS_Sacramento_Delta,waterbody:USGS_Sacramento_Delta:PORT OF STOCKTON NR STOCKTON CA,2023-05-17
ca83ee8f1f9a5a6c,source_ood,1,validation,USGS_Sacramento_Delta,USGS_Sacramento_Delta,waterbody:USGS_Sacramento_Delta:SAN JOAQUIN R AB MCCOY AVE NR STOCKTON CA,2023-05-17
062d3b660691a92f,source_ood,1,validation,USGS_Sacramento_Delta,USGS_Sacramento_Delta,waterbody:USGS_Sacramento_Delta:SAN JOAQUIN R AB MCCOY AVE NR STOCKTON CA,2023-05-17
fdfedada1611db5c,source_ood,1,validation,USGS_Sacramento_Delta,USGS_Sacramento_Delta,waterbody:USGS_Sacramento_Delta:SAN JOAQUIN R AB MCCOY AVE NR STOCKTON CA,2023-05-17
b1f7a86fa13aa84c,source_ood,1,validation,USGS_Sacramento_Delta,USGS_Sacramento_Delta,waterbody:USGS_Sacramento_Delta:SAN JOAQUIN R A NAVY DR NR STOCKTON CA,2023-05-17
ee036539e488893a,source_ood,1,validation,USGS_Sacramento_Delta,USGS_Sacramento_Delta,waterbody:USGS_Sacramento_Delta:SAN JOAQUIN R A NAVY DR NR STOCKTON CA,2023-05-17
e912fe17a5cedec7,source_ood,1,validation,USGS_Sacramento_Delta,USGS_Sacramento_Delta,waterbody:USGS_Sacramento_Delta:SAN JOAQUIN R A NAVY DR NR STOCKTON CA,2023-05-17
d968be123455d10c,source_ood,1,validation,USGS_Sacramento_Delta,USGS_Sacramento_Delta,waterbody:USGS_Sacramento_Delta:SAN JOAQUIN R AB MCCOY AVE NR STOCKTON CA,2023-05-17
6d70ed420ab53e1c,source_ood,1,validation,USGS_Sacramento_Delta,USGS_Sacramento_Delta,waterbody:USGS_Sacramento_Delta:SAN JOAQUIN R AB MCCOY AVE NR STOCKTON CA,2023-05-17
5abf33afea7d1529,source_ood,1,validation,USGS_Sacramento_Delta,USGS_Sacramento_Delta,waterbody:USGS_Sacramento_Delta:SAN JOAQUIN R AB MCCOY AVE NR STOCKTON CA,2023-05-17
7af8249c5a456a29,source_ood,1,validation,USGS_Sacramento_Delta,USGS_Sacramento_Delta,waterbody:USGS_Sacramento_Delta:SAN JOAQUIN R A WINDMILL COVE RD NR HOLT CA,2023-05-17
a4b8051d332ac373,source_ood,1,validation,USGS_Sacramento_Delta,USGS_Sacramento_Delta,waterbody:USGS_Sacramento_Delta:SAN JOAQUIN R A WINDMILL COVE RD NR HOLT CA,2023-05-17
df0132c446872585,source_ood,1,validation,USGS_Sacramento_Delta,USGS_Sacramento_Delta,waterbody:USGS_Sacramento_Delta:SAN JOAQUIN R A WINDMILL COVE RD NR HOLT CA,2023-05-17
e43786d49c609db9,source_ood,1,validation,USGS_Sacramento_Delta,USGS_Sacramento_Delta,waterbody:USGS_Sacramento_Delta:FOURTEENMILE SLOUGH NR TERMINOUS CA,2023-05-17
4dd5ba7948cd4924,source_ood,1,validation,USGS_Sacramento_Delta,USGS_Sacramento_Delta,waterbody:USGS_Sacramento_Delta:FOURTEENMILE SLOUGH NR TERMINOUS CA,2023-05-17
1f5a452d45dde14f,source_ood,1,validation,USGS_Sacramento_Delta,USGS_Sacramento_Delta,waterbody:USGS_Sacramento_Delta:FOURTEENMILE SLOUGH NR TERMINOUS CA,2023-05-17
b46ba1ffd1a47ed8,source_ood,1,validation,USGS_Sacramento_Delta,USGS_Sacramento_Delta,waterbody:USGS_Sacramento_Delta:DISAPPOINTMENT SLOUGH NR TERMINOUS CA,2023-05-17
fa9883839496d92f,source_ood,1,validation,USGS_Sacramento_Delta,USGS_Sacramento_Delta,waterbody:USGS_Sacramento_Delta:DISAPPOINTMENT SLOUGH NR TERMINOUS CA,2023-05-17
a2172b26717c00bf,source_ood,1,validation,USGS_Sacramento_Delta,USGS_Sacramento_Delta,waterbody:USGS_Sacramento_Delta:DISAPPOINTMENT SLOUGH NR TERMINOUS CA,2023-05-17
3b4525f85cb77b97,source_ood,1,validation,USGS_Sacramento_Delta,USGS_Sacramento_Delta,waterbody:USGS_Sacramento_Delta:SACRAMENTO R BL TOLAND LANDING NR RIO VISTA CA,2023-05-17
d85b95ace1ec37c2,source_ood,1,validation,USGS_Sacramento_Delta,USGS_Sacramento_Delta,waterbody:USGS_Sacramento_Delta:SACRAMENTO R BL TOLAND LANDING NR RIO VISTA CA,2023-05-17
62e3f20037113c7a,source_ood,1,validation,USGS_Sacramento_Delta,USGS_Sacramento_Delta,waterbody:USGS_Sacramento_Delta:SACRAMENTO R BL TOLAND LANDING NR RIO VISTA CA,2023-05-17
aa0e3e3afdcaf5a9,source_ood,1,validation,USGS_Sacramento_Delta,USGS_Sacramento_Delta,waterbody:USGS_Sacramento_Delta:GEORGIANA SLOUGH A TYLER ISLAND RD NR ISLETON CA,2023-05-17
497991f499cea802,source_ood,1,validation,USGS_Sacramento_Delta,USGS_Sacramento_Delta,waterbody:USGS_Sacramento_Delta:GEORGIANA SLOUGH A TYLER ISLAND RD NR ISLETON CA,2023-05-17
3121c310915f9727,source_ood,1,validation,USGS_Sacramento_Delta,USGS_Sacramento_Delta,waterbody:USGS_Sacramento_Delta:GEORGIANA SLOUGH A TYLER ISLAND RD NR ISLETON CA,2023-05-17
0961988f30e1e47a,source_ood,1,validation,USGS_Sacramento_Delta,USGS_Sacramento_Delta,waterbody:USGS_Sacramento_Delta:DELTA RMP SACR-028,2023-05-17
9babb52e8b7e2a3f,source_ood,1,validation,USGS_Sacramento_Delta,USGS_Sacramento_Delta,waterbody:USGS_Sacramento_Delta:DELTA RMP SACR-028,2023-05-17
341a584195c81ce0,source_ood,1,validation,USGS_Sacramento_Delta,USGS_Sacramento_Delta,waterbody:USGS_Sacramento_Delta:DELTA RMP SACR-028,2023-05-17
0a64924014472284,source_ood,1,validation,USGS_Sacramento_Delta,USGS_Sacramento_Delta,waterbody:USGS_Sacramento_Delta:SAN JOAQUIN R A ROUGH AND READY ISLAND NR STOCKTON,2021-05-18
c8eef361db72f764,source_ood,1,validation,USGS_Sacramento_Delta,USGS_Sacramento_Delta,waterbody:USGS_Sacramento_Delta:SAN JOAQUIN R A ROUGH AND READY ISLAND NR STOCKTON,2021-05-18
fe3a0214967a7051,source_ood,1,validation,USGS_Sacramento_Delta,USGS_Sacramento_Delta,waterbody:USGS_Sacramento_Delta:SAN JOAQUIN R A ROUGH AND READY ISLAND NR STOCKTON,2021-05-18
834f027d016ae565,source_ood,1,validation,USGS_Sacramento_Delta,USGS_Sacramento_Delta,waterbody:USGS_Sacramento_Delta:SAN JOAQUIN R A ROUGH AND READY ISLAND NR STOCKTON,2021-05-18
dcfc5f8e4730b34c,source_ood,1,validation,USGS_Sacramento_Delta,USGS_Sacramento_Delta,waterbody:USGS_Sacramento_Delta:San Joaquin R a R mi 72.2 nr Vernalis CA,2021-05-18
bba40812016b4b3d,source_ood,1,validation,USGS_Sacramento_Delta,USGS_Sacramento_Delta,waterbody:USGS_Sacramento_Delta:San Joaquin R a R mi 72.2 nr Vernalis CA,2021-05-18
97e36de683ad9c80,source_ood,1,validation,USGS_Sacramento_Delta,USGS_Sacramento_Delta,waterbody:USGS_Sacramento_Delta:San Joaquin R a R mi 72.2 nr Vernalis CA,2021-05-18
61e290c7f4bf0921,source_ood,1,validation,USGS_Sacramento_Delta,USGS_Sacramento_Delta,waterbody:USGS_Sacramento_Delta:San Joaquin R a R mi 72.2 nr Vernalis CA,2021-05-18
2c52ad25e2a00c01,source_ood,1,validation,USGS_Sacramento_Delta,USGS_Sacramento_Delta,waterbody:USGS_Sacramento_Delta:N MOKELUMNE R A TYLER ISLAND RD NR ISELTON CA,2022-05-18
12a2846ec6e0f57f,source_ood,1,validation,USGS_Sacramento_Delta,USGS_Sacramento_Delta,waterbody:USGS_Sacramento_Delta:N MOKELUMNE R A TYLER ISLAND RD NR ISELTON CA,2022-05-18
83cfb4949f497591,source_ood,1,validation,USGS_Sacramento_Delta,USGS_Sacramento_Delta,waterbody:USGS_Sacramento_Delta:N MOKELUMNE R A TYLER ISLAND RD NR ISELTON CA,2022-05-18
217f9649f69914eb,source_ood,1,validation,USGS_Sacramento_Delta,USGS_Sacramento_Delta,waterbody:USGS_Sacramento_Delta:N MOKELUMNE R A TYLER ISLAND RD NR ISELTON CA,2022-05-18
5728aeeab2c49003,source_ood,1,validation,USGS_Sacramento_Delta,USGS_Sacramento_Delta,waterbody:USGS_Sacramento_Delta:N MOKELUMNE NR WALNUT GROVE CA,2022-05-18
8b1f047e2ec2438c,source_ood,1,validation,USGS_Sacramento_Delta,USGS_Sacramento_Delta,waterbody:USGS_Sacramento_Delta:N MOKELUMNE NR WALNUT GROVE CA,2022-05-18
e8feb46100dd87e8,source_ood,1,validation,USGS_Sacramento_Delta,USGS_Sacramento_Delta,waterbody:USGS_Sacramento_Delta:N MOKELUMNE NR WALNUT GROVE CA,2022-05-18
9086bf2a0cb183c9,source_ood,1,validation,USGS_Sacramento_Delta,USGS_Sacramento_Delta,waterbody:USGS_Sacramento_Delta:N MOKELUMNE NR WALNUT GROVE CA,2022-05-18
c9075b9ab8f8aec0,source_ood,1,validation,USGS_Sacramento_Delta,USGS_Sacramento_Delta,waterbody:USGS_Sacramento_Delta:S MOKELUMNE R A SYCAMORE SLOUGH NR TERMINOUS CA,2022-05-18
6709d4af488805c6,source_ood,1,validation,USGS_Sacramento_Delta,USGS_Sacramento_Delta,waterbody:USGS_Sacramento_Delta:S MOKELUMNE R A SYCAMORE SLOUGH NR TERMINOUS CA,2022-05-18
83d252e75cb8ed2d,source_ood,1,validation,USGS_Sacramento_Delta,USGS_Sacramento_Delta,waterbody:USGS_Sacramento_Delta:S MOKELUMNE R A SYCAMORE SLOUGH NR TERMINOUS CA,2022-05-18
2e89a41cec4c6877,source_ood,1,validation,USGS_Sacramento_Delta,USGS_Sacramento_Delta,waterbody:USGS_Sacramento_Delta:S MOKELUMNE R A SYCAMORE SLOUGH NR TERMINOUS CA,2022-05-18
7699703f12bbab55,source_ood,1,validation,USGS_Sacramento_Delta,USGS_Sacramento_Delta,waterbody:USGS_Sacramento_Delta:SYCAMORE SLOUGH NR TERMINOUS CA,2022-05-18
94105993eb21d40e,source_ood,1,validation,USGS_Sacramento_Delta,USGS_Sacramento_Delta,waterbody:USGS_Sacramento_Delta:SYCAMORE SLOUGH NR TERMINOUS CA,2022-05-18
41b27931a47ec27b,source_ood,1,validation,USGS_Sacramento_Delta,USGS_Sacramento_Delta,waterbody:USGS_Sacramento_Delta:SYCAMORE SLOUGH NR TERMINOUS CA,2022-05-18
accab9fb769bdba8,source_ood,1,validation,USGS_Sacramento_Delta,USGS_Sacramento_Delta,waterbody:USGS_Sacramento_Delta:SYCAMORE SLOUGH NR TERMINOUS CA,2022-05-18
1c6174a53ab8a221,source_ood,1,validation,USGS_Sacramento_Delta,USGS_Sacramento_Delta,waterbody:USGS_Sacramento_Delta:LITTLE POTATO SLOUGH A TERMINOUS CA,2022-05-18
2297a68a6d3b404c,source_ood,1,validation,USGS_Sacramento_Delta,USGS_Sacramento_Delta,waterbody:USGS_Sacramento_Delta:LITTLE POTATO SLOUGH A TERMINOUS CA,2022-05-18
13d3d18aa87f4022,source_ood,1,validation,USGS_Sacramento_Delta,USGS_Sacramento_Delta,waterbody:USGS_Sacramento_Delta:LITTLE POTATO SLOUGH A TERMINOUS CA,2022-05-18
7aee6c755772585d,source_ood,1,validation,USGS_Sacramento_Delta,USGS_Sacramento_Delta,waterbody:USGS_Sacramento_Delta:LITTLE POTATO SLOUGH A TERMINOUS CA,2022-05-18
ec80c1e6d1565ef6,source_ood,1,validation,USGS_Sacramento_Delta,USGS_Sacramento_Delta,waterbody:USGS_Sacramento_Delta:MIDDLE R NR HOLT CA,2022-05-18
9a0955fdba421339,source_ood,1,validation,USGS_Sacramento_Delta,USGS_Sacramento_Delta,waterbody:USGS_Sacramento_Delta:MIDDLE R NR HOLT CA,2022-05-18
db456dbc1dd9e4c7,source_ood,1,validation,USGS_Sacramento_Delta,USGS_Sacramento_Delta,waterbody:USGS_Sacramento_Delta:MIDDLE R NR HOLT CA,2022-05-18
11a5115f672f2249,source_ood,1,validation,USGS_Sacramento_Delta,USGS_Sacramento_Delta,waterbody:USGS_Sacramento_Delta:MIDDLE R NR HOLT CA,2022-05-18
a11635e7dda22326,source_ood,1,validation,USGS_Sacramento_Delta,USGS_Sacramento_Delta,waterbody:USGS_Sacramento_Delta:MIDDLE R AT MIDDLE RIVER CA,2022-05-18
957627b484d8dc00,source_ood,1,validation,USGS_Sacramento_Delta,USGS_Sacramento_Delta,waterbody:USGS_Sacramento_Delta:MIDDLE R AT MIDDLE RIVER CA,2022-05-18
b316ce73e1aaaf4f,source_ood,1,validation,USGS_Sacramento_Delta,USGS_Sacramento_Delta,waterbody:USGS_Sacramento_Delta:MIDDLE R AT MIDDLE RIVER CA,2022-05-18
1aabece284216a8a,source_ood,1,validation,USGS_Sacramento_Delta,USGS_Sacramento_Delta,waterbody:USGS_Sacramento_Delta:MIDDLE R AT MIDDLE RIVER CA,2022-05-18
3cd55ef934aa41e8,source_ood,1,validation,USGS_Sacramento_Delta,USGS_Sacramento_Delta,waterbody:USGS_Sacramento_Delta:MIDDLE R A BORDEN HWY NR TRACY CA,2022-05-18
25f7cb5aea8889e8,source_ood,1,validation,USGS_Sacramento_Delta,USGS_Sacramento_Delta,waterbody:USGS_Sacramento_Delta:MIDDLE R A BORDEN HWY NR TRACY CA,2022-05-18
fbc98320c7486176,source_ood,1,validation,USGS_Sacramento_Delta,USGS_Sacramento_Delta,waterbody:USGS_Sacramento_Delta:MIDDLE R A BORDEN HWY NR TRACY CA,2022-05-18
dc088a89e2e7ba60,source_ood,1,validation,USGS_Sacramento_Delta,USGS_Sacramento_Delta,waterbody:USGS_Sacramento_Delta:MIDDLE R A BORDEN HWY NR TRACY CA,2022-05-18
54e05f67f13b4a2f,source_ood,1,validation,USGS_Sacramento_Delta,USGS_Sacramento_Delta,waterbody:USGS_Sacramento_Delta:OLD R A CLIFTON COURT FERRY CA,2022-05-18
4088dc3667bbdaf8,source_ood,1,validation,USGS_Sacramento_Delta,USGS_Sacramento_Delta,waterbody:USGS_Sacramento_Delta:OLD R A CLIFTON COURT FERRY CA,2022-05-18
98ebd284f3e4fa9e,source_ood,1,validation,USGS_Sacramento_Delta,USGS_Sacramento_Delta,waterbody:USGS_Sacramento_Delta:OLD R A CLIFTON COURT FERRY CA,2022-05-18
5e5309bcc1ccad8d,source_ood,1,validation,USGS_Sacramento_Delta,USGS_Sacramento_Delta,waterbody:USGS_Sacramento_Delta:OLD R A CLIFTON COURT FERRY CA,2022-05-18
15e85de270ed908f,source_ood,1,validation,USGS_Sacramento_Delta,USGS_Sacramento_Delta,waterbody:USGS_Sacramento_Delta:OLD R A INDIAN SLOUGH CA,2022-05-18
dddbf687de3ae754,source_ood,1,validation,USGS_Sacramento_Delta,USGS_Sacramento_Delta,waterbody:USGS_Sacramento_Delta:OLD R A INDIAN SLOUGH CA,2022-05-18
ee6e510a281daec6,source_ood,1,validation,USGS_Sacramento_Delta,USGS_Sacramento_Delta,waterbody:USGS_Sacramento_Delta:OLD R A INDIAN SLOUGH CA,2022-05-18
9846c327f8374e72,source_ood,1,validation,USGS_Sacramento_Delta,USGS_Sacramento_Delta,waterbody:USGS_Sacramento_Delta:OLD R A INDIAN SLOUGH CA,2022-05-18
d8deb164c44a68f0,source_ood,1,validation,USGS_Sacramento_Delta,USGS_Sacramento_Delta,waterbody:USGS_Sacramento_Delta:OLD R A BACON ISLAND CA,2022-05-18
903f3ba3a2df31f0,source_ood,1,validation,USGS_Sacramento_Delta,USGS_Sacramento_Delta,waterbody:USGS_Sacramento_Delta:OLD R A BACON ISLAND CA,2022-05-18
f7e622f3f7f3cc43,source_ood,1,validation,USGS_Sacramento_Delta,USGS_Sacramento_Delta,waterbody:USGS_Sacramento_Delta:OLD R A BACON ISLAND CA,2022-05-18
e59d3b53cd6ec581,source_ood,1,validation,USGS_Sacramento_Delta,USGS_Sacramento_Delta,waterbody:USGS_Sacramento_Delta:OLD R A BACON ISLAND CA,2022-05-18
e94592701d8c2972,source_ood,1,validation,USGS_Sacramento_Delta,USGS_Sacramento_Delta,waterbody:USGS_Sacramento_Delta:OLD R A FRANKS TRACT NR BETHEL ISLAND CA,2022-05-18
5c9cb0cc680d5100,source_ood,1,validation,USGS_Sacramento_Delta,USGS_Sacramento_Delta,waterbody:USGS_Sacramento_Delta:OLD R A FRANKS TRACT NR BETHEL ISLAND CA,2022-05-18
4572fdd2f9425dcf,source_ood,1,validation,USGS_Sacramento_Delta,USGS_Sacramento_Delta,waterbody:USGS_Sacramento_Delta:OLD R A FRANKS TRACT NR BETHEL ISLAND CA,2022-05-18
be4174e735ace619,source_ood,1,validation,USGS_Sacramento_Delta,USGS_Sacramento_Delta,waterbody:USGS_Sacramento_Delta:OLD R A FRANKS TRACT NR BETHEL ISLAND CA,2022-05-18
c9e6e8a8744f93c9,source_ood,1,validation,USGS_Sacramento_Delta,USGS_Sacramento_Delta,waterbody:USGS_Sacramento_Delta:SACRAMENTO R A RIO VISTA CA,2023-05-18
bf40736a011beb1e,source_ood,1,validation,USGS_Sacramento_Delta,USGS_Sacramento_Delta,waterbody:USGS_Sacramento_Delta:SACRAMENTO R A RIO VISTA CA,2023-05-18
d9535671148f9bba,source_ood,1,validation,USGS_Sacramento_Delta,USGS_Sacramento_Delta,waterbody:USGS_Sacramento_Delta:SACRAMENTO R A RIO VISTA CA,2023-05-18
c2b07650de9ee0ca,source_ood,1,validation,USGS_Sacramento_Delta,USGS_Sacramento_Delta,waterbody:USGS_Sacramento_Delta:DELTA RMP SACR-028,2023-05-18
0b381bb21a0233f3,source_ood,1,validation,USGS_Sacramento_Delta,USGS_Sacramento_Delta,waterbody:USGS_Sacramento_Delta:DELTA RMP SACR-028,2023-05-18
ed1e2bbe7921b854,source_ood,1,validation,USGS_Sacramento_Delta,USGS_Sacramento_Delta,waterbody:USGS_Sacramento_Delta:DELTA RMP SACR-028,2023-05-18
b2f553ed63d697df,source_ood,1,validation,USGS_Sacramento_Delta,USGS_Sacramento_Delta,waterbody:USGS_Sacramento_Delta:SACRAMENTO R AB DELTA CROSS CHANNEL CA,2023-05-18
fedfcb899294ea97,source_ood,1,validation,USGS_Sacramento_Delta,USGS_Sacramento_Delta,waterbody:USGS_Sacramento_Delta:SACRAMENTO R AB DELTA CROSS CHANNEL CA,2023-05-18
8e33310a56b1e2ad,source_ood,1,validation,USGS_Sacramento_Delta,USGS_Sacramento_Delta,waterbody:USGS_Sacramento_Delta:SACRAMENTO R AB DELTA CROSS CHANNEL CA,2023-05-18
620a3078637dc72c,source_ood,1,validation,USGS_Sacramento_Delta,USGS_Sacramento_Delta,waterbody:USGS_Sacramento_Delta:SACRAMENTO R A HOOD CA,2023-05-18
7ad127d8fab0f5ef,source_ood,1,validation,USGS_Sacramento_Delta,USGS_Sacramento_Delta,waterbody:USGS_Sacramento_Delta:SACRAMENTO R A HOOD CA,2023-05-18
ae8f44de6e644e7b,source_ood,1,validation,USGS_Sacramento_Delta,USGS_Sacramento_Delta,waterbody:USGS_Sacramento_Delta:SACRAMENTO R A HOOD CA,2023-05-18
8df7ef33e36f7856,source_ood,1,validation,USGS_Sacramento_Delta,USGS_Sacramento_Delta,waterbody:USGS_Sacramento_Delta:SACRAMENTO R A FREEPORT CA,2023-05-18
bcf950a64df132f4,source_ood,1,validation,USGS_Sacramento_Delta,USGS_Sacramento_Delta,waterbody:USGS_Sacramento_Delta:SACRAMENTO R A FREEPORT CA,2023-05-18
b941e2131e952a5f,source_ood,1,validation,USGS_Sacramento_Delta,USGS_Sacramento_Delta,waterbody:USGS_Sacramento_Delta:SACRAMENTO R A FREEPORT CA,2023-05-18
5eb4d628c1af5efa,source_ood,1,validation,USGS_Sacramento_Delta,USGS_Sacramento_Delta,waterbody:USGS_Sacramento_Delta:SACRAMENTO R A FREEPORT CA,2023-05-18
6ee018d3857e8e31,source_ood,1,validation,USGS_Sacramento_Delta,USGS_Sacramento_Delta,waterbody:USGS_Sacramento_Delta:SACRAMENTO R A FREEPORT CA,2023-05-18
6361f73861851d17,source_ood,1,validation,USGS_Sacramento_Delta,USGS_Sacramento_Delta,waterbody:USGS_Sacramento_Delta:SACRAMENTO R A FREEPORT CA,2023-05-18
80558c3075f90c7d,source_ood,1,validation,USGS_Sacramento_Delta,USGS_Sacramento_Delta,waterbody:USGS_Sacramento_Delta:SACRAMENTO R A PIER A WEST SACRAMENTO CA,2023-05-18
3791e1b09fe17d3e,source_ood,1,validation,USGS_Sacramento_Delta,USGS_Sacramento_Delta,waterbody:USGS_Sacramento_Delta:SACRAMENTO R A PIER A WEST SACRAMENTO CA,2023-05-18
54f505141ec5c33c,source_ood,1,validation,USGS_Sacramento_Delta,USGS_Sacramento_Delta,waterbody:USGS_Sacramento_Delta:SACRAMENTO R A PIER A WEST SACRAMENTO CA,2023-05-18
642a733b0ef4a0dc,source_ood,1,validation,USGS_Sacramento_Delta,USGS_Sacramento_Delta,waterbody:USGS_Sacramento_Delta:SACRAMENTO R A R MILE 19.0 NR ISLETON CA,2022-05-19
1b4a01faf690e14c,source_ood,1,validation,USGS_Sacramento_Delta,USGS_Sacramento_Delta,waterbody:USGS_Sacramento_Delta:SACRAMENTO R A R MILE 19.0 NR ISLETON CA,2022-05-19
0721368f7a96124a,source_ood,1,validation,USGS_Sacramento_Delta,USGS_Sacramento_Delta,waterbody:USGS_Sacramento_Delta:SACRAMENTO R A R MILE 19.0 NR ISLETON CA,2022-05-19
8c9cf558a4087e8f,source_ood,1,validation,USGS_Sacramento_Delta,USGS_Sacramento_Delta,waterbody:USGS_Sacramento_Delta:SACRAMENTO R A R MILE 19.0 NR ISLETON CA,2022-05-19
ab6497ef7e40188c,source_ood,1,validation,USGS_Sacramento_Delta,USGS_Sacramento_Delta,waterbody:USGS_Sacramento_Delta:DELTA RMP SACR-028,2022-05-19
f6cc2d72ae1f585a,source_ood,1,validation,USGS_Sacramento_Delta,USGS_Sacramento_Delta,waterbody:USGS_Sacramento_Delta:DELTA RMP SACR-028,2022-05-19
a04e2391a92d2833,source_ood,1,validation,USGS_Sacramento_Delta,USGS_Sacramento_Delta,waterbody:USGS_Sacramento_Delta:DELTA RMP SACR-028,2022-05-19
4185ac956fdf0875,source_ood,1,validation,USGS_Sacramento_Delta,USGS_Sacramento_Delta,waterbody:USGS_Sacramento_Delta:DELTA RMP SACR-028,2022-05-19
5284af0f9043fe85,source_ood,1,validation,USGS_Sacramento_Delta,USGS_Sacramento_Delta,waterbody:USGS_Sacramento_Delta:SACRAMENTO R AB DELTA CROSS CHANNEL CA,2022-05-19
7a2b2e9eb8c5cb74,source_ood,1,validation,USGS_Sacramento_Delta,USGS_Sacramento_Delta,waterbody:USGS_Sacramento_Delta:SACRAMENTO R AB DELTA CROSS CHANNEL CA,2022-05-19
a993f466f3375f0f,source_ood,1,validation,USGS_Sacramento_Delta,USGS_Sacramento_Delta,waterbody:USGS_Sacramento_Delta:SACRAMENTO R AB DELTA CROSS CHANNEL CA,2022-05-19
7372c04214d4f117,source_ood,1,validation,USGS_Sacramento_Delta,USGS_Sacramento_Delta,waterbody:USGS_Sacramento_Delta:SACRAMENTO R AB DELTA CROSS CHANNEL CA,2022-05-19
5e384f9a5bd710c9,source_ood,1,validation,USGS_Sacramento_Delta,USGS_Sacramento_Delta,waterbody:USGS_Sacramento_Delta:SACRAMENTO R A HOOD CA,2022-05-19
550df3edcac0fc6b,source_ood,1,validation,USGS_Sacramento_Delta,USGS_Sacramento_Delta,waterbody:USGS_Sacramento_Delta:SACRAMENTO R A HOOD CA,2022-05-19
68b60bc232e63f95,source_ood,1,validation,USGS_Sacramento_Delta,USGS_Sacramento_Delta,waterbody:USGS_Sacramento_Delta:SACRAMENTO R A HOOD CA,2022-05-19
9af2b98593794055,source_ood,1,validation,USGS_Sacramento_Delta,USGS_Sacramento_Delta,waterbody:USGS_Sacramento_Delta:SACRAMENTO R A HOOD CA,2022-05-19
005835c09622cd08,source_ood,1,validation,USGS_Sacramento_Delta,USGS_Sacramento_Delta,waterbody:USGS_Sacramento_Delta:SAN JOAQUIN R A JERSEY POINT CA,2022-05-19
4fb36fb21e1d2c1c,source_ood,1,validation,USGS_Sacramento_Delta,USGS_Sacramento_Delta,waterbody:USGS_Sacramento_Delta:SAN JOAQUIN R A JERSEY POINT CA,2022-05-19
8a8dd8938481b363,source_ood,1,validation,USGS_Sacramento_Delta,USGS_Sacramento_Delta,waterbody:USGS_Sacramento_Delta:SAN JOAQUIN R A JERSEY POINT CA,2022-05-19
6e7090565b0a7092,source_ood,1,validation,USGS_Sacramento_Delta,USGS_Sacramento_Delta,waterbody:USGS_Sacramento_Delta:SAN JOAQUIN R A JERSEY POINT CA,2022-05-19
be13e726220a8f3b,source_ood,1,validation,USGS_Sacramento_Delta,USGS_Sacramento_Delta,waterbody:USGS_Sacramento_Delta:SACRAMENTO R A FREEPORT CA,2022-05-19
f9029465ce8257b7,source_ood,1,validation,USGS_Sacramento_Delta,USGS_Sacramento_Delta,waterbody:USGS_Sacramento_Delta:SACRAMENTO R A FREEPORT CA,2022-05-19
fd0d9be7cc88a145,source_ood,1,validation,USGS_Sacramento_Delta,USGS_Sacramento_Delta,waterbody:USGS_Sacramento_Delta:SACRAMENTO R A FREEPORT CA,2022-05-19
5619fd13eb3055e4,source_ood,1,validation,USGS_Sacramento_Delta,USGS_Sacramento_Delta,waterbody:USGS_Sacramento_Delta:SACRAMENTO R A FREEPORT CA,2022-05-19
21ed29ddcec21294,source_ood,1,validation,USGS_Sacramento_Delta,USGS_Sacramento_Delta,waterbody:USGS_Sacramento_Delta:San Joaquin R a R mi 72.2 nr Vernalis CA,2022-05-19
bf771a8b0bf460f7,source_ood,1,validation,USGS_Sacramento_Delta,USGS_Sacramento_Delta,waterbody:USGS_Sacramento_Delta:San Joaquin R a R mi 72.2 nr Vernalis CA,2022-05-19
1b0a296c1390d2cd,source_ood,1,validation,USGS_Sacramento_Delta,USGS_Sacramento_Delta,waterbody:USGS_Sacramento_Delta:San Joaquin R a R mi 72.2 nr Vernalis CA,2022-05-19
b801bc1fcfcd9d81,source_ood,1,validation,USGS_Sacramento_Delta,USGS_Sacramento_Delta,waterbody:USGS_Sacramento_Delta:San Joaquin R a R mi 72.2 nr Vernalis CA,2022-05-19
3786b20a95362194,source_ood,1,validation,USGS_Sacramento_Delta,USGS_Sacramento_Delta,waterbody:USGS_Sacramento_Delta:SACRAMENTO R A BARGE CANAL NR WEST SACRAMENTO CA,2022-05-19
c01dae86a2d03163,source_ood,1,validation,USGS_Sacramento_Delta,USGS_Sacramento_Delta,waterbody:USGS_Sacramento_Delta:SACRAMENTO R A BARGE CANAL NR WEST SACRAMENTO CA,2022-05-19
0636b5a443f6b224,source_ood,1,validation,USGS_Sacramento_Delta,USGS_Sacramento_Delta,waterbody:USGS_Sacramento_Delta:SACRAMENTO R A BARGE CANAL NR WEST SACRAMENTO CA,2022-05-19
fde5a237c2a58be8,source_ood,1,validation,USGS_Sacramento_Delta,USGS_Sacramento_Delta,waterbody:USGS_Sacramento_Delta:SACRAMENTO R A BARGE CANAL NR WEST SACRAMENTO CA,2022-05-19
5d51ac41c3db6209,source_ood,1,validation,USGS_Sacramento_Delta,USGS_Sacramento_Delta,waterbody:USGS_Sacramento_Delta:SACRAMENTO R BL TOLAND LANDING NR RIO VISTA CA,2022-05-19
f49434b562935aaf,source_ood,1,validation,USGS_Sacramento_Delta,USGS_Sacramento_Delta,waterbody:USGS_Sacramento_Delta:SACRAMENTO R BL TOLAND LANDING NR RIO VISTA CA,2022-05-19
4fbc42056b4acab9,source_ood,1,validation,USGS_Sacramento_Delta,USGS_Sacramento_Delta,waterbody:USGS_Sacramento_Delta:SACRAMENTO R BL TOLAND LANDING NR RIO VISTA CA,2022-05-19
6b8d7a112fd0ee06,source_ood,1,validation,USGS_Sacramento_Delta,USGS_Sacramento_Delta,waterbody:USGS_Sacramento_Delta:SACRAMENTO R BL TOLAND LANDING NR RIO VISTA CA,2022-05-19
2db7cfdbbbfbdbc1,source_ood,1,validation,USGS_Sacramento_Delta,USGS_Sacramento_Delta,waterbody:USGS_Sacramento_Delta:SACRAMENTO R BL TOLAND LANDING NR RIO VISTA CA,2021-05-20
84ad787341f8f285,source_ood,1,validation,USGS_Sacramento_Delta,USGS_Sacramento_Delta,waterbody:USGS_Sacramento_Delta:SACRAMENTO R BL TOLAND LANDING NR RIO VISTA CA,2021-05-20
dd05ddbb22aba3fa,source_ood,1,validation,USGS_Sacramento_Delta,USGS_Sacramento_Delta,waterbody:USGS_Sacramento_Delta:SACRAMENTO R BL TOLAND LANDING NR RIO VISTA CA,2021-05-20
bf6fccca0ff3c5f9,source_ood,1,validation,USGS_Sacramento_Delta,USGS_Sacramento_Delta,waterbody:USGS_Sacramento_Delta:SACRAMENTO R BL TOLAND LANDING NR RIO VISTA CA,2021-05-20
695381196890efce,source_ood,1,validation,USGS_Sacramento_Delta,USGS_Sacramento_Delta,waterbody:USGS_Sacramento_Delta:SAN JOAQUIN R A JERSEY POINT CA,2021-05-20
c1602277daa29df3,source_ood,1,validation,USGS_Sacramento_Delta,USGS_Sacramento_Delta,waterbody:USGS_Sacramento_Delta:SAN JOAQUIN R A JERSEY POINT CA,2021-05-20
471e228fea0a9b44,source_ood,1,validation,USGS_Sacramento_Delta,USGS_Sacramento_Delta,waterbody:USGS_Sacramento_Delta:SAN JOAQUIN R A JERSEY POINT CA,2021-05-20
df0c9f4c440bb76f,source_ood,1,validation,USGS_Sacramento_Delta,USGS_Sacramento_Delta,waterbody:USGS_Sacramento_Delta:SAN JOAQUIN R A JERSEY POINT CA,2021-05-20
a878f720706aaec3,source_ood,1,validation,USGS_Sacramento_Delta,USGS_Sacramento_Delta,waterbody:USGS_Sacramento_Delta:SAN JOAQUIN R AB BUCKLEY COVE NR STOCKTON CA,2022-05-23
e6f910aa8a7f626e,source_ood,1,validation,USGS_Sacramento_Delta,USGS_Sacramento_Delta,waterbody:USGS_Sacramento_Delta:SAN JOAQUIN R AB BUCKLEY COVE NR STOCKTON CA,2022-05-23
411f31f50bb8e946,source_ood,1,validation,USGS_Sacramento_Delta,USGS_Sacramento_Delta,waterbody:USGS_Sacramento_Delta:SAN JOAQUIN R AB BUCKLEY COVE NR STOCKTON CA,2022-05-23
be25ad81572a5ebd,source_ood,1,validation,USGS_Sacramento_Delta,USGS_Sacramento_Delta,waterbody:USGS_Sacramento_Delta:SAN JOAQUIN R AB BUCKLEY COVE NR STOCKTON CA,2022-05-23
35ab1d1021a9769b,source_ood,1,validation,USGS_Sacramento_Delta,USGS_Sacramento_Delta,waterbody:USGS_Sacramento_Delta:MIDDLE R AT MIDDLE RIVER CA,2022-05-24
737e29461c28c34b,source_ood,1,validation,USGS_Sacramento_Delta,USGS_Sacramento_Delta,waterbody:USGS_Sacramento_Delta:MIDDLE R AT MIDDLE RIVER CA,2022-05-24
3e3c99153cdb710d,source_ood,1,validation,USGS_Sacramento_Delta,USGS_Sacramento_Delta,waterbody:USGS_Sacramento_Delta:MIDDLE R AT MIDDLE RIVER CA,2022-05-24
583a683654454c75,source_ood,1,validation,USGS_Sacramento_Delta,USGS_Sacramento_Delta,waterbody:USGS_Sacramento_Delta:MIDDLE R AT MIDDLE RIVER CA,2022-05-24
830923bef6b68d8f,source_ood,1,validation,USGS_Sacramento_Delta,USGS_Sacramento_Delta,waterbody:USGS_Sacramento_Delta:FRANKS TRACT NR BETHEL ISLAND CA,2022-05-24
83fac0cbc04b2a45,source_ood,1,validation,USGS_Sacramento_Delta,USGS_Sacramento_Delta,waterbody:USGS_Sacramento_Delta:FRANKS TRACT NR BETHEL ISLAND CA,2022-05-24
6d47256c50cf370e,source_ood,1,validation,USGS_Sacramento_Delta,USGS_Sacramento_Delta,waterbody:USGS_Sacramento_Delta:FRANKS TRACT NR BETHEL ISLAND CA,2022-05-24
c0ca0bc64ade7e38,source_ood,1,validation,USGS_Sacramento_Delta,USGS_Sacramento_Delta,waterbody:USGS_Sacramento_Delta:FRANKS TRACT NR BETHEL ISLAND CA,2022-05-24
37b0e0f21e126549,source_ood,1,validation,USGS_Sacramento_Delta,USGS_Sacramento_Delta,waterbody:USGS_Sacramento_Delta:STATEN ISLAND NR TERMINOUS CA,2022-05-24
0d93512edd2b6bea,source_ood,1,validation,USGS_Sacramento_Delta,USGS_Sacramento_Delta,waterbody:USGS_Sacramento_Delta:STATEN ISLAND NR TERMINOUS CA,2022-05-24
5ab77ff0a9dca114,source_ood,1,validation,USGS_Sacramento_Delta,USGS_Sacramento_Delta,waterbody:USGS_Sacramento_Delta:STATEN ISLAND NR TERMINOUS CA,2022-05-24
885052123c32762d,source_ood,1,validation,USGS_Sacramento_Delta,USGS_Sacramento_Delta,waterbody:USGS_Sacramento_Delta:CACHE SLOUGH A S LIBERTY ISLAND NR RIO VISTA CA,2021-05-25
73302e39a1b4d1bc,source_ood,1,validation,USGS_Sacramento_Delta,USGS_Sacramento_Delta,waterbody:USGS_Sacramento_Delta:CACHE SLOUGH A S LIBERTY ISLAND NR RIO VISTA CA,2021-05-25
46b5cff6f41eb8ba,source_ood,1,validation,USGS_Sacramento_Delta,USGS_Sacramento_Delta,waterbody:USGS_Sacramento_Delta:CACHE SLOUGH A S LIBERTY ISLAND NR RIO VISTA CA,2021-05-25
addf78c0ca65c00b,source_ood,1,validation,USGS_Sacramento_Delta,USGS_Sacramento_Delta,waterbody:USGS_Sacramento_Delta:CACHE SLOUGH A S LIBERTY ISLAND NR RIO VISTA CA,2021-05-25
08517c6a9150a177,source_ood,1,validation,USGS_Sacramento_Delta,USGS_Sacramento_Delta,waterbody:USGS_Sacramento_Delta:MIDDLE R AT MIDDLE RIVER CA,2021-05-25
c2d0729c22f3bc58,source_ood,1,validation,USGS_Sacramento_Delta,USGS_Sacramento_Delta,waterbody:USGS_Sacramento_Delta:MIDDLE R AT MIDDLE RIVER CA,2021-05-25
9cb1234c74d5223e,source_ood,1,validation,USGS_Sacramento_Delta,USGS_Sacramento_Delta,waterbody:USGS_Sacramento_Delta:MIDDLE R AT MIDDLE RIVER CA,2021-05-25
1ebe6ba7f96626e6,source_ood,1,validation,USGS_Sacramento_Delta,USGS_Sacramento_Delta,waterbody:USGS_Sacramento_Delta:MIDDLE R AT MIDDLE RIVER CA,2021-05-25
b6006c1dc246da24,source_ood,1,validation,USGS_Sacramento_Delta,USGS_Sacramento_Delta,waterbody:USGS_Sacramento_Delta:CACHE SLOUGH A S LIBERTY ISLAND NR RIO VISTA CA,2022-05-31
fd603b0a19fe888f,source_ood,1,validation,USGS_Sacramento_Delta,USGS_Sacramento_Delta,waterbody:USGS_Sacramento_Delta:CACHE SLOUGH A S LIBERTY ISLAND NR RIO VISTA CA,2022-05-31
1bb18fa1232e577a,source_ood,1,validation,USGS_Sacramento_Delta,USGS_Sacramento_Delta,waterbody:USGS_Sacramento_Delta:CACHE SLOUGH A S LIBERTY ISLAND NR RIO VISTA CA,2022-05-31
cde817f6e287a2d9,source_ood,1,validation,USGS_Sacramento_Delta,USGS_Sacramento_Delta,waterbody:USGS_Sacramento_Delta:CACHE SLOUGH A S LIBERTY ISLAND NR RIO VISTA CA,2022-05-31
bbd39c6ce2bd5231,source_ood,1,validation,USGS_Sacramento_Delta,USGS_Sacramento_Delta,waterbody:USGS_Sacramento_Delta:San Joaquin R a R mi 72.2 nr Vernalis CA,2021-06-01
716d022a2d728ded,source_ood,1,validation,USGS_Sacramento_Delta,USGS_Sacramento_Delta,waterbody:USGS_Sacramento_Delta:San Joaquin R a R mi 72.2 nr Vernalis CA,2021-06-01
e31b8e20f745bbc8,source_ood,1,validation,USGS_Sacramento_Delta,USGS_Sacramento_Delta,waterbody:USGS_Sacramento_Delta:San Joaquin R a R mi 72.2 nr Vernalis CA,2021-06-01
4e0e2211c63eca1e,source_ood,1,validation,USGS_Sacramento_Delta,USGS_Sacramento_Delta,waterbody:USGS_Sacramento_Delta:San Joaquin R a R mi 72.2 nr Vernalis CA,2021-06-01
0d7c60a8fe48306a,source_ood,1,validation,USGS_Sacramento_Delta,USGS_Sacramento_Delta,waterbody:USGS_Sacramento_Delta:SACRAMENTO R BL TOLAND LANDING NR RIO VISTA CA,2022-06-01
2bc127ff046f2df1,source_ood,1,validation,USGS_Sacramento_Delta,USGS_Sacramento_Delta,waterbody:USGS_Sacramento_Delta:SACRAMENTO R BL TOLAND LANDING NR RIO VISTA CA,2022-06-01
da52f2c48a886839,source_ood,1,validation,USGS_Sacramento_Delta,USGS_Sacramento_Delta,waterbody:USGS_Sacramento_Delta:SACRAMENTO R BL TOLAND LANDING NR RIO VISTA CA,2022-06-01
c61e4b448379bddf,source_ood,1,validation,USGS_Sacramento_Delta,USGS_Sacramento_Delta,waterbody:USGS_Sacramento_Delta:SACRAMENTO R BL TOLAND LANDING NR RIO VISTA CA,2022-06-01
a79a470ddb14f57b,source_ood,1,validation,USGS_Sacramento_Delta,USGS_Sacramento_Delta,waterbody:USGS_Sacramento_Delta:SAN JOAQUIN R A JERSEY POINT CA,2022-06-01
54cd6ca8463483d5,source_ood,1,validation,USGS_Sacramento_Delta,USGS_Sacramento_Delta,waterbody:USGS_Sacramento_Delta:SAN JOAQUIN R A JERSEY POINT CA,2022-06-01
8d6c90d0b7a21dcf,source_ood,1,validation,USGS_Sacramento_Delta,USGS_Sacramento_Delta,waterbody:USGS_Sacramento_Delta:SAN JOAQUIN R A JERSEY POINT CA,2022-06-01
724f2deece539a73,source_ood,1,validation,USGS_Sacramento_Delta,USGS_Sacramento_Delta,waterbody:USGS_Sacramento_Delta:SAN JOAQUIN R A JERSEY POINT CA,2022-06-01
07644b7988e91b70,source_ood,1,validation,USGS_Sacramento_Delta,USGS_Sacramento_Delta,waterbody:USGS_Sacramento_Delta:MIDDLE R AT MIDDLE RIVER CA,2022-06-02
3870d6f71381219d,source_ood,1,validation,USGS_Sacramento_Delta,USGS_Sacramento_Delta,waterbody:USGS_Sacramento_Delta:MIDDLE R AT MIDDLE RIVER CA,2022-06-02
a56409f984453791,source_ood,1,validation,USGS_Sacramento_Delta,USGS_Sacramento_Delta,waterbody:USGS_Sacramento_Delta:MIDDLE R AT MIDDLE RIVER CA,2022-06-02
d672577784829990,source_ood,1,validation,USGS_Sacramento_Delta,USGS_Sacramento_Delta,waterbody:USGS_Sacramento_Delta:MIDDLE R AT MIDDLE RIVER CA,2022-06-02
9b4476f6bb90f021,source_ood,1,validation,USGS_Sacramento_Delta,USGS_Sacramento_Delta,waterbody:USGS_Sacramento_Delta:CACHE SLOUGH A S LIBERTY ISLAND NR RIO VISTA CA,2021-06-03
cddcc351fd8a8e3c,source_ood,1,validation,USGS_Sacramento_Delta,USGS_Sacramento_Delta,waterbody:USGS_Sacramento_Delta:CACHE SLOUGH A S LIBERTY ISLAND NR RIO VISTA CA,2021-06-03
688a13a391cb668f,source_ood,1,validation,USGS_Sacramento_Delta,USGS_Sacramento_Delta,waterbody:USGS_Sacramento_Delta:CACHE SLOUGH A S LIBERTY ISLAND NR RIO VISTA CA,2021-06-03
b162bacc236cae3c,source_ood,1,validation,USGS_Sacramento_Delta,USGS_Sacramento_Delta,waterbody:USGS_Sacramento_Delta:CACHE SLOUGH A S LIBERTY ISLAND NR RIO VISTA CA,2021-06-03
4bc7c039d42d700c,source_ood,1,validation,USGS_Sacramento_Delta,USGS_Sacramento_Delta,waterbody:USGS_Sacramento_Delta:SAN JOAQUIN R AB BUCKLEY COVE NR STOCKTON CA,2021-06-03
8deda5d1fe1892fd,source_ood,1,validation,USGS_Sacramento_Delta,USGS_Sacramento_Delta,waterbody:USGS_Sacramento_Delta:SAN JOAQUIN R AB BUCKLEY COVE NR STOCKTON CA,2021-06-03
f093486a66d73a75,source_ood,1,validation,USGS_Sacramento_Delta,USGS_Sacramento_Delta,waterbody:USGS_Sacramento_Delta:SAN JOAQUIN R AB BUCKLEY COVE NR STOCKTON CA,2021-06-03
4e1a4ddffa38f132,source_ood,1,validation,USGS_Sacramento_Delta,USGS_Sacramento_Delta,waterbody:USGS_Sacramento_Delta:SAN JOAQUIN R AB BUCKLEY COVE NR STOCKTON CA,2021-06-03
e72cf5feef13b61e,source_ood,1,validation,USGS_Sacramento_Delta,USGS_Sacramento_Delta,waterbody:USGS_Sacramento_Delta:CACHE SLOUGH A S LIBERTY ISLAND NR RIO VISTA CA,2024-06-04
c887ebabbdb4e11f,source_ood,1,validation,USGS_Sacramento_Delta,USGS_Sacramento_Delta,waterbody:USGS_Sacramento_Delta:CACHE SLOUGH A S LIBERTY ISLAND NR RIO VISTA CA,2024-06-04
8abbcc7522ebda01,source_ood,1,validation,USGS_Sacramento_Delta,USGS_Sacramento_Delta,waterbody:USGS_Sacramento_Delta:CACHE SLOUGH A S LIBERTY ISLAND NR RIO VISTA CA,2024-06-04
98c1b3084c98d358,source_ood,1,validation,USGS_Sacramento_Delta,USGS_Sacramento_Delta,waterbody:USGS_Sacramento_Delta:STATEN ISLAND NR TERMINOUS CA,2023-06-05
504263d350a7e954,source_ood,1,validation,USGS_Sacramento_Delta,USGS_Sacramento_Delta,waterbody:USGS_Sacramento_Delta:STATEN ISLAND NR TERMINOUS CA,2023-06-05
134229a8ad80cd67,source_ood,1,validation,USGS_Sacramento_Delta,USGS_Sacramento_Delta,waterbody:USGS_Sacramento_Delta:STATEN ISLAND NR TERMINOUS CA,2023-06-05
630ef43bcbf579dd,source_ood,1,validation,USGS_Sacramento_Delta,USGS_Sacramento_Delta,waterbody:USGS_Sacramento_Delta:STATEN ISLAND DRAIN NR TERMINOUS CA,2023-06-05
04eda48e7bca1827,source_ood,1,validation,USGS_Sacramento_Delta,USGS_Sacramento_Delta,waterbody:USGS_Sacramento_Delta:STATEN ISLAND DRAIN NR TERMINOUS CA,2023-06-05
92174deece212261,source_ood,1,validation,USGS_Sacramento_Delta,USGS_Sacramento_Delta,waterbody:USGS_Sacramento_Delta:STATEN ISLAND DRAIN NR TERMINOUS CA,2023-06-05
3e685e2a574ff3ea,source_ood,1,validation,USGS_Sacramento_Delta,USGS_Sacramento_Delta,waterbody:USGS_Sacramento_Delta:TWITCHELL ISLAND DR A PUMP STATION NR RIO VISTA CA,2023-06-05
10d058e5eef3aead,source_ood,1,validation,USGS_Sacramento_Delta,USGS_Sacramento_Delta,waterbody:USGS_Sacramento_Delta:TWITCHELL ISLAND DR A PUMP STATION NR RIO VISTA CA,2023-06-05
f341d1869f3ff60b,source_ood,1,validation,USGS_Sacramento_Delta,USGS_Sacramento_Delta,waterbody:USGS_Sacramento_Delta:TWITCHELL ISLAND DR A PUMP STATION NR RIO VISTA CA,2023-06-05
05fa9183f8761f2e,source_ood,1,validation,USGS_Sacramento_Delta,USGS_Sacramento_Delta,waterbody:USGS_Sacramento_Delta:SAN JOAQUIN R A ROUGH AND READY ISLAND NR STOCKTON,2022-06-06
38ab026da9e5ee36,source_ood,1,validation,USGS_Sacramento_Delta,USGS_Sacramento_Delta,waterbody:USGS_Sacramento_Delta:SAN JOAQUIN R A ROUGH AND READY ISLAND NR STOCKTON,2022-06-06
862f438f1c50ad1c,source_ood,1,validation,USGS_Sacramento_Delta,USGS_Sacramento_Delta,waterbody:USGS_Sacramento_Delta:SAN JOAQUIN R A ROUGH AND READY ISLAND NR STOCKTON,2022-06-06
29577c3ea86ba459,source_ood,1,validation,USGS_Sacramento_Delta,USGS_Sacramento_Delta,waterbody:USGS_Sacramento_Delta:SAN JOAQUIN R A ROUGH AND READY ISLAND NR STOCKTON,2022-06-06
09504d08c44dcfba,source_ood,1,validation,USGS_Sacramento_Delta,USGS_Sacramento_Delta,waterbody:USGS_Sacramento_Delta:San Joaquin R a R mi 72.2 nr Vernalis CA,2022-06-06
504c627b017a1c78,source_ood,1,validation,USGS_Sacramento_Delta,USGS_Sacramento_Delta,waterbody:USGS_Sacramento_Delta:San Joaquin R a R mi 72.2 nr Vernalis CA,2022-06-06
5b85017306f091fb,source_ood,1,validation,USGS_Sacramento_Delta,USGS_Sacramento_Delta,waterbody:USGS_Sacramento_Delta:San Joaquin R a R mi 72.2 nr Vernalis CA,2022-06-06
3f4c66304dd9d82e,source_ood,1,validation,USGS_Sacramento_Delta,USGS_Sacramento_Delta,waterbody:USGS_Sacramento_Delta:San Joaquin R a R mi 72.2 nr Vernalis CA,2022-06-06
97698d0957168323,source_ood,1,validation,USGS_Sacramento_Delta,USGS_Sacramento_Delta,waterbody:USGS_Sacramento_Delta:SACRAMENTO R BL TOLAND LANDING NR RIO VISTA CA,2023-06-06
1467dda7dbe8a926,source_ood,1,validation,USGS_Sacramento_Delta,USGS_Sacramento_Delta,waterbody:USGS_Sacramento_Delta:SACRAMENTO R BL TOLAND LANDING NR RIO VISTA CA,2023-06-06
b9ca1c9eb14ddcf5,source_ood,1,validation,USGS_Sacramento_Delta,USGS_Sacramento_Delta,waterbody:USGS_Sacramento_Delta:SACRAMENTO R BL TOLAND LANDING NR RIO VISTA CA,2023-06-06
2f1c2ba1909ddc3e,source_ood,1,validation,USGS_Sacramento_Delta,USGS_Sacramento_Delta,waterbody:USGS_Sacramento_Delta:SACRAMENTO R BL TOLAND LANDING NR RIO VISTA CA,2023-06-06
7820be6805b27c9d,source_ood,1,validation,USGS_Sacramento_Delta,USGS_Sacramento_Delta,waterbody:USGS_Sacramento_Delta:SAN JOAQUIN R A JERSEY POINT CA,2023-06-06
d7942de15adafc46,source_ood,1,validation,USGS_Sacramento_Delta,USGS_Sacramento_Delta,waterbody:USGS_Sacramento_Delta:SAN JOAQUIN R A JERSEY POINT CA,2023-06-06
59514a32f6feadc2,source_ood,1,validation,USGS_Sacramento_Delta,USGS_Sacramento_Delta,waterbody:USGS_Sacramento_Delta:SAN JOAQUIN R A JERSEY POINT CA,2023-06-06
32cf5e3c1b68c33d,source_ood,1,validation,USGS_Sacramento_Delta,USGS_Sacramento_Delta,waterbody:USGS_Sacramento_Delta:SAN JOAQUIN R A JERSEY POINT CA,2023-06-06
f4c9f54a2e569656,source_ood,1,validation,USGS_Sacramento_Delta,USGS_Sacramento_Delta,waterbody:USGS_Sacramento_Delta:OLD R A BACON ISLAND CA,2024-06-06
cde07be8bccbf2ea,source_ood,1,validation,USGS_Sacramento_Delta,USGS_Sacramento_Delta,waterbody:USGS_Sacramento_Delta:OLD R A BACON ISLAND CA,2024-06-06
8acf347a1ddb66be,source_ood,1,validation,USGS_Sacramento_Delta,USGS_Sacramento_Delta,waterbody:USGS_Sacramento_Delta:OLD R A BACON ISLAND CA,2024-06-06
a34fb2b083035e16,source_ood,1,validation,USGS_Sacramento_Delta,USGS_Sacramento_Delta,waterbody:USGS_Sacramento_Delta:MIDDLE R AT MIDDLE RIVER CA,2024-06-06
29e8ddc75dcff122,source_ood,1,validation,USGS_Sacramento_Delta,USGS_Sacramento_Delta,waterbody:USGS_Sacramento_Delta:MIDDLE R AT MIDDLE RIVER CA,2024-06-06
e9e5bf0836bcf5c3,source_ood,1,validation,USGS_Sacramento_Delta,USGS_Sacramento_Delta,waterbody:USGS_Sacramento_Delta:MIDDLE R AT MIDDLE RIVER CA,2024-06-06
aec60327521571a3,source_ood,1,validation,USGS_Sacramento_Delta,USGS_Sacramento_Delta,waterbody:USGS_Sacramento_Delta:FRANKS TRACT NR BETHEL ISLAND CA,2022-06-07
80314d1f6b8e4387,source_ood,1,validation,USGS_Sacramento_Delta,USGS_Sacramento_Delta,waterbody:USGS_Sacramento_Delta:FRANKS TRACT NR BETHEL ISLAND CA,2022-06-07
e1350e742a303c73,source_ood,1,validation,USGS_Sacramento_Delta,USGS_Sacramento_Delta,waterbody:USGS_Sacramento_Delta:FRANKS TRACT NR BETHEL ISLAND CA,2022-06-07
0619673bde6577a9,source_ood,1,validation,USGS_Sacramento_Delta,USGS_Sacramento_Delta,waterbody:USGS_Sacramento_Delta:FRANKS TRACT NR BETHEL ISLAND CA,2022-06-07
a4f4baef9d265c24,source_ood,1,validation,USGS_Sacramento_Delta,USGS_Sacramento_Delta,waterbody:USGS_Sacramento_Delta:MIDDLE R AT MIDDLE RIVER CA,2023-06-08
a113ecedf50fddef,source_ood,1,validation,USGS_Sacramento_Delta,USGS_Sacramento_Delta,waterbody:USGS_Sacramento_Delta:MIDDLE R AT MIDDLE RIVER CA,2023-06-08
9b5b65ad4b1c835e,source_ood,1,validation,USGS_Sacramento_Delta,USGS_Sacramento_Delta,waterbody:USGS_Sacramento_Delta:MIDDLE R AT MIDDLE RIVER CA,2023-06-08
af8044993c280bdd,source_ood,1,validation,USGS_Sacramento_Delta,USGS_Sacramento_Delta,waterbody:USGS_Sacramento_Delta:MIDDLE R AT MIDDLE RIVER CA,2023-06-08
88b70175c97dcb5d,source_ood,1,validation,USGS_Sacramento_Delta,USGS_Sacramento_Delta,waterbody:USGS_Sacramento_Delta:CACHE SLOUGH A S LIBERTY ISLAND NR RIO VISTA CA,2023-06-08
0de30d352f513fc7,source_ood,1,validation,USGS_Sacramento_Delta,USGS_Sacramento_Delta,waterbody:USGS_Sacramento_Delta:CACHE SLOUGH A S LIBERTY ISLAND NR RIO VISTA CA,2023-06-08
2924f14b67f7a6bd,source_ood,1,validation,USGS_Sacramento_Delta,USGS_Sacramento_Delta,waterbody:USGS_Sacramento_Delta:CACHE SLOUGH A S LIBERTY ISLAND NR RIO VISTA CA,2023-06-08
b315c7f652ab292c,source_ood,1,validation,USGS_Sacramento_Delta,USGS_Sacramento_Delta,waterbody:USGS_Sacramento_Delta:CACHE SLOUGH A S LIBERTY ISLAND NR RIO VISTA CA,2023-06-08
a4d0f5988c2926d4,source_ood,1,validation,USGS_Sacramento_Delta,USGS_Sacramento_Delta,waterbody:USGS_Sacramento_Delta:OLD R A BACON ISLAND CA,2023-06-08
629e086bd18e58b3,source_ood,1,validation,USGS_Sacramento_Delta,USGS_Sacramento_Delta,waterbody:USGS_Sacramento_Delta:OLD R A BACON ISLAND CA,2023-06-08
511270c2ecab3042,source_ood,1,validation,USGS_Sacramento_Delta,USGS_Sacramento_Delta,waterbody:USGS_Sacramento_Delta:OLD R A BACON ISLAND CA,2023-06-08
9952960c8a456707,source_ood,1,validation,USGS_Sacramento_Delta,USGS_Sacramento_Delta,waterbody:USGS_Sacramento_Delta:OLD R A BACON ISLAND CA,2023-06-08
cb24858a6fe75d63,source_ood,1,validation,USGS_Sacramento_Delta,USGS_Sacramento_Delta,waterbody:USGS_Sacramento_Delta:SACRAMENTO R BL TOLAND LANDING NR RIO VISTA CA,2021-06-09
8c9592064e1b1671,source_ood,1,validation,USGS_Sacramento_Delta,USGS_Sacramento_Delta,waterbody:USGS_Sacramento_Delta:SACRAMENTO R BL TOLAND LANDING NR RIO VISTA CA,2021-06-09
25a762de6462f4a6,source_ood,1,validation,USGS_Sacramento_Delta,USGS_Sacramento_Delta,waterbody:USGS_Sacramento_Delta:SACRAMENTO R BL TOLAND LANDING NR RIO VISTA CA,2021-06-09
4c25481233d53972,source_ood,1,validation,USGS_Sacramento_Delta,USGS_Sacramento_Delta,waterbody:USGS_Sacramento_Delta:SACRAMENTO R BL TOLAND LANDING NR RIO VISTA CA,2021-06-09
afa1d48610b36443,source_ood,1,validation,USGS_Sacramento_Delta,USGS_Sacramento_Delta,waterbody:USGS_Sacramento_Delta:SAN JOAQUIN R A JERSEY POINT CA,2021-06-09
44c0f92eb67861ba,source_ood,1,validation,USGS_Sacramento_Delta,USGS_Sacramento_Delta,waterbody:USGS_Sacramento_Delta:SAN JOAQUIN R A JERSEY POINT CA,2021-06-09
04ccca6a92af36f9,source_ood,1,validation,USGS_Sacramento_Delta,USGS_Sacramento_Delta,waterbody:USGS_Sacramento_Delta:SAN JOAQUIN R A JERSEY POINT CA,2021-06-09
7e996034263f1498,source_ood,1,validation,USGS_Sacramento_Delta,USGS_Sacramento_Delta,waterbody:USGS_Sacramento_Delta:SAN JOAQUIN R A JERSEY POINT CA,2021-06-09
be25021cc63563a3,source_ood,1,validation,USGS_Sacramento_Delta,USGS_Sacramento_Delta,waterbody:USGS_Sacramento_Delta:MIDDLE R AT MIDDLE RIVER CA,2021-06-09
d32988a276c08dc3,source_ood,1,validation,USGS_Sacramento_Delta,USGS_Sacramento_Delta,waterbody:USGS_Sacramento_Delta:MIDDLE R AT MIDDLE RIVER CA,2021-06-09
209e0d6895273b5d,source_ood,1,validation,USGS_Sacramento_Delta,USGS_Sacramento_Delta,waterbody:USGS_Sacramento_Delta:MIDDLE R AT MIDDLE RIVER CA,2021-06-09
38c68d618c95dc11,source_ood,1,validation,USGS_Sacramento_Delta,USGS_Sacramento_Delta,waterbody:USGS_Sacramento_Delta:MIDDLE R AT MIDDLE RIVER CA,2021-06-09
35d8ac3c74fe025a,source_ood,1,validation,USGS_Sacramento_Delta,USGS_Sacramento_Delta,waterbody:USGS_Sacramento_Delta:SAN JOAQUIN R AB BUCKLEY COVE NR STOCKTON CA,2023-06-09
00fb59178b6f15b3,source_ood,1,validation,USGS_Sacramento_Delta,USGS_Sacramento_Delta,waterbody:USGS_Sacramento_Delta:SAN JOAQUIN R AB BUCKLEY COVE NR STOCKTON CA,2023-06-09
d0d5a014e65ae541,source_ood,1,validation,USGS_Sacramento_Delta,USGS_Sacramento_Delta,waterbody:USGS_Sacramento_Delta:SAN JOAQUIN R AB BUCKLEY COVE NR STOCKTON CA,2023-06-09
ed092d6fae28467d,source_ood,1,validation,USGS_Sacramento_Delta,USGS_Sacramento_Delta,waterbody:USGS_Sacramento_Delta:SAN JOAQUIN R AB BUCKLEY COVE NR STOCKTON CA,2023-06-09
7b57122b95dd257b,source_ood,1,validation,USGS_Sacramento_Delta,USGS_Sacramento_Delta,waterbody:USGS_Sacramento_Delta:SACRAMENTO R BL TOLAND LANDING NR RIO VISTA CA,2024-06-10
d57d79a62e7dfeb5,source_ood,1,validation,USGS_Sacramento_Delta,USGS_Sacramento_Delta,waterbody:USGS_Sacramento_Delta:SACRAMENTO R BL TOLAND LANDING NR RIO VISTA CA,2024-06-10
1bdde218a4c4c3c0,source_ood,1,validation,USGS_Sacramento_Delta,USGS_Sacramento_Delta,waterbody:USGS_Sacramento_Delta:SACRAMENTO R BL TOLAND LANDING NR RIO VISTA CA,2024-06-10
09298e28b609ec18,source_ood,1,validation,USGS_Sacramento_Delta,USGS_Sacramento_Delta,waterbody:USGS_Sacramento_Delta:SAN JOAQUIN R A JERSEY POINT CA,2024-06-10
aac5a63bbec5a120,source_ood,1,validation,USGS_Sacramento_Delta,USGS_Sacramento_Delta,waterbody:USGS_Sacramento_Delta:SAN JOAQUIN R A JERSEY POINT CA,2024-06-10
f1e26a6f08b02045,source_ood,1,validation,USGS_Sacramento_Delta,USGS_Sacramento_Delta,waterbody:USGS_Sacramento_Delta:SAN JOAQUIN R A JERSEY POINT CA,2024-06-10
7ce2059633ec1d81,source_ood,1,validation,USGS_Sacramento_Delta,USGS_Sacramento_Delta,waterbody:USGS_Sacramento_Delta:FRANKS TRACT SITE 0.4 NR BETHEL ISLAND CA,2023-06-12
ae973b3fb8387579,source_ood,1,validation,USGS_Sacramento_Delta,USGS_Sacramento_Delta,waterbody:USGS_Sacramento_Delta:FRANKS TRACT SITE 0.4 NR BETHEL ISLAND CA,2023-06-12
8b4bf64a2f73a507,source_ood,1,validation,USGS_Sacramento_Delta,USGS_Sacramento_Delta,waterbody:USGS_Sacramento_Delta:FRANKS TRACT SITE 0.4 NR BETHEL ISLAND CA,2023-06-12
6222c4fe52a46b05,source_ood,1,validation,USGS_Sacramento_Delta,USGS_Sacramento_Delta,waterbody:USGS_Sacramento_Delta:FRANKS TRACT SITE 1.2 NR BETHEL ISLAND CA,2023-06-12
8f2f60a8e9eec8fd,source_ood,1,validation,USGS_Sacramento_Delta,USGS_Sacramento_Delta,waterbody:USGS_Sacramento_Delta:FRANKS TRACT SITE 1.2 NR BETHEL ISLAND CA,2023-06-12
19e17fda34b1501b,source_ood,1,validation,USGS_Sacramento_Delta,USGS_Sacramento_Delta,waterbody:USGS_Sacramento_Delta:FRANKS TRACT SITE 1.2 NR BETHEL ISLAND CA,2023-06-12
42cfebad5b8124e6,source_ood,1,validation,USGS_Sacramento_Delta,USGS_Sacramento_Delta,waterbody:USGS_Sacramento_Delta:FRANKS TRACT SITE 2.4 NR BETHEL ISLAND CA,2023-06-12
6d6f2d1809b34239,source_ood,1,validation,USGS_Sacramento_Delta,USGS_Sacramento_Delta,waterbody:USGS_Sacramento_Delta:FRANKS TRACT SITE 2.4 NR BETHEL ISLAND CA,2023-06-12
c0f008c022f0ed92,source_ood,1,validation,USGS_Sacramento_Delta,USGS_Sacramento_Delta,waterbody:USGS_Sacramento_Delta:FRANKS TRACT SITE 2.4 NR BETHEL ISLAND CA,2023-06-12
8cf96b93211a7b0d,source_ood,1,validation,USGS_Sacramento_Delta,USGS_Sacramento_Delta,waterbody:USGS_Sacramento_Delta:MILDRED ISLAND SITE 1.1 NR ORWOOD CA,2023-06-12
ed90fa0c4ace722d,source_ood,1,validation,USGS_Sacramento_Delta,USGS_Sacramento_Delta,waterbody:USGS_Sacramento_Delta:MILDRED ISLAND SITE 1.1 NR ORWOOD CA,2023-06-12
4dddc6606b43d9d8,source_ood,1,validation,USGS_Sacramento_Delta,USGS_Sacramento_Delta,waterbody:USGS_Sacramento_Delta:MILDRED ISLAND SITE 1.1 NR ORWOOD CA,2023-06-12
89742751baa430a5,source_ood,1,validation,USGS_Sacramento_Delta,USGS_Sacramento_Delta,waterbody:USGS_Sacramento_Delta:MILDRED ISLAND SITE 2.4 NR ORWOOD CA,2023-06-12
813650e773115d73,source_ood,1,validation,USGS_Sacramento_Delta,USGS_Sacramento_Delta,waterbody:USGS_Sacramento_Delta:MILDRED ISLAND SITE 2.4 NR ORWOOD CA,2023-06-12
1a992889ff3fe473,source_ood,1,validation,USGS_Sacramento_Delta,USGS_Sacramento_Delta,waterbody:USGS_Sacramento_Delta:MILDRED ISLAND SITE 2.4 NR ORWOOD CA,2023-06-12
df8d008d9091ef40,source_ood,1,validation,USGS_Sacramento_Delta,USGS_Sacramento_Delta,waterbody:USGS_Sacramento_Delta:SACRAMENTO R BL TOLAND LANDING NR RIO VISTA CA,2022-06-14
35b855e534ff07b3,source_ood,1,validation,USGS_Sacramento_Delta,USGS_Sacramento_Delta,waterbody:USGS_Sacramento_Delta:SACRAMENTO R BL TOLAND LANDING NR RIO VISTA CA,2022-06-14
3ab3020b3ef09594,source_ood,1,validation,USGS_Sacramento_Delta,USGS_Sacramento_Delta,waterbody:USGS_Sacramento_Delta:SACRAMENTO R BL TOLAND LANDING NR RIO VISTA CA,2022-06-14
8c38a8e9c85c96a3,source_ood,1,validation,USGS_Sacramento_Delta,USGS_Sacramento_Delta,waterbody:USGS_Sacramento_Delta:SACRAMENTO R BL TOLAND LANDING NR RIO VISTA CA,2022-06-14
638312d232321536,source_ood,1,validation,USGS_Sacramento_Delta,USGS_Sacramento_Delta,waterbody:USGS_Sacramento_Delta:SAN JOAQUIN R A JERSEY POINT CA,2022-06-14
1282c57d2bc5d620,source_ood,1,validation,USGS_Sacramento_Delta,USGS_Sacramento_Delta,waterbody:USGS_Sacramento_Delta:SAN JOAQUIN R A JERSEY POINT CA,2022-06-14
83f8916cc9bb5d6b,source_ood,1,validation,USGS_Sacramento_Delta,USGS_Sacramento_Delta,waterbody:USGS_Sacramento_Delta:SAN JOAQUIN R A JERSEY POINT CA,2022-06-14
de13537b118955d6,source_ood,1,validation,USGS_Sacramento_Delta,USGS_Sacramento_Delta,waterbody:USGS_Sacramento_Delta:SAN JOAQUIN R A JERSEY POINT CA,2022-06-14
41e87c614b607978,source_ood,1,validation,USGS_Sacramento_Delta,USGS_Sacramento_Delta,waterbody:USGS_Sacramento_Delta:SAN JOAQUIN R A ROUGH AND READY ISLAND NR STOCKTON,2021-06-15
7759da27f56ddc30,source_ood,1,validation,USGS_Sacramento_Delta,USGS_Sacramento_Delta,waterbody:USGS_Sacramento_Delta:SAN JOAQUIN R A ROUGH AND READY ISLAND NR STOCKTON,2021-06-15
ddd0ddf836a882b9,source_ood,1,validation,USGS_Sacramento_Delta,USGS_Sacramento_Delta,waterbody:USGS_Sacramento_Delta:SAN JOAQUIN R A ROUGH AND READY ISLAND NR STOCKTON,2021-06-15
91b057a43f9a7bae,source_ood,1,validation,USGS_Sacramento_Delta,USGS_Sacramento_Delta,waterbody:USGS_Sacramento_Delta:SAN JOAQUIN R A ROUGH AND READY ISLAND NR STOCKTON,2021-06-15
f6e8080ed1344131,source_ood,1,validation,USGS_Sacramento_Delta,USGS_Sacramento_Delta,waterbody:USGS_Sacramento_Delta:San Joaquin R a R mi 72.2 nr Vernalis CA,2021-06-15
c2a0a5f3e1b30c82,source_ood,1,validation,USGS_Sacramento_Delta,USGS_Sacramento_Delta,waterbody:USGS_Sacramento_Delta:San Joaquin R a R mi 72.2 nr Vernalis CA,2021-06-15
7ac4c067281f22c3,source_ood,1,validation,USGS_Sacramento_Delta,USGS_Sacramento_Delta,waterbody:USGS_Sacramento_Delta:San Joaquin R a R mi 72.2 nr Vernalis CA,2021-06-15
425687242ef1e62b,source_ood,1,validation,USGS_Sacramento_Delta,USGS_Sacramento_Delta,waterbody:USGS_Sacramento_Delta:San Joaquin R a R mi 72.2 nr Vernalis CA,2021-06-15
2a499cc70324996f,source_ood,1,validation,USGS_Sacramento_Delta,USGS_Sacramento_Delta,waterbody:USGS_Sacramento_Delta:CACHE SLOUGH A S LIBERTY ISLAND NR RIO VISTA CA,2022-06-15
910631067e2e98aa,source_ood,1,validation,USGS_Sacramento_Delta,USGS_Sacramento_Delta,waterbody:USGS_Sacramento_Delta:CACHE SLOUGH A S LIBERTY ISLAND NR RIO VISTA CA,2022-06-15
2865ea256e94124d,source_ood,1,validation,USGS_Sacramento_Delta,USGS_Sacramento_Delta,waterbody:USGS_Sacramento_Delta:CACHE SLOUGH A S LIBERTY ISLAND NR RIO VISTA CA,2022-06-15
d49cbeded10a99d0,source_ood,1,validation,USGS_Sacramento_Delta,USGS_Sacramento_Delta,waterbody:USGS_Sacramento_Delta:CACHE SLOUGH A S LIBERTY ISLAND NR RIO VISTA CA,2022-06-15
48ba7ef0fe84ccc1,source_ood,1,validation,USGS_Sacramento_Delta,USGS_Sacramento_Delta,waterbody:USGS_Sacramento_Delta:MIDDLE R AT MIDDLE RIVER CA,2022-06-16
300dc526e47529cb,source_ood,1,validation,USGS_Sacramento_Delta,USGS_Sacramento_Delta,waterbody:USGS_Sacramento_Delta:MIDDLE R AT MIDDLE RIVER CA,2022-06-16
b10c1237d83c20d0,source_ood,1,validation,USGS_Sacramento_Delta,USGS_Sacramento_Delta,waterbody:USGS_Sacramento_Delta:MIDDLE R AT MIDDLE RIVER CA,2022-06-16
49df7aa4bdd303b2,source_ood,1,validation,USGS_Sacramento_Delta,USGS_Sacramento_Delta,waterbody:USGS_Sacramento_Delta:MIDDLE R AT MIDDLE RIVER CA,2022-06-16
dfd04d6d70d4b809,source_ood,1,validation,USGS_Sacramento_Delta,USGS_Sacramento_Delta,waterbody:USGS_Sacramento_Delta:CACHE SLOUGH A S LIBERTY ISLAND NR RIO VISTA CA,2024-06-18
1843e58be3e4b3c4,source_ood,1,validation,USGS_Sacramento_Delta,USGS_Sacramento_Delta,waterbody:USGS_Sacramento_Delta:CACHE SLOUGH A S LIBERTY ISLAND NR RIO VISTA CA,2024-06-18
d94a237bb77b85a5,source_ood,1,validation,USGS_Sacramento_Delta,USGS_Sacramento_Delta,waterbody:USGS_Sacramento_Delta:CACHE SLOUGH A S LIBERTY ISLAND NR RIO VISTA CA,2024-06-18
033d971e13040bc4,source_ood,1,validation,USGS_Sacramento_Delta,USGS_Sacramento_Delta,waterbody:USGS_Sacramento_Delta:FRANKS TRACT NR BETHEL ISLAND CA,2022-06-20
9f14f968d28e8eb4,source_ood,1,validation,USGS_Sacramento_Delta,USGS_Sacramento_Delta,waterbody:USGS_Sacramento_Delta:FRANKS TRACT NR BETHEL ISLAND CA,2022-06-20
0b5d97e30df7b92f,source_ood,1,validation,USGS_Sacramento_Delta,USGS_Sacramento_Delta,waterbody:USGS_Sacramento_Delta:FRANKS TRACT NR BETHEL ISLAND CA,2022-06-20
0e0f6adf38ff9357,source_ood,1,validation,USGS_Sacramento_Delta,USGS_Sacramento_Delta,waterbody:USGS_Sacramento_Delta:FRANKS TRACT NR BETHEL ISLAND CA,2022-06-20
d94984a5df859117,source_ood,1,validation,USGS_Sacramento_Delta,USGS_Sacramento_Delta,waterbody:USGS_Sacramento_Delta:San Joaquin R a R mi 72.2 nr Vernalis CA,2022-06-20
2abf2e23865930da,source_ood,1,validation,USGS_Sacramento_Delta,USGS_Sacramento_Delta,waterbody:USGS_Sacramento_Delta:San Joaquin R a R mi 72.2 nr Vernalis CA,2022-06-20
4a3afc23f2902056,source_ood,1,validation,USGS_Sacramento_Delta,USGS_Sacramento_Delta,waterbody:USGS_Sacramento_Delta:San Joaquin R a R mi 72.2 nr Vernalis CA,2022-06-20
ee3160bec9a48764,source_ood,1,validation,USGS_Sacramento_Delta,USGS_Sacramento_Delta,waterbody:USGS_Sacramento_Delta:San Joaquin R a R mi 72.2 nr Vernalis CA,2022-06-20
9ea5f1503e3298c2,source_ood,1,validation,USGS_Sacramento_Delta,USGS_Sacramento_Delta,waterbody:USGS_Sacramento_Delta:SACRAMENTO R BL TOLAND LANDING NR RIO VISTA CA,2023-06-20
45e717efdb7c281c,source_ood,1,validation,USGS_Sacramento_Delta,USGS_Sacramento_Delta,waterbody:USGS_Sacramento_Delta:SACRAMENTO R BL TOLAND LANDING NR RIO VISTA CA,2023-06-20
26ef3c3d1757e320,source_ood,1,validation,USGS_Sacramento_Delta,USGS_Sacramento_Delta,waterbody:USGS_Sacramento_Delta:SACRAMENTO R BL TOLAND LANDING NR RIO VISTA CA,2023-06-20
24117333a92474f7,source_ood,1,validation,USGS_Sacramento_Delta,USGS_Sacramento_Delta,waterbody:USGS_Sacramento_Delta:SACRAMENTO R BL TOLAND LANDING NR RIO VISTA CA,2023-06-20
fd3f1e7f85d780fe,source_ood,1,validation,USGS_Sacramento_Delta,USGS_Sacramento_Delta,waterbody:USGS_Sacramento_Delta:SAN JOAQUIN R A JERSEY POINT CA,2023-06-20
b08815dee1589e7d,source_ood,1,validation,USGS_Sacramento_Delta,USGS_Sacramento_Delta,waterbody:USGS_Sacramento_Delta:SAN JOAQUIN R A JERSEY POINT CA,2023-06-20
71e8c287bfafe28a,source_ood,1,validation,USGS_Sacramento_Delta,USGS_Sacramento_Delta,waterbody:USGS_Sacramento_Delta:SAN JOAQUIN R A JERSEY POINT CA,2023-06-20
4bfaf6e7cd92675e,source_ood,1,validation,USGS_Sacramento_Delta,USGS_Sacramento_Delta,waterbody:USGS_Sacramento_Delta:SAN JOAQUIN R A JERSEY POINT CA,2023-06-20
60144115afda015d,source_ood,1,validation,USGS_Sacramento_Delta,USGS_Sacramento_Delta,waterbody:USGS_Sacramento_Delta:SAN JOAQUIN R A JERSEY POINT CA,2024-06-20
c7bf8fa46d4465e4,source_ood,1,validation,USGS_Sacramento_Delta,USGS_Sacramento_Delta,waterbody:USGS_Sacramento_Delta:SAN JOAQUIN R A JERSEY POINT CA,2024-06-20
4d7d09c0e139a752,source_ood,1,validation,USGS_Sacramento_Delta,USGS_Sacramento_Delta,waterbody:USGS_Sacramento_Delta:SAN JOAQUIN R A JERSEY POINT CA,2024-06-20
5754e66095a95a4a,source_ood,1,validation,USGS_Sacramento_Delta,USGS_Sacramento_Delta,waterbody:USGS_Sacramento_Delta:SACRAMENTO R BL TOLAND LANDING NR RIO VISTA CA,2024-06-20
f378a15ed2e50d1c,source_ood,1,validation,USGS_Sacramento_Delta,USGS_Sacramento_Delta,waterbody:USGS_Sacramento_Delta:SACRAMENTO R BL TOLAND LANDING NR RIO VISTA CA,2024-06-20
6cdc81eab097055e,source_ood,1,validation,USGS_Sacramento_Delta,USGS_Sacramento_Delta,waterbody:USGS_Sacramento_Delta:SACRAMENTO R BL TOLAND LANDING NR RIO VISTA CA,2024-06-20
6739ee4b10499e48,source_ood,1,validation,USGS_Sacramento_Delta,USGS_Sacramento_Delta,waterbody:USGS_Sacramento_Delta:MIDDLE R AT MIDDLE RIVER CA,2024-06-20
076a467503e5516e,source_ood,1,validation,USGS_Sacramento_Delta,USGS_Sacramento_Delta,waterbody:USGS_Sacramento_Delta:MIDDLE R AT MIDDLE RIVER CA,2024-06-20
40e6bc38442d243a,source_ood,1,validation,USGS_Sacramento_Delta,USGS_Sacramento_Delta,waterbody:USGS_Sacramento_Delta:MIDDLE R AT MIDDLE RIVER CA,2024-06-20
de96afa3914275b3,source_ood,1,validation,USGS_Sacramento_Delta,USGS_Sacramento_Delta,waterbody:USGS_Sacramento_Delta:OLD R A BACON ISLAND CA,2024-06-20
478bff1dce24f920,source_ood,1,validation,USGS_Sacramento_Delta,USGS_Sacramento_Delta,waterbody:USGS_Sacramento_Delta:OLD R A BACON ISLAND CA,2024-06-20
27717d7022deee8e,source_ood,1,validation,USGS_Sacramento_Delta,USGS_Sacramento_Delta,waterbody:USGS_Sacramento_Delta:OLD R A BACON ISLAND CA,2024-06-20
6d7755cd0bce9e2e,source_ood,1,validation,USGS_Sacramento_Delta,USGS_Sacramento_Delta,waterbody:USGS_Sacramento_Delta:STATEN ISLAND NR TERMINOUS CA,2022-06-22
dd35df11f735f02e,source_ood,1,validation,USGS_Sacramento_Delta,USGS_Sacramento_Delta,waterbody:USGS_Sacramento_Delta:STATEN ISLAND NR TERMINOUS CA,2022-06-22
f173c14f0356b29f,source_ood,1,validation,USGS_Sacramento_Delta,USGS_Sacramento_Delta,waterbody:USGS_Sacramento_Delta:STATEN ISLAND NR TERMINOUS CA,2022-06-22
705b93e2e64a3f46,source_ood,1,validation,USGS_Sacramento_Delta,USGS_Sacramento_Delta,waterbody:USGS_Sacramento_Delta:SAN JOAQUIN R AB BUCKLEY COVE NR STOCKTON CA,2022-06-22
12e26f25125141ab,source_ood,1,validation,USGS_Sacramento_Delta,USGS_Sacramento_Delta,waterbody:USGS_Sacramento_Delta:SAN JOAQUIN R AB BUCKLEY COVE NR STOCKTON CA,2022-06-22
dc81f2cff4f6da19,source_ood,1,validation,USGS_Sacramento_Delta,USGS_Sacramento_Delta,waterbody:USGS_Sacramento_Delta:SAN JOAQUIN R AB BUCKLEY COVE NR STOCKTON CA,2022-06-22
f5b037d550aa0392,source_ood,1,validation,USGS_Sacramento_Delta,USGS_Sacramento_Delta,waterbody:USGS_Sacramento_Delta:SAN JOAQUIN R AB BUCKLEY COVE NR STOCKTON CA,2022-06-22
57ac7e5f8d675f03,source_ood,1,validation,USGS_Sacramento_Delta,USGS_Sacramento_Delta,waterbody:USGS_Sacramento_Delta:MIDDLE R AT MIDDLE RIVER CA,2023-06-22
b6aa704a47f1f2e2,source_ood,1,validation,USGS_Sacramento_Delta,USGS_Sacramento_Delta,waterbody:USGS_Sacramento_Delta:MIDDLE R AT MIDDLE RIVER CA,2023-06-22
f805e36beb38ce00,source_ood,1,validation,USGS_Sacramento_Delta,USGS_Sacramento_Delta,waterbody:USGS_Sacramento_Delta:MIDDLE R AT MIDDLE RIVER CA,2023-06-22
4d007dff9058555a,source_ood,1,validation,USGS_Sacramento_Delta,USGS_Sacramento_Delta,waterbody:USGS_Sacramento_Delta:MIDDLE R AT MIDDLE RIVER CA,2023-06-22
b315a379e4eddadb,source_ood,1,validation,USGS_Sacramento_Delta,USGS_Sacramento_Delta,waterbody:USGS_Sacramento_Delta:CACHE SLOUGH A S LIBERTY ISLAND NR RIO VISTA CA,2023-06-22
cd47f66ad3c1d648,source_ood,1,validation,USGS_Sacramento_Delta,USGS_Sacramento_Delta,waterbody:USGS_Sacramento_Delta:CACHE SLOUGH A S LIBERTY ISLAND NR RIO VISTA CA,2023-06-22
9412333461507363,source_ood,1,validation,USGS_Sacramento_Delta,USGS_Sacramento_Delta,waterbody:USGS_Sacramento_Delta:CACHE SLOUGH A S LIBERTY ISLAND NR RIO VISTA CA,2023-06-22
2fe6f5b37a545165,source_ood,1,validation,USGS_Sacramento_Delta,USGS_Sacramento_Delta,waterbody:USGS_Sacramento_Delta:CACHE SLOUGH A S LIBERTY ISLAND NR RIO VISTA CA,2023-06-22
d37568b042a8de66,source_ood,1,validation,USGS_Sacramento_Delta,USGS_Sacramento_Delta,waterbody:USGS_Sacramento_Delta:OLD R A BACON ISLAND CA,2023-06-22
045b9d81e737b169,source_ood,1,validation,USGS_Sacramento_Delta,USGS_Sacramento_Delta,waterbody:USGS_Sacramento_Delta:OLD R A BACON ISLAND CA,2023-06-22
0d5e46e5339911cb,source_ood,1,validation,USGS_Sacramento_Delta,USGS_Sacramento_Delta,waterbody:USGS_Sacramento_Delta:OLD R A BACON ISLAND CA,2023-06-22
e6b5312d4c579319,source_ood,1,validation,USGS_Sacramento_Delta,USGS_Sacramento_Delta,waterbody:USGS_Sacramento_Delta:OLD R A BACON ISLAND CA,2023-06-22
aae864976af1f790,source_ood,1,validation,USGS_Sacramento_Delta,USGS_Sacramento_Delta,waterbody:USGS_Sacramento_Delta:SACRAMENTO R BL TOLAND LANDING NR RIO VISTA CA,2021-06-24
8ff8ab7df6e2f330,source_ood,1,validation,USGS_Sacramento_Delta,USGS_Sacramento_Delta,waterbody:USGS_Sacramento_Delta:SACRAMENTO R BL TOLAND LANDING NR RIO VISTA CA,2021-06-24
f0f10e85f4518df3,source_ood,1,validation,USGS_Sacramento_Delta,USGS_Sacramento_Delta,waterbody:USGS_Sacramento_Delta:SACRAMENTO R BL TOLAND LANDING NR RIO VISTA CA,2021-06-24
18858f8d0f635a7c,source_ood,1,validation,USGS_Sacramento_Delta,USGS_Sacramento_Delta,waterbody:USGS_Sacramento_Delta:SACRAMENTO R BL TOLAND LANDING NR RIO VISTA CA,2021-06-24
c508ca5fa046a179,source_ood,1,validation,USGS_Sacramento_Delta,USGS_Sacramento_Delta,waterbody:USGS_Sacramento_Delta:SAN JOAQUIN R A JERSEY POINT CA,2021-06-24
73b3891cbf275712,source_ood,1,validation,USGS_Sacramento_Delta,USGS_Sacramento_Delta,waterbody:USGS_Sacramento_Delta:SAN JOAQUIN R A JERSEY POINT CA,2021-06-24
231e1e9b9227a873,source_ood,1,validation,USGS_Sacramento_Delta,USGS_Sacramento_Delta,waterbody:USGS_Sacramento_Delta:SAN JOAQUIN R A JERSEY POINT CA,2021-06-24
f3169144bbc7f034,source_ood,1,validation,USGS_Sacramento_Delta,USGS_Sacramento_Delta,waterbody:USGS_Sacramento_Delta:SAN JOAQUIN R A JERSEY POINT CA,2021-06-24
72031481d3289d22,source_ood,1,validation,USGS_Sacramento_Delta,USGS_Sacramento_Delta,waterbody:USGS_Sacramento_Delta:MIDDLE R AT MIDDLE RIVER CA,2021-06-24
04aa9397ddd4312c,source_ood,1,validation,USGS_Sacramento_Delta,USGS_Sacramento_Delta,waterbody:USGS_Sacramento_Delta:MIDDLE R AT MIDDLE RIVER CA,2021-06-24
a64016c096b29f44,source_ood,1,validation,USGS_Sacramento_Delta,USGS_Sacramento_Delta,waterbody:USGS_Sacramento_Delta:MIDDLE R AT MIDDLE RIVER CA,2021-06-24
60c28c6f75132878,source_ood,1,validation,USGS_Sacramento_Delta,USGS_Sacramento_Delta,waterbody:USGS_Sacramento_Delta:MIDDLE R AT MIDDLE RIVER CA,2021-06-24
959671860c4ae4c0,source_ood,1,validation,USGS_Sacramento_Delta,USGS_Sacramento_Delta,waterbody:USGS_Sacramento_Delta:CACHE SLOUGH A S LIBERTY ISLAND NR RIO VISTA CA,2022-06-28
0092d8a723ebdb50,source_ood,1,validation,USGS_Sacramento_Delta,USGS_Sacramento_Delta,waterbody:USGS_Sacramento_Delta:CACHE SLOUGH A S LIBERTY ISLAND NR RIO VISTA CA,2022-06-28
130d2b842fbb04d1,source_ood,1,validation,USGS_Sacramento_Delta,USGS_Sacramento_Delta,waterbody:USGS_Sacramento_Delta:CACHE SLOUGH A S LIBERTY ISLAND NR RIO VISTA CA,2022-06-28
f164fce32fd7cade,source_ood,1,validation,USGS_Sacramento_Delta,USGS_Sacramento_Delta,waterbody:USGS_Sacramento_Delta:CACHE SLOUGH A S LIBERTY ISLAND NR RIO VISTA CA,2022-06-28
19d5664ba2b1ed1f,source_ood,1,validation,USGS_Sacramento_Delta,USGS_Sacramento_Delta,waterbody:USGS_Sacramento_Delta:SACRAMENTO R BL TOLAND LANDING NR RIO VISTA CA,2022-06-29
de60f45dc71f4164,source_ood,1,validation,USGS_Sacramento_Delta,USGS_Sacramento_Delta,waterbody:USGS_Sacramento_Delta:SACRAMENTO R BL TOLAND LANDING NR RIO VISTA CA,2022-06-29
93bda449b1de3b88,source_ood,1,validation,USGS_Sacramento_Delta,USGS_Sacramento_Delta,waterbody:USGS_Sacramento_Delta:SACRAMENTO R BL TOLAND LANDING NR RIO VISTA CA,2022-06-29
238df29db522f5cf,source_ood,1,validation,USGS_Sacramento_Delta,USGS_Sacramento_Delta,waterbody:USGS_Sacramento_Delta:SACRAMENTO R BL TOLAND LANDING NR RIO VISTA CA,2022-06-29
89df54f87293b294,source_ood,1,validation,USGS_Sacramento_Delta,USGS_Sacramento_Delta,waterbody:USGS_Sacramento_Delta:SAN JOAQUIN R A JERSEY POINT CA,2022-06-29
8785ef491a928904,source_ood,1,validation,USGS_Sacramento_Delta,USGS_Sacramento_Delta,waterbody:USGS_Sacramento_Delta:SAN JOAQUIN R A JERSEY POINT CA,2022-06-29
2b943774a75af7ab,source_ood,1,validation,USGS_Sacramento_Delta,USGS_Sacramento_Delta,waterbody:USGS_Sacramento_Delta:SAN JOAQUIN R A JERSEY POINT CA,2022-06-29
61f520072838e137,source_ood,1,validation,USGS_Sacramento_Delta,USGS_Sacramento_Delta,waterbody:USGS_Sacramento_Delta:SAN JOAQUIN R A JERSEY POINT CA,2022-06-29
cfdd5473303dae07,source_ood,1,validation,USGS_Sacramento_Delta,USGS_Sacramento_Delta,waterbody:USGS_Sacramento_Delta:MIDDLE R AT MIDDLE RIVER CA,2022-06-29
58118fcf4ebd3bf7,source_ood,1,validation,USGS_Sacramento_Delta,USGS_Sacramento_Delta,waterbody:USGS_Sacramento_Delta:MIDDLE R AT MIDDLE RIVER CA,2022-06-29
388a10f7b7827211,source_ood,1,validation,USGS_Sacramento_Delta,USGS_Sacramento_Delta,waterbody:USGS_Sacramento_Delta:MIDDLE R AT MIDDLE RIVER CA,2022-06-29
53769214703bbc3e,source_ood,1,validation,USGS_Sacramento_Delta,USGS_Sacramento_Delta,waterbody:USGS_Sacramento_Delta:MIDDLE R AT MIDDLE RIVER CA,2022-06-29
53e1b72ce305185b,source_ood,1,validation,USGS_Sacramento_Delta,USGS_Sacramento_Delta,waterbody:USGS_Sacramento_Delta:SAN JOAQUIN R A ROUGH AND READY ISLAND NR STOCKTON,2021-06-30
c3423fc35240e945,source_ood,1,validation,USGS_Sacramento_Delta,USGS_Sacramento_Delta,waterbody:USGS_Sacramento_Delta:SAN JOAQUIN R A ROUGH AND READY ISLAND NR STOCKTON,2021-06-30
8ce89c476ff0cdd8,source_ood,1,validation,USGS_Sacramento_Delta,USGS_Sacramento_Delta,waterbody:USGS_Sacramento_Delta:SAN JOAQUIN R A ROUGH AND READY ISLAND NR STOCKTON,2021-06-30
7f805bfadb632546,source_ood,1,validation,USGS_Sacramento_Delta,USGS_Sacramento_Delta,waterbody:USGS_Sacramento_Delta:SAN JOAQUIN R A ROUGH AND READY ISLAND NR STOCKTON,2021-06-30
376730fcfee8f076,source_ood,1,validation,USGS_Sacramento_Delta,USGS_Sacramento_Delta,waterbody:USGS_Sacramento_Delta:San Joaquin R a R mi 72.2 nr Vernalis CA,2021-06-30
d53cfa01b16108f6,source_ood,1,validation,USGS_Sacramento_Delta,USGS_Sacramento_Delta,waterbody:USGS_Sacramento_Delta:San Joaquin R a R mi 72.2 nr Vernalis CA,2021-06-30
2bc0bc61177e07e7,source_ood,1,validation,USGS_Sacramento_Delta,USGS_Sacramento_Delta,waterbody:USGS_Sacramento_Delta:San Joaquin R a R mi 72.2 nr Vernalis CA,2021-06-30
66532ce10c0310d8,source_ood,1,validation,USGS_Sacramento_Delta,USGS_Sacramento_Delta,waterbody:USGS_Sacramento_Delta:San Joaquin R a R mi 72.2 nr Vernalis CA,2021-06-30
7211dc043ef9129e,source_ood,1,validation,USGS_Sacramento_Delta,USGS_Sacramento_Delta,waterbody:USGS_Sacramento_Delta:CACHE SLOUGH A S LIBERTY ISLAND NR RIO VISTA CA,2024-07-01
3f33532ce102a546,source_ood,1,validation,USGS_Sacramento_Delta,USGS_Sacramento_Delta,waterbody:USGS_Sacramento_Delta:CACHE SLOUGH A S LIBERTY ISLAND NR RIO VISTA CA,2024-07-01
d7b59758b937f12d,source_ood,1,validation,USGS_Sacramento_Delta,USGS_Sacramento_Delta,waterbody:USGS_Sacramento_Delta:CACHE SLOUGH A S LIBERTY ISLAND NR RIO VISTA CA,2024-07-01
0a64c7d1922a8bc9,source_ood,1,validation,USGS_Sacramento_Delta,USGS_Sacramento_Delta,waterbody:USGS_Sacramento_Delta:SAN JOAQUIN R A JERSEY POINT CA,2024-07-02
f7736f4fee0190c5,source_ood,1,validation,USGS_Sacramento_Delta,USGS_Sacramento_Delta,waterbody:USGS_Sacramento_Delta:SAN JOAQUIN R A JERSEY POINT CA,2024-07-02
3f6696fb7af240dc,source_ood,1,validation,USGS_Sacramento_Delta,USGS_Sacramento_Delta,waterbody:USGS_Sacramento_Delta:SAN JOAQUIN R A JERSEY POINT CA,2024-07-02
33d14f22f26b6b3d,source_ood,1,validation,USGS_Sacramento_Delta,USGS_Sacramento_Delta,waterbody:USGS_Sacramento_Delta:OLD R A BACON ISLAND CA,2024-07-02
bed3e3fce9362bf9,source_ood,1,validation,USGS_Sacramento_Delta,USGS_Sacramento_Delta,waterbody:USGS_Sacramento_Delta:SACRAMENTO R BL TOLAND LANDING NR RIO VISTA CA,2024-07-02
45ac496037cd6917,source_ood,1,validation,USGS_Sacramento_Delta,USGS_Sacramento_Delta,waterbody:USGS_Sacramento_Delta:OLD R A BACON ISLAND CA,2024-07-02
ee2fd2f2d948682c,source_ood,1,validation,USGS_Sacramento_Delta,USGS_Sacramento_Delta,waterbody:USGS_Sacramento_Delta:SACRAMENTO R BL TOLAND LANDING NR RIO VISTA CA,2024-07-02
75e4a4c4e62d161b,source_ood,1,validation,USGS_Sacramento_Delta,USGS_Sacramento_Delta,waterbody:USGS_Sacramento_Delta:OLD R A BACON ISLAND CA,2024-07-02
c8115cf4cda7d600,source_ood,1,validation,USGS_Sacramento_Delta,USGS_Sacramento_Delta,waterbody:USGS_Sacramento_Delta:SACRAMENTO R BL TOLAND LANDING NR RIO VISTA CA,2024-07-02
29e68ae4f8e71368,source_ood,1,validation,USGS_Sacramento_Delta,USGS_Sacramento_Delta,waterbody:USGS_Sacramento_Delta:MIDDLE R AT MIDDLE RIVER CA,2024-07-02
b47cb99e67630551,source_ood,1,validation,USGS_Sacramento_Delta,USGS_Sacramento_Delta,waterbody:USGS_Sacramento_Delta:MIDDLE R AT MIDDLE RIVER CA,2024-07-02
3243bb812ce9137a,source_ood,1,validation,USGS_Sacramento_Delta,USGS_Sacramento_Delta,waterbody:USGS_Sacramento_Delta:MIDDLE R AT MIDDLE RIVER CA,2024-07-02
3375bfba3a67d7f5,source_ood,1,validation,USGS_Sacramento_Delta,USGS_Sacramento_Delta,waterbody:USGS_Sacramento_Delta:SAN JOAQUIN R A ROUGH AND READY ISLAND NR STOCKTON,2022-07-05
ad72ed56a451077d,source_ood,1,validation,USGS_Sacramento_Delta,USGS_Sacramento_Delta,waterbody:USGS_Sacramento_Delta:SAN JOAQUIN R A ROUGH AND READY ISLAND NR STOCKTON,2022-07-05
9c6593a30531123f,source_ood,1,validation,USGS_Sacramento_Delta,USGS_Sacramento_Delta,waterbody:USGS_Sacramento_Delta:SAN JOAQUIN R A ROUGH AND READY ISLAND NR STOCKTON,2022-07-05
ebb99950358a3ccb,source_ood,1,validation,USGS_Sacramento_Delta,USGS_Sacramento_Delta,waterbody:USGS_Sacramento_Delta:SAN JOAQUIN R A ROUGH AND READY ISLAND NR STOCKTON,2022-07-05
8ada78b9fd60a96c,source_ood,1,validation,USGS_Sacramento_Delta,USGS_Sacramento_Delta,waterbody:USGS_Sacramento_Delta:San Joaquin R a R mi 72.2 nr Vernalis CA,2022-07-05
1647455739bc8291,source_ood,1,validation,USGS_Sacramento_Delta,USGS_Sacramento_Delta,waterbody:USGS_Sacramento_Delta:San Joaquin R a R mi 72.2 nr Vernalis CA,2022-07-05
51c772274fe5d581,source_ood,1,validation,USGS_Sacramento_Delta,USGS_Sacramento_Delta,waterbody:USGS_Sacramento_Delta:San Joaquin R a R mi 72.2 nr Vernalis CA,2022-07-05
1bd9c49a2e22a18e,source_ood,1,validation,USGS_Sacramento_Delta,USGS_Sacramento_Delta,waterbody:USGS_Sacramento_Delta:San Joaquin R a R mi 72.2 nr Vernalis CA,2022-07-05
827b217bdad29aff,source_ood,1,validation,USGS_Sacramento_Delta,USGS_Sacramento_Delta,waterbody:USGS_Sacramento_Delta:OLD R A BACON ISLAND CA,2023-07-05
97a070a8bbde2f08,source_ood,1,validation,USGS_Sacramento_Delta,USGS_Sacramento_Delta,waterbody:USGS_Sacramento_Delta:OLD R A BACON ISLAND CA,2023-07-05
2964bab0b0eb2364,source_ood,1,validation,USGS_Sacramento_Delta,USGS_Sacramento_Delta,waterbody:USGS_Sacramento_Delta:OLD R A BACON ISLAND CA,2023-07-05
f518005960461353,source_ood,1,validation,USGS_Sacramento_Delta,USGS_Sacramento_Delta,waterbody:USGS_Sacramento_Delta:OLD R A BACON ISLAND CA,2023-07-05
2267af7a35adb699,source_ood,1,validation,USGS_Sacramento_Delta,USGS_Sacramento_Delta,waterbody:USGS_Sacramento_Delta:MIDDLE R AT MIDDLE RIVER CA,2023-07-05
cccf66d7171084e4,source_ood,1,validation,USGS_Sacramento_Delta,USGS_Sacramento_Delta,waterbody:USGS_Sacramento_Delta:MIDDLE R AT MIDDLE RIVER CA,2023-07-05
8c7d9a66ce1cd4c6,source_ood,1,validation,USGS_Sacramento_Delta,USGS_Sacramento_Delta,waterbody:USGS_Sacramento_Delta:MIDDLE R AT MIDDLE RIVER CA,2023-07-05
104033945ce68e30,source_ood,1,validation,USGS_Sacramento_Delta,USGS_Sacramento_Delta,waterbody:USGS_Sacramento_Delta:MIDDLE R AT MIDDLE RIVER CA,2023-07-05
693e8e4ff70433f8,source_ood,1,validation,USGS_Sacramento_Delta,USGS_Sacramento_Delta,waterbody:USGS_Sacramento_Delta:SAN JOAQUIN R A JERSEY POINT CA,2023-07-06
63ca68c8381755cd,source_ood,1,validation,USGS_Sacramento_Delta,USGS_Sacramento_Delta,waterbody:USGS_Sacramento_Delta:SAN JOAQUIN R A JERSEY POINT CA,2023-07-06
99fc0ca40c3153e5,source_ood,1,validation,USGS_Sacramento_Delta,USGS_Sacramento_Delta,waterbody:USGS_Sacramento_Delta:SAN JOAQUIN R A JERSEY POINT CA,2023-07-06
1279efaeb7011770,source_ood,1,validation,USGS_Sacramento_Delta,USGS_Sacramento_Delta,waterbody:USGS_Sacramento_Delta:SAN JOAQUIN R A JERSEY POINT CA,2023-07-06
a6722fe5369088cf,source_ood,1,validation,USGS_Sacramento_Delta,USGS_Sacramento_Delta,waterbody:USGS_Sacramento_Delta:SACRAMENTO R BL TOLAND LANDING NR RIO VISTA CA,2021-07-07
34df86baddf8aa42,source_ood,1,validation,USGS_Sacramento_Delta,USGS_Sacramento_Delta,waterbody:USGS_Sacramento_Delta:SACRAMENTO R BL TOLAND LANDING NR RIO VISTA CA,2021-07-07
18ea9ffc0108ad2a,source_ood,1,validation,USGS_Sacramento_Delta,USGS_Sacramento_Delta,waterbody:USGS_Sacramento_Delta:SACRAMENTO R BL TOLAND LANDING NR RIO VISTA CA,2021-07-07
26ee27727226a5c3,source_ood,1,validation,USGS_Sacramento_Delta,USGS_Sacramento_Delta,waterbody:USGS_Sacramento_Delta:SACRAMENTO R BL TOLAND LANDING NR RIO VISTA CA,2021-07-07
3516c576dd222281,source_ood,1,validation,USGS_Sacramento_Delta,USGS_Sacramento_Delta,waterbody:USGS_Sacramento_Delta:SACRAMENTO R BL TOLAND LANDING NR RIO VISTA CA,2021-07-07
5270e1f9635e8bfa,source_ood,1,validation,USGS_Sacramento_Delta,USGS_Sacramento_Delta,waterbody:USGS_Sacramento_Delta:SAN JOAQUIN R A JERSEY POINT CA,2021-07-07
ad895b16652f2601,source_ood,1,validation,USGS_Sacramento_Delta,USGS_Sacramento_Delta,waterbody:USGS_Sacramento_Delta:SAN JOAQUIN R A JERSEY POINT CA,2021-07-07
a82f3b84245d0907,source_ood,1,validation,USGS_Sacramento_Delta,USGS_Sacramento_Delta,waterbody:USGS_Sacramento_Delta:SAN JOAQUIN R A JERSEY POINT CA,2021-07-07
8f1ec01c84b6ae55,source_ood,1,validation,USGS_Sacramento_Delta,USGS_Sacramento_Delta,waterbody:USGS_Sacramento_Delta:SAN JOAQUIN R A JERSEY POINT CA,2021-07-07
efcd203f8f818db8,source_ood,1,validation,USGS_Sacramento_Delta,USGS_Sacramento_Delta,waterbody:USGS_Sacramento_Delta:SAN JOAQUIN R A JERSEY POINT CA,2021-07-07
9c654d040739678c,source_ood,1,validation,USGS_Sacramento_Delta,USGS_Sacramento_Delta,waterbody:USGS_Sacramento_Delta:MIDDLE R AT MIDDLE RIVER CA,2021-07-07
57050f35fdae12c2,source_ood,1,validation,USGS_Sacramento_Delta,USGS_Sacramento_Delta,waterbody:USGS_Sacramento_Delta:MIDDLE R AT MIDDLE RIVER CA,2021-07-07
9fcd7819f33454b2,source_ood,1,validation,USGS_Sacramento_Delta,USGS_Sacramento_Delta,waterbody:USGS_Sacramento_Delta:MIDDLE R AT MIDDLE RIVER CA,2021-07-07
f840448425939e6b,source_ood,1,validation,USGS_Sacramento_Delta,USGS_Sacramento_Delta,waterbody:USGS_Sacramento_Delta:MIDDLE R AT MIDDLE RIVER CA,2021-07-07
1909618821f95a6e,source_ood,1,validation,USGS_Sacramento_Delta,USGS_Sacramento_Delta,waterbody:USGS_Sacramento_Delta:SACRAMENTO R BL TOLAND LANDING NR RIO VISTA CA,2023-07-10
dd91770e55747ba7,source_ood,1,validation,USGS_Sacramento_Delta,USGS_Sacramento_Delta,waterbody:USGS_Sacramento_Delta:SACRAMENTO R BL TOLAND LANDING NR RIO VISTA CA,2023-07-10
605ee23bb0e02621,source_ood,1,validation,USGS_Sacramento_Delta,USGS_Sacramento_Delta,waterbody:USGS_Sacramento_Delta:SACRAMENTO R BL TOLAND LANDING NR RIO VISTA CA,2023-07-10
8f966a1f6dd31390,source_ood,1,validation,USGS_Sacramento_Delta,USGS_Sacramento_Delta,waterbody:USGS_Sacramento_Delta:CACHE SLOUGH A S LIBERTY ISLAND NR RIO VISTA CA,2023-07-10
f85062a51f69b81a,source_ood,1,validation,USGS_Sacramento_Delta,USGS_Sacramento_Delta,waterbody:USGS_Sacramento_Delta:CACHE SLOUGH A S LIBERTY ISLAND NR RIO VISTA CA,2023-07-10
28c8eda080003f5d,source_ood,1,validation,USGS_Sacramento_Delta,USGS_Sacramento_Delta,waterbody:USGS_Sacramento_Delta:CACHE SLOUGH A S LIBERTY ISLAND NR RIO VISTA CA,2023-07-10
e295d3f28228b2de,source_ood,1,validation,USGS_Sacramento_Delta,USGS_Sacramento_Delta,waterbody:USGS_Sacramento_Delta:SAN JOAQUIN R AB BUCKLEY COVE NR STOCKTON CA,2023-07-11
c15f218eb88cdfa3,source_ood,1,validation,USGS_Sacramento_Delta,USGS_Sacramento_Delta,waterbody:USGS_Sacramento_Delta:SAN JOAQUIN R AB BUCKLEY COVE NR STOCKTON CA,2023-07-11
49052d1d74816f69,source_ood,1,validation,USGS_Sacramento_Delta,USGS_Sacramento_Delta,waterbody:USGS_Sacramento_Delta:SAN JOAQUIN R AB BUCKLEY COVE NR STOCKTON CA,2023-07-11
cd7b9bf4b56b95ca,source_ood,1,validation,USGS_Sacramento_Delta,USGS_Sacramento_Delta,waterbody:USGS_Sacramento_Delta:SAN JOAQUIN R A JERSEY POINT CA,2022-07-12
25c0a25e5039733d,source_ood,1,validation,USGS_Sacramento_Delta,USGS_Sacramento_Delta,waterbody:USGS_Sacramento_Delta:SAN JOAQUIN R A JERSEY POINT CA,2022-07-12
6102af49208e0108,source_ood,1,validation,USGS_Sacramento_Delta,USGS_Sacramento_Delta,waterbody:USGS_Sacramento_Delta:SAN JOAQUIN R A JERSEY POINT CA,2022-07-12
f8cf3224987e2ccc,source_ood,1,validation,USGS_Sacramento_Delta,USGS_Sacramento_Delta,waterbody:USGS_Sacramento_Delta:SAN JOAQUIN R A JERSEY POINT CA,2022-07-12
edc28c77fa5a46a8,source_ood,1,validation,USGS_Sacramento_Delta,USGS_Sacramento_Delta,waterbody:USGS_Sacramento_Delta:SACRAMENTO R BL TOLAND LANDING NR RIO VISTA CA,2022-07-12
fcda8daba019f759,source_ood,1,validation,USGS_Sacramento_Delta,USGS_Sacramento_Delta,waterbody:USGS_Sacramento_Delta:SACRAMENTO R BL TOLAND LANDING NR RIO VISTA CA,2022-07-12
0c36ea9296583419,source_ood,1,validation,USGS_Sacramento_Delta,USGS_Sacramento_Delta,waterbody:USGS_Sacramento_Delta:SACRAMENTO R BL TOLAND LANDING NR RIO VISTA CA,2022-07-12
82ef152389efed3d,source_ood,1,validation,USGS_Sacramento_Delta,USGS_Sacramento_Delta,waterbody:USGS_Sacramento_Delta:SACRAMENTO R BL TOLAND LANDING NR RIO VISTA CA,2022-07-12
a4a027cd50f4e789,source_ood,1,validation,USGS_Sacramento_Delta,USGS_Sacramento_Delta,waterbody:USGS_Sacramento_Delta:FRANKS TRACT NR BETHEL ISLAND CA,2022-07-13
f674b700d8ebd771,source_ood,1,validation,USGS_Sacramento_Delta,USGS_Sacramento_Delta,waterbody:USGS_Sacramento_Delta:FRANKS TRACT NR BETHEL ISLAND CA,2022-07-13
17a1e6839c57dd56,source_ood,1,validation,USGS_Sacramento_Delta,USGS_Sacramento_Delta,waterbody:USGS_Sacramento_Delta:FRANKS TRACT NR BETHEL ISLAND CA,2022-07-13
7a2c7486376556e5,source_ood,1,validation,USGS_Sacramento_Delta,USGS_Sacramento_Delta,waterbody:USGS_Sacramento_Delta:FRANKS TRACT NR BETHEL ISLAND CA,2022-07-13
0d139ddccead2188,source_ood,1,validation,USGS_Sacramento_Delta,USGS_Sacramento_Delta,waterbody:USGS_Sacramento_Delta:San Joaquin R a R mi 72.2 nr Vernalis CA,2021-07-14
081ec9b466391942,source_ood,1,validation,USGS_Sacramento_Delta,USGS_Sacramento_Delta,waterbody:USGS_Sacramento_Delta:San Joaquin R a R mi 72.2 nr Vernalis CA,2021-07-14
e5bc581c72b1e11a,source_ood,1,validation,USGS_Sacramento_Delta,USGS_Sacramento_Delta,waterbody:USGS_Sacramento_Delta:San Joaquin R a R mi 72.2 nr Vernalis CA,2021-07-14
180af6cc9666cc2d,source_ood,1,validation,USGS_Sacramento_Delta,USGS_Sacramento_Delta,waterbody:USGS_Sacramento_Delta:San Joaquin R a R mi 72.2 nr Vernalis CA,2021-07-14
36e3bab30b98a388,source_ood,1,validation,USGS_Sacramento_Delta,USGS_Sacramento_Delta,waterbody:USGS_Sacramento_Delta:CACHE SLOUGH A S LIBERTY ISLAND NR RIO VISTA CA,2024-07-15
c045f9531c267bcc,source_ood,1,validation,USGS_Sacramento_Delta,USGS_Sacramento_Delta,waterbody:USGS_Sacramento_Delta:CACHE SLOUGH A S LIBERTY ISLAND NR RIO VISTA CA,2024-07-15
4b58697363323704,source_ood,1,validation,USGS_Sacramento_Delta,USGS_Sacramento_Delta,waterbody:USGS_Sacramento_Delta:CACHE SLOUGH A S LIBERTY ISLAND NR RIO VISTA CA,2024-07-15
afe864166474ac0d,source_ood,1,validation,USGS_Sacramento_Delta,USGS_Sacramento_Delta,waterbody:USGS_Sacramento_Delta:SAN JOAQUIN R AB BUCKLEY COVE NR STOCKTON CA,2021-07-16
0e9402e0b292c956,source_ood,1,validation,USGS_Sacramento_Delta,USGS_Sacramento_Delta,waterbody:USGS_Sacramento_Delta:SAN JOAQUIN R AB BUCKLEY COVE NR STOCKTON CA,2021-07-16
c1758d1f80bc9230,source_ood,1,validation,USGS_Sacramento_Delta,USGS_Sacramento_Delta,waterbody:USGS_Sacramento_Delta:SAN JOAQUIN R AB BUCKLEY COVE NR STOCKTON CA,2021-07-16
2da8fa80a93824e3,source_ood,1,validation,USGS_Sacramento_Delta,USGS_Sacramento_Delta,waterbody:USGS_Sacramento_Delta:SAN JOAQUIN R AB BUCKLEY COVE NR STOCKTON CA,2021-07-16
2119a007912d570b,source_ood,1,validation,USGS_Sacramento_Delta,USGS_Sacramento_Delta,waterbody:USGS_Sacramento_Delta:SACRAMENTO R BL TOLAND LANDING NR RIO VISTA CA,2024-07-16
4f8e1856c5cfd3bc,source_ood,1,validation,USGS_Sacramento_Delta,USGS_Sacramento_Delta,waterbody:USGS_Sacramento_Delta:SACRAMENTO R BL TOLAND LANDING NR RIO VISTA CA,2024-07-16
f74022ca4dd61430,source_ood,1,validation,USGS_Sacramento_Delta,USGS_Sacramento_Delta,waterbody:USGS_Sacramento_Delta:SACRAMENTO R BL TOLAND LANDING NR RIO VISTA CA,2024-07-16
c6716afc0bd21372,source_ood,1,validation,USGS_Sacramento_Delta,USGS_Sacramento_Delta,waterbody:USGS_Sacramento_Delta:OLD R A BACON ISLAND CA,2024-07-16
ffa2fa535d18abe9,source_ood,1,validation,USGS_Sacramento_Delta,USGS_Sacramento_Delta,waterbody:USGS_Sacramento_Delta:OLD R A BACON ISLAND CA,2024-07-16
bb0b186c1618a679,source_ood,1,validation,USGS_Sacramento_Delta,USGS_Sacramento_Delta,waterbody:USGS_Sacramento_Delta:OLD R A BACON ISLAND CA,2024-07-16
b766770ce7d1cc64,source_ood,1,validation,USGS_Sacramento_Delta,USGS_Sacramento_Delta,waterbody:USGS_Sacramento_Delta:MIDDLE R AT MIDDLE RIVER CA,2024-07-16
8f8de36f0fc2e269,source_ood,1,validation,USGS_Sacramento_Delta,USGS_Sacramento_Delta,waterbody:USGS_Sacramento_Delta:MIDDLE R AT MIDDLE RIVER CA,2024-07-16
5330cc6c44dab6b9,source_ood,1,validation,USGS_Sacramento_Delta,USGS_Sacramento_Delta,waterbody:USGS_Sacramento_Delta:MIDDLE R AT MIDDLE RIVER CA,2024-07-16
f314fccc05505adf,source_ood,1,validation,USGS_Sacramento_Delta,USGS_Sacramento_Delta,waterbody:USGS_Sacramento_Delta:SAN JOAQUIN R A JERSEY POINT CA,2024-07-16
3adb22a2b2bf270e,source_ood,1,validation,USGS_Sacramento_Delta,USGS_Sacramento_Delta,waterbody:USGS_Sacramento_Delta:SAN JOAQUIN R A JERSEY POINT CA,2024-07-16
32597301972a4dc7,source_ood,1,validation,USGS_Sacramento_Delta,USGS_Sacramento_Delta,waterbody:USGS_Sacramento_Delta:SAN JOAQUIN R A JERSEY POINT CA,2024-07-16
64e590693b9cd6d5,source_ood,1,validation,USGS_Sacramento_Delta,USGS_Sacramento_Delta,waterbody:USGS_Sacramento_Delta:SACRAMENTO R BL HWY 12 BRIDGE NR RIO VISTA CA,2023-07-17
31c26538201f95b0,source_ood,1,validation,USGS_Sacramento_Delta,USGS_Sacramento_Delta,waterbody:USGS_Sacramento_Delta:SACRAMENTO R BL HWY 12 BRIDGE NR RIO VISTA CA,2023-07-17
d69d299d94a90f12,source_ood,1,validation,USGS_Sacramento_Delta,USGS_Sacramento_Delta,waterbody:USGS_Sacramento_Delta:SACRAMENTO R BL HWY 12 BRIDGE NR RIO VISTA CA,2023-07-17
f7b5fbf93c932c4b,source_ood,1,validation,USGS_Sacramento_Delta,USGS_Sacramento_Delta,waterbody:USGS_Sacramento_Delta:SACRAMENTO R BL TOLAND LANDING NR RIO VISTA CA,2023-07-17
699e83a7456bc62a,source_ood,1,validation,USGS_Sacramento_Delta,USGS_Sacramento_Delta,waterbody:USGS_Sacramento_Delta:SACRAMENTO R BL TOLAND LANDING NR RIO VISTA CA,2023-07-17
de8c643f1954e8c4,source_ood,1,validation,USGS_Sacramento_Delta,USGS_Sacramento_Delta,waterbody:USGS_Sacramento_Delta:SACRAMENTO R BL TOLAND LANDING NR RIO VISTA CA,2023-07-17
60970351bb663425,source_ood,1,validation,USGS_Sacramento_Delta,USGS_Sacramento_Delta,waterbody:USGS_Sacramento_Delta:GEORGIANA SLOUGH A TYLER ISLAND RD NR ISLETON CA,2023-07-17
6ba7e8966a04ec4a,source_ood,1,validation,USGS_Sacramento_Delta,USGS_Sacramento_Delta,waterbody:USGS_Sacramento_Delta:GEORGIANA SLOUGH A TYLER ISLAND RD NR ISLETON CA,2023-07-17
f9e980ae8f141dc4,source_ood,1,validation,USGS_Sacramento_Delta,USGS_Sacramento_Delta,waterbody:USGS_Sacramento_Delta:GEORGIANA SLOUGH A TYLER ISLAND RD NR ISLETON CA,2023-07-17
2b1901572fccd901,source_ood,1,validation,USGS_Sacramento_Delta,USGS_Sacramento_Delta,waterbody:USGS_Sacramento_Delta:DELTA RMP SACR-028,2023-07-17
31a2329518eea700,source_ood,1,validation,USGS_Sacramento_Delta,USGS_Sacramento_Delta,waterbody:USGS_Sacramento_Delta:DELTA RMP SACR-028,2023-07-17
5ddf52932676cad1,source_ood,1,validation,USGS_Sacramento_Delta,USGS_Sacramento_Delta,waterbody:USGS_Sacramento_Delta:DELTA RMP SACR-028,2023-07-17
dfe051aa89bb2433,source_ood,1,validation,USGS_Sacramento_Delta,USGS_Sacramento_Delta,waterbody:USGS_Sacramento_Delta:CACHE SLOUGH AB RYER ISLAND FERRY NR RIO VISTA CA,2023-07-17
e94c1d4352365a68,source_ood,1,validation,USGS_Sacramento_Delta,USGS_Sacramento_Delta,waterbody:USGS_Sacramento_Delta:CACHE SLOUGH AB RYER ISLAND FERRY NR RIO VISTA CA,2023-07-17
86df930cd1a838c7,source_ood,1,validation,USGS_Sacramento_Delta,USGS_Sacramento_Delta,waterbody:USGS_Sacramento_Delta:CACHE SLOUGH AB RYER ISLAND FERRY NR RIO VISTA CA,2023-07-17
d1252b3999c773e0,source_ood,1,validation,USGS_Sacramento_Delta,USGS_Sacramento_Delta,waterbody:USGS_Sacramento_Delta:CACHE SLOUGH A S LIBERTY ISLAND NR RIO VISTA CA,2023-07-17
c628a4efcdb6dbb5,source_ood,1,validation,USGS_Sacramento_Delta,USGS_Sacramento_Delta,waterbody:USGS_Sacramento_Delta:CACHE SLOUGH A S LIBERTY ISLAND NR RIO VISTA CA,2023-07-17
34cb8b5a2ef0916c,source_ood,1,validation,USGS_Sacramento_Delta,USGS_Sacramento_Delta,waterbody:USGS_Sacramento_Delta:CACHE SLOUGH A S LIBERTY ISLAND NR RIO VISTA CA,2023-07-17
4451f22c38b93400,source_ood,1,validation,USGS_Sacramento_Delta,USGS_Sacramento_Delta,waterbody:USGS_Sacramento_Delta:DELTA RMP YOLO-003,2023-07-17
404c896492bce293,source_ood,1,validation,USGS_Sacramento_Delta,USGS_Sacramento_Delta,waterbody:USGS_Sacramento_Delta:DELTA RMP YOLO-003,2023-07-17
61f675186db1b097,source_ood,1,validation,USGS_Sacramento_Delta,USGS_Sacramento_Delta,waterbody:USGS_Sacramento_Delta:DELTA RMP YOLO-003,2023-07-17
32de2e02683cea60,source_ood,1,validation,USGS_Sacramento_Delta,USGS_Sacramento_Delta,waterbody:USGS_Sacramento_Delta:CACHE SLOUGH A S LIBERTY ISLAND NR RIO VISTA CA,2023-07-17
748a3b164336dde5,source_ood,1,validation,USGS_Sacramento_Delta,USGS_Sacramento_Delta,waterbody:USGS_Sacramento_Delta:CACHE SLOUGH A S LIBERTY ISLAND NR RIO VISTA CA,2023-07-17
7447625e0d0e5f0b,source_ood,1,validation,USGS_Sacramento_Delta,USGS_Sacramento_Delta,waterbody:USGS_Sacramento_Delta:CACHE SLOUGH A S LIBERTY ISLAND NR RIO VISTA CA,2023-07-17
bbf0f57c6ebce38b,source_ood,1,validation,USGS_Sacramento_Delta,USGS_Sacramento_Delta,waterbody:USGS_Sacramento_Delta:SHAG SLOUGH A LIBERTY ISLAND NR COURTLAND CA,2023-07-17
c8e1af0b8a4ca20d,source_ood,1,validation,USGS_Sacramento_Delta,USGS_Sacramento_Delta,waterbody:USGS_Sacramento_Delta:SHAG SLOUGH A LIBERTY ISLAND NR COURTLAND CA,2023-07-17
ef75ecf7deb16b63,source_ood,1,validation,USGS_Sacramento_Delta,USGS_Sacramento_Delta,waterbody:USGS_Sacramento_Delta:SHAG SLOUGH A LIBERTY ISLAND NR COURTLAND CA,2023-07-17
50311a57e3921b9b,source_ood,1,validation,USGS_Sacramento_Delta,USGS_Sacramento_Delta,waterbody:USGS_Sacramento_Delta:LIBERTY ISLAND A UPPER STAIR STEP NR FIVE POINTS C,2023-07-17
4e5a56ca0793a87a,source_ood,1,validation,USGS_Sacramento_Delta,USGS_Sacramento_Delta,waterbody:USGS_Sacramento_Delta:LIBERTY ISLAND A UPPER STAIR STEP NR FIVE POINTS C,2023-07-17
aa48a10b874f02bf,source_ood,1,validation,USGS_Sacramento_Delta,USGS_Sacramento_Delta,waterbody:USGS_Sacramento_Delta:LIBERTY ISLAND A UPPER STAIR STEP NR FIVE POINTS C,2023-07-17
4b96a0c6794ad629,source_ood,1,validation,USGS_Sacramento_Delta,USGS_Sacramento_Delta,waterbody:USGS_Sacramento_Delta:PROSPECT SLOUGH A PROSPECT ISLAND NR RYDE CA,2023-07-17
e5566807511b2965,source_ood,1,validation,USGS_Sacramento_Delta,USGS_Sacramento_Delta,waterbody:USGS_Sacramento_Delta:PROSPECT SLOUGH A PROSPECT ISLAND NR RYDE CA,2023-07-17
97e4df7f88b1ab86,source_ood,1,validation,USGS_Sacramento_Delta,USGS_Sacramento_Delta,waterbody:USGS_Sacramento_Delta:PROSPECT SLOUGH A PROSPECT ISLAND NR RYDE CA,2023-07-17
46bbe5557ab5691d,source_ood,1,validation,USGS_Sacramento_Delta,USGS_Sacramento_Delta,waterbody:USGS_Sacramento_Delta:CACHE SLOUGH AB RYER ISLAND FERRY NR RIO VISTA CA,2022-07-18
ab8aa37d92fde318,source_ood,1,validation,USGS_Sacramento_Delta,USGS_Sacramento_Delta,waterbody:USGS_Sacramento_Delta:CACHE SLOUGH AB RYER ISLAND FERRY NR RIO VISTA CA,2022-07-18
b813f966d688e4b1,source_ood,1,validation,USGS_Sacramento_Delta,USGS_Sacramento_Delta,waterbody:USGS_Sacramento_Delta:CACHE SLOUGH AB RYER ISLAND FERRY NR RIO VISTA CA,2022-07-18
4dc2efdd28b1ec0d,source_ood,1,validation,USGS_Sacramento_Delta,USGS_Sacramento_Delta,waterbody:USGS_Sacramento_Delta:CACHE SLOUGH AB RYER ISLAND FERRY NR RIO VISTA CA,2022-07-18
c9b0be60dd32b57a,source_ood,1,validation,USGS_Sacramento_Delta,USGS_Sacramento_Delta,waterbody:USGS_Sacramento_Delta:CACHE SLOUGH A S LIBERTY ISLAND NR RIO VISTA CA,2022-07-18
e4fbdbca3667f9ec,source_ood,1,validation,USGS_Sacramento_Delta,USGS_Sacramento_Delta,waterbody:USGS_Sacramento_Delta:CACHE SLOUGH A S LIBERTY ISLAND NR RIO VISTA CA,2022-07-18
09d2089e8d2e0785,source_ood,1,validation,USGS_Sacramento_Delta,USGS_Sacramento_Delta,waterbody:USGS_Sacramento_Delta:CACHE SLOUGH A S LIBERTY ISLAND NR RIO VISTA CA,2022-07-18
b476a3f80d907228,source_ood,1,validation,USGS_Sacramento_Delta,USGS_Sacramento_Delta,waterbody:USGS_Sacramento_Delta:CACHE SLOUGH A S LIBERTY ISLAND NR RIO VISTA CA,2022-07-18
341225ee9b95cf17,source_ood,1,validation,USGS_Sacramento_Delta,USGS_Sacramento_Delta,waterbody:USGS_Sacramento_Delta:SHAG SLOUGH A LIBERTY ISLAND NR COURTLAND CA,2022-07-18
4ee32608d0c03035,source_ood,1,validation,USGS_Sacramento_Delta,USGS_Sacramento_Delta,waterbody:USGS_Sacramento_Delta:SHAG SLOUGH A LIBERTY ISLAND NR COURTLAND CA,2022-07-18
9718619d7c22ebc1,source_ood,1,validation,USGS_Sacramento_Delta,USGS_Sacramento_Delta,waterbody:USGS_Sacramento_Delta:SHAG SLOUGH A LIBERTY ISLAND NR COURTLAND CA,2022-07-18
ab7f4ab30bcbe5b9,source_ood,1,validation,USGS_Sacramento_Delta,USGS_Sacramento_Delta,waterbody:USGS_Sacramento_Delta:SHAG SLOUGH A LIBERTY ISLAND NR COURTLAND CA,2022-07-18
95968a662faed161,source_ood,1,validation,USGS_Sacramento_Delta,USGS_Sacramento_Delta,waterbody:USGS_Sacramento_Delta:STATEN ISLAND DRAIN NR TERMINOUS CA,2022-07-18
1d02271613c33d44,source_ood,1,validation,USGS_Sacramento_Delta,USGS_Sacramento_Delta,waterbody:USGS_Sacramento_Delta:STATEN ISLAND DRAIN NR TERMINOUS CA,2022-07-18
6d22125cc213de2b,source_ood,1,validation,USGS_Sacramento_Delta,USGS_Sacramento_Delta,waterbody:USGS_Sacramento_Delta:STATEN ISLAND DRAIN NR TERMINOUS CA,2022-07-18
a1eaa1499d288563,source_ood,1,validation,USGS_Sacramento_Delta,USGS_Sacramento_Delta,waterbody:USGS_Sacramento_Delta:LIBERTY ISLAND A UPPER STAIR STEP NR FIVE POINTS C,2022-07-18
4569e7fc5223e115,source_ood,1,validation,USGS_Sacramento_Delta,USGS_Sacramento_Delta,waterbody:USGS_Sacramento_Delta:LIBERTY ISLAND A UPPER STAIR STEP NR FIVE POINTS C,2022-07-18
9fc4a8e2faf4facf,source_ood,1,validation,USGS_Sacramento_Delta,USGS_Sacramento_Delta,waterbody:USGS_Sacramento_Delta:LIBERTY ISLAND A UPPER STAIR STEP NR FIVE POINTS C,2022-07-18
f4ebcd4d6db928f5,source_ood,1,validation,USGS_Sacramento_Delta,USGS_Sacramento_Delta,waterbody:USGS_Sacramento_Delta:LIBERTY ISLAND A UPPER STAIR STEP NR FIVE POINTS C,2022-07-18
d409cfa6a8f2c8c0,source_ood,1,validation,USGS_Sacramento_Delta,USGS_Sacramento_Delta,waterbody:USGS_Sacramento_Delta:San Joaquin R a R mi 72.2 nr Vernalis CA,2022-07-18
3cef44c93a39466e,source_ood,1,validation,USGS_Sacramento_Delta,USGS_Sacramento_Delta,waterbody:USGS_Sacramento_Delta:San Joaquin R a R mi 72.2 nr Vernalis CA,2022-07-18
9fed01457338bcdb,source_ood,1,validation,USGS_Sacramento_Delta,USGS_Sacramento_Delta,waterbody:USGS_Sacramento_Delta:San Joaquin R a R mi 72.2 nr Vernalis CA,2022-07-18
dbcc0f88efeb6c61,source_ood,1,validation,USGS_Sacramento_Delta,USGS_Sacramento_Delta,waterbody:USGS_Sacramento_Delta:San Joaquin R a R mi 72.2 nr Vernalis CA,2022-07-18
5b654883529ef86c,source_ood,1,validation,USGS_Sacramento_Delta,USGS_Sacramento_Delta,waterbody:USGS_Sacramento_Delta:TWITCHELL ISLAND DR A PUMP STATION NR RIO VISTA CA,2022-07-18
c0a9b639826d4191,source_ood,1,validation,USGS_Sacramento_Delta,USGS_Sacramento_Delta,waterbody:USGS_Sacramento_Delta:TWITCHELL ISLAND DR A PUMP STATION NR RIO VISTA CA,2022-07-18
6dadc6bd085e9eab,source_ood,1,validation,USGS_Sacramento_Delta,USGS_Sacramento_Delta,waterbody:USGS_Sacramento_Delta:TWITCHELL ISLAND DR A PUMP STATION NR RIO VISTA CA,2022-07-18
3b23d74a4cf0b13f,source_ood,1,validation,USGS_Sacramento_Delta,USGS_Sacramento_Delta,waterbody:USGS_Sacramento_Delta:SAN JOAQUIN R BL THREEMILE SLOUGH NR RIO VISTA CA,2023-07-18
01e3d523f6fafa6d,source_ood,1,validation,USGS_Sacramento_Delta,USGS_Sacramento_Delta,waterbody:USGS_Sacramento_Delta:SAN JOAQUIN R BL THREEMILE SLOUGH NR RIO VISTA CA,2023-07-18
efcea402fc82874e,source_ood,1,validation,USGS_Sacramento_Delta,USGS_Sacramento_Delta,waterbody:USGS_Sacramento_Delta:SAN JOAQUIN R BL THREEMILE SLOUGH NR RIO VISTA CA,2023-07-18
86bd4acac9a01571,source_ood,1,validation,USGS_Sacramento_Delta,USGS_Sacramento_Delta,waterbody:USGS_Sacramento_Delta:N MOKELUMNE R A TYLER ISLAND RD NR ISELTON CA,2023-07-18
517631709019fa18,source_ood,1,validation,USGS_Sacramento_Delta,USGS_Sacramento_Delta,waterbody:USGS_Sacramento_Delta:N MOKELUMNE R A TYLER ISLAND RD NR ISELTON CA,2023-07-18
fcc0d60481eea452,source_ood,1,validation,USGS_Sacramento_Delta,USGS_Sacramento_Delta,waterbody:USGS_Sacramento_Delta:N MOKELUMNE R A TYLER ISLAND RD NR ISELTON CA,2023-07-18
c77192ac4e59973c,source_ood,1,validation,USGS_Sacramento_Delta,USGS_Sacramento_Delta,waterbody:USGS_Sacramento_Delta:N MOKELUMNE NR WALNUT GROVE CA,2023-07-18
b1cd404f48a09335,source_ood,1,validation,USGS_Sacramento_Delta,USGS_Sacramento_Delta,waterbody:USGS_Sacramento_Delta:N MOKELUMNE NR WALNUT GROVE CA,2023-07-18
5828ad441fc3cc03,source_ood,1,validation,USGS_Sacramento_Delta,USGS_Sacramento_Delta,waterbody:USGS_Sacramento_Delta:N MOKELUMNE NR WALNUT GROVE CA,2023-07-18
0b51bb34e8e5353d,source_ood,1,validation,USGS_Sacramento_Delta,USGS_Sacramento_Delta,waterbody:USGS_Sacramento_Delta:SAN JOAQUIN R A JERSEY POINT CA,2023-07-18
9aa6c6280b499fc6,source_ood,1,validation,USGS_Sacramento_Delta,USGS_Sacramento_Delta,waterbody:USGS_Sacramento_Delta:SAN JOAQUIN R A JERSEY POINT CA,2023-07-18
dacfdcc9605a22c0,source_ood,1,validation,USGS_Sacramento_Delta,USGS_Sacramento_Delta,waterbody:USGS_Sacramento_Delta:SAN JOAQUIN R A JERSEY POINT CA,2023-07-18
9e7220f338dbfc26,source_ood,1,validation,USGS_Sacramento_Delta,USGS_Sacramento_Delta,waterbody:USGS_Sacramento_Delta:S MOKELUMNE R A SYCAMORE SLOUGH NR TERMINOUS CA,2023-07-18
b0a9de16661feba3,source_ood,1,validation,USGS_Sacramento_Delta,USGS_Sacramento_Delta,waterbody:USGS_Sacramento_Delta:S MOKELUMNE R A SYCAMORE SLOUGH NR TERMINOUS CA,2023-07-18
955645830da50c40,source_ood,1,validation,USGS_Sacramento_Delta,USGS_Sacramento_Delta,waterbody:USGS_Sacramento_Delta:S MOKELUMNE R A SYCAMORE SLOUGH NR TERMINOUS CA,2023-07-18
36e2e0a34378d522,source_ood,1,validation,USGS_Sacramento_Delta,USGS_Sacramento_Delta,waterbody:USGS_Sacramento_Delta:SYCAMORE SLOUGH NR TERMINOUS CA,2023-07-18
d8114e4dd054522c,source_ood,1,validation,USGS_Sacramento_Delta,USGS_Sacramento_Delta,waterbody:USGS_Sacramento_Delta:SYCAMORE SLOUGH NR TERMINOUS CA,2023-07-18
36ef591bad6bb033,source_ood,1,validation,USGS_Sacramento_Delta,USGS_Sacramento_Delta,waterbody:USGS_Sacramento_Delta:SYCAMORE SLOUGH NR TERMINOUS CA,2023-07-18
ef921f0f1eb0db27,source_ood,1,validation,USGS_Sacramento_Delta,USGS_Sacramento_Delta,waterbody:USGS_Sacramento_Delta:S MOKELUMNE R A SYCAMORE SLOUGH NR TERMINOUS CA,2023-07-18
f708e912c69776bf,source_ood,1,validation,USGS_Sacramento_Delta,USGS_Sacramento_Delta,waterbody:USGS_Sacramento_Delta:S MOKELUMNE R A SYCAMORE SLOUGH NR TERMINOUS CA,2023-07-18
a9756757bed30ac0,source_ood,1,validation,USGS_Sacramento_Delta,USGS_Sacramento_Delta,waterbody:USGS_Sacramento_Delta:S MOKELUMNE R A SYCAMORE SLOUGH NR TERMINOUS CA,2023-07-18
353604edb4d57038,source_ood,1,validation,USGS_Sacramento_Delta,USGS_Sacramento_Delta,waterbody:USGS_Sacramento_Delta:LITTLE POTATO SLOUGH A TERMINOUS CA,2023-07-18
2d468a92a20002b6,source_ood,1,validation,USGS_Sacramento_Delta,USGS_Sacramento_Delta,waterbody:USGS_Sacramento_Delta:LITTLE POTATO SLOUGH A TERMINOUS CA,2023-07-18
c9e851f76ef37c6b,source_ood,1,validation,USGS_Sacramento_Delta,USGS_Sacramento_Delta,waterbody:USGS_Sacramento_Delta:LITTLE POTATO SLOUGH A TERMINOUS CA,2023-07-18
9ccb21b0326a12f1,source_ood,1,validation,USGS_Sacramento_Delta,USGS_Sacramento_Delta,waterbody:USGS_Sacramento_Delta:MIDDLE R NR HOLT CA,2023-07-18
8f0f853e8e93f03f,source_ood,1,validation,USGS_Sacramento_Delta,USGS_Sacramento_Delta,waterbody:USGS_Sacramento_Delta:MIDDLE R NR HOLT CA,2023-07-18
0b2ee0dba3c7b38f,source_ood,1,validation,USGS_Sacramento_Delta,USGS_Sacramento_Delta,waterbody:USGS_Sacramento_Delta:MIDDLE R NR HOLT CA,2023-07-18
8aef6e4a33dbc963,source_ood,1,validation,USGS_Sacramento_Delta,USGS_Sacramento_Delta,waterbody:USGS_Sacramento_Delta:MIDDLE R AT MIDDLE RIVER CA,2023-07-18
6e7904ed1c028ccc,source_ood,1,validation,USGS_Sacramento_Delta,USGS_Sacramento_Delta,waterbody:USGS_Sacramento_Delta:MIDDLE R AT MIDDLE RIVER CA,2023-07-18
9d9cfe7e5fc7b32e,source_ood,1,validation,USGS_Sacramento_Delta,USGS_Sacramento_Delta,waterbody:USGS_Sacramento_Delta:MIDDLE R AT MIDDLE RIVER CA,2023-07-18
e768808b721cc741,source_ood,1,validation,USGS_Sacramento_Delta,USGS_Sacramento_Delta,waterbody:USGS_Sacramento_Delta:MIDDLE R A BORDEN HWY NR TRACY CA,2023-07-18
3ba65e096565332d,source_ood,1,validation,USGS_Sacramento_Delta,USGS_Sacramento_Delta,waterbody:USGS_Sacramento_Delta:MIDDLE R A BORDEN HWY NR TRACY CA,2023-07-18
fb687f0861143bab,source_ood,1,validation,USGS_Sacramento_Delta,USGS_Sacramento_Delta,waterbody:USGS_Sacramento_Delta:MIDDLE R A BORDEN HWY NR TRACY CA,2023-07-18
3f249a2f9cc58117,source_ood,1,validation,USGS_Sacramento_Delta,USGS_Sacramento_Delta,waterbody:USGS_Sacramento_Delta:OLD R A CLIFTON COURT FERRY CA,2023-07-18
2c99d8e3478cd385,source_ood,1,validation,USGS_Sacramento_Delta,USGS_Sacramento_Delta,waterbody:USGS_Sacramento_Delta:OLD R A CLIFTON COURT FERRY CA,2023-07-18
0fd3cb5ec9779c3d,source_ood,1,validation,USGS_Sacramento_Delta,USGS_Sacramento_Delta,waterbody:USGS_Sacramento_Delta:OLD R A CLIFTON COURT FERRY CA,2023-07-18
b95b91c8ecc31734,source_ood,1,validation,USGS_Sacramento_Delta,USGS_Sacramento_Delta,waterbody:USGS_Sacramento_Delta:OLD R A INDIAN SLOUGH CA,2023-07-18
0ab1ce535443606d,source_ood,1,validation,USGS_Sacramento_Delta,USGS_Sacramento_Delta,waterbody:USGS_Sacramento_Delta:OLD R A INDIAN SLOUGH CA,2023-07-18
2d417e78e995cbd8,source_ood,1,validation,USGS_Sacramento_Delta,USGS_Sacramento_Delta,waterbody:USGS_Sacramento_Delta:OLD R A INDIAN SLOUGH CA,2023-07-18
746193d915f866ae,source_ood,1,validation,USGS_Sacramento_Delta,USGS_Sacramento_Delta,waterbody:USGS_Sacramento_Delta:SACRAMENTO R BL TOLAND LANDING NR RIO VISTA CA,2023-07-18
d05d10f1386cd6f2,source_ood,1,validation,USGS_Sacramento_Delta,USGS_Sacramento_Delta,waterbody:USGS_Sacramento_Delta:SACRAMENTO R BL TOLAND LANDING NR RIO VISTA CA,2023-07-18
56347de9f4c8f079,source_ood,1,validation,USGS_Sacramento_Delta,USGS_Sacramento_Delta,waterbody:USGS_Sacramento_Delta:SACRAMENTO R BL TOLAND LANDING NR RIO VISTA CA,2023-07-18
9dd1b87f84ad4656,source_ood,1,validation,USGS_Sacramento_Delta,USGS_Sacramento_Delta,waterbody:USGS_Sacramento_Delta:OLD R A BACON ISLAND CA,2023-07-18
0749ad6aeab5a40e,source_ood,1,validation,USGS_Sacramento_Delta,USGS_Sacramento_Delta,waterbody:USGS_Sacramento_Delta:OLD R A BACON ISLAND CA,2023-07-18
23ae6e12537293a1,source_ood,1,validation,USGS_Sacramento_Delta,USGS_Sacramento_Delta,waterbody:USGS_Sacramento_Delta:OLD R A BACON ISLAND CA,2023-07-18
b1d7fde0518eb629,source_ood,1,validation,USGS_Sacramento_Delta,USGS_Sacramento_Delta,waterbody:USGS_Sacramento_Delta:OLD R A FRANKS TRACT NR BETHEL ISLAND CA,2023-07-18
dd6a78b6c922f125,source_ood,1,validation,USGS_Sacramento_Delta,USGS_Sacramento_Delta,waterbody:USGS_Sacramento_Delta:OLD R A FRANKS TRACT NR BETHEL ISLAND CA,2023-07-18
61f1f11428908473,source_ood,1,validation,USGS_Sacramento_Delta,USGS_Sacramento_Delta,waterbody:USGS_Sacramento_Delta:OLD R A FRANKS TRACT NR BETHEL ISLAND CA,2023-07-18
2a4c277c75a15224,source_ood,1,validation,USGS_Sacramento_Delta,USGS_Sacramento_Delta,waterbody:USGS_Sacramento_Delta:THREEMILE SLOUGH A TWITCHELL ISLAND NR RIO VISTA,2023-07-18
314ab107928a757b,source_ood,1,validation,USGS_Sacramento_Delta,USGS_Sacramento_Delta,waterbody:USGS_Sacramento_Delta:THREEMILE SLOUGH A TWITCHELL ISLAND NR RIO VISTA,2023-07-18
c7916348c01dae99,source_ood,1,validation,USGS_Sacramento_Delta,USGS_Sacramento_Delta,waterbody:USGS_Sacramento_Delta:THREEMILE SLOUGH A TWITCHELL ISLAND NR RIO VISTA,2023-07-18
902d2b4bb01a03ea,source_ood,1,validation,USGS_Sacramento_Delta,USGS_Sacramento_Delta,waterbody:USGS_Sacramento_Delta:SAN JOAQUIN R BL MOKELUMNE R NR TERMINOUS CA,2022-07-19
c9d7ecc420798274,source_ood,1,validation,USGS_Sacramento_Delta,USGS_Sacramento_Delta,waterbody:USGS_Sacramento_Delta:SAN JOAQUIN R BL MOKELUMNE R NR TERMINOUS CA,2022-07-19
0ad3beba23614b16,source_ood,1,validation,USGS_Sacramento_Delta,USGS_Sacramento_Delta,waterbody:USGS_Sacramento_Delta:SAN JOAQUIN R BL MOKELUMNE R NR TERMINOUS CA,2022-07-19
ba712a87bfa3469a,source_ood,1,validation,USGS_Sacramento_Delta,USGS_Sacramento_Delta,waterbody:USGS_Sacramento_Delta:SAN JOAQUIN R BL MOKELUMNE R NR TERMINOUS CA,2022-07-19
769f3c0a1659b842,source_ood,1,validation,USGS_Sacramento_Delta,USGS_Sacramento_Delta,waterbody:USGS_Sacramento_Delta:N MOKELUMNE R A TYLER ISLAND RD NR ISELTON CA,2022-07-19
8c53f0af3812fa79,source_ood,1,validation,USGS_Sacramento_Delta,USGS_Sacramento_Delta,waterbody:USGS_Sacramento_Delta:N MOKELUMNE R A TYLER ISLAND RD NR ISELTON CA,2022-07-19
5353e7cc38f71c01,source_ood,1,validation,USGS_Sacramento_Delta,USGS_Sacramento_Delta,waterbody:USGS_Sacramento_Delta:N MOKELUMNE R A TYLER ISLAND RD NR ISELTON CA,2022-07-19
14b25770c56fe9ec,source_ood,1,validation,USGS_Sacramento_Delta,USGS_Sacramento_Delta,waterbody:USGS_Sacramento_Delta:N MOKELUMNE R A TYLER ISLAND RD NR ISELTON CA,2022-07-19
d110f983edff6ce5,source_ood,1,validation,USGS_Sacramento_Delta,USGS_Sacramento_Delta,waterbody:USGS_Sacramento_Delta:N MOKELUMNE NR WALNUT GROVE CA,2022-07-19
8a2c12477031257d,source_ood,1,validation,USGS_Sacramento_Delta,USGS_Sacramento_Delta,waterbody:USGS_Sacramento_Delta:N MOKELUMNE NR WALNUT GROVE CA,2022-07-19
1c4371fcb6696bfd,source_ood,1,validation,USGS_Sacramento_Delta,USGS_Sacramento_Delta,waterbody:USGS_Sacramento_Delta:N MOKELUMNE NR WALNUT GROVE CA,2022-07-19
549efeb78b68887a,source_ood,1,validation,USGS_Sacramento_Delta,USGS_Sacramento_Delta,waterbody:USGS_Sacramento_Delta:N MOKELUMNE NR WALNUT GROVE CA,2022-07-19
9dde40292748c1b2,source_ood,1,validation,USGS_Sacramento_Delta,USGS_Sacramento_Delta,waterbody:USGS_Sacramento_Delta:S MOKELUMNE R A SYCAMORE SLOUGH NR TERMINOUS CA,2022-07-19
a1e05aa3bdcaac4e,source_ood,1,validation,USGS_Sacramento_Delta,USGS_Sacramento_Delta,waterbody:USGS_Sacramento_Delta:S MOKELUMNE R A SYCAMORE SLOUGH NR TERMINOUS CA,2022-07-19
df617aeb8af5a572,source_ood,1,validation,USGS_Sacramento_Delta,USGS_Sacramento_Delta,waterbody:USGS_Sacramento_Delta:S MOKELUMNE R A SYCAMORE SLOUGH NR TERMINOUS CA,2022-07-19
6be14f2970a61518,source_ood,1,validation,USGS_Sacramento_Delta,USGS_Sacramento_Delta,waterbody:USGS_Sacramento_Delta:S MOKELUMNE R A SYCAMORE SLOUGH NR TERMINOUS CA,2022-07-19
ece1ca13174767ec,source_ood,1,validation,USGS_Sacramento_Delta,USGS_Sacramento_Delta,waterbody:USGS_Sacramento_Delta:SYCAMORE SLOUGH NR TERMINOUS CA,2022-07-19
8d267cea6a632345,source_ood,1,validation,USGS_Sacramento_Delta,USGS_Sacramento_Delta,waterbody:USGS_Sacramento_Delta:SYCAMORE SLOUGH NR TERMINOUS CA,2022-07-19
2b45538e42a54c25,source_ood,1,validation,USGS_Sacramento_Delta,USGS_Sacramento_Delta,waterbody:USGS_Sacramento_Delta:SYCAMORE SLOUGH NR TERMINOUS CA,2022-07-19
7a104db396d68818,source_ood,1,validation,USGS_Sacramento_Delta,USGS_Sacramento_Delta,waterbody:USGS_Sacramento_Delta:SYCAMORE SLOUGH NR TERMINOUS CA,2022-07-19
d3f387b1e534b42f,source_ood,1,validation,USGS_Sacramento_Delta,USGS_Sacramento_Delta,waterbody:USGS_Sacramento_Delta:LITTLE POTATO SLOUGH A TERMINOUS CA,2022-07-19
e1bb10166b13d3ac,source_ood,1,validation,USGS_Sacramento_Delta,USGS_Sacramento_Delta,waterbody:USGS_Sacramento_Delta:LITTLE POTATO SLOUGH A TERMINOUS CA,2022-07-19
a7018397fc83f0f4,source_ood,1,validation,USGS_Sacramento_Delta,USGS_Sacramento_Delta,waterbody:USGS_Sacramento_Delta:LITTLE POTATO SLOUGH A TERMINOUS CA,2022-07-19
ef6daf042bc6c6c0,source_ood,1,validation,USGS_Sacramento_Delta,USGS_Sacramento_Delta,waterbody:USGS_Sacramento_Delta:LITTLE POTATO SLOUGH A TERMINOUS CA,2022-07-19
846cc87c565a5106,source_ood,1,validation,USGS_Sacramento_Delta,USGS_Sacramento_Delta,waterbody:USGS_Sacramento_Delta:MIDDLE R NR HOLT CA,2022-07-19
023f59235f4497d0,source_ood,1,validation,USGS_Sacramento_Delta,USGS_Sacramento_Delta,waterbody:USGS_Sacramento_Delta:MIDDLE R NR HOLT CA,2022-07-19
21da8caefd919b44,source_ood,1,validation,USGS_Sacramento_Delta,USGS_Sacramento_Delta,waterbody:USGS_Sacramento_Delta:MIDDLE R NR HOLT CA,2022-07-19
e55c502c42b8e551,source_ood,1,validation,USGS_Sacramento_Delta,USGS_Sacramento_Delta,waterbody:USGS_Sacramento_Delta:MIDDLE R NR HOLT CA,2022-07-19
823d452ffbcc1a81,source_ood,1,validation,USGS_Sacramento_Delta,USGS_Sacramento_Delta,waterbody:USGS_Sacramento_Delta:MIDDLE R AT MIDDLE RIVER CA,2022-07-19
4c469cb62f66c982,source_ood,1,validation,USGS_Sacramento_Delta,USGS_Sacramento_Delta,waterbody:USGS_Sacramento_Delta:MIDDLE R AT MIDDLE RIVER CA,2022-07-19
1fdeccd26d6a9b3d,source_ood,1,validation,USGS_Sacramento_Delta,USGS_Sacramento_Delta,waterbody:USGS_Sacramento_Delta:MIDDLE R AT MIDDLE RIVER CA,2022-07-19
d0284f36434bec0a,source_ood,1,validation,USGS_Sacramento_Delta,USGS_Sacramento_Delta,waterbody:USGS_Sacramento_Delta:MIDDLE R AT MIDDLE RIVER CA,2022-07-19
38b8853c05055645,source_ood,1,validation,USGS_Sacramento_Delta,USGS_Sacramento_Delta,waterbody:USGS_Sacramento_Delta:MIDDLE R A BORDEN HWY NR TRACY CA,2022-07-19
7c077fa8f9307ddf,source_ood,1,validation,USGS_Sacramento_Delta,USGS_Sacramento_Delta,waterbody:USGS_Sacramento_Delta:MIDDLE R A BORDEN HWY NR TRACY CA,2022-07-19
7bb1194829ef779d,source_ood,1,validation,USGS_Sacramento_Delta,USGS_Sacramento_Delta,waterbody:USGS_Sacramento_Delta:MIDDLE R A BORDEN HWY NR TRACY CA,2022-07-19
58af4a87d24a4c11,source_ood,1,validation,USGS_Sacramento_Delta,USGS_Sacramento_Delta,waterbody:USGS_Sacramento_Delta:MIDDLE R A BORDEN HWY NR TRACY CA,2022-07-19
25b93ef9f91b0eda,source_ood,1,validation,USGS_Sacramento_Delta,USGS_Sacramento_Delta,waterbody:USGS_Sacramento_Delta:OLD R A CLIFTON COURT FERRY CA,2022-07-19
8b4ccba584e3a271,source_ood,1,validation,USGS_Sacramento_Delta,USGS_Sacramento_Delta,waterbody:USGS_Sacramento_Delta:OLD R A CLIFTON COURT FERRY CA,2022-07-19
75fb9f5eff0182ea,source_ood,1,validation,USGS_Sacramento_Delta,USGS_Sacramento_Delta,waterbody:USGS_Sacramento_Delta:OLD R A CLIFTON COURT FERRY CA,2022-07-19
bb20b9530b73580f,source_ood,1,validation,USGS_Sacramento_Delta,USGS_Sacramento_Delta,waterbody:USGS_Sacramento_Delta:OLD R A CLIFTON COURT FERRY CA,2022-07-19
af61522995a7c095,source_ood,1,validation,USGS_Sacramento_Delta,USGS_Sacramento_Delta,waterbody:USGS_Sacramento_Delta:OLD R A INDIAN SLOUGH CA,2022-07-19
473402a8a4dcc554,source_ood,1,validation,USGS_Sacramento_Delta,USGS_Sacramento_Delta,waterbody:USGS_Sacramento_Delta:OLD R A INDIAN SLOUGH CA,2022-07-19
d868cc330ed29339,source_ood,1,validation,USGS_Sacramento_Delta,USGS_Sacramento_Delta,waterbody:USGS_Sacramento_Delta:OLD R A INDIAN SLOUGH CA,2022-07-19
8a9139131117b9e9,source_ood,1,validation,USGS_Sacramento_Delta,USGS_Sacramento_Delta,waterbody:USGS_Sacramento_Delta:OLD R A INDIAN SLOUGH CA,2022-07-19
650eafdfcc07433b,source_ood,1,validation,USGS_Sacramento_Delta,USGS_Sacramento_Delta,waterbody:USGS_Sacramento_Delta:OLD R A BACON ISLAND CA,2022-07-19
b97c32a314f73aca,source_ood,1,validation,USGS_Sacramento_Delta,USGS_Sacramento_Delta,waterbody:USGS_Sacramento_Delta:OLD R A BACON ISLAND CA,2022-07-19
3a04916d3dbcc214,source_ood,1,validation,USGS_Sacramento_Delta,USGS_Sacramento_Delta,waterbody:USGS_Sacramento_Delta:OLD R A BACON ISLAND CA,2022-07-19
a5615405d9ac1310,source_ood,1,validation,USGS_Sacramento_Delta,USGS_Sacramento_Delta,waterbody:USGS_Sacramento_Delta:OLD R A BACON ISLAND CA,2022-07-19
d2a505a7098023dc,source_ood,1,validation,USGS_Sacramento_Delta,USGS_Sacramento_Delta,waterbody:USGS_Sacramento_Delta:OLD R A FRANKS TRACT NR BETHEL ISLAND CA,2022-07-19
3017726fb70ed0a3,source_ood,1,validation,USGS_Sacramento_Delta,USGS_Sacramento_Delta,waterbody:USGS_Sacramento_Delta:OLD R A FRANKS TRACT NR BETHEL ISLAND CA,2022-07-19
fedb65d601b86602,source_ood,1,validation,USGS_Sacramento_Delta,USGS_Sacramento_Delta,waterbody:USGS_Sacramento_Delta:OLD R A FRANKS TRACT NR BETHEL ISLAND CA,2022-07-19
7a81de94614f07af,source_ood,1,validation,USGS_Sacramento_Delta,USGS_Sacramento_Delta,waterbody:USGS_Sacramento_Delta:OLD R A FRANKS TRACT NR BETHEL ISLAND CA,2022-07-19
a4a8698f47a91d1d,source_ood,1,validation,USGS_Sacramento_Delta,USGS_Sacramento_Delta,waterbody:USGS_Sacramento_Delta:OLD R A WEBB TRACT NR TERMINOUS CA,2022-07-19
c95aeef7dfe7aa2d,source_ood,1,validation,USGS_Sacramento_Delta,USGS_Sacramento_Delta,waterbody:USGS_Sacramento_Delta:OLD R A WEBB TRACT NR TERMINOUS CA,2022-07-19
ba189b209ee18a40,source_ood,1,validation,USGS_Sacramento_Delta,USGS_Sacramento_Delta,waterbody:USGS_Sacramento_Delta:OLD R A WEBB TRACT NR TERMINOUS CA,2022-07-19
9617591e67ff576b,source_ood,1,validation,USGS_Sacramento_Delta,USGS_Sacramento_Delta,waterbody:USGS_Sacramento_Delta:OLD R A WEBB TRACT NR TERMINOUS CA,2022-07-19
d65ee84413989f76,source_ood,1,validation,USGS_Sacramento_Delta,USGS_Sacramento_Delta,waterbody:USGS_Sacramento_Delta:SACRAMENTO R BL TOLAND LANDING NR RIO VISTA CA,2023-07-19
92c0b60265f5f69e,source_ood,1,validation,USGS_Sacramento_Delta,USGS_Sacramento_Delta,waterbody:USGS_Sacramento_Delta:SACRAMENTO R BL TOLAND LANDING NR RIO VISTA CA,2023-07-19
2d8b5c78b7b2e680,source_ood,1,validation,USGS_Sacramento_Delta,USGS_Sacramento_Delta,waterbody:USGS_Sacramento_Delta:SACRAMENTO R BL TOLAND LANDING NR RIO VISTA CA,2023-07-19
c28b8f30782769d8,source_ood,1,validation,USGS_Sacramento_Delta,USGS_Sacramento_Delta,waterbody:USGS_Sacramento_Delta:SUISUN BAY A VAN SICKLE ISLAND NR PITTSBURG CA,2023-07-19
42055d64ef99fac1,source_ood,1,validation,USGS_Sacramento_Delta,USGS_Sacramento_Delta,waterbody:USGS_Sacramento_Delta:SUISUN BAY A VAN SICKLE ISLAND NR PITTSBURG CA,2023-07-19
91674f048f87cf11,source_ood,1,validation,USGS_Sacramento_Delta,USGS_Sacramento_Delta,waterbody:USGS_Sacramento_Delta:SUISUN BAY A VAN SICKLE ISLAND NR PITTSBURG CA,2023-07-19
cb9393a99bee9b15,source_ood,1,validation,USGS_Sacramento_Delta,USGS_Sacramento_Delta,waterbody:USGS_Sacramento_Delta:SUISUN BAY A VAN SICKLE ISLAND NR PITTSBURG CA,2023-07-19
70c1f05f6a88ef56,source_ood,1,validation,USGS_Sacramento_Delta,USGS_Sacramento_Delta,waterbody:USGS_Sacramento_Delta:SUISUN BAY A VAN SICKLE ISLAND NR PITTSBURG CA,2023-07-19
97017417cdac2f16,source_ood,1,validation,USGS_Sacramento_Delta,USGS_Sacramento_Delta,waterbody:USGS_Sacramento_Delta:SUISUN BAY A VAN SICKLE ISLAND NR PITTSBURG CA,2023-07-19
392cc7558511afc2,source_ood,1,validation,USGS_Sacramento_Delta,USGS_Sacramento_Delta,waterbody:USGS_Sacramento_Delta:SAN JOAQUIN R A JERSEY POINT CA,2023-07-19
f43784e5a235f623,source_ood,1,validation,USGS_Sacramento_Delta,USGS_Sacramento_Delta,waterbody:USGS_Sacramento_Delta:SAN JOAQUIN R A JERSEY POINT CA,2023-07-19
c5aa8615e2c577fd,source_ood,1,validation,USGS_Sacramento_Delta,USGS_Sacramento_Delta,waterbody:USGS_Sacramento_Delta:SAN JOAQUIN R A JERSEY POINT CA,2023-07-19
b293d2652de653fc,source_ood,1,validation,USGS_Sacramento_Delta,USGS_Sacramento_Delta,waterbody:USGS_Sacramento_Delta:SAN JOAQUIN R A PRISONERS PT NR TERMINOUS CA,2023-07-19
dd57a5fc79f96d16,source_ood,1,validation,USGS_Sacramento_Delta,USGS_Sacramento_Delta,waterbody:USGS_Sacramento_Delta:SAN JOAQUIN R A PRISONERS PT NR TERMINOUS CA,2023-07-19
77c191b6b6ed6d61,source_ood,1,validation,USGS_Sacramento_Delta,USGS_Sacramento_Delta,waterbody:USGS_Sacramento_Delta:SAN JOAQUIN R A PRISONERS PT NR TERMINOUS CA,2023-07-19
a6d1fae9cdab21bc,source_ood,1,validation,USGS_Sacramento_Delta,USGS_Sacramento_Delta,waterbody:USGS_Sacramento_Delta:SAN JOAQUIN R A TINSLEY ISLAND NR TERMINOUS CA,2023-07-19
3eb7fae316ff9778,source_ood,1,validation,USGS_Sacramento_Delta,USGS_Sacramento_Delta,waterbody:USGS_Sacramento_Delta:SAN JOAQUIN R A TINSLEY ISLAND NR TERMINOUS CA,2023-07-19
599e6224c4f9c80f,source_ood,1,validation,USGS_Sacramento_Delta,USGS_Sacramento_Delta,waterbody:USGS_Sacramento_Delta:SAN JOAQUIN R A TINSLEY ISLAND NR TERMINOUS CA,2023-07-19
0108e88c7664cfc7,source_ood,1,validation,USGS_Sacramento_Delta,USGS_Sacramento_Delta,waterbody:USGS_Sacramento_Delta:TURNER CUT NR HOLT CA,2023-07-19
64ccca24ede02fe2,source_ood,1,validation,USGS_Sacramento_Delta,USGS_Sacramento_Delta,waterbody:USGS_Sacramento_Delta:TURNER CUT NR HOLT CA,2023-07-19
f901aed1fdddd013,source_ood,1,validation,USGS_Sacramento_Delta,USGS_Sacramento_Delta,waterbody:USGS_Sacramento_Delta:TURNER CUT NR HOLT CA,2023-07-19
55eef099ea13825a,source_ood,1,validation,USGS_Sacramento_Delta,USGS_Sacramento_Delta,waterbody:USGS_Sacramento_Delta:SAN JOAQUIN R A BUCKLEY COVE NR STOCKTON CA,2023-07-19
8ce10f5a141b6779,source_ood,1,validation,USGS_Sacramento_Delta,USGS_Sacramento_Delta,waterbody:USGS_Sacramento_Delta:SAN JOAQUIN R A BUCKLEY COVE NR STOCKTON CA,2023-07-19
5f3778c3ff073b4d,source_ood,1,validation,USGS_Sacramento_Delta,USGS_Sacramento_Delta,waterbody:USGS_Sacramento_Delta:SAN JOAQUIN R A BUCKLEY COVE NR STOCKTON CA,2023-07-19
a85aca1d41c660c2,source_ood,1,validation,USGS_Sacramento_Delta,USGS_Sacramento_Delta,waterbody:USGS_Sacramento_Delta:PORT OF STOCKTON NR STOCKTON CA,2023-07-19
100a71f75adc6b83,source_ood,1,validation,USGS_Sacramento_Delta,USGS_Sacramento_Delta,waterbody:USGS_Sacramento_Delta:PORT OF STOCKTON NR STOCKTON CA,2023-07-19
a389c5fb87e2c7d7,source_ood,1,validation,USGS_Sacramento_Delta,USGS_Sacramento_Delta,waterbody:USGS_Sacramento_Delta:PORT OF STOCKTON NR STOCKTON CA,2023-07-19
3e745c7ee2f7ff99,source_ood,1,validation,USGS_Sacramento_Delta,USGS_Sacramento_Delta,waterbody:USGS_Sacramento_Delta:SAN JOAQUIN R AB MCCOY AVE NR STOCKTON CA,2023-07-19
c3c4bbff02212a9d,source_ood,1,validation,USGS_Sacramento_Delta,USGS_Sacramento_Delta,waterbody:USGS_Sacramento_Delta:SAN JOAQUIN R AB MCCOY AVE NR STOCKTON CA,2023-07-19
4b1b6889d4d25fd0,source_ood,1,validation,USGS_Sacramento_Delta,USGS_Sacramento_Delta,waterbody:USGS_Sacramento_Delta:SAN JOAQUIN R AB MCCOY AVE NR STOCKTON CA,2023-07-19
da8bf41392ed9e99,source_ood,1,validation,USGS_Sacramento_Delta,USGS_Sacramento_Delta,waterbody:USGS_Sacramento_Delta:SAN JOAQUIN R A NAVY DR NR STOCKTON CA,2023-07-19
5a02c0e62eb79f5e,source_ood,1,validation,USGS_Sacramento_Delta,USGS_Sacramento_Delta,waterbody:USGS_Sacramento_Delta:SAN JOAQUIN R A NAVY DR NR STOCKTON CA,2023-07-19
87f0909b92724db5,source_ood,1,validation,USGS_Sacramento_Delta,USGS_Sacramento_Delta,waterbody:USGS_Sacramento_Delta:SAN JOAQUIN R A NAVY DR NR STOCKTON CA,2023-07-19
3a7eee5629bd815b,source_ood,1,validation,USGS_Sacramento_Delta,USGS_Sacramento_Delta,waterbody:USGS_Sacramento_Delta:OLD R A BACON ISLAND CA,2023-07-19
d541cede4b7ebb9d,source_ood,1,validation,USGS_Sacramento_Delta,USGS_Sacramento_Delta,waterbody:USGS_Sacramento_Delta:OLD R A BACON ISLAND CA,2023-07-19
d548ece3b05e76fb,source_ood,1,validation,USGS_Sacramento_Delta,USGS_Sacramento_Delta,waterbody:USGS_Sacramento_Delta:OLD R A BACON ISLAND CA,2023-07-19
5ef869fa6db58786,source_ood,1,validation,USGS_Sacramento_Delta,USGS_Sacramento_Delta,waterbody:USGS_Sacramento_Delta:SAN JOAQUIN R AB MCCOY AVE NR STOCKTON CA,2023-07-19
034f384361f07c82,source_ood,1,validation,USGS_Sacramento_Delta,USGS_Sacramento_Delta,waterbody:USGS_Sacramento_Delta:SAN JOAQUIN R AB MCCOY AVE NR STOCKTON CA,2023-07-19
2da62d11c1dec834,source_ood,1,validation,USGS_Sacramento_Delta,USGS_Sacramento_Delta,waterbody:USGS_Sacramento_Delta:SAN JOAQUIN R AB MCCOY AVE NR STOCKTON CA,2023-07-19
dd16fabd6f468dc6,source_ood,1,validation,USGS_Sacramento_Delta,USGS_Sacramento_Delta,waterbody:USGS_Sacramento_Delta:SAN JOAQUIN R A WINDMILL COVE RD NR HOLT CA,2023-07-19
12c76af432567de3,source_ood,1,validation,USGS_Sacramento_Delta,USGS_Sacramento_Delta,waterbody:USGS_Sacramento_Delta:SAN JOAQUIN R A WINDMILL COVE RD NR HOLT CA,2023-07-19
f139d74629f6af21,source_ood,1,validation,USGS_Sacramento_Delta,USGS_Sacramento_Delta,waterbody:USGS_Sacramento_Delta:SAN JOAQUIN R A WINDMILL COVE RD NR HOLT CA,2023-07-19
fe67d83ccc09775a,source_ood,1,validation,USGS_Sacramento_Delta,USGS_Sacramento_Delta,waterbody:USGS_Sacramento_Delta:FOURTEENMILE SLOUGH NR TERMINOUS CA,2023-07-19
6e0b4bbc0c0c45e8,source_ood,1,validation,USGS_Sacramento_Delta,USGS_Sacramento_Delta,waterbody:USGS_Sacramento_Delta:FOURTEENMILE SLOUGH NR TERMINOUS CA,2023-07-19
8ddd3b6ae1924f3b,source_ood,1,validation,USGS_Sacramento_Delta,USGS_Sacramento_Delta,waterbody:USGS_Sacramento_Delta:FOURTEENMILE SLOUGH NR TERMINOUS CA,2023-07-19
c231b887d9b171e0,source_ood,1,validation,USGS_Sacramento_Delta,USGS_Sacramento_Delta,waterbody:USGS_Sacramento_Delta:MIDDLE R AT MIDDLE RIVER CA,2023-07-19
7cccbdcabec51dd8,source_ood,1,validation,USGS_Sacramento_Delta,USGS_Sacramento_Delta,waterbody:USGS_Sacramento_Delta:MIDDLE R AT MIDDLE RIVER CA,2023-07-19
a834d22a20651f04,source_ood,1,validation,USGS_Sacramento_Delta,USGS_Sacramento_Delta,waterbody:USGS_Sacramento_Delta:MIDDLE R AT MIDDLE RIVER CA,2023-07-19
b9fd086d4cd3d2df,source_ood,1,validation,USGS_Sacramento_Delta,USGS_Sacramento_Delta,waterbody:USGS_Sacramento_Delta:DISAPPOINTMENT SLOUGH NR TERMINOUS CA,2023-07-19
8be02335d43fe2d1,source_ood,1,validation,USGS_Sacramento_Delta,USGS_Sacramento_Delta,waterbody:USGS_Sacramento_Delta:DISAPPOINTMENT SLOUGH NR TERMINOUS CA,2023-07-19
b6b4ca10b51dc622,source_ood,1,validation,USGS_Sacramento_Delta,USGS_Sacramento_Delta,waterbody:USGS_Sacramento_Delta:DISAPPOINTMENT SLOUGH NR TERMINOUS CA,2023-07-19
d47bd3c355dc21a7,source_ood,1,validation,USGS_Sacramento_Delta,USGS_Sacramento_Delta,waterbody:USGS_Sacramento_Delta:SACRAMENTO R BL TOLAND LANDING NR RIO VISTA CA,2022-07-20
b8f600c9da10f817,source_ood,1,validation,USGS_Sacramento_Delta,USGS_Sacramento_Delta,waterbody:USGS_Sacramento_Delta:SACRAMENTO R BL TOLAND LANDING NR RIO VISTA CA,2022-07-20
0401f2c364b0f8f4,source_ood,1,validation,USGS_Sacramento_Delta,USGS_Sacramento_Delta,waterbody:USGS_Sacramento_Delta:SACRAMENTO R BL TOLAND LANDING NR RIO VISTA CA,2022-07-20
00de18811bd38cc4,source_ood,1,validation,USGS_Sacramento_Delta,USGS_Sacramento_Delta,waterbody:USGS_Sacramento_Delta:SACRAMENTO R BL TOLAND LANDING NR RIO VISTA CA,2022-07-20
3b71a9f3942ca9fc,source_ood,1,validation,USGS_Sacramento_Delta,USGS_Sacramento_Delta,waterbody:USGS_Sacramento_Delta:SUISUN BAY A VAN SICKLE ISLAND NR PITTSBURG CA,2022-07-20
14949ebd384f7125,source_ood,1,validation,USGS_Sacramento_Delta,USGS_Sacramento_Delta,waterbody:USGS_Sacramento_Delta:SUISUN BAY A VAN SICKLE ISLAND NR PITTSBURG CA,2022-07-20
b5ecd9273536e828,source_ood,1,validation,USGS_Sacramento_Delta,USGS_Sacramento_Delta,waterbody:USGS_Sacramento_Delta:SUISUN BAY A VAN SICKLE ISLAND NR PITTSBURG CA,2022-07-20
96220e16807b64fc,source_ood,1,validation,USGS_Sacramento_Delta,USGS_Sacramento_Delta,waterbody:USGS_Sacramento_Delta:SUISUN BAY A VAN SICKLE ISLAND NR PITTSBURG CA,2022-07-20
38a695aabb1b1b7b,source_ood,1,validation,USGS_Sacramento_Delta,USGS_Sacramento_Delta,waterbody:USGS_Sacramento_Delta:GRIZZLY BAY A SUISUN SLOUGH NR AVON CA,2022-07-20
56d955a5a2e74c4b,source_ood,1,validation,USGS_Sacramento_Delta,USGS_Sacramento_Delta,waterbody:USGS_Sacramento_Delta:GRIZZLY BAY A SUISUN SLOUGH NR AVON CA,2022-07-20
53205f41191d3355,source_ood,1,validation,USGS_Sacramento_Delta,USGS_Sacramento_Delta,waterbody:USGS_Sacramento_Delta:GRIZZLY BAY A SUISUN SLOUGH NR AVON CA,2022-07-20
fb5e1edc673e9857,source_ood,1,validation,USGS_Sacramento_Delta,USGS_Sacramento_Delta,waterbody:USGS_Sacramento_Delta:GRIZZLY BAY A SUISUN SLOUGH NR AVON CA,2022-07-20
219dd55ef4dce511,source_ood,1,validation,USGS_Sacramento_Delta,USGS_Sacramento_Delta,waterbody:USGS_Sacramento_Delta:SAN JOAQUIN R A JERSEY POINT CA,2022-07-20
fab6e571a08b3bd0,source_ood,1,validation,USGS_Sacramento_Delta,USGS_Sacramento_Delta,waterbody:USGS_Sacramento_Delta:SAN JOAQUIN R A JERSEY POINT CA,2022-07-20
ec6e4992b04557a3,source_ood,1,validation,USGS_Sacramento_Delta,USGS_Sacramento_Delta,waterbody:USGS_Sacramento_Delta:SAN JOAQUIN R A JERSEY POINT CA,2022-07-20
e3a96e2cdd55ba02,source_ood,1,validation,USGS_Sacramento_Delta,USGS_Sacramento_Delta,waterbody:USGS_Sacramento_Delta:SAN JOAQUIN R A JERSEY POINT CA,2022-07-20
071f648052165025,source_ood,1,validation,USGS_Sacramento_Delta,USGS_Sacramento_Delta,waterbody:USGS_Sacramento_Delta:SAN JOAQUIN R A PRISONERS PT NR TERMINOUS CA,2022-07-20
a8991118a3ab9789,source_ood,1,validation,USGS_Sacramento_Delta,USGS_Sacramento_Delta,waterbody:USGS_Sacramento_Delta:SAN JOAQUIN R A PRISONERS PT NR TERMINOUS CA,2022-07-20
c14106b978c50dfa,source_ood,1,validation,USGS_Sacramento_Delta,USGS_Sacramento_Delta,waterbody:USGS_Sacramento_Delta:SAN JOAQUIN R A PRISONERS PT NR TERMINOUS CA,2022-07-20
a238882e18f846ed,source_ood,1,validation,USGS_Sacramento_Delta,USGS_Sacramento_Delta,waterbody:USGS_Sacramento_Delta:SAN JOAQUIN R A PRISONERS PT NR TERMINOUS CA,2022-07-20
144cce4349e22830,source_ood,1,validation,USGS_Sacramento_Delta,USGS_Sacramento_Delta,waterbody:USGS_Sacramento_Delta:SAN JOAQUIN R A TINSLEY ISLAND NR TERMINOUS CA,2022-07-20
465206f4f8c706ea,source_ood,1,validation,USGS_Sacramento_Delta,USGS_Sacramento_Delta,waterbody:USGS_Sacramento_Delta:SAN JOAQUIN R A TINSLEY ISLAND NR TERMINOUS CA,2022-07-20
b561d22d5f8f1ab3,source_ood,1,validation,USGS_Sacramento_Delta,USGS_Sacramento_Delta,waterbody:USGS_Sacramento_Delta:SAN JOAQUIN R A TINSLEY ISLAND NR TERMINOUS CA,2022-07-20
cfd607efec17c265,source_ood,1,validation,USGS_Sacramento_Delta,USGS_Sacramento_Delta,waterbody:USGS_Sacramento_Delta:SAN JOAQUIN R A TINSLEY ISLAND NR TERMINOUS CA,2022-07-20
60c64a20cccc2615,source_ood,1,validation,USGS_Sacramento_Delta,USGS_Sacramento_Delta,waterbody:USGS_Sacramento_Delta:TURNER CUT NR HOLT CA,2022-07-20
ec204a620c4fa41f,source_ood,1,validation,USGS_Sacramento_Delta,USGS_Sacramento_Delta,waterbody:USGS_Sacramento_Delta:TURNER CUT NR HOLT CA,2022-07-20
d3f3621f7d0973c4,source_ood,1,validation,USGS_Sacramento_Delta,USGS_Sacramento_Delta,waterbody:USGS_Sacramento_Delta:TURNER CUT NR HOLT CA,2022-07-20
7d82093f7c2ed3f0,source_ood,1,validation,USGS_Sacramento_Delta,USGS_Sacramento_Delta,waterbody:USGS_Sacramento_Delta:TURNER CUT NR HOLT CA,2022-07-20
6f71a970d9060d9a,source_ood,1,validation,USGS_Sacramento_Delta,USGS_Sacramento_Delta,waterbody:USGS_Sacramento_Delta:SAN JOAQUIN R A BUCKLEY COVE NR STOCKTON CA,2022-07-20
53e18e1d4acd6439,source_ood,1,validation,USGS_Sacramento_Delta,USGS_Sacramento_Delta,waterbody:USGS_Sacramento_Delta:SAN JOAQUIN R A BUCKLEY COVE NR STOCKTON CA,2022-07-20
02f2159f87afc9c1,source_ood,1,validation,USGS_Sacramento_Delta,USGS_Sacramento_Delta,waterbody:USGS_Sacramento_Delta:SAN JOAQUIN R A BUCKLEY COVE NR STOCKTON CA,2022-07-20
23a4878f890ec841,source_ood,1,validation,USGS_Sacramento_Delta,USGS_Sacramento_Delta,waterbody:USGS_Sacramento_Delta:SAN JOAQUIN R A BUCKLEY COVE NR STOCKTON CA,2022-07-20
22393d6b64a2a96f,source_ood,1,validation,USGS_Sacramento_Delta,USGS_Sacramento_Delta,waterbody:USGS_Sacramento_Delta:SAN JOAQUIN R A MORMON SLOUGH A STOCKTON CA,2022-07-20
1832dd023c919814,source_ood,1,validation,USGS_Sacramento_Delta,USGS_Sacramento_Delta,waterbody:USGS_Sacramento_Delta:SAN JOAQUIN R A MORMON SLOUGH A STOCKTON CA,2022-07-20
6ea03e5c1907886e,source_ood,1,validation,USGS_Sacramento_Delta,USGS_Sacramento_Delta,waterbody:USGS_Sacramento_Delta:SAN JOAQUIN R A MORMON SLOUGH A STOCKTON CA,2022-07-20
a6e55041221ff9f2,source_ood,1,validation,USGS_Sacramento_Delta,USGS_Sacramento_Delta,waterbody:USGS_Sacramento_Delta:SAN JOAQUIN R A MORMON SLOUGH A STOCKTON CA,2022-07-20
bcaf8fd8b19b3e2a,source_ood,1,validation,USGS_Sacramento_Delta,USGS_Sacramento_Delta,waterbody:USGS_Sacramento_Delta:SAN JOAQUIN R AB BUCKLEY COVE NR STOCKTON CA,2022-07-20
568b6549b27c6a9b,source_ood,1,validation,USGS_Sacramento_Delta,USGS_Sacramento_Delta,waterbody:USGS_Sacramento_Delta:SAN JOAQUIN R AB BUCKLEY COVE NR STOCKTON CA,2022-07-20
5c4f88cf03b66159,source_ood,1,validation,USGS_Sacramento_Delta,USGS_Sacramento_Delta,waterbody:USGS_Sacramento_Delta:SAN JOAQUIN R AB BUCKLEY COVE NR STOCKTON CA,2022-07-20
65a41e4580cd5edf,source_ood,1,validation,USGS_Sacramento_Delta,USGS_Sacramento_Delta,waterbody:USGS_Sacramento_Delta:SAN JOAQUIN R AB BUCKLEY COVE NR STOCKTON CA,2022-07-20
5a479d8dff214054,source_ood,1,validation,USGS_Sacramento_Delta,USGS_Sacramento_Delta,waterbody:USGS_Sacramento_Delta:PORT OF STOCKTON NR STOCKTON CA,2022-07-20
56f0c92591ec81bb,source_ood,1,validation,USGS_Sacramento_Delta,USGS_Sacramento_Delta,waterbody:USGS_Sacramento_Delta:PORT OF STOCKTON NR STOCKTON CA,2022-07-20
e87c7b8ff629c4a5,source_ood,1,validation,USGS_Sacramento_Delta,USGS_Sacramento_Delta,waterbody:USGS_Sacramento_Delta:PORT OF STOCKTON NR STOCKTON CA,2022-07-20
be9a6944572c4826,source_ood,1,validation,USGS_Sacramento_Delta,USGS_Sacramento_Delta,waterbody:USGS_Sacramento_Delta:PORT OF STOCKTON NR STOCKTON CA,2022-07-20
c6ab7d69298ef515,source_ood,1,validation,USGS_Sacramento_Delta,USGS_Sacramento_Delta,waterbody:USGS_Sacramento_Delta:SAN JOAQUIN R AB MCCOY AVE NR STOCKTON CA,2022-07-20
be13277dd19ce202,source_ood,1,validation,USGS_Sacramento_Delta,USGS_Sacramento_Delta,waterbody:USGS_Sacramento_Delta:SAN JOAQUIN R AB MCCOY AVE NR STOCKTON CA,2022-07-20
b076e22080cbf3b6,source_ood,1,validation,USGS_Sacramento_Delta,USGS_Sacramento_Delta,waterbody:USGS_Sacramento_Delta:SAN JOAQUIN R AB MCCOY AVE NR STOCKTON CA,2022-07-20
7ac75d24c2d73c08,source_ood,1,validation,USGS_Sacramento_Delta,USGS_Sacramento_Delta,waterbody:USGS_Sacramento_Delta:SAN JOAQUIN R AB MCCOY AVE NR STOCKTON CA,2022-07-20
1bcf639df87ae4ee,source_ood,1,validation,USGS_Sacramento_Delta,USGS_Sacramento_Delta,waterbody:USGS_Sacramento_Delta:SAN JOAQUIN R A NAVY DR NR STOCKTON CA,2022-07-20
c7cb54669924af8d,source_ood,1,validation,USGS_Sacramento_Delta,USGS_Sacramento_Delta,waterbody:USGS_Sacramento_Delta:SAN JOAQUIN R A NAVY DR NR STOCKTON CA,2022-07-20
62e2d5d80a95830f,source_ood,1,validation,USGS_Sacramento_Delta,USGS_Sacramento_Delta,waterbody:USGS_Sacramento_Delta:SAN JOAQUIN R A NAVY DR NR STOCKTON CA,2022-07-20
e9c0ccd01fa74b8e,source_ood,1,validation,USGS_Sacramento_Delta,USGS_Sacramento_Delta,waterbody:USGS_Sacramento_Delta:SAN JOAQUIN R A NAVY DR NR STOCKTON CA,2022-07-20
c9966c288340b334,source_ood,1,validation,USGS_Sacramento_Delta,USGS_Sacramento_Delta,waterbody:USGS_Sacramento_Delta:DELTA RMP SOUT-007,2022-07-20
ce2ceef1be622c91,source_ood,1,validation,USGS_Sacramento_Delta,USGS_Sacramento_Delta,waterbody:USGS_Sacramento_Delta:DELTA RMP SOUT-007,2022-07-20
1200c428489a89c4,source_ood,1,validation,USGS_Sacramento_Delta,USGS_Sacramento_Delta,waterbody:USGS_Sacramento_Delta:DELTA RMP SOUT-007,2022-07-20
0aa06d903b9a8756,source_ood,1,validation,USGS_Sacramento_Delta,USGS_Sacramento_Delta,waterbody:USGS_Sacramento_Delta:DELTA RMP SOUT-007,2022-07-20
69d6277a58658f19,source_ood,1,validation,USGS_Sacramento_Delta,USGS_Sacramento_Delta,waterbody:USGS_Sacramento_Delta:FOURTEENMILE SLOUGH NR TERMINOUS CA,2022-07-20
38aa111f16e22b27,source_ood,1,validation,USGS_Sacramento_Delta,USGS_Sacramento_Delta,waterbody:USGS_Sacramento_Delta:FOURTEENMILE SLOUGH NR TERMINOUS CA,2022-07-20
551ccb97b0d865c0,source_ood,1,validation,USGS_Sacramento_Delta,USGS_Sacramento_Delta,waterbody:USGS_Sacramento_Delta:FOURTEENMILE SLOUGH NR TERMINOUS CA,2022-07-20
b00fc131b4b75d2b,source_ood,1,validation,USGS_Sacramento_Delta,USGS_Sacramento_Delta,waterbody:USGS_Sacramento_Delta:FOURTEENMILE SLOUGH NR TERMINOUS CA,2022-07-20
02e36a9a12292cea,source_ood,1,validation,USGS_Sacramento_Delta,USGS_Sacramento_Delta,waterbody:USGS_Sacramento_Delta:DISAPPOINTMENT SLOUGH NR TERMINOUS CA,2022-07-20
9b256fe9ecdbe19d,source_ood,1,validation,USGS_Sacramento_Delta,USGS_Sacramento_Delta,waterbody:USGS_Sacramento_Delta:DISAPPOINTMENT SLOUGH NR TERMINOUS CA,2022-07-20
3a8c9d88c9ca2998,source_ood,1,validation,USGS_Sacramento_Delta,USGS_Sacramento_Delta,waterbody:USGS_Sacramento_Delta:DISAPPOINTMENT SLOUGH NR TERMINOUS CA,2022-07-20
958ab4bc19127ff9,source_ood,1,validation,USGS_Sacramento_Delta,USGS_Sacramento_Delta,waterbody:USGS_Sacramento_Delta:DISAPPOINTMENT SLOUGH NR TERMINOUS CA,2022-07-20
e16606970e06bacf,source_ood,1,validation,USGS_Sacramento_Delta,USGS_Sacramento_Delta,waterbody:USGS_Sacramento_Delta:SUISUN BAY A VAN SICKLE ISLAND NR PITTSBURG CA,2023-07-20
8ff4dff07f80877a,source_ood,1,validation,USGS_Sacramento_Delta,USGS_Sacramento_Delta,waterbody:USGS_Sacramento_Delta:SUISUN BAY A VAN SICKLE ISLAND NR PITTSBURG CA,2023-07-20
b77f7c3e8dd9c359,source_ood,1,validation,USGS_Sacramento_Delta,USGS_Sacramento_Delta,waterbody:USGS_Sacramento_Delta:SUISUN BAY A VAN SICKLE ISLAND NR PITTSBURG CA,2023-07-20
967766d77004c2a1,source_ood,1,validation,USGS_Sacramento_Delta,USGS_Sacramento_Delta,waterbody:USGS_Sacramento_Delta:GRIZZLY BAY A SUISUN SLOUGH NR AVON CA,2023-07-20
1dbe238dcea154ee,source_ood,1,validation,USGS_Sacramento_Delta,USGS_Sacramento_Delta,waterbody:USGS_Sacramento_Delta:GRIZZLY BAY A SUISUN SLOUGH NR AVON CA,2023-07-20
b20f89beccc78958,source_ood,1,validation,USGS_Sacramento_Delta,USGS_Sacramento_Delta,waterbody:USGS_Sacramento_Delta:GRIZZLY BAY A SUISUN SLOUGH NR AVON CA,2023-07-20
9ba544a0d3e5d0f7,source_ood,1,validation,USGS_Sacramento_Delta,USGS_Sacramento_Delta,waterbody:USGS_Sacramento_Delta:SUISUN BAY A VAN SICKLE ISLAND NR PITTSBURG CA,2023-07-20
43009d8741ec9352,source_ood,1,validation,USGS_Sacramento_Delta,USGS_Sacramento_Delta,waterbody:USGS_Sacramento_Delta:SUISUN BAY A VAN SICKLE ISLAND NR PITTSBURG CA,2023-07-20
8e02323ab1192149,source_ood,1,validation,USGS_Sacramento_Delta,USGS_Sacramento_Delta,waterbody:USGS_Sacramento_Delta:SUISUN BAY A VAN SICKLE ISLAND NR PITTSBURG CA,2023-07-20
1b2427cc24e6ae6b,source_ood,1,validation,USGS_Sacramento_Delta,USGS_Sacramento_Delta,waterbody:USGS_Sacramento_Delta:SACRAMENTO R A RIO VISTA CA,2023-07-20
8a6d57e6f5a7e87c,source_ood,1,validation,USGS_Sacramento_Delta,USGS_Sacramento_Delta,waterbody:USGS_Sacramento_Delta:SACRAMENTO R A RIO VISTA CA,2023-07-20
f2c70f806956b0f5,source_ood,1,validation,USGS_Sacramento_Delta,USGS_Sacramento_Delta,waterbody:USGS_Sacramento_Delta:SACRAMENTO R A RIO VISTA CA,2023-07-20
4fb1fcf0c4171ac7,source_ood,1,validation,USGS_Sacramento_Delta,USGS_Sacramento_Delta,waterbody:USGS_Sacramento_Delta:DELTA RMP SACR-028,2023-07-20
2749ec75f8b59e78,source_ood,1,validation,USGS_Sacramento_Delta,USGS_Sacramento_Delta,waterbody:USGS_Sacramento_Delta:DELTA RMP SACR-028,2023-07-20
40c06e2b9854c954,source_ood,1,validation,USGS_Sacramento_Delta,USGS_Sacramento_Delta,waterbody:USGS_Sacramento_Delta:DELTA RMP SACR-028,2023-07-20
37b3cbcc0d6a5e90,source_ood,1,validation,USGS_Sacramento_Delta,USGS_Sacramento_Delta,waterbody:USGS_Sacramento_Delta:SACRAMENTO R AB DELTA CROSS CHANNEL CA,2023-07-20
0608e8985271ab27,source_ood,1,validation,USGS_Sacramento_Delta,USGS_Sacramento_Delta,waterbody:USGS_Sacramento_Delta:SACRAMENTO R AB DELTA CROSS CHANNEL CA,2023-07-20
fbc7f0ee27d0a193,source_ood,1,validation,USGS_Sacramento_Delta,USGS_Sacramento_Delta,waterbody:USGS_Sacramento_Delta:SACRAMENTO R AB DELTA CROSS CHANNEL CA,2023-07-20
385a12f799bf066e,source_ood,1,validation,USGS_Sacramento_Delta,USGS_Sacramento_Delta,waterbody:USGS_Sacramento_Delta:SACRAMENTO R A HOOD CA,2023-07-20
a8999ba57b3e6aee,source_ood,1,validation,USGS_Sacramento_Delta,USGS_Sacramento_Delta,waterbody:USGS_Sacramento_Delta:SACRAMENTO R A HOOD CA,2023-07-20
42ef52ed46bcd2ee,source_ood,1,validation,USGS_Sacramento_Delta,USGS_Sacramento_Delta,waterbody:USGS_Sacramento_Delta:SACRAMENTO R A HOOD CA,2023-07-20
5c058e865243eaa3,source_ood,1,validation,USGS_Sacramento_Delta,USGS_Sacramento_Delta,waterbody:USGS_Sacramento_Delta:SACRAMENTO R A FREEPORT CA,2023-07-20
62c466cfb0e1fe40,source_ood,1,validation,USGS_Sacramento_Delta,USGS_Sacramento_Delta,waterbody:USGS_Sacramento_Delta:SACRAMENTO R A FREEPORT CA,2023-07-20
581570a2fc7e9788,source_ood,1,validation,USGS_Sacramento_Delta,USGS_Sacramento_Delta,waterbody:USGS_Sacramento_Delta:SACRAMENTO R A FREEPORT CA,2023-07-20
c98d574f6f8a3e91,source_ood,1,validation,USGS_Sacramento_Delta,USGS_Sacramento_Delta,waterbody:USGS_Sacramento_Delta:SACRAMENTO R A PIER A WEST SACRAMENTO CA,2023-07-20
c49ba1b73ebd471b,source_ood,1,validation,USGS_Sacramento_Delta,USGS_Sacramento_Delta,waterbody:USGS_Sacramento_Delta:SACRAMENTO R A PIER A WEST SACRAMENTO CA,2023-07-20
dbba29d8df26df1c,source_ood,1,validation,USGS_Sacramento_Delta,USGS_Sacramento_Delta,waterbody:USGS_Sacramento_Delta:SACRAMENTO R A PIER A WEST SACRAMENTO CA,2023-07-20
75a11f53c315bf64,source_ood,1,validation,USGS_Sacramento_Delta,USGS_Sacramento_Delta,waterbody:USGS_Sacramento_Delta:MIDDLE R AT MIDDLE RIVER CA,2021-07-21
8d608283ca417fb5,source_ood,1,validation,USGS_Sacramento_Delta,USGS_Sacramento_Delta,waterbody:USGS_Sacramento_Delta:MIDDLE R AT MIDDLE RIVER CA,2021-07-21
3f2ec6adfa0206c2,source_ood,1,validation,USGS_Sacramento_Delta,USGS_Sacramento_Delta,waterbody:USGS_Sacramento_Delta:MIDDLE R AT MIDDLE RIVER CA,2021-07-21
9c18f922cebe0704,source_ood,1,validation,USGS_Sacramento_Delta,USGS_Sacramento_Delta,waterbody:USGS_Sacramento_Delta:MIDDLE R AT MIDDLE RIVER CA,2021-07-21
fc55a68291978eca,source_ood,1,validation,USGS_Sacramento_Delta,USGS_Sacramento_Delta,waterbody:USGS_Sacramento_Delta:SAN JOAQUIN R A JERSEY POINT CA,2021-07-21
d9231851e798cc79,source_ood,1,validation,USGS_Sacramento_Delta,USGS_Sacramento_Delta,waterbody:USGS_Sacramento_Delta:SAN JOAQUIN R A JERSEY POINT CA,2021-07-21
4bd070e010c4cbb6,source_ood,1,validation,USGS_Sacramento_Delta,USGS_Sacramento_Delta,waterbody:USGS_Sacramento_Delta:SAN JOAQUIN R A JERSEY POINT CA,2021-07-21
a94841d10ffa55d8,source_ood,1,validation,USGS_Sacramento_Delta,USGS_Sacramento_Delta,waterbody:USGS_Sacramento_Delta:SAN JOAQUIN R A JERSEY POINT CA,2021-07-21
f11548b4915cc9bf,source_ood,1,validation,USGS_Sacramento_Delta,USGS_Sacramento_Delta,waterbody:USGS_Sacramento_Delta:SAN JOAQUIN R A JERSEY POINT CA,2021-07-21
50f2831936483c6a,source_ood,1,validation,USGS_Sacramento_Delta,USGS_Sacramento_Delta,waterbody:USGS_Sacramento_Delta:SACRAMENTO R BL TOLAND LANDING NR RIO VISTA CA,2021-07-21
245a16d5b4827d96,source_ood,1,validation,USGS_Sacramento_Delta,USGS_Sacramento_Delta,waterbody:USGS_Sacramento_Delta:SACRAMENTO R BL TOLAND LANDING NR RIO VISTA CA,2021-07-21
7b83c95cd8bf57f9,source_ood,1,validation,USGS_Sacramento_Delta,USGS_Sacramento_Delta,waterbody:USGS_Sacramento_Delta:SACRAMENTO R BL TOLAND LANDING NR RIO VISTA CA,2021-07-21
1c14650c6e128388,source_ood,1,validation,USGS_Sacramento_Delta,USGS_Sacramento_Delta,waterbody:USGS_Sacramento_Delta:SACRAMENTO R BL TOLAND LANDING NR RIO VISTA CA,2021-07-21
7f76a18406d4d9b4,source_ood,1,validation,USGS_Sacramento_Delta,USGS_Sacramento_Delta,waterbody:USGS_Sacramento_Delta:SACRAMENTO R BL TOLAND LANDING NR RIO VISTA CA,2021-07-21
8b2381e631a84aa1,source_ood,1,validation,USGS_Sacramento_Delta,USGS_Sacramento_Delta,waterbody:USGS_Sacramento_Delta:SACRAMENTO R A RIO VISTA CA,2022-07-21
7284a7aa6f7cd92b,source_ood,1,validation,USGS_Sacramento_Delta,USGS_Sacramento_Delta,waterbody:USGS_Sacramento_Delta:SACRAMENTO R A RIO VISTA CA,2022-07-21
eee98c4969869aee,source_ood,1,validation,USGS_Sacramento_Delta,USGS_Sacramento_Delta,waterbody:USGS_Sacramento_Delta:SACRAMENTO R A RIO VISTA CA,2022-07-21
bfa53a670d2f81a7,source_ood,1,validation,USGS_Sacramento_Delta,USGS_Sacramento_Delta,waterbody:USGS_Sacramento_Delta:SACRAMENTO R A RIO VISTA CA,2022-07-21
9fe2dd2edce2b9fa,source_ood,1,validation,USGS_Sacramento_Delta,USGS_Sacramento_Delta,waterbody:USGS_Sacramento_Delta:DELTA RMP SACR-028,2022-07-21
ffd359cbb192f718,source_ood,1,validation,USGS_Sacramento_Delta,USGS_Sacramento_Delta,waterbody:USGS_Sacramento_Delta:DELTA RMP SACR-028,2022-07-21
cfd7319683d6f29f,source_ood,1,validation,USGS_Sacramento_Delta,USGS_Sacramento_Delta,waterbody:USGS_Sacramento_Delta:DELTA RMP SACR-028,2022-07-21
077a117860c78e87,source_ood,1,validation,USGS_Sacramento_Delta,USGS_Sacramento_Delta,waterbody:USGS_Sacramento_Delta:DELTA RMP SACR-028,2022-07-21
dc0f80e955d52a41,source_ood,1,validation,USGS_Sacramento_Delta,USGS_Sacramento_Delta,waterbody:USGS_Sacramento_Delta:SACRAMENTO R AB DELTA CROSS CHANNEL CA,2022-07-21
2f426e0dd8be5760,source_ood,1,validation,USGS_Sacramento_Delta,USGS_Sacramento_Delta,waterbody:USGS_Sacramento_Delta:SACRAMENTO R AB DELTA CROSS CHANNEL CA,2022-07-21
951cbcaf27a7420f,source_ood,1,validation,USGS_Sacramento_Delta,USGS_Sacramento_Delta,waterbody:USGS_Sacramento_Delta:SACRAMENTO R AB DELTA CROSS CHANNEL CA,2022-07-21
b4b32604ae908de7,source_ood,1,validation,USGS_Sacramento_Delta,USGS_Sacramento_Delta,waterbody:USGS_Sacramento_Delta:SACRAMENTO R AB DELTA CROSS CHANNEL CA,2022-07-21
c2873f431d47c4ed,source_ood,1,validation,USGS_Sacramento_Delta,USGS_Sacramento_Delta,waterbody:USGS_Sacramento_Delta:SACRAMENTO R A HOOD CA,2022-07-21
c40ae2aaac6a1e73,source_ood,1,validation,USGS_Sacramento_Delta,USGS_Sacramento_Delta,waterbody:USGS_Sacramento_Delta:SACRAMENTO R A HOOD CA,2022-07-21
3319d25aeb9f2aab,source_ood,1,validation,USGS_Sacramento_Delta,USGS_Sacramento_Delta,waterbody:USGS_Sacramento_Delta:SACRAMENTO R A HOOD CA,2022-07-21
7849fa47d9a57c0b,source_ood,1,validation,USGS_Sacramento_Delta,USGS_Sacramento_Delta,waterbody:USGS_Sacramento_Delta:SACRAMENTO R A HOOD CA,2022-07-21
5516de862dc81cc2,source_ood,1,validation,USGS_Sacramento_Delta,USGS_Sacramento_Delta,waterbody:USGS_Sacramento_Delta:SACRAMENTO R A FREEPORT CA,2022-07-21
bfd398cf9179b589,source_ood,1,validation,USGS_Sacramento_Delta,USGS_Sacramento_Delta,waterbody:USGS_Sacramento_Delta:SACRAMENTO R A FREEPORT CA,2022-07-21
c8187eef9aa02fcb,source_ood,1,validation,USGS_Sacramento_Delta,USGS_Sacramento_Delta,waterbody:USGS_Sacramento_Delta:SACRAMENTO R A FREEPORT CA,2022-07-21
971326b7f34cba80,source_ood,1,validation,USGS_Sacramento_Delta,USGS_Sacramento_Delta,waterbody:USGS_Sacramento_Delta:SACRAMENTO R A FREEPORT CA,2022-07-21
d1c6d665d93d61a2,source_ood,1,validation,USGS_Sacramento_Delta,USGS_Sacramento_Delta,waterbody:USGS_Sacramento_Delta:SACRAMENTO R A BARGE CANAL NR WEST SACRAMENTO CA,2022-07-21
bb18a0bab6e6d92e,source_ood,1,validation,USGS_Sacramento_Delta,USGS_Sacramento_Delta,waterbody:USGS_Sacramento_Delta:SACRAMENTO R A BARGE CANAL NR WEST SACRAMENTO CA,2022-07-21
bc4a6ac46205e7a1,source_ood,1,validation,USGS_Sacramento_Delta,USGS_Sacramento_Delta,waterbody:USGS_Sacramento_Delta:SACRAMENTO R A BARGE CANAL NR WEST SACRAMENTO CA,2022-07-21
a58d748c001d454a,source_ood,1,validation,USGS_Sacramento_Delta,USGS_Sacramento_Delta,waterbody:USGS_Sacramento_Delta:SACRAMENTO R A BARGE CANAL NR WEST SACRAMENTO CA,2022-07-21
ba553e629eabc6cb,source_ood,1,validation,USGS_Sacramento_Delta,USGS_Sacramento_Delta,waterbody:USGS_Sacramento_Delta:N MOKELUMNE R A TYLER ISLAND RD NR ISELTON CA,2024-07-22
57f1dca4d5df81b3,source_ood,1,validation,USGS_Sacramento_Delta,USGS_Sacramento_Delta,waterbody:USGS_Sacramento_Delta:N MOKELUMNE R A TYLER ISLAND RD NR ISELTON CA,2024-07-22
40021a6af20c024e,source_ood,1,validation,USGS_Sacramento_Delta,USGS_Sacramento_Delta,waterbody:USGS_Sacramento_Delta:N MOKELUMNE R A TYLER ISLAND RD NR ISELTON CA,2024-07-22
6e3b85e4524e9e32,source_ood,1,validation,USGS_Sacramento_Delta,USGS_Sacramento_Delta,waterbody:USGS_Sacramento_Delta:N MOKELUMNE NR WALNUT GROVE CA,2024-07-22
05f1389770e43a51,source_ood,1,validation,USGS_Sacramento_Delta,USGS_Sacramento_Delta,waterbody:USGS_Sacramento_Delta:N MOKELUMNE NR WALNUT GROVE CA,2024-07-22
7b45165ab41acaa9,source_ood,1,validation,USGS_Sacramento_Delta,USGS_Sacramento_Delta,waterbody:USGS_Sacramento_Delta:N MOKELUMNE NR WALNUT GROVE CA,2024-07-22
ee0eb3650e9b9c2a,source_ood,1,validation,USGS_Sacramento_Delta,USGS_Sacramento_Delta,waterbody:USGS_Sacramento_Delta:S MOKELUMNE R A SYCAMORE SLOUGH NR TERMINOUS CA,2024-07-22
c3271f06152d35f5,source_ood,1,validation,USGS_Sacramento_Delta,USGS_Sacramento_Delta,waterbody:USGS_Sacramento_Delta:S MOKELUMNE R A SYCAMORE SLOUGH NR TERMINOUS CA,2024-07-22
1b831d07d7e62816,source_ood,1,validation,USGS_Sacramento_Delta,USGS_Sacramento_Delta,waterbody:USGS_Sacramento_Delta:S MOKELUMNE R A SYCAMORE SLOUGH NR TERMINOUS CA,2024-07-22
07f4ec3f99c73cd8,source_ood,1,validation,USGS_Sacramento_Delta,USGS_Sacramento_Delta,waterbody:USGS_Sacramento_Delta:SYCAMORE SLOUGH NR TERMINOUS CA,2024-07-22
78bac63fe4979e0e,source_ood,1,validation,USGS_Sacramento_Delta,USGS_Sacramento_Delta,waterbody:USGS_Sacramento_Delta:SYCAMORE SLOUGH NR TERMINOUS CA,2024-07-22
0517a144a2a53093,source_ood,1,validation,USGS_Sacramento_Delta,USGS_Sacramento_Delta,waterbody:USGS_Sacramento_Delta:SYCAMORE SLOUGH NR TERMINOUS CA,2024-07-22
62f760330528369c,source_ood,1,validation,USGS_Sacramento_Delta,USGS_Sacramento_Delta,waterbody:USGS_Sacramento_Delta:MIDDLE R NR HOLT CA,2024-07-22
45cc5124bb63a205,source_ood,1,validation,USGS_Sacramento_Delta,USGS_Sacramento_Delta,waterbody:USGS_Sacramento_Delta:MIDDLE R NR HOLT CA,2024-07-22
3f8e756514aaff41,source_ood,1,validation,USGS_Sacramento_Delta,USGS_Sacramento_Delta,waterbody:USGS_Sacramento_Delta:MIDDLE R NR HOLT CA,2024-07-22
dcd988f70bdb7728,source_ood,1,validation,USGS_Sacramento_Delta,USGS_Sacramento_Delta,waterbody:USGS_Sacramento_Delta:MIDDLE R AT MIDDLE RIVER CA,2024-07-22
597c0db6229b754d,source_ood,1,validation,USGS_Sacramento_Delta,USGS_Sacramento_Delta,waterbody:USGS_Sacramento_Delta:MIDDLE R AT MIDDLE RIVER CA,2024-07-22
363a33b78d4d1a68,source_ood,1,validation,USGS_Sacramento_Delta,USGS_Sacramento_Delta,waterbody:USGS_Sacramento_Delta:MIDDLE R AT MIDDLE RIVER CA,2024-07-22
5af993e41aa13744,source_ood,1,validation,USGS_Sacramento_Delta,USGS_Sacramento_Delta,waterbody:USGS_Sacramento_Delta:MIDDLE R A BORDEN HWY NR TRACY CA,2024-07-22
4c6b413d32c3e593,source_ood,1,validation,USGS_Sacramento_Delta,USGS_Sacramento_Delta,waterbody:USGS_Sacramento_Delta:MIDDLE R A BORDEN HWY NR TRACY CA,2024-07-22
8890649cd69f258b,source_ood,1,validation,USGS_Sacramento_Delta,USGS_Sacramento_Delta,waterbody:USGS_Sacramento_Delta:MIDDLE R A BORDEN HWY NR TRACY CA,2024-07-22
19c436130947e1fd,source_ood,1,validation,USGS_Sacramento_Delta,USGS_Sacramento_Delta,waterbody:USGS_Sacramento_Delta:OLD R A CLIFTON COURT FERRY CA,2024-07-22
432dc2ba186cc322,source_ood,1,validation,USGS_Sacramento_Delta,USGS_Sacramento_Delta,waterbody:USGS_Sacramento_Delta:OLD R A CLIFTON COURT FERRY CA,2024-07-22
cb59344208c39b69,source_ood,1,validation,USGS_Sacramento_Delta,USGS_Sacramento_Delta,waterbody:USGS_Sacramento_Delta:OLD R A CLIFTON COURT FERRY CA,2024-07-22
82f6afd35b3e7713,source_ood,1,validation,USGS_Sacramento_Delta,USGS_Sacramento_Delta,waterbody:USGS_Sacramento_Delta:OLD R A INDIAN SLOUGH CA,2024-07-22
308d8a3c6c0f4407,source_ood,1,validation,USGS_Sacramento_Delta,USGS_Sacramento_Delta,waterbody:USGS_Sacramento_Delta:OLD R A INDIAN SLOUGH CA,2024-07-22
3b616bb652347628,source_ood,1,validation,USGS_Sacramento_Delta,USGS_Sacramento_Delta,waterbody:USGS_Sacramento_Delta:OLD R A INDIAN SLOUGH CA,2024-07-22
82f599d5289a5b15,source_ood,1,validation,USGS_Sacramento_Delta,USGS_Sacramento_Delta,waterbody:USGS_Sacramento_Delta:OLD R A BACON ISLAND CA,2024-07-22
7ced5232c48cdf9c,source_ood,1,validation,USGS_Sacramento_Delta,USGS_Sacramento_Delta,waterbody:USGS_Sacramento_Delta:OLD R A BACON ISLAND CA,2024-07-22
a0a675aa4ab3d870,source_ood,1,validation,USGS_Sacramento_Delta,USGS_Sacramento_Delta,waterbody:USGS_Sacramento_Delta:OLD R A BACON ISLAND CA,2024-07-22
8ffda1c9328da4ba,source_ood,1,validation,USGS_Sacramento_Delta,USGS_Sacramento_Delta,waterbody:USGS_Sacramento_Delta:OLD R A FRANKS TRACT NR BETHEL ISLAND CA,2024-07-22
98dcd85f91f50eb4,source_ood,1,validation,USGS_Sacramento_Delta,USGS_Sacramento_Delta,waterbody:USGS_Sacramento_Delta:OLD R A FRANKS TRACT NR BETHEL ISLAND CA,2024-07-22
a35db9f70c0dd768,source_ood,1,validation,USGS_Sacramento_Delta,USGS_Sacramento_Delta,waterbody:USGS_Sacramento_Delta:OLD R A FRANKS TRACT NR BETHEL ISLAND CA,2024-07-22
81f7b85bd2bd6b6c,source_ood,1,validation,USGS_Sacramento_Delta,USGS_Sacramento_Delta,waterbody:USGS_Sacramento_Delta:THREEMILE SLOUGH A TWITCHELL ISLAND NR RIO VISTA,2024-07-22
b8f2d5aa9598989b,source_ood,1,validation,USGS_Sacramento_Delta,USGS_Sacramento_Delta,waterbody:USGS_Sacramento_Delta:THREEMILE SLOUGH A TWITCHELL ISLAND NR RIO VISTA,2024-07-22
550b959a19af2f90,source_ood,1,validation,USGS_Sacramento_Delta,USGS_Sacramento_Delta,waterbody:USGS_Sacramento_Delta:THREEMILE SLOUGH A TWITCHELL ISLAND NR RIO VISTA,2024-07-22
9177dc41f7290540,source_ood,1,validation,USGS_Sacramento_Delta,USGS_Sacramento_Delta,waterbody:USGS_Sacramento_Delta:SUISUN BAY A VAN SICKLE ISLAND NR PITTSBURG CA,2024-07-23
6bb0767ec9cc9cd3,source_ood,1,validation,USGS_Sacramento_Delta,USGS_Sacramento_Delta,waterbody:USGS_Sacramento_Delta:SUISUN BAY A VAN SICKLE ISLAND NR PITTSBURG CA,2024-07-23
194d40fb15d733fc,source_ood,1,validation,USGS_Sacramento_Delta,USGS_Sacramento_Delta,waterbody:USGS_Sacramento_Delta:SUISUN BAY A VAN SICKLE ISLAND NR PITTSBURG CA,2024-07-23
1909e9f152b06d55,source_ood,1,validation,USGS_Sacramento_Delta,USGS_Sacramento_Delta,waterbody:USGS_Sacramento_Delta:GRIZZLY BAY A SUISUN SLOUGH NR AVON CA,2024-07-23
bad8537dd1e09061,source_ood,1,validation,USGS_Sacramento_Delta,USGS_Sacramento_Delta,waterbody:USGS_Sacramento_Delta:GRIZZLY BAY A SUISUN SLOUGH NR AVON CA,2024-07-23
a67df43a21f254de,source_ood,1,validation,USGS_Sacramento_Delta,USGS_Sacramento_Delta,waterbody:USGS_Sacramento_Delta:GRIZZLY BAY A SUISUN SLOUGH NR AVON CA,2024-07-23
3500d44e4d785194,source_ood,1,validation,USGS_Sacramento_Delta,USGS_Sacramento_Delta,waterbody:USGS_Sacramento_Delta:SACRAMENTO R BL TOLAND LANDING NR RIO VISTA CA,2024-07-23
6dd257d8b445932c,source_ood,1,validation,USGS_Sacramento_Delta,USGS_Sacramento_Delta,waterbody:USGS_Sacramento_Delta:SACRAMENTO R BL TOLAND LANDING NR RIO VISTA CA,2024-07-23
714dac4b4b47e913,source_ood,1,validation,USGS_Sacramento_Delta,USGS_Sacramento_Delta,waterbody:USGS_Sacramento_Delta:SACRAMENTO R BL TOLAND LANDING NR RIO VISTA CA,2024-07-23
557a36a8000e761c,source_ood,1,validation,USGS_Sacramento_Delta,USGS_Sacramento_Delta,waterbody:USGS_Sacramento_Delta:CACHE SLOUGH AB RYER ISLAND FERRY NR RIO VISTA CA,2024-07-23
6743d7ea1def452f,source_ood,1,validation,USGS_Sacramento_Delta,USGS_Sacramento_Delta,waterbody:USGS_Sacramento_Delta:CACHE SLOUGH AB RYER ISLAND FERRY NR RIO VISTA CA,2024-07-23
e1503007fc41c08f,source_ood,1,validation,USGS_Sacramento_Delta,USGS_Sacramento_Delta,waterbody:USGS_Sacramento_Delta:CACHE SLOUGH AB RYER ISLAND FERRY NR RIO VISTA CA,2024-07-23
9b8a1c2776758032,source_ood,1,validation,USGS_Sacramento_Delta,USGS_Sacramento_Delta,waterbody:USGS_Sacramento_Delta:CACHE SLOUGH A S LIBERTY ISLAND NR RIO VISTA CA,2024-07-23
394bd6f613577865,source_ood,1,validation,USGS_Sacramento_Delta,USGS_Sacramento_Delta,waterbody:USGS_Sacramento_Delta:CACHE SLOUGH A S LIBERTY ISLAND NR RIO VISTA CA,2024-07-23
2f08beae546a1a91,source_ood,1,validation,USGS_Sacramento_Delta,USGS_Sacramento_Delta,waterbody:USGS_Sacramento_Delta:CACHE SLOUGH A S LIBERTY ISLAND NR RIO VISTA CA,2024-07-23
24fb66c6bc436964,source_ood,1,validation,USGS_Sacramento_Delta,USGS_Sacramento_Delta,waterbody:USGS_Sacramento_Delta:SHAG SLOUGH A LIBERTY ISLAND NR COURTLAND CA,2024-07-23
aa21340ee95bdc9a,source_ood,1,validation,USGS_Sacramento_Delta,USGS_Sacramento_Delta,waterbody:USGS_Sacramento_Delta:SHAG SLOUGH A LIBERTY ISLAND NR COURTLAND CA,2024-07-23
d58ab3e616280e10,source_ood,1,validation,USGS_Sacramento_Delta,USGS_Sacramento_Delta,waterbody:USGS_Sacramento_Delta:SHAG SLOUGH A LIBERTY ISLAND NR COURTLAND CA,2024-07-23
2fea9e857a8b30c8,source_ood,1,validation,USGS_Sacramento_Delta,USGS_Sacramento_Delta,waterbody:USGS_Sacramento_Delta:LIBERTY ISLAND A UPPER STAIR STEP NR FIVE POINTS C,2024-07-23
e325cc3001dd98cc,source_ood,1,validation,USGS_Sacramento_Delta,USGS_Sacramento_Delta,waterbody:USGS_Sacramento_Delta:LIBERTY ISLAND A UPPER STAIR STEP NR FIVE POINTS C,2024-07-23
daf9303d10993015,source_ood,1,validation,USGS_Sacramento_Delta,USGS_Sacramento_Delta,waterbody:USGS_Sacramento_Delta:LIBERTY ISLAND A UPPER STAIR STEP NR FIVE POINTS C,2024-07-23
27b95ff81e013fc3,source_ood,1,validation,USGS_Sacramento_Delta,USGS_Sacramento_Delta,waterbody:USGS_Sacramento_Delta:SAN JOAQUIN R A JERSEY POINT CA,2024-07-24
4d4fa6d614e77bdc,source_ood,1,validation,USGS_Sacramento_Delta,USGS_Sacramento_Delta,waterbody:USGS_Sacramento_Delta:SAN JOAQUIN R A JERSEY POINT CA,2024-07-24
e46e498b5f4b2cc3,source_ood,1,validation,USGS_Sacramento_Delta,USGS_Sacramento_Delta,waterbody:USGS_Sacramento_Delta:SAN JOAQUIN R A JERSEY POINT CA,2024-07-24
3c04c686f6d17fb4,source_ood,1,validation,USGS_Sacramento_Delta,USGS_Sacramento_Delta,waterbody:USGS_Sacramento_Delta:SAN JOAQUIN R A PRISONERS PT NR TERMINOUS CA,2024-07-24
b5aa05f29d4c60ad,source_ood,1,validation,USGS_Sacramento_Delta,USGS_Sacramento_Delta,waterbody:USGS_Sacramento_Delta:SAN JOAQUIN R A PRISONERS PT NR TERMINOUS CA,2024-07-24
afbcd7a62685bcf5,source_ood,1,validation,USGS_Sacramento_Delta,USGS_Sacramento_Delta,waterbody:USGS_Sacramento_Delta:SAN JOAQUIN R A PRISONERS PT NR TERMINOUS CA,2024-07-24
6864fa74fb190f14,source_ood,1,validation,USGS_Sacramento_Delta,USGS_Sacramento_Delta,waterbody:USGS_Sacramento_Delta:SAN JOAQUIN R A BUCKLEY COVE NR STOCKTON CA,2024-07-24
6631166e66acc9df,source_ood,1,validation,USGS_Sacramento_Delta,USGS_Sacramento_Delta,waterbody:USGS_Sacramento_Delta:SAN JOAQUIN R A BUCKLEY COVE NR STOCKTON CA,2024-07-24
55e9c707395c14ba,source_ood,1,validation,USGS_Sacramento_Delta,USGS_Sacramento_Delta,waterbody:USGS_Sacramento_Delta:SAN JOAQUIN R A BUCKLEY COVE NR STOCKTON CA,2024-07-24
a789221260b02239,source_ood,1,validation,USGS_Sacramento_Delta,USGS_Sacramento_Delta,waterbody:USGS_Sacramento_Delta:PORT OF STOCKTON NR STOCKTON CA,2024-07-24
7c166cc8cef81b05,source_ood,1,validation,USGS_Sacramento_Delta,USGS_Sacramento_Delta,waterbody:USGS_Sacramento_Delta:PORT OF STOCKTON NR STOCKTON CA,2024-07-24
37aa59a90cf66d0e,source_ood,1,validation,USGS_Sacramento_Delta,USGS_Sacramento_Delta,waterbody:USGS_Sacramento_Delta:PORT OF STOCKTON NR STOCKTON CA,2024-07-24
9c14e81d4bad95de,source_ood,1,validation,USGS_Sacramento_Delta,USGS_Sacramento_Delta,waterbody:USGS_Sacramento_Delta:MCLEOD LAKE A WEBER POINT A STOCKTON CA,2024-07-24
f07ac235b75d988a,source_ood,1,validation,USGS_Sacramento_Delta,USGS_Sacramento_Delta,waterbody:USGS_Sacramento_Delta:MCLEOD LAKE A WEBER POINT A STOCKTON CA,2024-07-24
2bc60296fd56528c,source_ood,1,validation,USGS_Sacramento_Delta,USGS_Sacramento_Delta,waterbody:USGS_Sacramento_Delta:MCLEOD LAKE A WEBER POINT A STOCKTON CA,2024-07-24
383922bed65f498a,source_ood,1,validation,USGS_Sacramento_Delta,USGS_Sacramento_Delta,waterbody:USGS_Sacramento_Delta:SAN JOAQUIN R AB MCCOY AVE NR STOCKTON CA,2024-07-24
58eab50c1ce049c0,source_ood,1,validation,USGS_Sacramento_Delta,USGS_Sacramento_Delta,waterbody:USGS_Sacramento_Delta:SAN JOAQUIN R AB MCCOY AVE NR STOCKTON CA,2024-07-24
6911350d9068c549,source_ood,1,validation,USGS_Sacramento_Delta,USGS_Sacramento_Delta,waterbody:USGS_Sacramento_Delta:SAN JOAQUIN R AB MCCOY AVE NR STOCKTON CA,2024-07-24
cff0a0b6150c0b5b,source_ood,1,validation,USGS_Sacramento_Delta,USGS_Sacramento_Delta,waterbody:USGS_Sacramento_Delta:CACHE SLOUGH A S LIBERTY ISLAND NR RIO VISTA CA,2023-07-25
5b12a3a472a7c690,source_ood,1,validation,USGS_Sacramento_Delta,USGS_Sacramento_Delta,waterbody:USGS_Sacramento_Delta:CACHE SLOUGH A S LIBERTY ISLAND NR RIO VISTA CA,2023-07-25
92462b66e2a16d2d,source_ood,1,validation,USGS_Sacramento_Delta,USGS_Sacramento_Delta,waterbody:USGS_Sacramento_Delta:CACHE SLOUGH A S LIBERTY ISLAND NR RIO VISTA CA,2023-07-25
9e9e8451df385f55,source_ood,1,validation,USGS_Sacramento_Delta,USGS_Sacramento_Delta,waterbody:USGS_Sacramento_Delta:SACRAMENTO R A RIO VISTA CA,2024-07-25
1fbf6d3046e4446b,source_ood,1,validation,USGS_Sacramento_Delta,USGS_Sacramento_Delta,waterbody:USGS_Sacramento_Delta:SACRAMENTO R A RIO VISTA CA,2024-07-25
30b7800745818605,source_ood,1,validation,USGS_Sacramento_Delta,USGS_Sacramento_Delta,waterbody:USGS_Sacramento_Delta:SACRAMENTO R A RIO VISTA CA,2024-07-25
21e1281af642e9bc,source_ood,1,validation,USGS_Sacramento_Delta,USGS_Sacramento_Delta,waterbody:USGS_Sacramento_Delta:DELTA RMP SACR-028,2024-07-25
d66c837da20b3989,source_ood,1,validation,USGS_Sacramento_Delta,USGS_Sacramento_Delta,waterbody:USGS_Sacramento_Delta:DELTA RMP SACR-028,2024-07-25
686cd622c2ed3a59,source_ood,1,validation,USGS_Sacramento_Delta,USGS_Sacramento_Delta,waterbody:USGS_Sacramento_Delta:DELTA RMP SACR-028,2024-07-25
01e08761cf208117,source_ood,1,validation,USGS_Sacramento_Delta,USGS_Sacramento_Delta,waterbody:USGS_Sacramento_Delta:SACRAMENTO R A FREEPORT CA,2024-07-25
f0f6ef7fe8c78178,source_ood,1,validation,USGS_Sacramento_Delta,USGS_Sacramento_Delta,waterbody:USGS_Sacramento_Delta:SACRAMENTO R A FREEPORT CA,2024-07-25
c5c328f9645e2f9d,source_ood,1,validation,USGS_Sacramento_Delta,USGS_Sacramento_Delta,waterbody:USGS_Sacramento_Delta:SACRAMENTO R A FREEPORT CA,2024-07-25
55ef664b65df10d1,source_ood,1,validation,USGS_Sacramento_Delta,USGS_Sacramento_Delta,waterbody:USGS_Sacramento_Delta:PROSPECT SLOUGH A PROSPECT ISLAND NR RYDE CA,2024-07-25
1b844e2dbd1ce783,source_ood,1,validation,USGS_Sacramento_Delta,USGS_Sacramento_Delta,waterbody:USGS_Sacramento_Delta:PROSPECT SLOUGH A PROSPECT ISLAND NR RYDE CA,2024-07-25
8978f5c03c0aa48a,source_ood,1,validation,USGS_Sacramento_Delta,USGS_Sacramento_Delta,waterbody:USGS_Sacramento_Delta:PROSPECT SLOUGH A PROSPECT ISLAND NR RYDE CA,2024-07-25
931c83159afeac9c,source_ood,1,validation,USGS_Sacramento_Delta,USGS_Sacramento_Delta,waterbody:USGS_Sacramento_Delta:SAN JOAQUIN R A PRISONERS PT NR TERMINOUS CA,2021-07-26
2faaa36601958a38,source_ood,1,validation,USGS_Sacramento_Delta,USGS_Sacramento_Delta,waterbody:USGS_Sacramento_Delta:SAN JOAQUIN R A PRISONERS PT NR TERMINOUS CA,2021-07-26
9f8dd7859ba46ccc,source_ood,1,validation,USGS_Sacramento_Delta,USGS_Sacramento_Delta,waterbody:USGS_Sacramento_Delta:SAN JOAQUIN R A PRISONERS PT NR TERMINOUS CA,2021-07-26
851ddc3ded6ab050,source_ood,1,validation,USGS_Sacramento_Delta,USGS_Sacramento_Delta,waterbody:USGS_Sacramento_Delta:SAN JOAQUIN R A PRISONERS PT NR TERMINOUS CA,2021-07-26
444ccc9fa08c3d71,source_ood,1,validation,USGS_Sacramento_Delta,USGS_Sacramento_Delta,waterbody:USGS_Sacramento_Delta:SAN JOAQUIN R A PRISONERS PT NR TERMINOUS CA,2021-07-26
a6d888cf25e27e7e,source_ood,1,validation,USGS_Sacramento_Delta,USGS_Sacramento_Delta,waterbody:USGS_Sacramento_Delta:SAN JOAQUIN R A PRISONERS PT NR TERMINOUS CA,2021-07-26
7e6e891b97e9484c,source_ood,1,validation,USGS_Sacramento_Delta,USGS_Sacramento_Delta,waterbody:USGS_Sacramento_Delta:SAN JOAQUIN R A PRISONERS PT NR TERMINOUS CA,2021-07-26
43a3cfa22363c13a,source_ood,1,validation,USGS_Sacramento_Delta,USGS_Sacramento_Delta,waterbody:USGS_Sacramento_Delta:SAN JOAQUIN R A TINSLEY ISLAND NR TERMINOUS CA,2021-07-26
351ed8f5273d89cb,source_ood,1,validation,USGS_Sacramento_Delta,USGS_Sacramento_Delta,waterbody:USGS_Sacramento_Delta:SAN JOAQUIN R A TINSLEY ISLAND NR TERMINOUS CA,2021-07-26
ca993e68e49668c1,source_ood,1,validation,USGS_Sacramento_Delta,USGS_Sacramento_Delta,waterbody:USGS_Sacramento_Delta:SAN JOAQUIN R A TINSLEY ISLAND NR TERMINOUS CA,2021-07-26
8e700cc0fbd8d143,source_ood,1,validation,USGS_Sacramento_Delta,USGS_Sacramento_Delta,waterbody:USGS_Sacramento_Delta:SAN JOAQUIN R A TINSLEY ISLAND NR TERMINOUS CA,2021-07-26
de1bd59633a3e953,source_ood,1,validation,USGS_Sacramento_Delta,USGS_Sacramento_Delta,waterbody:USGS_Sacramento_Delta:SAN JOAQUIN R A TINSLEY ISLAND NR TERMINOUS CA,2021-07-26
5e77dca9ba8a1fe0,source_ood,1,validation,USGS_Sacramento_Delta,USGS_Sacramento_Delta,waterbody:USGS_Sacramento_Delta:SAN JOAQUIN R A TINSLEY ISLAND NR TERMINOUS CA,2021-07-26
62379a4e7479d69b,source_ood,1,validation,USGS_Sacramento_Delta,USGS_Sacramento_Delta,waterbody:USGS_Sacramento_Delta:SAN JOAQUIN R A TINSLEY ISLAND NR TERMINOUS CA,2021-07-26
92a8adef2914206d,source_ood,1,validation,USGS_Sacramento_Delta,USGS_Sacramento_Delta,waterbody:USGS_Sacramento_Delta:TURNER CUT NR HOLT CA,2021-07-26
bdd00a5d63f63dcc,source_ood,1,validation,USGS_Sacramento_Delta,USGS_Sacramento_Delta,waterbody:USGS_Sacramento_Delta:TURNER CUT NR HOLT CA,2021-07-26
dad9159263f0c548,source_ood,1,validation,USGS_Sacramento_Delta,USGS_Sacramento_Delta,waterbody:USGS_Sacramento_Delta:TURNER CUT NR HOLT CA,2021-07-26
5fe535e65cf21c86,source_ood,1,validation,USGS_Sacramento_Delta,USGS_Sacramento_Delta,waterbody:USGS_Sacramento_Delta:TURNER CUT NR HOLT CA,2021-07-26
b094b570ef732aac,source_ood,1,validation,USGS_Sacramento_Delta,USGS_Sacramento_Delta,waterbody:USGS_Sacramento_Delta:TURNER CUT NR HOLT CA,2021-07-26
bc9724b78d02ffea,source_ood,1,validation,USGS_Sacramento_Delta,USGS_Sacramento_Delta,waterbody:USGS_Sacramento_Delta:TURNER CUT NR HOLT CA,2021-07-26
c1e084e75b1e8904,source_ood,1,validation,USGS_Sacramento_Delta,USGS_Sacramento_Delta,waterbody:USGS_Sacramento_Delta:TURNER CUT NR HOLT CA,2021-07-26
b1e2da26657cf34f,source_ood,1,validation,USGS_Sacramento_Delta,USGS_Sacramento_Delta,waterbody:USGS_Sacramento_Delta:SAN JOAQUIN R A BUCKLEY COVE NR STOCKTON CA,2021-07-26
582fcce9f0271ec6,source_ood,1,validation,USGS_Sacramento_Delta,USGS_Sacramento_Delta,waterbody:USGS_Sacramento_Delta:SAN JOAQUIN R A BUCKLEY COVE NR STOCKTON CA,2021-07-26
c35a52cb49a47bd8,source_ood,1,validation,USGS_Sacramento_Delta,USGS_Sacramento_Delta,waterbody:USGS_Sacramento_Delta:SAN JOAQUIN R A BUCKLEY COVE NR STOCKTON CA,2021-07-26
4c3bedd40eadcda6,source_ood,1,validation,USGS_Sacramento_Delta,USGS_Sacramento_Delta,waterbody:USGS_Sacramento_Delta:SAN JOAQUIN R A BUCKLEY COVE NR STOCKTON CA,2021-07-26
b67bdf24f3bcc005,source_ood,1,validation,USGS_Sacramento_Delta,USGS_Sacramento_Delta,waterbody:USGS_Sacramento_Delta:SAN JOAQUIN R A BUCKLEY COVE NR STOCKTON CA,2021-07-26
323043c6645d1576,source_ood,1,validation,USGS_Sacramento_Delta,USGS_Sacramento_Delta,waterbody:USGS_Sacramento_Delta:SAN JOAQUIN R A BUCKLEY COVE NR STOCKTON CA,2021-07-26
4549ff374c7be0db,source_ood,1,validation,USGS_Sacramento_Delta,USGS_Sacramento_Delta,waterbody:USGS_Sacramento_Delta:SAN JOAQUIN R A BUCKLEY COVE NR STOCKTON CA,2021-07-26
eb5f9a58b7be1542,source_ood,1,validation,USGS_Sacramento_Delta,USGS_Sacramento_Delta,waterbody:USGS_Sacramento_Delta:SAN JOAQUIN R A ATHERTON ISLAND NR STOCKTON CA,2021-07-26
d8fd6babaf4dbcd3,source_ood,1,validation,USGS_Sacramento_Delta,USGS_Sacramento_Delta,waterbody:USGS_Sacramento_Delta:SAN JOAQUIN R A ATHERTON ISLAND NR STOCKTON CA,2021-07-26
b5548429836b0988,source_ood,1,validation,USGS_Sacramento_Delta,USGS_Sacramento_Delta,waterbody:USGS_Sacramento_Delta:SAN JOAQUIN R A ATHERTON ISLAND NR STOCKTON CA,2021-07-26
27c58ddcded98b83,source_ood,1,validation,USGS_Sacramento_Delta,USGS_Sacramento_Delta,waterbody:USGS_Sacramento_Delta:SAN JOAQUIN R A ATHERTON ISLAND NR STOCKTON CA,2021-07-26
c738d6ebb04eecdc,source_ood,1,validation,USGS_Sacramento_Delta,USGS_Sacramento_Delta,waterbody:USGS_Sacramento_Delta:SAN JOAQUIN R A ATHERTON ISLAND NR STOCKTON CA,2021-07-26
b5cce31dc2da8a2d,source_ood,1,validation,USGS_Sacramento_Delta,USGS_Sacramento_Delta,waterbody:USGS_Sacramento_Delta:SAN JOAQUIN R A ATHERTON ISLAND NR STOCKTON CA,2021-07-26
0fe0857aaf2562cc,source_ood,1,validation,USGS_Sacramento_Delta,USGS_Sacramento_Delta,waterbody:USGS_Sacramento_Delta:SAN JOAQUIN R A ATHERTON ISLAND NR STOCKTON CA,2021-07-26
42d84195344e9932,source_ood,1,validation,USGS_Sacramento_Delta,USGS_Sacramento_Delta,waterbody:USGS_Sacramento_Delta:SAN JOAQUIN R A NAVY DR NR STOCKTON CA,2021-07-26
dacf3e98ec7aa49b,source_ood,1,validation,USGS_Sacramento_Delta,USGS_Sacramento_Delta,waterbody:USGS_Sacramento_Delta:SAN JOAQUIN R A NAVY DR NR STOCKTON CA,2021-07-26
873f66a845d2b1b7,source_ood,1,validation,USGS_Sacramento_Delta,USGS_Sacramento_Delta,waterbody:USGS_Sacramento_Delta:SAN JOAQUIN R A NAVY DR NR STOCKTON CA,2021-07-26
7d10804a281e5826,source_ood,1,validation,USGS_Sacramento_Delta,USGS_Sacramento_Delta,waterbody:USGS_Sacramento_Delta:SAN JOAQUIN R A NAVY DR NR STOCKTON CA,2021-07-26
c5d8a64510b079db,source_ood,1,validation,USGS_Sacramento_Delta,USGS_Sacramento_Delta,waterbody:USGS_Sacramento_Delta:SAN JOAQUIN R A NAVY DR NR STOCKTON CA,2021-07-26
661791423f7eeaa3,source_ood,1,validation,USGS_Sacramento_Delta,USGS_Sacramento_Delta,waterbody:USGS_Sacramento_Delta:SAN JOAQUIN R A NAVY DR NR STOCKTON CA,2021-07-26
aa732770b8653c0e,source_ood,1,validation,USGS_Sacramento_Delta,USGS_Sacramento_Delta,waterbody:USGS_Sacramento_Delta:SAN JOAQUIN R A NAVY DR NR STOCKTON CA,2021-07-26
988deba27e9775ab,source_ood,1,validation,USGS_Sacramento_Delta,USGS_Sacramento_Delta,waterbody:USGS_Sacramento_Delta:FOURTEENMILE SLOUGH NR HOLT CA,2021-07-26
457dce9d19f3d28b,source_ood,1,validation,USGS_Sacramento_Delta,USGS_Sacramento_Delta,waterbody:USGS_Sacramento_Delta:FOURTEENMILE SLOUGH NR HOLT CA,2021-07-26
be12b03d5a7eb657,source_ood,1,validation,USGS_Sacramento_Delta,USGS_Sacramento_Delta,waterbody:USGS_Sacramento_Delta:FOURTEENMILE SLOUGH NR HOLT CA,2021-07-26
d2a27dbfbec04201,source_ood,1,validation,USGS_Sacramento_Delta,USGS_Sacramento_Delta,waterbody:USGS_Sacramento_Delta:FOURTEENMILE SLOUGH NR HOLT CA,2021-07-26
1d9b903d569721e9,source_ood,1,validation,USGS_Sacramento_Delta,USGS_Sacramento_Delta,waterbody:USGS_Sacramento_Delta:FOURTEENMILE SLOUGH NR HOLT CA,2021-07-26
c1a7b46185e2d57a,source_ood,1,validation,USGS_Sacramento_Delta,USGS_Sacramento_Delta,waterbody:USGS_Sacramento_Delta:FOURTEENMILE SLOUGH NR HOLT CA,2021-07-26
6ca4f8c09aaeab13,source_ood,1,validation,USGS_Sacramento_Delta,USGS_Sacramento_Delta,waterbody:USGS_Sacramento_Delta:FOURTEENMILE SLOUGH NR HOLT CA,2021-07-26
8f0fa092e845300c,source_ood,1,validation,USGS_Sacramento_Delta,USGS_Sacramento_Delta,waterbody:USGS_Sacramento_Delta:FOURTEENMILE SLOUGH NR TERMINOUS CA,2021-07-26
8d7e1aea0ba73ecd,source_ood,1,validation,USGS_Sacramento_Delta,USGS_Sacramento_Delta,waterbody:USGS_Sacramento_Delta:FOURTEENMILE SLOUGH NR TERMINOUS CA,2021-07-26
75ecfbd8411b20bd,source_ood,1,validation,USGS_Sacramento_Delta,USGS_Sacramento_Delta,waterbody:USGS_Sacramento_Delta:FOURTEENMILE SLOUGH NR TERMINOUS CA,2021-07-26
9f3236a0c70b8641,source_ood,1,validation,USGS_Sacramento_Delta,USGS_Sacramento_Delta,waterbody:USGS_Sacramento_Delta:FOURTEENMILE SLOUGH NR TERMINOUS CA,2021-07-26
7daa392489f41457,source_ood,1,validation,USGS_Sacramento_Delta,USGS_Sacramento_Delta,waterbody:USGS_Sacramento_Delta:FOURTEENMILE SLOUGH NR TERMINOUS CA,2021-07-26
a27739d9d57a749c,source_ood,1,validation,USGS_Sacramento_Delta,USGS_Sacramento_Delta,waterbody:USGS_Sacramento_Delta:FOURTEENMILE SLOUGH NR TERMINOUS CA,2021-07-26
7161bdc61426c3ba,source_ood,1,validation,USGS_Sacramento_Delta,USGS_Sacramento_Delta,waterbody:USGS_Sacramento_Delta:FOURTEENMILE SLOUGH NR TERMINOUS CA,2021-07-26
e4ac951284da0c2d,source_ood,1,validation,USGS_Sacramento_Delta,USGS_Sacramento_Delta,waterbody:USGS_Sacramento_Delta:DISAPPOINTMENT SLOUGH NR TERMINOUS CA,2021-07-26
81cd2127119f6838,source_ood,1,validation,USGS_Sacramento_Delta,USGS_Sacramento_Delta,waterbody:USGS_Sacramento_Delta:DISAPPOINTMENT SLOUGH NR TERMINOUS CA,2021-07-26
8b7a8e56cbf2d2cf,source_ood,1,validation,USGS_Sacramento_Delta,USGS_Sacramento_Delta,waterbody:USGS_Sacramento_Delta:DISAPPOINTMENT SLOUGH NR TERMINOUS CA,2021-07-26
ec3a506111eab35f,source_ood,1,validation,USGS_Sacramento_Delta,USGS_Sacramento_Delta,waterbody:USGS_Sacramento_Delta:DISAPPOINTMENT SLOUGH NR TERMINOUS CA,2021-07-26
123622ba633c9d15,source_ood,1,validation,USGS_Sacramento_Delta,USGS_Sacramento_Delta,waterbody:USGS_Sacramento_Delta:DISAPPOINTMENT SLOUGH NR TERMINOUS CA,2021-07-26
4c9379ceb5df51ec,source_ood,1,validation,USGS_Sacramento_Delta,USGS_Sacramento_Delta,waterbody:USGS_Sacramento_Delta:DISAPPOINTMENT SLOUGH NR TERMINOUS CA,2021-07-26
4523139dbc468b13,source_ood,1,validation,USGS_Sacramento_Delta,USGS_Sacramento_Delta,waterbody:USGS_Sacramento_Delta:DISAPPOINTMENT SLOUGH NR TERMINOUS CA,2021-07-26
1e746967e5cc7b21,source_ood,1,validation,USGS_Sacramento_Delta,USGS_Sacramento_Delta,waterbody:USGS_Sacramento_Delta:GEORGIANA SLOUGH A TYLER ISLAND RD NR ISLETON CA,2021-07-26
af4c442eea6d0baa,source_ood,1,validation,USGS_Sacramento_Delta,USGS_Sacramento_Delta,waterbody:USGS_Sacramento_Delta:GEORGIANA SLOUGH A TYLER ISLAND RD NR ISLETON CA,2021-07-26
3abcecbdb2799dee,source_ood,1,validation,USGS_Sacramento_Delta,USGS_Sacramento_Delta,waterbody:USGS_Sacramento_Delta:GEORGIANA SLOUGH A TYLER ISLAND RD NR ISLETON CA,2021-07-26
23429ed19a3e4a5f,source_ood,1,validation,USGS_Sacramento_Delta,USGS_Sacramento_Delta,waterbody:USGS_Sacramento_Delta:GEORGIANA SLOUGH A TYLER ISLAND RD NR ISLETON CA,2021-07-26
5eb4c1a081981a4b,source_ood,1,validation,USGS_Sacramento_Delta,USGS_Sacramento_Delta,waterbody:USGS_Sacramento_Delta:GEORGIANA SLOUGH A TYLER ISLAND RD NR ISLETON CA,2021-07-26
921d5dbccb4e9c34,source_ood,1,validation,USGS_Sacramento_Delta,USGS_Sacramento_Delta,waterbody:USGS_Sacramento_Delta:GEORGIANA SLOUGH A TYLER ISLAND RD NR ISLETON CA,2021-07-26
6582f3fb3f828d75,source_ood,1,validation,USGS_Sacramento_Delta,USGS_Sacramento_Delta,waterbody:USGS_Sacramento_Delta:GEORGIANA SLOUGH A TYLER ISLAND RD NR ISLETON CA,2021-07-26
7693c4a17f250c90,source_ood,1,validation,USGS_Sacramento_Delta,USGS_Sacramento_Delta,waterbody:USGS_Sacramento_Delta:DELTA RMP SACR-028,2021-07-26
1b0171f398744c56,source_ood,1,validation,USGS_Sacramento_Delta,USGS_Sacramento_Delta,waterbody:USGS_Sacramento_Delta:DELTA RMP SACR-028,2021-07-26
ce8b4a56decdc6fd,source_ood,1,validation,USGS_Sacramento_Delta,USGS_Sacramento_Delta,waterbody:USGS_Sacramento_Delta:DELTA RMP SACR-028,2021-07-26
a61e09133c921438,source_ood,1,validation,USGS_Sacramento_Delta,USGS_Sacramento_Delta,waterbody:USGS_Sacramento_Delta:DELTA RMP SACR-028,2021-07-26
853139731048aaeb,source_ood,1,validation,USGS_Sacramento_Delta,USGS_Sacramento_Delta,waterbody:USGS_Sacramento_Delta:DELTA RMP SACR-028,2021-07-26
fb5a35b1b046b2d7,source_ood,1,validation,USGS_Sacramento_Delta,USGS_Sacramento_Delta,waterbody:USGS_Sacramento_Delta:DELTA RMP SACR-028,2021-07-26
7f0c1ebf2c1051df,source_ood,1,validation,USGS_Sacramento_Delta,USGS_Sacramento_Delta,waterbody:USGS_Sacramento_Delta:DELTA RMP SACR-028,2021-07-26
294a4b876c0def4a,source_ood,1,validation,USGS_Sacramento_Delta,USGS_Sacramento_Delta,waterbody:USGS_Sacramento_Delta:FRANKS TRACT NR BETHEL ISLAND CA,2022-07-26
a2f4063c9485292f,source_ood,1,validation,USGS_Sacramento_Delta,USGS_Sacramento_Delta,waterbody:USGS_Sacramento_Delta:FRANKS TRACT NR BETHEL ISLAND CA,2022-07-26
5d5ad2dcc65ab05b,source_ood,1,validation,USGS_Sacramento_Delta,USGS_Sacramento_Delta,waterbody:USGS_Sacramento_Delta:FRANKS TRACT NR BETHEL ISLAND CA,2022-07-26
92d03b30ed6080d5,source_ood,1,validation,USGS_Sacramento_Delta,USGS_Sacramento_Delta,waterbody:USGS_Sacramento_Delta:FRANKS TRACT NR BETHEL ISLAND CA,2022-07-26
a2c93b282dc7559d,source_ood,1,validation,USGS_Sacramento_Delta,USGS_Sacramento_Delta,waterbody:USGS_Sacramento_Delta:SACRAMENTO R A BARGE CANAL NR WEST SACRAMENTO CA,2020-07-27
b257e940c477bb2c,source_ood,1,validation,USGS_Sacramento_Delta,USGS_Sacramento_Delta,waterbody:USGS_Sacramento_Delta:SACRAMENTO R A BARGE CANAL NR WEST SACRAMENTO CA,2020-07-27
39f8a6683903d377,source_ood,1,validation,USGS_Sacramento_Delta,USGS_Sacramento_Delta,waterbody:USGS_Sacramento_Delta:SACRAMENTO R A BARGE CANAL NR WEST SACRAMENTO CA,2020-07-27
099adcd98fee1cb0,source_ood,1,validation,USGS_Sacramento_Delta,USGS_Sacramento_Delta,waterbody:USGS_Sacramento_Delta:SACRAMENTO R A FREEPORT CA,2020-07-27
c8120ed03a19d4db,source_ood,1,validation,USGS_Sacramento_Delta,USGS_Sacramento_Delta,waterbody:USGS_Sacramento_Delta:SACRAMENTO R A FREEPORT CA,2020-07-27
33e151174a2beacc,source_ood,1,validation,USGS_Sacramento_Delta,USGS_Sacramento_Delta,waterbody:USGS_Sacramento_Delta:SACRAMENTO R A FREEPORT CA,2020-07-27
53c47553eb2ddb47,source_ood,1,validation,USGS_Sacramento_Delta,USGS_Sacramento_Delta,waterbody:USGS_Sacramento_Delta:SACRAMENTO R A HOOD CA,2020-07-27
8a92558ee2eba9f4,source_ood,1,validation,USGS_Sacramento_Delta,USGS_Sacramento_Delta,waterbody:USGS_Sacramento_Delta:SACRAMENTO R A HOOD CA,2020-07-27
f8c20feccf8d51a0,source_ood,1,validation,USGS_Sacramento_Delta,USGS_Sacramento_Delta,waterbody:USGS_Sacramento_Delta:SACRAMENTO R A HOOD CA,2020-07-27
19ce355d6a00102e,source_ood,1,validation,USGS_Sacramento_Delta,USGS_Sacramento_Delta,waterbody:USGS_Sacramento_Delta:SACRAMENTO R AB DELTA CROSS CHANNEL CA,2020-07-27
9a350dfc6c171890,source_ood,1,validation,USGS_Sacramento_Delta,USGS_Sacramento_Delta,waterbody:USGS_Sacramento_Delta:SACRAMENTO R AB DELTA CROSS CHANNEL CA,2020-07-27
f094a2913e19c5f2,source_ood,1,validation,USGS_Sacramento_Delta,USGS_Sacramento_Delta,waterbody:USGS_Sacramento_Delta:SACRAMENTO R AB DELTA CROSS CHANNEL CA,2020-07-27
b2e225965b5ba0fb,source_ood,1,validation,USGS_Sacramento_Delta,USGS_Sacramento_Delta,waterbody:USGS_Sacramento_Delta:GEORGIANA SLOUGH A THE OXBOW NR ISLETON CA,2020-07-27
c1cf974f55c1ada8,source_ood,1,validation,USGS_Sacramento_Delta,USGS_Sacramento_Delta,waterbody:USGS_Sacramento_Delta:GEORGIANA SLOUGH A THE OXBOW NR ISLETON CA,2020-07-27
7685d9cb44f3f7f7,source_ood,1,validation,USGS_Sacramento_Delta,USGS_Sacramento_Delta,waterbody:USGS_Sacramento_Delta:GEORGIANA SLOUGH A THE OXBOW NR ISLETON CA,2020-07-27
b48b01a16e5a2843,source_ood,1,validation,USGS_Sacramento_Delta,USGS_Sacramento_Delta,waterbody:USGS_Sacramento_Delta:GEORGIANA SLOUGH A TYLER ISLAND RD NR ISLETON CA,2020-07-27
ef6e283dbedbf68e,source_ood,1,validation,USGS_Sacramento_Delta,USGS_Sacramento_Delta,waterbody:USGS_Sacramento_Delta:GEORGIANA SLOUGH A TYLER ISLAND RD NR ISLETON CA,2020-07-27
a97862c8cc4c2d7a,source_ood,1,validation,USGS_Sacramento_Delta,USGS_Sacramento_Delta,waterbody:USGS_Sacramento_Delta:GEORGIANA SLOUGH A TYLER ISLAND RD NR ISLETON CA,2020-07-27
bcf5d3c0db420557,source_ood,1,validation,USGS_Sacramento_Delta,USGS_Sacramento_Delta,waterbody:USGS_Sacramento_Delta:SAN JOAQUIN R BL THREEMILE SLOUGH NR RIO VISTA CA,2020-07-27
fa7bd2a4e1e25a3d,source_ood,1,validation,USGS_Sacramento_Delta,USGS_Sacramento_Delta,waterbody:USGS_Sacramento_Delta:SAN JOAQUIN R BL THREEMILE SLOUGH NR RIO VISTA CA,2020-07-27
4668dfe338472e5c,source_ood,1,validation,USGS_Sacramento_Delta,USGS_Sacramento_Delta,waterbody:USGS_Sacramento_Delta:SAN JOAQUIN R BL THREEMILE SLOUGH NR RIO VISTA CA,2020-07-27
56be9cb28bdf7f34,source_ood,1,validation,USGS_Sacramento_Delta,USGS_Sacramento_Delta,waterbody:USGS_Sacramento_Delta:DELTA RMP SACR-028,2020-07-27
10bf43a0b00bd4ff,source_ood,1,validation,USGS_Sacramento_Delta,USGS_Sacramento_Delta,waterbody:USGS_Sacramento_Delta:DELTA RMP SACR-028,2020-07-27
cfe6d79ea44b1e26,source_ood,1,validation,USGS_Sacramento_Delta,USGS_Sacramento_Delta,waterbody:USGS_Sacramento_Delta:DELTA RMP SACR-028,2020-07-27
3a0bf1caabc45514,source_ood,1,validation,USGS_Sacramento_Delta,USGS_Sacramento_Delta,waterbody:USGS_Sacramento_Delta:SAN JOAQUIN R A JERSEY POINT CA,2021-07-27
89b0a1f468e3b1a1,source_ood,1,validation,USGS_Sacramento_Delta,USGS_Sacramento_Delta,waterbody:USGS_Sacramento_Delta:SAN JOAQUIN R A JERSEY POINT CA,2021-07-27
78e91fb6d6a5eaef,source_ood,1,validation,USGS_Sacramento_Delta,USGS_Sacramento_Delta,waterbody:USGS_Sacramento_Delta:SAN JOAQUIN R A JERSEY POINT CA,2021-07-27
f25c77262aa71e1b,source_ood,1,validation,USGS_Sacramento_Delta,USGS_Sacramento_Delta,waterbody:USGS_Sacramento_Delta:SAN JOAQUIN R A JERSEY POINT CA,2021-07-27
60ba92b71b759389,source_ood,1,validation,USGS_Sacramento_Delta,USGS_Sacramento_Delta,waterbody:USGS_Sacramento_Delta:SAN JOAQUIN R A JERSEY POINT CA,2021-07-27
bc3a98c180ef7d10,source_ood,1,validation,USGS_Sacramento_Delta,USGS_Sacramento_Delta,waterbody:USGS_Sacramento_Delta:SAN JOAQUIN R A JERSEY POINT CA,2021-07-27
a6c152e345b0df8c,source_ood,1,validation,USGS_Sacramento_Delta,USGS_Sacramento_Delta,waterbody:USGS_Sacramento_Delta:SAN JOAQUIN R A JERSEY POINT CA,2021-07-27
f83b04d48b62d92c,source_ood,1,validation,USGS_Sacramento_Delta,USGS_Sacramento_Delta,waterbody:USGS_Sacramento_Delta:SUISUN BAY A VAN SICKLE ISLAND NR PITTSBURG CA,2021-07-27
1a9b7f3bfc2dc899,source_ood,1,validation,USGS_Sacramento_Delta,USGS_Sacramento_Delta,waterbody:USGS_Sacramento_Delta:SUISUN BAY A VAN SICKLE ISLAND NR PITTSBURG CA,2021-07-27
102c3d9c8f1517c7,source_ood,1,validation,USGS_Sacramento_Delta,USGS_Sacramento_Delta,waterbody:USGS_Sacramento_Delta:SUISUN BAY A VAN SICKLE ISLAND NR PITTSBURG CA,2021-07-27
65baf884f73128b2,source_ood,1,validation,USGS_Sacramento_Delta,USGS_Sacramento_Delta,waterbody:USGS_Sacramento_Delta:SUISUN BAY A VAN SICKLE ISLAND NR PITTSBURG CA,2021-07-27
5f0643520642e3a6,source_ood,1,validation,USGS_Sacramento_Delta,USGS_Sacramento_Delta,waterbody:USGS_Sacramento_Delta:SUISUN BAY A VAN SICKLE ISLAND NR PITTSBURG CA,2021-07-27
177601dad93da805,source_ood,1,validation,USGS_Sacramento_Delta,USGS_Sacramento_Delta,waterbody:USGS_Sacramento_Delta:SUISUN BAY A VAN SICKLE ISLAND NR PITTSBURG CA,2021-07-27
21b319ecf835c5dd,source_ood,1,validation,USGS_Sacramento_Delta,USGS_Sacramento_Delta,waterbody:USGS_Sacramento_Delta:SUISUN BAY A VAN SICKLE ISLAND NR PITTSBURG CA,2021-07-27
acc27deb40db3969,source_ood,1,validation,USGS_Sacramento_Delta,USGS_Sacramento_Delta,waterbody:USGS_Sacramento_Delta:GRIZZLY BAY A SUISUN SLOUGH NR AVON CA,2021-07-27
07e33cdc07863644,source_ood,1,validation,USGS_Sacramento_Delta,USGS_Sacramento_Delta,waterbody:USGS_Sacramento_Delta:GRIZZLY BAY A SUISUN SLOUGH NR AVON CA,2021-07-27
c78b617b8cf01bf7,source_ood,1,validation,USGS_Sacramento_Delta,USGS_Sacramento_Delta,waterbody:USGS_Sacramento_Delta:GRIZZLY BAY A SUISUN SLOUGH NR AVON CA,2021-07-27
f958f1192d809f20,source_ood,1,validation,USGS_Sacramento_Delta,USGS_Sacramento_Delta,waterbody:USGS_Sacramento_Delta:GRIZZLY BAY A SUISUN SLOUGH NR AVON CA,2021-07-27
8fa9121653b48eb7,source_ood,1,validation,USGS_Sacramento_Delta,USGS_Sacramento_Delta,waterbody:USGS_Sacramento_Delta:GRIZZLY BAY A SUISUN SLOUGH NR AVON CA,2021-07-27
3797fb2e888fead9,source_ood,1,validation,USGS_Sacramento_Delta,USGS_Sacramento_Delta,waterbody:USGS_Sacramento_Delta:GRIZZLY BAY A SUISUN SLOUGH NR AVON CA,2021-07-27
8b2d7026e7878665,source_ood,1,validation,USGS_Sacramento_Delta,USGS_Sacramento_Delta,waterbody:USGS_Sacramento_Delta:GRIZZLY BAY A SUISUN SLOUGH NR AVON CA,2021-07-27
c3586f54b13d554d,source_ood,1,validation,USGS_Sacramento_Delta,USGS_Sacramento_Delta,waterbody:USGS_Sacramento_Delta:SUISUN BAY A VAN SICKLE ISLAND NR PITTSBURG CA,2021-07-27
472eeadb95e2e71b,source_ood,1,validation,USGS_Sacramento_Delta,USGS_Sacramento_Delta,waterbody:USGS_Sacramento_Delta:SUISUN BAY A VAN SICKLE ISLAND NR PITTSBURG CA,2021-07-27
2a83f9a35b6cb2a4,source_ood,1,validation,USGS_Sacramento_Delta,USGS_Sacramento_Delta,waterbody:USGS_Sacramento_Delta:SUISUN BAY A VAN SICKLE ISLAND NR PITTSBURG CA,2021-07-27
bf7dcf60acd729e9,source_ood,1,validation,USGS_Sacramento_Delta,USGS_Sacramento_Delta,waterbody:USGS_Sacramento_Delta:SUISUN BAY A VAN SICKLE ISLAND NR PITTSBURG CA,2021-07-27
4a63e2b4df4950bc,source_ood,1,validation,USGS_Sacramento_Delta,USGS_Sacramento_Delta,waterbody:USGS_Sacramento_Delta:SUISUN BAY A VAN SICKLE ISLAND NR PITTSBURG CA,2021-07-27
71be4f30b243389c,source_ood,1,validation,USGS_Sacramento_Delta,USGS_Sacramento_Delta,waterbody:USGS_Sacramento_Delta:SUISUN BAY A VAN SICKLE ISLAND NR PITTSBURG CA,2021-07-27
1bd1bd87cc709db9,source_ood,1,validation,USGS_Sacramento_Delta,USGS_Sacramento_Delta,waterbody:USGS_Sacramento_Delta:SUISUN BAY A VAN SICKLE ISLAND NR PITTSBURG CA,2021-07-27
e460b3432d343133,source_ood,1,validation,USGS_Sacramento_Delta,USGS_Sacramento_Delta,waterbody:USGS_Sacramento_Delta:SACRAMENTO R BL TOLAND LANDING NR RIO VISTA CA,2021-07-27
f7bd7205b96d8fe5,source_ood,1,validation,USGS_Sacramento_Delta,USGS_Sacramento_Delta,waterbody:USGS_Sacramento_Delta:SACRAMENTO R BL TOLAND LANDING NR RIO VISTA CA,2021-07-27
5e9709e5c9e3952d,source_ood,1,validation,USGS_Sacramento_Delta,USGS_Sacramento_Delta,waterbody:USGS_Sacramento_Delta:SACRAMENTO R BL TOLAND LANDING NR RIO VISTA CA,2021-07-27
bdc7557ea9975156,source_ood,1,validation,USGS_Sacramento_Delta,USGS_Sacramento_Delta,waterbody:USGS_Sacramento_Delta:SACRAMENTO R BL TOLAND LANDING NR RIO VISTA CA,2021-07-27
44845ce2ecfd29bc,source_ood,1,validation,USGS_Sacramento_Delta,USGS_Sacramento_Delta,waterbody:USGS_Sacramento_Delta:SACRAMENTO R BL TOLAND LANDING NR RIO VISTA CA,2021-07-27
9154900ab38e0cbd,source_ood,1,validation,USGS_Sacramento_Delta,USGS_Sacramento_Delta,waterbody:USGS_Sacramento_Delta:SACRAMENTO R BL TOLAND LANDING NR RIO VISTA CA,2021-07-27
db9c1758610d778f,source_ood,1,validation,USGS_Sacramento_Delta,USGS_Sacramento_Delta,waterbody:USGS_Sacramento_Delta:SACRAMENTO R BL TOLAND LANDING NR RIO VISTA CA,2021-07-27
fbd36c0de0ea5ad3,source_ood,1,validation,USGS_Sacramento_Delta,USGS_Sacramento_Delta,waterbody:USGS_Sacramento_Delta:CACHE SLOUGH AB RYER ISLAND FERRY NR RIO VISTA CA,2021-07-27
076a9a1bbc72a9ac,source_ood,1,validation,USGS_Sacramento_Delta,USGS_Sacramento_Delta,waterbody:USGS_Sacramento_Delta:CACHE SLOUGH AB RYER ISLAND FERRY NR RIO VISTA CA,2021-07-27
cf67bc7928546940,source_ood,1,validation,USGS_Sacramento_Delta,USGS_Sacramento_Delta,waterbody:USGS_Sacramento_Delta:CACHE SLOUGH AB RYER ISLAND FERRY NR RIO VISTA CA,2021-07-27
c82071d29d4a129e,source_ood,1,validation,USGS_Sacramento_Delta,USGS_Sacramento_Delta,waterbody:USGS_Sacramento_Delta:CACHE SLOUGH AB RYER ISLAND FERRY NR RIO VISTA CA,2021-07-27
84e9c719b69da403,source_ood,1,validation,USGS_Sacramento_Delta,USGS_Sacramento_Delta,waterbody:USGS_Sacramento_Delta:CACHE SLOUGH AB RYER ISLAND FERRY NR RIO VISTA CA,2021-07-27
33468f44691aa71b,source_ood,1,validation,USGS_Sacramento_Delta,USGS_Sacramento_Delta,waterbody:USGS_Sacramento_Delta:CACHE SLOUGH AB RYER ISLAND FERRY NR RIO VISTA CA,2021-07-27
f69922de3f354bde,source_ood,1,validation,USGS_Sacramento_Delta,USGS_Sacramento_Delta,waterbody:USGS_Sacramento_Delta:CACHE SLOUGH AB RYER ISLAND FERRY NR RIO VISTA CA,2021-07-27
e4f8fab7843c8db8,source_ood,1,validation,USGS_Sacramento_Delta,USGS_Sacramento_Delta,waterbody:USGS_Sacramento_Delta:CACHE SLOUGH A S LIBERTY ISLAND NR RIO VISTA CA,2021-07-27
0fb542e6366db2d0,source_ood,1,validation,USGS_Sacramento_Delta,USGS_Sacramento_Delta,waterbody:USGS_Sacramento_Delta:CACHE SLOUGH A S LIBERTY ISLAND NR RIO VISTA CA,2021-07-27
6101a05b84a654ec,source_ood,1,validation,USGS_Sacramento_Delta,USGS_Sacramento_Delta,waterbody:USGS_Sacramento_Delta:CACHE SLOUGH A S LIBERTY ISLAND NR RIO VISTA CA,2021-07-27
b1ca1f821182155e,source_ood,1,validation,USGS_Sacramento_Delta,USGS_Sacramento_Delta,waterbody:USGS_Sacramento_Delta:CACHE SLOUGH A S LIBERTY ISLAND NR RIO VISTA CA,2021-07-27
29a646e4eb3d61b4,source_ood,1,validation,USGS_Sacramento_Delta,USGS_Sacramento_Delta,waterbody:USGS_Sacramento_Delta:CACHE SLOUGH A S LIBERTY ISLAND NR RIO VISTA CA,2021-07-27
a1eca5fef64f042b,source_ood,1,validation,USGS_Sacramento_Delta,USGS_Sacramento_Delta,waterbody:USGS_Sacramento_Delta:CACHE SLOUGH A S LIBERTY ISLAND NR RIO VISTA CA,2021-07-27
a862e99e0307ad86,source_ood,1,validation,USGS_Sacramento_Delta,USGS_Sacramento_Delta,waterbody:USGS_Sacramento_Delta:CACHE SLOUGH A S LIBERTY ISLAND NR RIO VISTA CA,2021-07-27
479a55ab7c6c5cc8,source_ood,1,validation,USGS_Sacramento_Delta,USGS_Sacramento_Delta,waterbody:USGS_Sacramento_Delta:SHAG SLOUGH A LIBERTY ISLAND NR COURTLAND CA,2021-07-27
7a9f0ff83996d03e,source_ood,1,validation,USGS_Sacramento_Delta,USGS_Sacramento_Delta,waterbody:USGS_Sacramento_Delta:SHAG SLOUGH A LIBERTY ISLAND NR COURTLAND CA,2021-07-27
86229277cf168242,source_ood,1,validation,USGS_Sacramento_Delta,USGS_Sacramento_Delta,waterbody:USGS_Sacramento_Delta:SHAG SLOUGH A LIBERTY ISLAND NR COURTLAND CA,2021-07-27
6e9ac7ca74125786,source_ood,1,validation,USGS_Sacramento_Delta,USGS_Sacramento_Delta,waterbody:USGS_Sacramento_Delta:SHAG SLOUGH A LIBERTY ISLAND NR COURTLAND CA,2021-07-27
99d7eafbb4a15432,source_ood,1,validation,USGS_Sacramento_Delta,USGS_Sacramento_Delta,waterbody:USGS_Sacramento_Delta:SHAG SLOUGH A LIBERTY ISLAND NR COURTLAND CA,2021-07-27
a65b5f5c95865896,source_ood,1,validation,USGS_Sacramento_Delta,USGS_Sacramento_Delta,waterbody:USGS_Sacramento_Delta:SHAG SLOUGH A LIBERTY ISLAND NR COURTLAND CA,2021-07-27
c4a2b6905d07315d,source_ood,1,validation,USGS_Sacramento_Delta,USGS_Sacramento_Delta,waterbody:USGS_Sacramento_Delta:SHAG SLOUGH A LIBERTY ISLAND NR COURTLAND CA,2021-07-27
d5cf40658c1a2e56,source_ood,1,validation,USGS_Sacramento_Delta,USGS_Sacramento_Delta,waterbody:USGS_Sacramento_Delta:LIBERTY ISLAND A UPPER STAIR STEP NR FIVE POINTS C,2021-07-27
164fa1afef6f2f00,source_ood,1,validation,USGS_Sacramento_Delta,USGS_Sacramento_Delta,waterbody:USGS_Sacramento_Delta:LIBERTY ISLAND A UPPER STAIR STEP NR FIVE POINTS C,2021-07-27
34d6aed451f241a9,source_ood,1,validation,USGS_Sacramento_Delta,USGS_Sacramento_Delta,waterbody:USGS_Sacramento_Delta:LIBERTY ISLAND A UPPER STAIR STEP NR FIVE POINTS C,2021-07-27
1659dae4f6f6191e,source_ood,1,validation,USGS_Sacramento_Delta,USGS_Sacramento_Delta,waterbody:USGS_Sacramento_Delta:LIBERTY ISLAND A UPPER STAIR STEP NR FIVE POINTS C,2021-07-27
81b61d89e91bdf0b,source_ood,1,validation,USGS_Sacramento_Delta,USGS_Sacramento_Delta,waterbody:USGS_Sacramento_Delta:LIBERTY ISLAND A UPPER STAIR STEP NR FIVE POINTS C,2021-07-27
9380f16e1f4582e3,source_ood,1,validation,USGS_Sacramento_Delta,USGS_Sacramento_Delta,waterbody:USGS_Sacramento_Delta:LIBERTY ISLAND A UPPER STAIR STEP NR FIVE POINTS C,2021-07-27
89b4291704e87b36,source_ood,1,validation,USGS_Sacramento_Delta,USGS_Sacramento_Delta,waterbody:USGS_Sacramento_Delta:LIBERTY ISLAND A UPPER STAIR STEP NR FIVE POINTS C,2021-07-27
c7c0ef68208aa738,source_ood,1,validation,USGS_Sacramento_Delta,USGS_Sacramento_Delta,waterbody:USGS_Sacramento_Delta:MIDDLE R AT MIDDLE RIVER CA,2022-07-27
ac2942dae2dd7532,source_ood,1,validation,USGS_Sacramento_Delta,USGS_Sacramento_Delta,waterbody:USGS_Sacramento_Delta:MIDDLE R AT MIDDLE RIVER CA,2022-07-27
879d548abbaa574a,source_ood,1,validation,USGS_Sacramento_Delta,USGS_Sacramento_Delta,waterbody:USGS_Sacramento_Delta:MIDDLE R AT MIDDLE RIVER CA,2022-07-27
9cae22d891c2f370,source_ood,1,validation,USGS_Sacramento_Delta,USGS_Sacramento_Delta,waterbody:USGS_Sacramento_Delta:MIDDLE R AT MIDDLE RIVER CA,2022-07-27
594d84234a9807c1,source_ood,1,validation,USGS_Sacramento_Delta,USGS_Sacramento_Delta,waterbody:USGS_Sacramento_Delta:SAN JOAQUIN R A JERSEY POINT CA,2022-07-27
6a318effaa2646e2,source_ood,1,validation,USGS_Sacramento_Delta,USGS_Sacramento_Delta,waterbody:USGS_Sacramento_Delta:SAN JOAQUIN R A JERSEY POINT CA,2022-07-27
f17c43369a03e886,source_ood,1,validation,USGS_Sacramento_Delta,USGS_Sacramento_Delta,waterbody:USGS_Sacramento_Delta:SAN JOAQUIN R A JERSEY POINT CA,2022-07-27
eb39d1180b93376a,source_ood,1,validation,USGS_Sacramento_Delta,USGS_Sacramento_Delta,waterbody:USGS_Sacramento_Delta:SAN JOAQUIN R A JERSEY POINT CA,2022-07-27
782f2a14543e9192,source_ood,1,validation,USGS_Sacramento_Delta,USGS_Sacramento_Delta,waterbody:USGS_Sacramento_Delta:SACRAMENTO R BL TOLAND LANDING NR RIO VISTA CA,2022-07-27
1a463448037e31c2,source_ood,1,validation,USGS_Sacramento_Delta,USGS_Sacramento_Delta,waterbody:USGS_Sacramento_Delta:SACRAMENTO R BL TOLAND LANDING NR RIO VISTA CA,2022-07-27
8f1f72ecc1d362d7,source_ood,1,validation,USGS_Sacramento_Delta,USGS_Sacramento_Delta,waterbody:USGS_Sacramento_Delta:SACRAMENTO R BL TOLAND LANDING NR RIO VISTA CA,2022-07-27
4e1e5134e2e039e2,source_ood,1,validation,USGS_Sacramento_Delta,USGS_Sacramento_Delta,waterbody:USGS_Sacramento_Delta:SACRAMENTO R BL TOLAND LANDING NR RIO VISTA CA,2022-07-27
edc3727066a4d734,source_ood,1,validation,USGS_Sacramento_Delta,USGS_Sacramento_Delta,waterbody:USGS_Sacramento_Delta:FRANKS TRACT SITE 0.4 NR BETHEL ISLAND CA,2023-07-27
09608fe87e0c3763,source_ood,1,validation,USGS_Sacramento_Delta,USGS_Sacramento_Delta,waterbody:USGS_Sacramento_Delta:FRANKS TRACT SITE 0.4 NR BETHEL ISLAND CA,2023-07-27
b1c6bec839e6ac90,source_ood,1,validation,USGS_Sacramento_Delta,USGS_Sacramento_Delta,waterbody:USGS_Sacramento_Delta:FRANKS TRACT SITE 0.4 NR BETHEL ISLAND CA,2023-07-27
6aa215b8c618e4d4,source_ood,1,validation,USGS_Sacramento_Delta,USGS_Sacramento_Delta,waterbody:USGS_Sacramento_Delta:FRANKS TRACT SITE 1.2 NR BETHEL ISLAND CA,2023-07-27
6deda772a30a0861,source_ood,1,validation,USGS_Sacramento_Delta,USGS_Sacramento_Delta,waterbody:USGS_Sacramento_Delta:FRANKS TRACT SITE 1.2 NR BETHEL ISLAND CA,2023-07-27
3040a27a779b1d97,source_ood,1,validation,USGS_Sacramento_Delta,USGS_Sacramento_Delta,waterbody:USGS_Sacramento_Delta:FRANKS TRACT SITE 1.2 NR BETHEL ISLAND CA,2023-07-27
518e63fbb54580fb,source_ood,1,validation,USGS_Sacramento_Delta,USGS_Sacramento_Delta,waterbody:USGS_Sacramento_Delta:FRANKS TRACT SITE 2.4 NR BETHEL ISLAND CA,2023-07-27
f8834d4a85eed168,source_ood,1,validation,USGS_Sacramento_Delta,USGS_Sacramento_Delta,waterbody:USGS_Sacramento_Delta:FRANKS TRACT SITE 2.4 NR BETHEL ISLAND CA,2023-07-27
07d39a4ad6a69c52,source_ood,1,validation,USGS_Sacramento_Delta,USGS_Sacramento_Delta,waterbody:USGS_Sacramento_Delta:FRANKS TRACT SITE 2.4 NR BETHEL ISLAND CA,2023-07-27
5ff48bab9d84bd3b,source_ood,1,validation,USGS_Sacramento_Delta,USGS_Sacramento_Delta,waterbody:USGS_Sacramento_Delta:MILDRED ISLAND SITE 1.1 NR ORWOOD CA,2023-07-27
d10e20a4d4a24525,source_ood,1,validation,USGS_Sacramento_Delta,USGS_Sacramento_Delta,waterbody:USGS_Sacramento_Delta:MILDRED ISLAND SITE 1.1 NR ORWOOD CA,2023-07-27
a3c5d9402b195d4a,source_ood,1,validation,USGS_Sacramento_Delta,USGS_Sacramento_Delta,waterbody:USGS_Sacramento_Delta:MILDRED ISLAND SITE 1.1 NR ORWOOD CA,2023-07-27
865e4348bbf42fde,source_ood,1,validation,USGS_Sacramento_Delta,USGS_Sacramento_Delta,waterbody:USGS_Sacramento_Delta:MILDRED ISLAND SITE 2.4 NR ORWOOD CA,2023-07-27
0b2b597af3a4903d,source_ood,1,validation,USGS_Sacramento_Delta,USGS_Sacramento_Delta,waterbody:USGS_Sacramento_Delta:MILDRED ISLAND SITE 2.4 NR ORWOOD CA,2023-07-27
7a3f502c01dfb1ea,source_ood,1,validation,USGS_Sacramento_Delta,USGS_Sacramento_Delta,waterbody:USGS_Sacramento_Delta:MILDRED ISLAND SITE 2.4 NR ORWOOD CA,2023-07-27
5dc2ed7437dc3c0b,source_ood,1,validation,USGS_Sacramento_Delta,USGS_Sacramento_Delta,waterbody:USGS_Sacramento_Delta:SAN JOAQUIN R BL THREEMILE SLOUGH NR RIO VISTA CA,2020-07-28
03586e5bbc37e273,source_ood,1,validation,USGS_Sacramento_Delta,USGS_Sacramento_Delta,waterbody:USGS_Sacramento_Delta:SAN JOAQUIN R BL THREEMILE SLOUGH NR RIO VISTA CA,2020-07-28
c43f8d36f2bf63fc,source_ood,1,validation,USGS_Sacramento_Delta,USGS_Sacramento_Delta,waterbody:USGS_Sacramento_Delta:SAN JOAQUIN R BL THREEMILE SLOUGH NR RIO VISTA CA,2020-07-28
c6b9921ed9a285c1,source_ood,1,validation,USGS_Sacramento_Delta,USGS_Sacramento_Delta,waterbody:USGS_Sacramento_Delta:SAN JOAQUIN R A PRISONERS PT NR TERMINOUS CA,2020-07-28
f7b039fc84e799f0,source_ood,1,validation,USGS_Sacramento_Delta,USGS_Sacramento_Delta,waterbody:USGS_Sacramento_Delta:SAN JOAQUIN R A PRISONERS PT NR TERMINOUS CA,2020-07-28
b1f22eb517080f9d,source_ood,1,validation,USGS_Sacramento_Delta,USGS_Sacramento_Delta,waterbody:USGS_Sacramento_Delta:SAN JOAQUIN R A PRISONERS PT NR TERMINOUS CA,2020-07-28
f95eed252154d52b,source_ood,1,validation,USGS_Sacramento_Delta,USGS_Sacramento_Delta,waterbody:USGS_Sacramento_Delta:SAN JOAQUIN R A TINSLEY ISLAND NR TERMINOUS CA,2020-07-28
09676c147bee3f01,source_ood,1,validation,USGS_Sacramento_Delta,USGS_Sacramento_Delta,waterbody:USGS_Sacramento_Delta:SAN JOAQUIN R A TINSLEY ISLAND NR TERMINOUS CA,2020-07-28
932d5f3fcdfef041,source_ood,1,validation,USGS_Sacramento_Delta,USGS_Sacramento_Delta,waterbody:USGS_Sacramento_Delta:SAN JOAQUIN R A TINSLEY ISLAND NR TERMINOUS CA,2020-07-28
f4c210b5f9a0ef42,source_ood,1,validation,USGS_Sacramento_Delta,USGS_Sacramento_Delta,waterbody:USGS_Sacramento_Delta:TURNER CUT NR HOLT CA,2020-07-28
9ef78c2b3bf7da45,source_ood,1,validation,USGS_Sacramento_Delta,USGS_Sacramento_Delta,waterbody:USGS_Sacramento_Delta:TURNER CUT NR HOLT CA,2020-07-28
8e504f0f80ab77e6,source_ood,1,validation,USGS_Sacramento_Delta,USGS_Sacramento_Delta,waterbody:USGS_Sacramento_Delta:TURNER CUT NR HOLT CA,2020-07-28
ef7d97db50da7dd5,source_ood,1,validation,USGS_Sacramento_Delta,USGS_Sacramento_Delta,waterbody:USGS_Sacramento_Delta:SAN JOAQUIN R A BUCKLEY COVE NR STOCKTON CA,2020-07-28
0a4fa7a7ff893e80,source_ood,1,validation,USGS_Sacramento_Delta,USGS_Sacramento_Delta,waterbody:USGS_Sacramento_Delta:SAN JOAQUIN R A BUCKLEY COVE NR STOCKTON CA,2020-07-28
b18cf588c9e25b68,source_ood,1,validation,USGS_Sacramento_Delta,USGS_Sacramento_Delta,waterbody:USGS_Sacramento_Delta:SAN JOAQUIN R A BUCKLEY COVE NR STOCKTON CA,2020-07-28
8e9c9061dae2372a,source_ood,1,validation,USGS_Sacramento_Delta,USGS_Sacramento_Delta,waterbody:USGS_Sacramento_Delta:PORT OF STOCKTON NR STOCKTON CA,2020-07-28
cb6f03f18d2e7374,source_ood,1,validation,USGS_Sacramento_Delta,USGS_Sacramento_Delta,waterbody:USGS_Sacramento_Delta:PORT OF STOCKTON NR STOCKTON CA,2020-07-28
8f53d054763e322b,source_ood,1,validation,USGS_Sacramento_Delta,USGS_Sacramento_Delta,waterbody:USGS_Sacramento_Delta:PORT OF STOCKTON NR STOCKTON CA,2020-07-28
ddaff61d799c99db,source_ood,1,validation,USGS_Sacramento_Delta,USGS_Sacramento_Delta,waterbody:USGS_Sacramento_Delta:SAN JOAQUIN R NR STOCKTON CA,2020-07-28
915bba3b684e66b5,source_ood,1,validation,USGS_Sacramento_Delta,USGS_Sacramento_Delta,waterbody:USGS_Sacramento_Delta:SAN JOAQUIN R NR STOCKTON CA,2020-07-28
a8b8afba385c0deb,source_ood,1,validation,USGS_Sacramento_Delta,USGS_Sacramento_Delta,waterbody:USGS_Sacramento_Delta:SAN JOAQUIN R NR STOCKTON CA,2020-07-28
edd0f9d675883de9,source_ood,1,validation,USGS_Sacramento_Delta,USGS_Sacramento_Delta,waterbody:USGS_Sacramento_Delta:SAN JOAQUIN R A NAVY DR NR STOCKTON CA,2020-07-28
e46fa6655abefa78,source_ood,1,validation,USGS_Sacramento_Delta,USGS_Sacramento_Delta,waterbody:USGS_Sacramento_Delta:SAN JOAQUIN R A NAVY DR NR STOCKTON CA,2020-07-28
f7242e13928990e2,source_ood,1,validation,USGS_Sacramento_Delta,USGS_Sacramento_Delta,waterbody:USGS_Sacramento_Delta:SAN JOAQUIN R A NAVY DR NR STOCKTON CA,2020-07-28
0a5164969ecf4e3a,source_ood,1,validation,USGS_Sacramento_Delta,USGS_Sacramento_Delta,waterbody:USGS_Sacramento_Delta:TURNER CUT NR HOLT CA,2020-07-28
62958dcbd9da1538,source_ood,1,validation,USGS_Sacramento_Delta,USGS_Sacramento_Delta,waterbody:USGS_Sacramento_Delta:TURNER CUT NR HOLT CA,2020-07-28
71d59dcfac18ffed,source_ood,1,validation,USGS_Sacramento_Delta,USGS_Sacramento_Delta,waterbody:USGS_Sacramento_Delta:TURNER CUT NR HOLT CA,2020-07-28
b20a9da6fa11326a,source_ood,1,validation,USGS_Sacramento_Delta,USGS_Sacramento_Delta,waterbody:USGS_Sacramento_Delta:MIDDLE R NR HOLT CA,2020-07-28
7a3beb534b9e7e33,source_ood,1,validation,USGS_Sacramento_Delta,USGS_Sacramento_Delta,waterbody:USGS_Sacramento_Delta:MIDDLE R NR HOLT CA,2020-07-28
fa01d6b59f5a4db4,source_ood,1,validation,USGS_Sacramento_Delta,USGS_Sacramento_Delta,waterbody:USGS_Sacramento_Delta:MIDDLE R NR HOLT CA,2020-07-28
ee6f2b55b4502a27,source_ood,1,validation,USGS_Sacramento_Delta,USGS_Sacramento_Delta,waterbody:USGS_Sacramento_Delta:OLD R A FRANKS TRACT NR BETHEL ISLAND CA,2020-07-28
aacc43308a4132f0,source_ood,1,validation,USGS_Sacramento_Delta,USGS_Sacramento_Delta,waterbody:USGS_Sacramento_Delta:OLD R A FRANKS TRACT NR BETHEL ISLAND CA,2020-07-28
08108b2715eabdd5,source_ood,1,validation,USGS_Sacramento_Delta,USGS_Sacramento_Delta,waterbody:USGS_Sacramento_Delta:OLD R A FRANKS TRACT NR BETHEL ISLAND CA,2020-07-28
f69f6fc02089138b,source_ood,1,validation,USGS_Sacramento_Delta,USGS_Sacramento_Delta,waterbody:USGS_Sacramento_Delta:SAN JOAQUIN R AB FALSE NR BETHEL ISLAND CA,2020-07-28
1a12f821068a844d,source_ood,1,validation,USGS_Sacramento_Delta,USGS_Sacramento_Delta,waterbody:USGS_Sacramento_Delta:SAN JOAQUIN R AB FALSE NR BETHEL ISLAND CA,2020-07-28
996d178a8a88b15a,source_ood,1,validation,USGS_Sacramento_Delta,USGS_Sacramento_Delta,waterbody:USGS_Sacramento_Delta:SAN JOAQUIN R AB FALSE NR BETHEL ISLAND CA,2020-07-28
85d21d24c891ff12,source_ood,1,validation,USGS_Sacramento_Delta,USGS_Sacramento_Delta,waterbody:USGS_Sacramento_Delta:N MOKELUMNE R A TYLER ISLAND RD NR ISELTON CA,2021-07-28
20e3ef9a1e2f6cfb,source_ood,1,validation,USGS_Sacramento_Delta,USGS_Sacramento_Delta,waterbody:USGS_Sacramento_Delta:N MOKELUMNE R A TYLER ISLAND RD NR ISELTON CA,2021-07-28
23a0a89cd03862cc,source_ood,1,validation,USGS_Sacramento_Delta,USGS_Sacramento_Delta,waterbody:USGS_Sacramento_Delta:N MOKELUMNE R A TYLER ISLAND RD NR ISELTON CA,2021-07-28
c4a8007989bde1d2,source_ood,1,validation,USGS_Sacramento_Delta,USGS_Sacramento_Delta,waterbody:USGS_Sacramento_Delta:N MOKELUMNE R A TYLER ISLAND RD NR ISELTON CA,2021-07-28
30a49509aa21fe82,source_ood,1,validation,USGS_Sacramento_Delta,USGS_Sacramento_Delta,waterbody:USGS_Sacramento_Delta:N MOKELUMNE R A TYLER ISLAND RD NR ISELTON CA,2021-07-28
dbcda130a9100b68,source_ood,1,validation,USGS_Sacramento_Delta,USGS_Sacramento_Delta,waterbody:USGS_Sacramento_Delta:N MOKELUMNE R A TYLER ISLAND RD NR ISELTON CA,2021-07-28
e3b5a4cf1adc670f,source_ood,1,validation,USGS_Sacramento_Delta,USGS_Sacramento_Delta,waterbody:USGS_Sacramento_Delta:N MOKELUMNE R A TYLER ISLAND RD NR ISELTON CA,2021-07-28
1d794a950007f8ee,source_ood,1,validation,USGS_Sacramento_Delta,USGS_Sacramento_Delta,waterbody:USGS_Sacramento_Delta:N MOKELUMNE NR WALNUT GROVE CA,2021-07-28
55be3c38f311f8c9,source_ood,1,validation,USGS_Sacramento_Delta,USGS_Sacramento_Delta,waterbody:USGS_Sacramento_Delta:N MOKELUMNE NR WALNUT GROVE CA,2021-07-28
2ebd2ed1b6cca28f,source_ood,1,validation,USGS_Sacramento_Delta,USGS_Sacramento_Delta,waterbody:USGS_Sacramento_Delta:N MOKELUMNE NR WALNUT GROVE CA,2021-07-28
4d8c02f24a2f65b6,source_ood,1,validation,USGS_Sacramento_Delta,USGS_Sacramento_Delta,waterbody:USGS_Sacramento_Delta:N MOKELUMNE NR WALNUT GROVE CA,2021-07-28
237b6fe2fa152c1f,source_ood,1,validation,USGS_Sacramento_Delta,USGS_Sacramento_Delta,waterbody:USGS_Sacramento_Delta:N MOKELUMNE NR WALNUT GROVE CA,2021-07-28
3b546b38344655df,source_ood,1,validation,USGS_Sacramento_Delta,USGS_Sacramento_Delta,waterbody:USGS_Sacramento_Delta:N MOKELUMNE NR WALNUT GROVE CA,2021-07-28
a5110d82bb7fa34a,source_ood,1,validation,USGS_Sacramento_Delta,USGS_Sacramento_Delta,waterbody:USGS_Sacramento_Delta:N MOKELUMNE NR WALNUT GROVE CA,2021-07-28
df587ae78cc0b61c,source_ood,1,validation,USGS_Sacramento_Delta,USGS_Sacramento_Delta,waterbody:USGS_Sacramento_Delta:S MOKELUMNE R A SYCAMORE SLOUGH NR TERMINOUS CA,2021-07-28
fe60244bcc415af5,source_ood,1,validation,USGS_Sacramento_Delta,USGS_Sacramento_Delta,waterbody:USGS_Sacramento_Delta:S MOKELUMNE R A SYCAMORE SLOUGH NR TERMINOUS CA,2021-07-28
73cbf661d8a6ba95,source_ood,1,validation,USGS_Sacramento_Delta,USGS_Sacramento_Delta,waterbody:USGS_Sacramento_Delta:S MOKELUMNE R A SYCAMORE SLOUGH NR TERMINOUS CA,2021-07-28
8d46ea7306d859b5,source_ood,1,validation,USGS_Sacramento_Delta,USGS_Sacramento_Delta,waterbody:USGS_Sacramento_Delta:S MOKELUMNE R A SYCAMORE SLOUGH NR TERMINOUS CA,2021-07-28
f53d2a33a6bb19cc,source_ood,1,validation,USGS_Sacramento_Delta,USGS_Sacramento_Delta,waterbody:USGS_Sacramento_Delta:S MOKELUMNE R A SYCAMORE SLOUGH NR TERMINOUS CA,2021-07-28
a5b107e56fe28ad3,source_ood,1,validation,USGS_Sacramento_Delta,USGS_Sacramento_Delta,waterbody:USGS_Sacramento_Delta:S MOKELUMNE R A SYCAMORE SLOUGH NR TERMINOUS CA,2021-07-28
e0ba34e259f01662,source_ood,1,validation,USGS_Sacramento_Delta,USGS_Sacramento_Delta,waterbody:USGS_Sacramento_Delta:S MOKELUMNE R A SYCAMORE SLOUGH NR TERMINOUS CA,2021-07-28
da19f44002b39dda,source_ood,1,validation,USGS_Sacramento_Delta,USGS_Sacramento_Delta,waterbody:USGS_Sacramento_Delta:SYCAMORE SLOUGH NR TERMINOUS CA,2021-07-28
5cfb565ff5d0c619,source_ood,1,validation,USGS_Sacramento_Delta,USGS_Sacramento_Delta,waterbody:USGS_Sacramento_Delta:SYCAMORE SLOUGH NR TERMINOUS CA,2021-07-28
222fee9e4414ac74,source_ood,1,validation,USGS_Sacramento_Delta,USGS_Sacramento_Delta,waterbody:USGS_Sacramento_Delta:SYCAMORE SLOUGH NR TERMINOUS CA,2021-07-28
eb4c53450b315614,source_ood,1,validation,USGS_Sacramento_Delta,USGS_Sacramento_Delta,waterbody:USGS_Sacramento_Delta:SYCAMORE SLOUGH NR TERMINOUS CA,2021-07-28
a0cccd8565bfa9f9,source_ood,1,validation,USGS_Sacramento_Delta,USGS_Sacramento_Delta,waterbody:USGS_Sacramento_Delta:SYCAMORE SLOUGH NR TERMINOUS CA,2021-07-28
defe8ee781803a6c,source_ood,1,validation,USGS_Sacramento_Delta,USGS_Sacramento_Delta,waterbody:USGS_Sacramento_Delta:SYCAMORE SLOUGH NR TERMINOUS CA,2021-07-28
02dbad9dbedba5df,source_ood,1,validation,USGS_Sacramento_Delta,USGS_Sacramento_Delta,waterbody:USGS_Sacramento_Delta:SYCAMORE SLOUGH NR TERMINOUS CA,2021-07-28
965e90aa457df8e5,source_ood,1,validation,USGS_Sacramento_Delta,USGS_Sacramento_Delta,waterbody:USGS_Sacramento_Delta:S MOKELUMNE R A SYCAMORE SLOUGH NR TERMINOUS CA,2021-07-28
9e6f40417c6e2efc,source_ood,1,validation,USGS_Sacramento_Delta,USGS_Sacramento_Delta,waterbody:USGS_Sacramento_Delta:S MOKELUMNE R A SYCAMORE SLOUGH NR TERMINOUS CA,2021-07-28
b40bee7228e07e92,source_ood,1,validation,USGS_Sacramento_Delta,USGS_Sacramento_Delta,waterbody:USGS_Sacramento_Delta:S MOKELUMNE R A SYCAMORE SLOUGH NR TERMINOUS CA,2021-07-28
1e6dfde3ec3b3059,source_ood,1,validation,USGS_Sacramento_Delta,USGS_Sacramento_Delta,waterbody:USGS_Sacramento_Delta:S MOKELUMNE R A SYCAMORE SLOUGH NR TERMINOUS CA,2021-07-28
00b3e0ff60c27c60,source_ood,1,validation,USGS_Sacramento_Delta,USGS_Sacramento_Delta,waterbody:USGS_Sacramento_Delta:S MOKELUMNE R A SYCAMORE SLOUGH NR TERMINOUS CA,2021-07-28
0c5d921806518548,source_ood,1,validation,USGS_Sacramento_Delta,USGS_Sacramento_Delta,waterbody:USGS_Sacramento_Delta:S MOKELUMNE R A SYCAMORE SLOUGH NR TERMINOUS CA,2021-07-28
f5575ad2aa61c655,source_ood,1,validation,USGS_Sacramento_Delta,USGS_Sacramento_Delta,waterbody:USGS_Sacramento_Delta:S MOKELUMNE R A SYCAMORE SLOUGH NR TERMINOUS CA,2021-07-28
8caa2c59994b5ec6,source_ood,1,validation,USGS_Sacramento_Delta,USGS_Sacramento_Delta,waterbody:USGS_Sacramento_Delta:LITTLE POTATO SLOUGH A TERMINOUS CA,2021-07-28
4518ef7b1aeb40fb,source_ood,1,validation,USGS_Sacramento_Delta,USGS_Sacramento_Delta,waterbody:USGS_Sacramento_Delta:LITTLE POTATO SLOUGH A TERMINOUS CA,2021-07-28
f13f8b036dff743e,source_ood,1,validation,USGS_Sacramento_Delta,USGS_Sacramento_Delta,waterbody:USGS_Sacramento_Delta:LITTLE POTATO SLOUGH A TERMINOUS CA,2021-07-28
06de96ed753d9719,source_ood,1,validation,USGS_Sacramento_Delta,USGS_Sacramento_Delta,waterbody:USGS_Sacramento_Delta:LITTLE POTATO SLOUGH A TERMINOUS CA,2021-07-28
7c6b2e483413a0b7,source_ood,1,validation,USGS_Sacramento_Delta,USGS_Sacramento_Delta,waterbody:USGS_Sacramento_Delta:LITTLE POTATO SLOUGH A TERMINOUS CA,2021-07-28
65e59492199f83e2,source_ood,1,validation,USGS_Sacramento_Delta,USGS_Sacramento_Delta,waterbody:USGS_Sacramento_Delta:LITTLE POTATO SLOUGH A TERMINOUS CA,2021-07-28
08b3c5134ab95fb4,source_ood,1,validation,USGS_Sacramento_Delta,USGS_Sacramento_Delta,waterbody:USGS_Sacramento_Delta:LITTLE POTATO SLOUGH A TERMINOUS CA,2021-07-28
1b2711bf64e728d7,source_ood,1,validation,USGS_Sacramento_Delta,USGS_Sacramento_Delta,waterbody:USGS_Sacramento_Delta:MIDDLE R NR HOLT CA,2021-07-28
54c4f78e066ba50d,source_ood,1,validation,USGS_Sacramento_Delta,USGS_Sacramento_Delta,waterbody:USGS_Sacramento_Delta:MIDDLE R NR HOLT CA,2021-07-28
7e79619df29c5fe3,source_ood,1,validation,USGS_Sacramento_Delta,USGS_Sacramento_Delta,waterbody:USGS_Sacramento_Delta:MIDDLE R NR HOLT CA,2021-07-28
3f52922ddd34114d,source_ood,1,validation,USGS_Sacramento_Delta,USGS_Sacramento_Delta,waterbody:USGS_Sacramento_Delta:MIDDLE R NR HOLT CA,2021-07-28
04d618601c972a7f,source_ood,1,validation,USGS_Sacramento_Delta,USGS_Sacramento_Delta,waterbody:USGS_Sacramento_Delta:MIDDLE R NR HOLT CA,2021-07-28
b439c62b7cc5d7f8,source_ood,1,validation,USGS_Sacramento_Delta,USGS_Sacramento_Delta,waterbody:USGS_Sacramento_Delta:MIDDLE R NR HOLT CA,2021-07-28
3495876c9149cc0c,source_ood,1,validation,USGS_Sacramento_Delta,USGS_Sacramento_Delta,waterbody:USGS_Sacramento_Delta:MIDDLE R NR HOLT CA,2021-07-28
197471e592293fec,source_ood,1,validation,USGS_Sacramento_Delta,USGS_Sacramento_Delta,waterbody:USGS_Sacramento_Delta:MIDDLE R AT MIDDLE RIVER CA,2021-07-28
85af75b2ce7e016a,source_ood,1,validation,USGS_Sacramento_Delta,USGS_Sacramento_Delta,waterbody:USGS_Sacramento_Delta:MIDDLE R AT MIDDLE RIVER CA,2021-07-28
d6870461b7a4b4cc,source_ood,1,validation,USGS_Sacramento_Delta,USGS_Sacramento_Delta,waterbody:USGS_Sacramento_Delta:MIDDLE R AT MIDDLE RIVER CA,2021-07-28
5507175635004a76,source_ood,1,validation,USGS_Sacramento_Delta,USGS_Sacramento_Delta,waterbody:USGS_Sacramento_Delta:MIDDLE R AT MIDDLE RIVER CA,2021-07-28
770749ad7bc4ed3f,source_ood,1,validation,USGS_Sacramento_Delta,USGS_Sacramento_Delta,waterbody:USGS_Sacramento_Delta:MIDDLE R AT MIDDLE RIVER CA,2021-07-28
5c0c31d64b15536c,source_ood,1,validation,USGS_Sacramento_Delta,USGS_Sacramento_Delta,waterbody:USGS_Sacramento_Delta:MIDDLE R AT MIDDLE RIVER CA,2021-07-28
8e0bf819e1c09cdc,source_ood,1,validation,USGS_Sacramento_Delta,USGS_Sacramento_Delta,waterbody:USGS_Sacramento_Delta:MIDDLE R AT MIDDLE RIVER CA,2021-07-28
4043f100b3e838bd,source_ood,1,validation,USGS_Sacramento_Delta,USGS_Sacramento_Delta,waterbody:USGS_Sacramento_Delta:MIDDLE R A BORDEN HWY NR TRACY CA,2021-07-28
7e371e6fe6f919b5,source_ood,1,validation,USGS_Sacramento_Delta,USGS_Sacramento_Delta,waterbody:USGS_Sacramento_Delta:MIDDLE R A BORDEN HWY NR TRACY CA,2021-07-28
d299112d55c0786b,source_ood,1,validation,USGS_Sacramento_Delta,USGS_Sacramento_Delta,waterbody:USGS_Sacramento_Delta:MIDDLE R A BORDEN HWY NR TRACY CA,2021-07-28
cac9a177874fe6d5,source_ood,1,validation,USGS_Sacramento_Delta,USGS_Sacramento_Delta,waterbody:USGS_Sacramento_Delta:MIDDLE R A BORDEN HWY NR TRACY CA,2021-07-28
1eab3071bf71a38a,source_ood,1,validation,USGS_Sacramento_Delta,USGS_Sacramento_Delta,waterbody:USGS_Sacramento_Delta:MIDDLE R A BORDEN HWY NR TRACY CA,2021-07-28
7640cbd76001e4a6,source_ood,1,validation,USGS_Sacramento_Delta,USGS_Sacramento_Delta,waterbody:USGS_Sacramento_Delta:MIDDLE R A BORDEN HWY NR TRACY CA,2021-07-28
fff0d354459e596a,source_ood,1,validation,USGS_Sacramento_Delta,USGS_Sacramento_Delta,waterbody:USGS_Sacramento_Delta:MIDDLE R A BORDEN HWY NR TRACY CA,2021-07-28
3e0ac846de2576f0,source_ood,1,validation,USGS_Sacramento_Delta,USGS_Sacramento_Delta,waterbody:USGS_Sacramento_Delta:OLD R A CLIFTON COURT FERRY CA,2021-07-28
f0936e595b2790ea,source_ood,1,validation,USGS_Sacramento_Delta,USGS_Sacramento_Delta,waterbody:USGS_Sacramento_Delta:OLD R A CLIFTON COURT FERRY CA,2021-07-28
34a63f5e684528b7,source_ood,1,validation,USGS_Sacramento_Delta,USGS_Sacramento_Delta,waterbody:USGS_Sacramento_Delta:OLD R A CLIFTON COURT FERRY CA,2021-07-28
9e28efb9c5d74592,source_ood,1,validation,USGS_Sacramento_Delta,USGS_Sacramento_Delta,waterbody:USGS_Sacramento_Delta:OLD R A CLIFTON COURT FERRY CA,2021-07-28
fc9b9221c3cd967c,source_ood,1,validation,USGS_Sacramento_Delta,USGS_Sacramento_Delta,waterbody:USGS_Sacramento_Delta:OLD R A CLIFTON COURT FERRY CA,2021-07-28
8b2fe8355d19a53f,source_ood,1,validation,USGS_Sacramento_Delta,USGS_Sacramento_Delta,waterbody:USGS_Sacramento_Delta:OLD R A CLIFTON COURT FERRY CA,2021-07-28
f82656bbaa64444a,source_ood,1,validation,USGS_Sacramento_Delta,USGS_Sacramento_Delta,waterbody:USGS_Sacramento_Delta:OLD R A CLIFTON COURT FERRY CA,2021-07-28
1684b389e10ec1f7,source_ood,1,validation,USGS_Sacramento_Delta,USGS_Sacramento_Delta,waterbody:USGS_Sacramento_Delta:OLD R A INDIAN SLOUGH CA,2021-07-28
5f23c8e9f49bc474,source_ood,1,validation,USGS_Sacramento_Delta,USGS_Sacramento_Delta,waterbody:USGS_Sacramento_Delta:OLD R A INDIAN SLOUGH CA,2021-07-28
04f247381938633c,source_ood,1,validation,USGS_Sacramento_Delta,USGS_Sacramento_Delta,waterbody:USGS_Sacramento_Delta:OLD R A INDIAN SLOUGH CA,2021-07-28
7db6158e61fbf38e,source_ood,1,validation,USGS_Sacramento_Delta,USGS_Sacramento_Delta,waterbody:USGS_Sacramento_Delta:OLD R A INDIAN SLOUGH CA,2021-07-28
d1acef82b4489846,source_ood,1,validation,USGS_Sacramento_Delta,USGS_Sacramento_Delta,waterbody:USGS_Sacramento_Delta:OLD R A INDIAN SLOUGH CA,2021-07-28
412f402fbef8f8ab,source_ood,1,validation,USGS_Sacramento_Delta,USGS_Sacramento_Delta,waterbody:USGS_Sacramento_Delta:OLD R A INDIAN SLOUGH CA,2021-07-28
37a3d2c793ed0867,source_ood,1,validation,USGS_Sacramento_Delta,USGS_Sacramento_Delta,waterbody:USGS_Sacramento_Delta:OLD R A INDIAN SLOUGH CA,2021-07-28
31dac82a6dc95a26,source_ood,1,validation,USGS_Sacramento_Delta,USGS_Sacramento_Delta,waterbody:USGS_Sacramento_Delta:OLD R A BACON ISLAND CA,2021-07-28
2264babd5680396f,source_ood,1,validation,USGS_Sacramento_Delta,USGS_Sacramento_Delta,waterbody:USGS_Sacramento_Delta:OLD R A BACON ISLAND CA,2021-07-28
eb36cb3faa39f752,source_ood,1,validation,USGS_Sacramento_Delta,USGS_Sacramento_Delta,waterbody:USGS_Sacramento_Delta:OLD R A BACON ISLAND CA,2021-07-28
82ac1df546f1b9e2,source_ood,1,validation,USGS_Sacramento_Delta,USGS_Sacramento_Delta,waterbody:USGS_Sacramento_Delta:OLD R A BACON ISLAND CA,2021-07-28
786078dd2446bcb4,source_ood,1,validation,USGS_Sacramento_Delta,USGS_Sacramento_Delta,waterbody:USGS_Sacramento_Delta:OLD R A BACON ISLAND CA,2021-07-28
1d4539ade81382e1,source_ood,1,validation,USGS_Sacramento_Delta,USGS_Sacramento_Delta,waterbody:USGS_Sacramento_Delta:OLD R A BACON ISLAND CA,2021-07-28
025baccc100d3b99,source_ood,1,validation,USGS_Sacramento_Delta,USGS_Sacramento_Delta,waterbody:USGS_Sacramento_Delta:OLD R A BACON ISLAND CA,2021-07-28
28cc3ba5f3b43203,source_ood,1,validation,USGS_Sacramento_Delta,USGS_Sacramento_Delta,waterbody:USGS_Sacramento_Delta:OLD R A FRANKS TRACT NR BETHEL ISLAND CA,2021-07-28
b6c918a3a59e6818,source_ood,1,validation,USGS_Sacramento_Delta,USGS_Sacramento_Delta,waterbody:USGS_Sacramento_Delta:OLD R A FRANKS TRACT NR BETHEL ISLAND CA,2021-07-28
8a19140e8c94c3e0,source_ood,1,validation,USGS_Sacramento_Delta,USGS_Sacramento_Delta,waterbody:USGS_Sacramento_Delta:OLD R A FRANKS TRACT NR BETHEL ISLAND CA,2021-07-28
e99093356b1569a6,source_ood,1,validation,USGS_Sacramento_Delta,USGS_Sacramento_Delta,waterbody:USGS_Sacramento_Delta:OLD R A FRANKS TRACT NR BETHEL ISLAND CA,2021-07-28
d6d8c74a6ae3f1e4,source_ood,1,validation,USGS_Sacramento_Delta,USGS_Sacramento_Delta,waterbody:USGS_Sacramento_Delta:OLD R A FRANKS TRACT NR BETHEL ISLAND CA,2021-07-28
009b0c955198ddef,source_ood,1,validation,USGS_Sacramento_Delta,USGS_Sacramento_Delta,waterbody:USGS_Sacramento_Delta:OLD R A FRANKS TRACT NR BETHEL ISLAND CA,2021-07-28
e3aa0cd5f6283180,source_ood,1,validation,USGS_Sacramento_Delta,USGS_Sacramento_Delta,waterbody:USGS_Sacramento_Delta:OLD R A FRANKS TRACT NR BETHEL ISLAND CA,2021-07-28
4b5fd97334136963,source_ood,1,validation,USGS_Sacramento_Delta,USGS_Sacramento_Delta,waterbody:USGS_Sacramento_Delta:CACHE SLOUGH A S LIBERTY ISLAND NR RIO VISTA CA,2022-07-28
1ce1dc6aeb71d702,source_ood,1,validation,USGS_Sacramento_Delta,USGS_Sacramento_Delta,waterbody:USGS_Sacramento_Delta:CACHE SLOUGH A S LIBERTY ISLAND NR RIO VISTA CA,2022-07-28
12a7478822c5ca92,source_ood,1,validation,USGS_Sacramento_Delta,USGS_Sacramento_Delta,waterbody:USGS_Sacramento_Delta:CACHE SLOUGH A S LIBERTY ISLAND NR RIO VISTA CA,2022-07-28
3ae91dcbfb0d8f4c,source_ood,1,validation,USGS_Sacramento_Delta,USGS_Sacramento_Delta,waterbody:USGS_Sacramento_Delta:CACHE SLOUGH A S LIBERTY ISLAND NR RIO VISTA CA,2022-07-28
70b0a3397fe1e0ca,source_ood,1,validation,USGS_Sacramento_Delta,USGS_Sacramento_Delta,waterbody:USGS_Sacramento_Delta:SACRAMENTO R A R MILE 19.0 NR ISLETON CA,2021-07-29
bf79da89a9f29758,source_ood,1,validation,USGS_Sacramento_Delta,USGS_Sacramento_Delta,waterbody:USGS_Sacramento_Delta:SACRAMENTO R A R MILE 19.0 NR ISLETON CA,2021-07-29
188e85b6a6a439dc,source_ood,1,validation,USGS_Sacramento_Delta,USGS_Sacramento_Delta,waterbody:USGS_Sacramento_Delta:SACRAMENTO R A R MILE 19.0 NR ISLETON CA,2021-07-29
acf07156189b1df1,source_ood,1,validation,USGS_Sacramento_Delta,USGS_Sacramento_Delta,waterbody:USGS_Sacramento_Delta:SACRAMENTO R A R MILE 19.0 NR ISLETON CA,2021-07-29
4c6cb473c69252a4,source_ood,1,validation,USGS_Sacramento_Delta,USGS_Sacramento_Delta,waterbody:USGS_Sacramento_Delta:SACRAMENTO R A R MILE 19.0 NR ISLETON CA,2021-07-29
05e02890e79ac9ea,source_ood,1,validation,USGS_Sacramento_Delta,USGS_Sacramento_Delta,waterbody:USGS_Sacramento_Delta:SACRAMENTO R A R MILE 19.0 NR ISLETON CA,2021-07-29
01711b9d4dc60048,source_ood,1,validation,USGS_Sacramento_Delta,USGS_Sacramento_Delta,waterbody:USGS_Sacramento_Delta:SACRAMENTO R A R MILE 19.0 NR ISLETON CA,2021-07-29
065200b73f17b65c,source_ood,1,validation,USGS_Sacramento_Delta,USGS_Sacramento_Delta,waterbody:USGS_Sacramento_Delta:SAN JOAQUIN R A ROUGH AND READY ISLAND NR STOCKTON,2021-07-29
698188a1a6d81c5c,source_ood,1,validation,USGS_Sacramento_Delta,USGS_Sacramento_Delta,waterbody:USGS_Sacramento_Delta:SAN JOAQUIN R A ROUGH AND READY ISLAND NR STOCKTON,2021-07-29
57561c69edc3eae6,source_ood,1,validation,USGS_Sacramento_Delta,USGS_Sacramento_Delta,waterbody:USGS_Sacramento_Delta:SAN JOAQUIN R A ROUGH AND READY ISLAND NR STOCKTON,2021-07-29
7d8b13aba53d53e1,source_ood,1,validation,USGS_Sacramento_Delta,USGS_Sacramento_Delta,waterbody:USGS_Sacramento_Delta:SAN JOAQUIN R A ROUGH AND READY ISLAND NR STOCKTON,2021-07-29
83b065131c832d04,source_ood,1,validation,USGS_Sacramento_Delta,USGS_Sacramento_Delta,waterbody:USGS_Sacramento_Delta:San Joaquin R a R mi 72.2 nr Vernalis CA,2021-07-29
658de03f1e89dd0c,source_ood,1,validation,USGS_Sacramento_Delta,USGS_Sacramento_Delta,waterbody:USGS_Sacramento_Delta:San Joaquin R a R mi 72.2 nr Vernalis CA,2021-07-29
85060b32a5b0642f,source_ood,1,validation,USGS_Sacramento_Delta,USGS_Sacramento_Delta,waterbody:USGS_Sacramento_Delta:San Joaquin R a R mi 72.2 nr Vernalis CA,2021-07-29
39e16cbdb6afbceb,source_ood,1,validation,USGS_Sacramento_Delta,USGS_Sacramento_Delta,waterbody:USGS_Sacramento_Delta:San Joaquin R a R mi 72.2 nr Vernalis CA,2021-07-29
80c39740bbe5988d,source_ood,1,validation,USGS_Sacramento_Delta,USGS_Sacramento_Delta,waterbody:USGS_Sacramento_Delta:SACRAMENTO R AB DELTA CROSS CHANNEL CA,2021-07-29
3728fe820a82eece,source_ood,1,validation,USGS_Sacramento_Delta,USGS_Sacramento_Delta,waterbody:USGS_Sacramento_Delta:SACRAMENTO R AB DELTA CROSS CHANNEL CA,2021-07-29
a4886e338f8a6d34,source_ood,1,validation,USGS_Sacramento_Delta,USGS_Sacramento_Delta,waterbody:USGS_Sacramento_Delta:SACRAMENTO R AB DELTA CROSS CHANNEL CA,2021-07-29
2c2546f0bae2de04,source_ood,1,validation,USGS_Sacramento_Delta,USGS_Sacramento_Delta,waterbody:USGS_Sacramento_Delta:SACRAMENTO R AB DELTA CROSS CHANNEL CA,2021-07-29
ff0c808c4ea36eaa,source_ood,1,validation,USGS_Sacramento_Delta,USGS_Sacramento_Delta,waterbody:USGS_Sacramento_Delta:SACRAMENTO R AB DELTA CROSS CHANNEL CA,2021-07-29
01f6116de86ec3ea,source_ood,1,validation,USGS_Sacramento_Delta,USGS_Sacramento_Delta,waterbody:USGS_Sacramento_Delta:SACRAMENTO R AB DELTA CROSS CHANNEL CA,2021-07-29
3f83665399c7e356,source_ood,1,validation,USGS_Sacramento_Delta,USGS_Sacramento_Delta,waterbody:USGS_Sacramento_Delta:SACRAMENTO R AB DELTA CROSS CHANNEL CA,2021-07-29
488ba2e6abbdf5a7,source_ood,1,validation,USGS_Sacramento_Delta,USGS_Sacramento_Delta,waterbody:USGS_Sacramento_Delta:SACRAMENTO R A HOOD CA,2021-07-29
413ba19fe2df1ec5,source_ood,1,validation,USGS_Sacramento_Delta,USGS_Sacramento_Delta,waterbody:USGS_Sacramento_Delta:SACRAMENTO R A HOOD CA,2021-07-29
f63be5a5cce4407e,source_ood,1,validation,USGS_Sacramento_Delta,USGS_Sacramento_Delta,waterbody:USGS_Sacramento_Delta:SACRAMENTO R A HOOD CA,2021-07-29
08de5cf489bbbf8d,source_ood,1,validation,USGS_Sacramento_Delta,USGS_Sacramento_Delta,waterbody:USGS_Sacramento_Delta:SACRAMENTO R A HOOD CA,2021-07-29
2febe6e44030f002,source_ood,1,validation,USGS_Sacramento_Delta,USGS_Sacramento_Delta,waterbody:USGS_Sacramento_Delta:SACRAMENTO R A HOOD CA,2021-07-29
92b25b159d425900,source_ood,1,validation,USGS_Sacramento_Delta,USGS_Sacramento_Delta,waterbody:USGS_Sacramento_Delta:SACRAMENTO R A HOOD CA,2021-07-29
2ae4b0ab969fd7d4,source_ood,1,validation,USGS_Sacramento_Delta,USGS_Sacramento_Delta,waterbody:USGS_Sacramento_Delta:SACRAMENTO R A HOOD CA,2021-07-29
aea075b0b1efc836,source_ood,1,validation,USGS_Sacramento_Delta,USGS_Sacramento_Delta,waterbody:USGS_Sacramento_Delta:SACRAMENTO R A FREEPORT CA,2021-07-29
d30674b27d4704f0,source_ood,1,validation,USGS_Sacramento_Delta,USGS_Sacramento_Delta,waterbody:USGS_Sacramento_Delta:SACRAMENTO R A FREEPORT CA,2021-07-29
72b4868bfeb2c095,source_ood,1,validation,USGS_Sacramento_Delta,USGS_Sacramento_Delta,waterbody:USGS_Sacramento_Delta:SACRAMENTO R A FREEPORT CA,2021-07-29
e2445a7b2186eb50,source_ood,1,validation,USGS_Sacramento_Delta,USGS_Sacramento_Delta,waterbody:USGS_Sacramento_Delta:SACRAMENTO R A FREEPORT CA,2021-07-29
0e078240ae4f0295,source_ood,1,validation,USGS_Sacramento_Delta,USGS_Sacramento_Delta,waterbody:USGS_Sacramento_Delta:SACRAMENTO R A FREEPORT CA,2021-07-29
9e684934da7946b4,source_ood,1,validation,USGS_Sacramento_Delta,USGS_Sacramento_Delta,waterbody:USGS_Sacramento_Delta:SACRAMENTO R A FREEPORT CA,2021-07-29
45c70ebe479cca4c,source_ood,1,validation,USGS_Sacramento_Delta,USGS_Sacramento_Delta,waterbody:USGS_Sacramento_Delta:SACRAMENTO R A FREEPORT CA,2021-07-29
d86309b71e191b10,source_ood,1,validation,USGS_Sacramento_Delta,USGS_Sacramento_Delta,waterbody:USGS_Sacramento_Delta:SACRAMENTO R A BARGE CANAL NR WEST SACRAMENTO CA,2021-07-29
7788f2a85fdb4a1d,source_ood,1,validation,USGS_Sacramento_Delta,USGS_Sacramento_Delta,waterbody:USGS_Sacramento_Delta:SACRAMENTO R A BARGE CANAL NR WEST SACRAMENTO CA,2021-07-29
cd895b04adcf7340,source_ood,1,validation,USGS_Sacramento_Delta,USGS_Sacramento_Delta,waterbody:USGS_Sacramento_Delta:SACRAMENTO R A BARGE CANAL NR WEST SACRAMENTO CA,2021-07-29
937e4761be02670a,source_ood,1,validation,USGS_Sacramento_Delta,USGS_Sacramento_Delta,waterbody:USGS_Sacramento_Delta:SACRAMENTO R A BARGE CANAL NR WEST SACRAMENTO CA,2021-07-29
04af59352e4f38e7,source_ood,1,validation,USGS_Sacramento_Delta,USGS_Sacramento_Delta,waterbody:USGS_Sacramento_Delta:SACRAMENTO R A BARGE CANAL NR WEST SACRAMENTO CA,2021-07-29
af6c6669cb55a32f,source_ood,1,validation,USGS_Sacramento_Delta,USGS_Sacramento_Delta,waterbody:USGS_Sacramento_Delta:SACRAMENTO R A BARGE CANAL NR WEST SACRAMENTO CA,2021-07-29
6f0afcd0d6abe785,source_ood,1,validation,USGS_Sacramento_Delta,USGS_Sacramento_Delta,waterbody:USGS_Sacramento_Delta:SACRAMENTO R A BARGE CANAL NR WEST SACRAMENTO CA,2021-07-29
6da7dcf3441c73c6,source_ood,1,validation,USGS_Sacramento_Delta,USGS_Sacramento_Delta,waterbody:USGS_Sacramento_Delta:SACRAMENTO R BL TOLAND LANDING NR RIO VISTA CA,2024-08-01
0a97c592458328b0,source_ood,1,validation,USGS_Sacramento_Delta,USGS_Sacramento_Delta,waterbody:USGS_Sacramento_Delta:SACRAMENTO R BL TOLAND LANDING NR RIO VISTA CA,2024-08-01
7207486bdc20b5ee,source_ood,1,validation,USGS_Sacramento_Delta,USGS_Sacramento_Delta,waterbody:USGS_Sacramento_Delta:SACRAMENTO R BL TOLAND LANDING NR RIO VISTA CA,2024-08-01
cd7a0a311dc1aeb8,source_ood,1,validation,USGS_Sacramento_Delta,USGS_Sacramento_Delta,waterbody:USGS_Sacramento_Delta:MIDDLE R AT MIDDLE RIVER CA,2024-08-01
b00b0850e524e251,source_ood,1,validation,USGS_Sacramento_Delta,USGS_Sacramento_Delta,waterbody:USGS_Sacramento_Delta:MIDDLE R AT MIDDLE RIVER CA,2024-08-01
a471c8c1a76384f6,source_ood,1,validation,USGS_Sacramento_Delta,USGS_Sacramento_Delta,waterbody:USGS_Sacramento_Delta:MIDDLE R AT MIDDLE RIVER CA,2024-08-01
1c640ba395a05b82,source_ood,1,validation,USGS_Sacramento_Delta,USGS_Sacramento_Delta,waterbody:USGS_Sacramento_Delta:SAN JOAQUIN R A JERSEY POINT CA,2024-08-01
b5d8726388bc0e54,source_ood,1,validation,USGS_Sacramento_Delta,USGS_Sacramento_Delta,waterbody:USGS_Sacramento_Delta:SAN JOAQUIN R A JERSEY POINT CA,2024-08-01
617965fdb30c75a1,source_ood,1,validation,USGS_Sacramento_Delta,USGS_Sacramento_Delta,waterbody:USGS_Sacramento_Delta:SAN JOAQUIN R A JERSEY POINT CA,2024-08-01
58505f4e7ce83b12,source_ood,1,validation,USGS_Sacramento_Delta,USGS_Sacramento_Delta,waterbody:USGS_Sacramento_Delta:OLD R A BACON ISLAND CA,2024-08-01
869b43fff3c92494,source_ood,1,validation,USGS_Sacramento_Delta,USGS_Sacramento_Delta,waterbody:USGS_Sacramento_Delta:OLD R A BACON ISLAND CA,2024-08-01
a056ae2c51009991,source_ood,1,validation,USGS_Sacramento_Delta,USGS_Sacramento_Delta,waterbody:USGS_Sacramento_Delta:OLD R A BACON ISLAND CA,2024-08-01
59573ef05602ab4a,source_ood,1,validation,USGS_Sacramento_Delta,USGS_Sacramento_Delta,waterbody:USGS_Sacramento_Delta:MIDDLE R AT MIDDLE RIVER CA,2021-08-02
89bd50d14794713d,source_ood,1,validation,USGS_Sacramento_Delta,USGS_Sacramento_Delta,waterbody:USGS_Sacramento_Delta:MIDDLE R AT MIDDLE RIVER CA,2021-08-02
f433ab5ef29652e1,source_ood,1,validation,USGS_Sacramento_Delta,USGS_Sacramento_Delta,waterbody:USGS_Sacramento_Delta:MIDDLE R AT MIDDLE RIVER CA,2021-08-02
4898c620fa993b84,source_ood,1,validation,USGS_Sacramento_Delta,USGS_Sacramento_Delta,waterbody:USGS_Sacramento_Delta:MIDDLE R AT MIDDLE RIVER CA,2021-08-02
95fb749a0f12dfd0,source_ood,1,validation,USGS_Sacramento_Delta,USGS_Sacramento_Delta,waterbody:USGS_Sacramento_Delta:SAN JOAQUIN R A ROUGH AND READY ISLAND NR STOCKTON,2022-08-02
705a27b645f02427,source_ood,1,validation,USGS_Sacramento_Delta,USGS_Sacramento_Delta,waterbody:USGS_Sacramento_Delta:SAN JOAQUIN R A ROUGH AND READY ISLAND NR STOCKTON,2022-08-02
db6cb74b89c681f8,source_ood,1,validation,USGS_Sacramento_Delta,USGS_Sacramento_Delta,waterbody:USGS_Sacramento_Delta:SAN JOAQUIN R A ROUGH AND READY ISLAND NR STOCKTON,2022-08-02
91686fbb805e5cff,source_ood,1,validation,USGS_Sacramento_Delta,USGS_Sacramento_Delta,waterbody:USGS_Sacramento_Delta:SAN JOAQUIN R A ROUGH AND READY ISLAND NR STOCKTON,2022-08-02
d176cc9fea3eb8c1,source_ood,1,validation,USGS_Sacramento_Delta,USGS_Sacramento_Delta,waterbody:USGS_Sacramento_Delta:San Joaquin R a R mi 72.2 nr Vernalis CA,2022-08-02
4c4a61ae33d49055,source_ood,1,validation,USGS_Sacramento_Delta,USGS_Sacramento_Delta,waterbody:USGS_Sacramento_Delta:San Joaquin R a R mi 72.2 nr Vernalis CA,2022-08-02
ac57464dbc883729,source_ood,1,validation,USGS_Sacramento_Delta,USGS_Sacramento_Delta,waterbody:USGS_Sacramento_Delta:San Joaquin R a R mi 72.2 nr Vernalis CA,2022-08-02
a3163c6dc4fe3f47,source_ood,1,validation,USGS_Sacramento_Delta,USGS_Sacramento_Delta,waterbody:USGS_Sacramento_Delta:San Joaquin R a R mi 72.2 nr Vernalis CA,2022-08-02
fe9ee8753e570147,source_ood,1,validation,USGS_Sacramento_Delta,USGS_Sacramento_Delta,waterbody:USGS_Sacramento_Delta:SAN JOAQUIN R A JERSEY POINT CA,2021-08-04
b4d7d7ac92736cda,source_ood,1,validation,USGS_Sacramento_Delta,USGS_Sacramento_Delta,waterbody:USGS_Sacramento_Delta:SAN JOAQUIN R A JERSEY POINT CA,2021-08-04
8a37b0a31d6ca4a9,source_ood,1,validation,USGS_Sacramento_Delta,USGS_Sacramento_Delta,waterbody:USGS_Sacramento_Delta:SAN JOAQUIN R A JERSEY POINT CA,2021-08-04
a192711669f7ebad,source_ood,1,validation,USGS_Sacramento_Delta,USGS_Sacramento_Delta,waterbody:USGS_Sacramento_Delta:SAN JOAQUIN R A JERSEY POINT CA,2021-08-04
e44682bc4668fcee,source_ood,1,validation,USGS_Sacramento_Delta,USGS_Sacramento_Delta,waterbody:USGS_Sacramento_Delta:SAN JOAQUIN R A JERSEY POINT CA,2021-08-04
c234882803c5a733,source_ood,1,validation,USGS_Sacramento_Delta,USGS_Sacramento_Delta,waterbody:USGS_Sacramento_Delta:SACRAMENTO R BL TOLAND LANDING NR RIO VISTA CA,2021-08-04
cd06c4e13a89dfa0,source_ood,1,validation,USGS_Sacramento_Delta,USGS_Sacramento_Delta,waterbody:USGS_Sacramento_Delta:SACRAMENTO R BL TOLAND LANDING NR RIO VISTA CA,2021-08-04
985999a384f7f6e1,source_ood,1,validation,USGS_Sacramento_Delta,USGS_Sacramento_Delta,waterbody:USGS_Sacramento_Delta:SACRAMENTO R BL TOLAND LANDING NR RIO VISTA CA,2021-08-04
356f939d44c58ae7,source_ood,1,validation,USGS_Sacramento_Delta,USGS_Sacramento_Delta,waterbody:USGS_Sacramento_Delta:SACRAMENTO R BL TOLAND LANDING NR RIO VISTA CA,2021-08-04
c349b2b4bbd8b266,source_ood,1,validation,USGS_Sacramento_Delta,USGS_Sacramento_Delta,waterbody:USGS_Sacramento_Delta:SACRAMENTO R BL TOLAND LANDING NR RIO VISTA CA,2021-08-04
4bbd8601f5e1b283,source_ood,1,validation,USGS_Sacramento_Delta,USGS_Sacramento_Delta,waterbody:USGS_Sacramento_Delta:CACHE SLOUGH A S LIBERTY ISLAND NR RIO VISTA CA,2024-08-06
e8ce65219195aa39,source_ood,1,validation,USGS_Sacramento_Delta,USGS_Sacramento_Delta,waterbody:USGS_Sacramento_Delta:CACHE SLOUGH A S LIBERTY ISLAND NR RIO VISTA CA,2024-08-06
88d4a827e57195bf,source_ood,1,validation,USGS_Sacramento_Delta,USGS_Sacramento_Delta,waterbody:USGS_Sacramento_Delta:CACHE SLOUGH A S LIBERTY ISLAND NR RIO VISTA CA,2024-08-06
bb69da772cc3e626,source_ood,1,validation,USGS_Sacramento_Delta,USGS_Sacramento_Delta,waterbody:USGS_Sacramento_Delta:MIDDLE R AT MIDDLE RIVER CA,2022-08-08
65fb1f7a164e4650,source_ood,1,validation,USGS_Sacramento_Delta,USGS_Sacramento_Delta,waterbody:USGS_Sacramento_Delta:MIDDLE R AT MIDDLE RIVER CA,2022-08-08
0f5020271b9de64d,source_ood,1,validation,USGS_Sacramento_Delta,USGS_Sacramento_Delta,waterbody:USGS_Sacramento_Delta:MIDDLE R AT MIDDLE RIVER CA,2022-08-08
a130efecadcb9735,source_ood,1,validation,USGS_Sacramento_Delta,USGS_Sacramento_Delta,waterbody:USGS_Sacramento_Delta:MIDDLE R AT MIDDLE RIVER CA,2022-08-08
417c30a8dc81288b,source_ood,1,validation,USGS_Sacramento_Delta,USGS_Sacramento_Delta,waterbody:USGS_Sacramento_Delta:MIDDLE R AT MIDDLE RIVER CA,2023-08-08
b406f020f04130de,source_ood,1,validation,USGS_Sacramento_Delta,USGS_Sacramento_Delta,waterbody:USGS_Sacramento_Delta:MIDDLE R AT MIDDLE RIVER CA,2023-08-08
655f4fc3a7cc0dbd,source_ood,1,validation,USGS_Sacramento_Delta,USGS_Sacramento_Delta,waterbody:USGS_Sacramento_Delta:MIDDLE R AT MIDDLE RIVER CA,2023-08-08
0db1e46c359293b3,source_ood,1,validation,USGS_Sacramento_Delta,USGS_Sacramento_Delta,waterbody:USGS_Sacramento_Delta:OLD R A BACON ISLAND CA,2023-08-08
e84c54c595eb236c,source_ood,1,validation,USGS_Sacramento_Delta,USGS_Sacramento_Delta,waterbody:USGS_Sacramento_Delta:OLD R A BACON ISLAND CA,2023-08-08
111b2617a63ce641,source_ood,1,validation,USGS_Sacramento_Delta,USGS_Sacramento_Delta,waterbody:USGS_Sacramento_Delta:OLD R A BACON ISLAND CA,2023-08-08
15a456c46ce70f40,source_ood,1,validation,USGS_Sacramento_Delta,USGS_Sacramento_Delta,waterbody:USGS_Sacramento_Delta:CACHE SLOUGH A S LIBERTY ISLAND NR RIO VISTA CA,2022-08-09
4ed10fbce9153ccc,source_ood,1,validation,USGS_Sacramento_Delta,USGS_Sacramento_Delta,waterbody:USGS_Sacramento_Delta:CACHE SLOUGH A S LIBERTY ISLAND NR RIO VISTA CA,2022-08-09
fb1f26182a406906,source_ood,1,validation,USGS_Sacramento_Delta,USGS_Sacramento_Delta,waterbody:USGS_Sacramento_Delta:CACHE SLOUGH A S LIBERTY ISLAND NR RIO VISTA CA,2022-08-09
bb2f84e5dd009af1,source_ood,1,validation,USGS_Sacramento_Delta,USGS_Sacramento_Delta,waterbody:USGS_Sacramento_Delta:CACHE SLOUGH A S LIBERTY ISLAND NR RIO VISTA CA,2022-08-09
e4ac54b12e4b7d35,source_ood,1,validation,USGS_Sacramento_Delta,USGS_Sacramento_Delta,waterbody:USGS_Sacramento_Delta:SACRAMENTO R BL TOLAND LANDING NR RIO VISTA CA,2023-08-09
6ed9a140702a7bbf,source_ood,1,validation,USGS_Sacramento_Delta,USGS_Sacramento_Delta,waterbody:USGS_Sacramento_Delta:SACRAMENTO R BL TOLAND LANDING NR RIO VISTA CA,2023-08-09
726ca8674b2ada26,source_ood,1,validation,USGS_Sacramento_Delta,USGS_Sacramento_Delta,waterbody:USGS_Sacramento_Delta:SACRAMENTO R BL TOLAND LANDING NR RIO VISTA CA,2023-08-09
168893cfb7354a64,source_ood,1,validation,USGS_Sacramento_Delta,USGS_Sacramento_Delta,waterbody:USGS_Sacramento_Delta:SAN JOAQUIN R A JERSEY POINT CA,2023-08-09
3bf83c5a02ff9cdc,source_ood,1,validation,USGS_Sacramento_Delta,USGS_Sacramento_Delta,waterbody:USGS_Sacramento_Delta:SAN JOAQUIN R A JERSEY POINT CA,2023-08-09
989e6b4fd42796af,source_ood,1,validation,USGS_Sacramento_Delta,USGS_Sacramento_Delta,waterbody:USGS_Sacramento_Delta:SAN JOAQUIN R A JERSEY POINT CA,2023-08-09
75e31cb8b50b764c,source_ood,1,validation,USGS_Sacramento_Delta,USGS_Sacramento_Delta,waterbody:USGS_Sacramento_Delta:FRANKS TRACT NR BETHEL ISLAND CA,2022-08-10
42fa3d172ede52c2,source_ood,1,validation,USGS_Sacramento_Delta,USGS_Sacramento_Delta,waterbody:USGS_Sacramento_Delta:FRANKS TRACT NR BETHEL ISLAND CA,2022-08-10
3681ba1f9dd0f9f1,source_ood,1,validation,USGS_Sacramento_Delta,USGS_Sacramento_Delta,waterbody:USGS_Sacramento_Delta:FRANKS TRACT NR BETHEL ISLAND CA,2022-08-10
edd4e6e6f210060d,source_ood,1,validation,USGS_Sacramento_Delta,USGS_Sacramento_Delta,waterbody:USGS_Sacramento_Delta:FRANKS TRACT NR BETHEL ISLAND CA,2022-08-10
9a9deb6f7fc0e0cd,source_ood,1,validation,USGS_Sacramento_Delta,USGS_Sacramento_Delta,waterbody:USGS_Sacramento_Delta:CACHE SLOUGH A S LIBERTY ISLAND NR RIO VISTA CA,2023-08-10
bf6b31f9f2902719,source_ood,1,validation,USGS_Sacramento_Delta,USGS_Sacramento_Delta,waterbody:USGS_Sacramento_Delta:CACHE SLOUGH A S LIBERTY ISLAND NR RIO VISTA CA,2023-08-10
49e26b0b99acfe9b,source_ood,1,validation,USGS_Sacramento_Delta,USGS_Sacramento_Delta,waterbody:USGS_Sacramento_Delta:CACHE SLOUGH A S LIBERTY ISLAND NR RIO VISTA CA,2023-08-10
a378940be8475219,source_ood,1,validation,USGS_Sacramento_Delta,USGS_Sacramento_Delta,waterbody:USGS_Sacramento_Delta:SAN JOAQUIN R A JERSEY POINT CA,2022-08-11
874cb35f461b1ddd,source_ood,1,validation,USGS_Sacramento_Delta,USGS_Sacramento_Delta,waterbody:USGS_Sacramento_Delta:SAN JOAQUIN R A JERSEY POINT CA,2022-08-11
a48d21a0e40497c1,source_ood,1,validation,USGS_Sacramento_Delta,USGS_Sacramento_Delta,waterbody:USGS_Sacramento_Delta:SAN JOAQUIN R A JERSEY POINT CA,2022-08-11
53858b1860298af7,source_ood,1,validation,USGS_Sacramento_Delta,USGS_Sacramento_Delta,waterbody:USGS_Sacramento_Delta:SAN JOAQUIN R A JERSEY POINT CA,2022-08-11
d65a02e988a459a3,source_ood,1,validation,USGS_Sacramento_Delta,USGS_Sacramento_Delta,waterbody:USGS_Sacramento_Delta:SACRAMENTO R BL TOLAND LANDING NR RIO VISTA CA,2022-08-11
8c834ffcb33faab3,source_ood,1,validation,USGS_Sacramento_Delta,USGS_Sacramento_Delta,waterbody:USGS_Sacramento_Delta:SACRAMENTO R BL TOLAND LANDING NR RIO VISTA CA,2022-08-11
36009f0444ae5d3e,source_ood,1,validation,USGS_Sacramento_Delta,USGS_Sacramento_Delta,waterbody:USGS_Sacramento_Delta:SACRAMENTO R BL TOLAND LANDING NR RIO VISTA CA,2022-08-11
68849dc57c38d6af,source_ood,1,validation,USGS_Sacramento_Delta,USGS_Sacramento_Delta,waterbody:USGS_Sacramento_Delta:SACRAMENTO R BL TOLAND LANDING NR RIO VISTA CA,2022-08-11
376f86079c9d0760,source_ood,1,validation,USGS_Sacramento_Delta,USGS_Sacramento_Delta,waterbody:USGS_Sacramento_Delta:San Joaquin R a R mi 72.2 nr Vernalis CA,2021-08-12
83c7eca29c5bb7b3,source_ood,1,validation,USGS_Sacramento_Delta,USGS_Sacramento_Delta,waterbody:USGS_Sacramento_Delta:San Joaquin R a R mi 72.2 nr Vernalis CA,2021-08-12
ca40ff9c49e4e63e,source_ood,1,validation,USGS_Sacramento_Delta,USGS_Sacramento_Delta,waterbody:USGS_Sacramento_Delta:San Joaquin R a R mi 72.2 nr Vernalis CA,2021-08-12
d41ef5acedd3de45,source_ood,1,validation,USGS_Sacramento_Delta,USGS_Sacramento_Delta,waterbody:USGS_Sacramento_Delta:San Joaquin R a R mi 72.2 nr Vernalis CA,2021-08-12
867ce0ced217739a,source_ood,1,validation,USGS_Sacramento_Delta,USGS_Sacramento_Delta,waterbody:USGS_Sacramento_Delta:MIDDLE R AT MIDDLE RIVER CA,2020-08-13
613bb9d0d0709efe,source_ood,1,validation,USGS_Sacramento_Delta,USGS_Sacramento_Delta,waterbody:USGS_Sacramento_Delta:MIDDLE R AT MIDDLE RIVER CA,2020-08-13
bc1fcbd1107e4ecc,source_ood,1,validation,USGS_Sacramento_Delta,USGS_Sacramento_Delta,waterbody:USGS_Sacramento_Delta:MIDDLE R AT MIDDLE RIVER CA,2020-08-13
c19329c50a4b5701,source_ood,1,validation,USGS_Sacramento_Delta,USGS_Sacramento_Delta,waterbody:USGS_Sacramento_Delta:San Joaquin R a R mi 72.2 nr Vernalis CA,2022-08-15
c9da18e83c3cbeee,source_ood,1,validation,USGS_Sacramento_Delta,USGS_Sacramento_Delta,waterbody:USGS_Sacramento_Delta:San Joaquin R a R mi 72.2 nr Vernalis CA,2022-08-15
18980c01f263d922,source_ood,1,validation,USGS_Sacramento_Delta,USGS_Sacramento_Delta,waterbody:USGS_Sacramento_Delta:San Joaquin R a R mi 72.2 nr Vernalis CA,2022-08-15
cc9726d8a3103787,source_ood,1,validation,USGS_Sacramento_Delta,USGS_Sacramento_Delta,waterbody:USGS_Sacramento_Delta:San Joaquin R a R mi 72.2 nr Vernalis CA,2022-08-15
22a01651bac27927,source_ood,1,validation,USGS_Sacramento_Delta,USGS_Sacramento_Delta,waterbody:USGS_Sacramento_Delta:SAN JOAQUIN R AB BUCKLEY COVE NR STOCKTON CA,2021-08-16
b55436b56bbd8316,source_ood,1,validation,USGS_Sacramento_Delta,USGS_Sacramento_Delta,waterbody:USGS_Sacramento_Delta:SAN JOAQUIN R AB BUCKLEY COVE NR STOCKTON CA,2021-08-16
7fecddf6f4f530d8,source_ood,1,validation,USGS_Sacramento_Delta,USGS_Sacramento_Delta,waterbody:USGS_Sacramento_Delta:SAN JOAQUIN R AB BUCKLEY COVE NR STOCKTON CA,2021-08-16
c06182b7fc7bfc69,source_ood,1,validation,USGS_Sacramento_Delta,USGS_Sacramento_Delta,waterbody:USGS_Sacramento_Delta:SAN JOAQUIN R AB BUCKLEY COVE NR STOCKTON CA,2021-08-16
12723e4dac628624,source_ood,1,validation,USGS_Sacramento_Delta,USGS_Sacramento_Delta,waterbody:USGS_Sacramento_Delta:SACRAMENTO R A BARGE CANAL NR WEST SACRAMENTO CA,2020-08-17
2ce6a89dc1fdee01,source_ood,1,validation,USGS_Sacramento_Delta,USGS_Sacramento_Delta,waterbody:USGS_Sacramento_Delta:SACRAMENTO R A BARGE CANAL NR WEST SACRAMENTO CA,2020-08-17
6cdbb1c4d9ebc1d4,source_ood,1,validation,USGS_Sacramento_Delta,USGS_Sacramento_Delta,waterbody:USGS_Sacramento_Delta:SACRAMENTO R A FREEPORT CA,2020-08-17
a8f3381f6fde573c,source_ood,1,validation,USGS_Sacramento_Delta,USGS_Sacramento_Delta,waterbody:USGS_Sacramento_Delta:SACRAMENTO R A FREEPORT CA,2020-08-17
76a3faa9dd7ce372,source_ood,1,validation,USGS_Sacramento_Delta,USGS_Sacramento_Delta,waterbody:USGS_Sacramento_Delta:SACRAMENTO R A HOOD CA,2020-08-17
b05aed32321523e5,source_ood,1,validation,USGS_Sacramento_Delta,USGS_Sacramento_Delta,waterbody:USGS_Sacramento_Delta:SACRAMENTO R A HOOD CA,2020-08-17
4a5ab1194cf5b5a1,source_ood,1,validation,USGS_Sacramento_Delta,USGS_Sacramento_Delta,waterbody:USGS_Sacramento_Delta:SACRAMENTO R AB DELTA CROSS CHANNEL CA,2020-08-17
3f8572bc8c746088,source_ood,1,validation,USGS_Sacramento_Delta,USGS_Sacramento_Delta,waterbody:USGS_Sacramento_Delta:SACRAMENTO R AB DELTA CROSS CHANNEL CA,2020-08-17
75ad9ccef499441a,source_ood,1,validation,USGS_Sacramento_Delta,USGS_Sacramento_Delta,waterbody:USGS_Sacramento_Delta:GEORGIANA SLOUGH A TYLER ISLAND RD NR ISLETON CA,2020-08-17
826d63462ad9a10c,source_ood,1,validation,USGS_Sacramento_Delta,USGS_Sacramento_Delta,waterbody:USGS_Sacramento_Delta:GEORGIANA SLOUGH A TYLER ISLAND RD NR ISLETON CA,2020-08-17
2503242d04490c7a,source_ood,1,validation,USGS_Sacramento_Delta,USGS_Sacramento_Delta,waterbody:USGS_Sacramento_Delta:THREEMILE SLOUGH A TWITCHELL ISLAND NR RIO VISTA,2020-08-17
04f8861203cbc1ec,source_ood,1,validation,USGS_Sacramento_Delta,USGS_Sacramento_Delta,waterbody:USGS_Sacramento_Delta:THREEMILE SLOUGH A TWITCHELL ISLAND NR RIO VISTA,2020-08-17
29bbf68de6060953,source_ood,1,validation,USGS_Sacramento_Delta,USGS_Sacramento_Delta,waterbody:USGS_Sacramento_Delta:DELTA RMP SACR-028,2020-08-17
caf8ec029770633d,source_ood,1,validation,USGS_Sacramento_Delta,USGS_Sacramento_Delta,waterbody:USGS_Sacramento_Delta:DELTA RMP SACR-028,2020-08-17
b8de2e4d9f063cd0,source_ood,1,validation,USGS_Sacramento_Delta,USGS_Sacramento_Delta,waterbody:USGS_Sacramento_Delta:CACHE SLOUGH AB RYER ISLAND FERRY NR RIO VISTA CA,2020-08-17
c51f5030e9c09bb9,source_ood,1,validation,USGS_Sacramento_Delta,USGS_Sacramento_Delta,waterbody:USGS_Sacramento_Delta:CACHE SLOUGH AB RYER ISLAND FERRY NR RIO VISTA CA,2020-08-17
057b4b8b450266af,source_ood,1,validation,USGS_Sacramento_Delta,USGS_Sacramento_Delta,waterbody:USGS_Sacramento_Delta:CACHE SLOUGH A S LIBERTY ISLAND NR RIO VISTA CA,2020-08-17
57b6f45d3924e86c,source_ood,1,validation,USGS_Sacramento_Delta,USGS_Sacramento_Delta,waterbody:USGS_Sacramento_Delta:CACHE SLOUGH A S LIBERTY ISLAND NR RIO VISTA CA,2020-08-17
af66ab9bc8228fc4,source_ood,1,validation,USGS_Sacramento_Delta,USGS_Sacramento_Delta,waterbody:USGS_Sacramento_Delta:SHAG SLOUGH A LIBERTY ISLAND NR COURTLAND CA,2020-08-17
b12b0057c34e8385,source_ood,1,validation,USGS_Sacramento_Delta,USGS_Sacramento_Delta,waterbody:USGS_Sacramento_Delta:SHAG SLOUGH A LIBERTY ISLAND NR COURTLAND CA,2020-08-17
b98d7d1790a8f13d,source_ood,1,validation,USGS_Sacramento_Delta,USGS_Sacramento_Delta,waterbody:USGS_Sacramento_Delta:LIBERTY ISLAND A UPPER STAIR STEP NR FIVE POINTS C,2020-08-17
b06a1938fb015be4,source_ood,1,validation,USGS_Sacramento_Delta,USGS_Sacramento_Delta,waterbody:USGS_Sacramento_Delta:LIBERTY ISLAND A UPPER STAIR STEP NR FIVE POINTS C,2020-08-17
359e2555cb1fec40,source_ood,1,validation,USGS_Sacramento_Delta,USGS_Sacramento_Delta,waterbody:USGS_Sacramento_Delta:PROSPECT SLOUGH NR FIVE POINTS CA,2020-08-17
b976840984fc893d,source_ood,1,validation,USGS_Sacramento_Delta,USGS_Sacramento_Delta,waterbody:USGS_Sacramento_Delta:PROSPECT SLOUGH NR FIVE POINTS CA,2020-08-17
b6770ea86c1095a0,source_ood,1,validation,USGS_Sacramento_Delta,USGS_Sacramento_Delta,waterbody:USGS_Sacramento_Delta:SACRAMENTO R BL HWY 12 BRIDGE NR RIO VISTA CA,2020-08-17
f97dbd46c68ab8df,source_ood,1,validation,USGS_Sacramento_Delta,USGS_Sacramento_Delta,waterbody:USGS_Sacramento_Delta:SACRAMENTO R BL HWY 12 BRIDGE NR RIO VISTA CA,2020-08-17
4658af14649bc0d6,source_ood,1,validation,USGS_Sacramento_Delta,USGS_Sacramento_Delta,waterbody:USGS_Sacramento_Delta:SAN JOAQUIN R AB BUCKLEY COVE NR STOCKTON CA,2022-08-17
f448a038c6be73be,source_ood,1,validation,USGS_Sacramento_Delta,USGS_Sacramento_Delta,waterbody:USGS_Sacramento_Delta:SAN JOAQUIN R AB BUCKLEY COVE NR STOCKTON CA,2022-08-17
3672b4b7ffebde2d,source_ood,1,validation,USGS_Sacramento_Delta,USGS_Sacramento_Delta,waterbody:USGS_Sacramento_Delta:SAN JOAQUIN R AB BUCKLEY COVE NR STOCKTON CA,2022-08-17
c6360b8e7a567c7d,source_ood,1,validation,USGS_Sacramento_Delta,USGS_Sacramento_Delta,waterbody:USGS_Sacramento_Delta:SAN JOAQUIN R AB BUCKLEY COVE NR STOCKTON CA,2022-08-17
b2bc6eee775d70c6,source_ood,1,validation,USGS_Sacramento_Delta,USGS_Sacramento_Delta,waterbody:USGS_Sacramento_Delta:SAN JOAQUIN R BL THREEMILE SLOUGH NR RIO VISTA CA,2020-08-18
cce8a0a6a64c793f,source_ood,1,validation,USGS_Sacramento_Delta,USGS_Sacramento_Delta,waterbody:USGS_Sacramento_Delta:SAN JOAQUIN R BL THREEMILE SLOUGH NR RIO VISTA CA,2020-08-18
2de64e0b4cb54fb6,source_ood,1,validation,USGS_Sacramento_Delta,USGS_Sacramento_Delta,waterbody:USGS_Sacramento_Delta:SAN JOAQUIN R A PRISONERS PT NR TERMINOUS CA,2020-08-18
829023ee2101bbda,source_ood,1,validation,USGS_Sacramento_Delta,USGS_Sacramento_Delta,waterbody:USGS_Sacramento_Delta:SAN JOAQUIN R A PRISONERS PT NR TERMINOUS CA,2020-08-18
6af8b6793f8f7076,source_ood,1,validation,USGS_Sacramento_Delta,USGS_Sacramento_Delta,waterbody:USGS_Sacramento_Delta:TURNER CUT NR HOLT CA,2020-08-18
293ece6ed0b25815,source_ood,1,validation,USGS_Sacramento_Delta,USGS_Sacramento_Delta,waterbody:USGS_Sacramento_Delta:TURNER CUT NR HOLT CA,2020-08-18
a50de62522a49e14,source_ood,1,validation,USGS_Sacramento_Delta,USGS_Sacramento_Delta,waterbody:USGS_Sacramento_Delta:SAN JOAQUIN R A BUCKLEY COVE NR STOCKTON CA,2020-08-18
41368bbf858d64a1,source_ood,1,validation,USGS_Sacramento_Delta,USGS_Sacramento_Delta,waterbody:USGS_Sacramento_Delta:SAN JOAQUIN R A BUCKLEY COVE NR STOCKTON CA,2020-08-18
0427adf171df0851,source_ood,1,validation,USGS_Sacramento_Delta,USGS_Sacramento_Delta,waterbody:USGS_Sacramento_Delta:SAN JOAQUIN R NR STOCKTON CA,2020-08-18
2c95212e09116aaf,source_ood,1,validation,USGS_Sacramento_Delta,USGS_Sacramento_Delta,waterbody:USGS_Sacramento_Delta:SAN JOAQUIN R NR STOCKTON CA,2020-08-18
07a7f059b8364607,source_ood,1,validation,USGS_Sacramento_Delta,USGS_Sacramento_Delta,waterbody:USGS_Sacramento_Delta:FOURTEENMILE SLOUGH NR HOLT CA,2020-08-18
6f2ce8a3a815a650,source_ood,1,validation,USGS_Sacramento_Delta,USGS_Sacramento_Delta,waterbody:USGS_Sacramento_Delta:FOURTEENMILE SLOUGH NR HOLT CA,2020-08-18
37ceff12d16aa718,source_ood,1,validation,USGS_Sacramento_Delta,USGS_Sacramento_Delta,waterbody:USGS_Sacramento_Delta:FOURTEENMILE SLOUGH NR TERMINOUS CA,2020-08-18
3b89332c28d1024f,source_ood,1,validation,USGS_Sacramento_Delta,USGS_Sacramento_Delta,waterbody:USGS_Sacramento_Delta:FOURTEENMILE SLOUGH NR TERMINOUS CA,2020-08-18
5adbddde7a38f0d8,source_ood,1,validation,USGS_Sacramento_Delta,USGS_Sacramento_Delta,waterbody:USGS_Sacramento_Delta:DISAPPOINTMENT SLOUGH NR TERMINOUS CA,2020-08-18
4938866ff4771783,source_ood,1,validation,USGS_Sacramento_Delta,USGS_Sacramento_Delta,waterbody:USGS_Sacramento_Delta:DISAPPOINTMENT SLOUGH NR TERMINOUS CA,2020-08-18
3b6feb79265d0e97,source_ood,1,validation,USGS_Sacramento_Delta,USGS_Sacramento_Delta,waterbody:USGS_Sacramento_Delta:OLD R A WEBB TRACT NR TERMINOUS CA,2020-08-18
f7b86b38c2f5e7df,source_ood,1,validation,USGS_Sacramento_Delta,USGS_Sacramento_Delta,waterbody:USGS_Sacramento_Delta:OLD R A WEBB TRACT NR TERMINOUS CA,2020-08-18
82e82c1657088e25,source_ood,1,validation,USGS_Sacramento_Delta,USGS_Sacramento_Delta,waterbody:USGS_Sacramento_Delta:SAN JOAQUIN R A JERSEY POINT CA,2020-08-18
e707a9585f19c893,source_ood,1,validation,USGS_Sacramento_Delta,USGS_Sacramento_Delta,waterbody:USGS_Sacramento_Delta:SAN JOAQUIN R A JERSEY POINT CA,2020-08-18
18066cea9610858e,source_ood,1,validation,USGS_Sacramento_Delta,USGS_Sacramento_Delta,waterbody:USGS_Sacramento_Delta:SUISUN BAY A VAN SICKLE ISLAND NR PITTSBURG CA,2020-08-18
a7539aa797292826,source_ood,1,validation,USGS_Sacramento_Delta,USGS_Sacramento_Delta,waterbody:USGS_Sacramento_Delta:SUISUN BAY A VAN SICKLE ISLAND NR PITTSBURG CA,2020-08-18
6ecf3ed8489bc8e7,source_ood,1,validation,USGS_Sacramento_Delta,USGS_Sacramento_Delta,waterbody:USGS_Sacramento_Delta:GRIZZLY BAY A SUISUN SLOUGH NR AVON CA,2020-08-18
684f3ebd68d62c71,source_ood,1,validation,USGS_Sacramento_Delta,USGS_Sacramento_Delta,waterbody:USGS_Sacramento_Delta:GRIZZLY BAY A SUISUN SLOUGH NR AVON CA,2020-08-18
368df50f7537f771,source_ood,1,validation,USGS_Sacramento_Delta,USGS_Sacramento_Delta,waterbody:USGS_Sacramento_Delta:SUISUN BAY A VAN SICKLE ISLAND NR PITTSBURG CA,2020-08-18
db87871f68432b8c,source_ood,1,validation,USGS_Sacramento_Delta,USGS_Sacramento_Delta,waterbody:USGS_Sacramento_Delta:SUISUN BAY A VAN SICKLE ISLAND NR PITTSBURG CA,2020-08-18
cd00c8158b7772a8,source_ood,1,validation,USGS_Sacramento_Delta,USGS_Sacramento_Delta,waterbody:USGS_Sacramento_Delta:SACRAMENTO R A DECKER ISLAND NR RIO VISTA CA,2020-08-18
e7e2949a0a886a7e,source_ood,1,validation,USGS_Sacramento_Delta,USGS_Sacramento_Delta,waterbody:USGS_Sacramento_Delta:SACRAMENTO R A DECKER ISLAND NR RIO VISTA CA,2020-08-18
c1f8cb673002bf2d,source_ood,1,validation,USGS_Sacramento_Delta,USGS_Sacramento_Delta,waterbody:USGS_Sacramento_Delta:CACHE SLOUGH A S LIBERTY ISLAND NR RIO VISTA CA,2021-08-18
24f34a3a884ed4c7,source_ood,1,validation,USGS_Sacramento_Delta,USGS_Sacramento_Delta,waterbody:USGS_Sacramento_Delta:CACHE SLOUGH A S LIBERTY ISLAND NR RIO VISTA CA,2021-08-18
289d7403305901d9,source_ood,1,validation,USGS_Sacramento_Delta,USGS_Sacramento_Delta,waterbody:USGS_Sacramento_Delta:CACHE SLOUGH A S LIBERTY ISLAND NR RIO VISTA CA,2021-08-18
3364e43558823af7,source_ood,1,validation,USGS_Sacramento_Delta,USGS_Sacramento_Delta,waterbody:USGS_Sacramento_Delta:CACHE SLOUGH A S LIBERTY ISLAND NR RIO VISTA CA,2021-08-18
9a3ff4e315092b65,source_ood,1,validation,USGS_Sacramento_Delta,USGS_Sacramento_Delta,waterbody:USGS_Sacramento_Delta:SACRAMENTO R BL TOLAND LANDING NR RIO VISTA CA,2021-08-18
b913482f82cb8daf,source_ood,1,validation,USGS_Sacramento_Delta,USGS_Sacramento_Delta,waterbody:USGS_Sacramento_Delta:SACRAMENTO R BL TOLAND LANDING NR RIO VISTA CA,2021-08-18
832dfc14f7751513,source_ood,1,validation,USGS_Sacramento_Delta,USGS_Sacramento_Delta,waterbody:USGS_Sacramento_Delta:SACRAMENTO R BL TOLAND LANDING NR RIO VISTA CA,2021-08-18
b9c43fbd6571a12a,source_ood,1,validation,USGS_Sacramento_Delta,USGS_Sacramento_Delta,waterbody:USGS_Sacramento_Delta:SACRAMENTO R BL TOLAND LANDING NR RIO VISTA CA,2021-08-18
c96d82be092227b3,source_ood,1,validation,USGS_Sacramento_Delta,USGS_Sacramento_Delta,waterbody:USGS_Sacramento_Delta:SACRAMENTO R BL TOLAND LANDING NR RIO VISTA CA,2021-08-18
c33acf1bac0dc3a3,source_ood,1,validation,USGS_Sacramento_Delta,USGS_Sacramento_Delta,waterbody:USGS_Sacramento_Delta:SAN JOAQUIN R A JERSEY POINT CA,2021-08-18
1f7675aa76414afe,source_ood,1,validation,USGS_Sacramento_Delta,USGS_Sacramento_Delta,waterbody:USGS_Sacramento_Delta:SAN JOAQUIN R A JERSEY POINT CA,2021-08-18
92b5db395d065264,source_ood,1,validation,USGS_Sacramento_Delta,USGS_Sacramento_Delta,waterbody:USGS_Sacramento_Delta:SAN JOAQUIN R A JERSEY POINT CA,2021-08-18
cb5e77b13c658e8b,source_ood,1,validation,USGS_Sacramento_Delta,USGS_Sacramento_Delta,waterbody:USGS_Sacramento_Delta:SAN JOAQUIN R A JERSEY POINT CA,2021-08-18
1a053c17cefbcd2d,source_ood,1,validation,USGS_Sacramento_Delta,USGS_Sacramento_Delta,waterbody:USGS_Sacramento_Delta:SAN JOAQUIN R A JERSEY POINT CA,2021-08-18
c52d53e9dd5843dd,source_ood,1,validation,USGS_Sacramento_Delta,USGS_Sacramento_Delta,waterbody:USGS_Sacramento_Delta:MIDDLE R AT MIDDLE RIVER CA,2021-08-18
b0292fbb66619575,source_ood,1,validation,USGS_Sacramento_Delta,USGS_Sacramento_Delta,waterbody:USGS_Sacramento_Delta:MIDDLE R AT MIDDLE RIVER CA,2021-08-18
6d53bc4e71993ae9,source_ood,1,validation,USGS_Sacramento_Delta,USGS_Sacramento_Delta,waterbody:USGS_Sacramento_Delta:MIDDLE R AT MIDDLE RIVER CA,2021-08-18
11c9641278e4180b,source_ood,1,validation,USGS_Sacramento_Delta,USGS_Sacramento_Delta,waterbody:USGS_Sacramento_Delta:MIDDLE R AT MIDDLE RIVER CA,2021-08-18
01787bbf142e0377,source_ood,1,validation,USGS_Sacramento_Delta,USGS_Sacramento_Delta,waterbody:USGS_Sacramento_Delta:OLD R A FRANKS TRACT NR BETHEL ISLAND CA,2020-08-19
3811fc9213d2a8f7,source_ood,1,validation,USGS_Sacramento_Delta,USGS_Sacramento_Delta,waterbody:USGS_Sacramento_Delta:OLD R A FRANKS TRACT NR BETHEL ISLAND CA,2020-08-19
323b0a6354bec024,source_ood,1,validation,USGS_Sacramento_Delta,USGS_Sacramento_Delta,waterbody:USGS_Sacramento_Delta:OLD R A BACON ISLAND CA,2020-08-19
9d252afc9ea7dd70,source_ood,1,validation,USGS_Sacramento_Delta,USGS_Sacramento_Delta,waterbody:USGS_Sacramento_Delta:OLD R A BACON ISLAND CA,2020-08-19
278e2b73fcb11421,source_ood,1,validation,USGS_Sacramento_Delta,USGS_Sacramento_Delta,waterbody:USGS_Sacramento_Delta:OLD R A INDIAN SLOUGH CA,2020-08-19
dff7eed6257f9505,source_ood,1,validation,USGS_Sacramento_Delta,USGS_Sacramento_Delta,waterbody:USGS_Sacramento_Delta:OLD R A INDIAN SLOUGH CA,2020-08-19
8c27dfaae0ef778b,source_ood,1,validation,USGS_Sacramento_Delta,USGS_Sacramento_Delta,waterbody:USGS_Sacramento_Delta:OLD R A CLIFTON COURT FERRY CA,2020-08-19
4f1d480c123ffdf9,source_ood,1,validation,USGS_Sacramento_Delta,USGS_Sacramento_Delta,waterbody:USGS_Sacramento_Delta:OLD R A CLIFTON COURT FERRY CA,2020-08-19
b75434976158c50d,source_ood,1,validation,USGS_Sacramento_Delta,USGS_Sacramento_Delta,waterbody:USGS_Sacramento_Delta:MIDDLE R A BORDEN HWY NR TRACY CA,2020-08-19
1ec61b64113707fb,source_ood,1,validation,USGS_Sacramento_Delta,USGS_Sacramento_Delta,waterbody:USGS_Sacramento_Delta:MIDDLE R A BORDEN HWY NR TRACY CA,2020-08-19
c80cc2c5573ebec9,source_ood,1,validation,USGS_Sacramento_Delta,USGS_Sacramento_Delta,waterbody:USGS_Sacramento_Delta:MIDDLE R NR HOLT CA,2020-08-19
78178f961d8f0405,source_ood,1,validation,USGS_Sacramento_Delta,USGS_Sacramento_Delta,waterbody:USGS_Sacramento_Delta:MIDDLE R NR HOLT CA,2020-08-19
3a0ebeefd3896fb1,source_ood,1,validation,USGS_Sacramento_Delta,USGS_Sacramento_Delta,waterbody:USGS_Sacramento_Delta:LITTLE POTATO SLOUGH A TERMINOUS CA,2020-08-19
6fe6eb395aeea494,source_ood,1,validation,USGS_Sacramento_Delta,USGS_Sacramento_Delta,waterbody:USGS_Sacramento_Delta:LITTLE POTATO SLOUGH A TERMINOUS CA,2020-08-19
8b2b926b639904f7,source_ood,1,validation,USGS_Sacramento_Delta,USGS_Sacramento_Delta,waterbody:USGS_Sacramento_Delta:S MOKELUMNE R A SYCAMORE SLOUGH NR TERMINOUS CA,2020-08-19
3fa9e30fb4d571db,source_ood,1,validation,USGS_Sacramento_Delta,USGS_Sacramento_Delta,waterbody:USGS_Sacramento_Delta:S MOKELUMNE R A SYCAMORE SLOUGH NR TERMINOUS CA,2020-08-19
11a208e12c0cc287,source_ood,1,validation,USGS_Sacramento_Delta,USGS_Sacramento_Delta,waterbody:USGS_Sacramento_Delta:SYCAMORE SLOUGH NR TERMINOUS CA,2020-08-19
4addd080d5f91151,source_ood,1,validation,USGS_Sacramento_Delta,USGS_Sacramento_Delta,waterbody:USGS_Sacramento_Delta:SYCAMORE SLOUGH NR TERMINOUS CA,2020-08-19
36a0993c4890996a,source_ood,1,validation,USGS_Sacramento_Delta,USGS_Sacramento_Delta,waterbody:USGS_Sacramento_Delta:N MOKELUMNE NR WALNUT GROVE CA,2020-08-19
bfccd8a37bdf579c,source_ood,1,validation,USGS_Sacramento_Delta,USGS_Sacramento_Delta,waterbody:USGS_Sacramento_Delta:N MOKELUMNE NR WALNUT GROVE CA,2020-08-19
73aaf181345036ae,source_ood,1,validation,USGS_Sacramento_Delta,USGS_Sacramento_Delta,waterbody:USGS_Sacramento_Delta:N MOKELUMNE R A TYLER ISLAND RD NR ISELTON CA,2020-08-19
3ef5c9eb51cda109,source_ood,1,validation,USGS_Sacramento_Delta,USGS_Sacramento_Delta,waterbody:USGS_Sacramento_Delta:N MOKELUMNE R A TYLER ISLAND RD NR ISELTON CA,2020-08-19
7db32a5240706ff2,source_ood,1,validation,USGS_Sacramento_Delta,USGS_Sacramento_Delta,waterbody:USGS_Sacramento_Delta:MIDDLE R AT MIDDLE RIVER CA,2024-08-20
da1ea6920ef4c750,source_ood,1,validation,USGS_Sacramento_Delta,USGS_Sacramento_Delta,waterbody:USGS_Sacramento_Delta:MIDDLE R AT MIDDLE RIVER CA,2024-08-20
24a2e1f25c875786,source_ood,1,validation,USGS_Sacramento_Delta,USGS_Sacramento_Delta,waterbody:USGS_Sacramento_Delta:MIDDLE R AT MIDDLE RIVER CA,2024-08-20
f24286735a9236e0,source_ood,1,validation,USGS_Sacramento_Delta,USGS_Sacramento_Delta,waterbody:USGS_Sacramento_Delta:OLD R A BACON ISLAND CA,2024-08-20
f16681242e3c282e,source_ood,1,validation,USGS_Sacramento_Delta,USGS_Sacramento_Delta,waterbody:USGS_Sacramento_Delta:OLD R A BACON ISLAND CA,2024-08-20
9246ad24ab3726ef,source_ood,1,validation,USGS_Sacramento_Delta,USGS_Sacramento_Delta,waterbody:USGS_Sacramento_Delta:OLD R A BACON ISLAND CA,2024-08-20
33ffa10ebaa327f7,source_ood,1,validation,USGS_Sacramento_Delta,USGS_Sacramento_Delta,waterbody:USGS_Sacramento_Delta:SAN JOAQUIN R A JERSEY POINT CA,2024-08-21
7f175eac7f42093c,source_ood,1,validation,USGS_Sacramento_Delta,USGS_Sacramento_Delta,waterbody:USGS_Sacramento_Delta:SAN JOAQUIN R A JERSEY POINT CA,2024-08-21
492e720a28f63ac8,source_ood,1,validation,USGS_Sacramento_Delta,USGS_Sacramento_Delta,waterbody:USGS_Sacramento_Delta:SAN JOAQUIN R A JERSEY POINT CA,2024-08-21
2e80ff7bfb0e9c24,source_ood,1,validation,USGS_Sacramento_Delta,USGS_Sacramento_Delta,waterbody:USGS_Sacramento_Delta:SACRAMENTO R BL TOLAND LANDING NR RIO VISTA CA,2024-08-21
57f699fca5b7377b,source_ood,1,validation,USGS_Sacramento_Delta,USGS_Sacramento_Delta,waterbody:USGS_Sacramento_Delta:SACRAMENTO R BL TOLAND LANDING NR RIO VISTA CA,2024-08-21
d81e0d2f9ea033cb,source_ood,1,validation,USGS_Sacramento_Delta,USGS_Sacramento_Delta,waterbody:USGS_Sacramento_Delta:SACRAMENTO R BL TOLAND LANDING NR RIO VISTA CA,2024-08-21
2537566a304b5e38,source_ood,1,validation,USGS_Sacramento_Delta,USGS_Sacramento_Delta,waterbody:USGS_Sacramento_Delta:CACHE SLOUGH A S LIBERTY ISLAND NR RIO VISTA CA,2023-08-22
6af0bf92b3816304,source_ood,1,validation,USGS_Sacramento_Delta,USGS_Sacramento_Delta,waterbody:USGS_Sacramento_Delta:CACHE SLOUGH A S LIBERTY ISLAND NR RIO VISTA CA,2023-08-22
3c6761081e8f6c6f,source_ood,1,validation,USGS_Sacramento_Delta,USGS_Sacramento_Delta,waterbody:USGS_Sacramento_Delta:CACHE SLOUGH A S LIBERTY ISLAND NR RIO VISTA CA,2023-08-22
32527a66c0ac4988,source_ood,1,validation,USGS_Sacramento_Delta,USGS_Sacramento_Delta,waterbody:USGS_Sacramento_Delta:FRANKS TRACT SITE 0.4 NR BETHEL ISLAND CA,2023-08-22
86894865c0028c76,source_ood,1,validation,USGS_Sacramento_Delta,USGS_Sacramento_Delta,waterbody:USGS_Sacramento_Delta:FRANKS TRACT SITE 0.4 NR BETHEL ISLAND CA,2023-08-22
0bf6ce662b5b9b1b,source_ood,1,validation,USGS_Sacramento_Delta,USGS_Sacramento_Delta,waterbody:USGS_Sacramento_Delta:FRANKS TRACT SITE 0.4 NR BETHEL ISLAND CA,2023-08-22
eea36cec3f08e168,source_ood,1,validation,USGS_Sacramento_Delta,USGS_Sacramento_Delta,waterbody:USGS_Sacramento_Delta:FRANKS TRACT SITE 1.2 NR BETHEL ISLAND CA,2023-08-22
d0b6994c923e2ab4,source_ood,1,validation,USGS_Sacramento_Delta,USGS_Sacramento_Delta,waterbody:USGS_Sacramento_Delta:FRANKS TRACT SITE 1.2 NR BETHEL ISLAND CA,2023-08-22
b50f91d1b12571ad,source_ood,1,validation,USGS_Sacramento_Delta,USGS_Sacramento_Delta,waterbody:USGS_Sacramento_Delta:FRANKS TRACT SITE 1.2 NR BETHEL ISLAND CA,2023-08-22
74a74b13d3926966,source_ood,1,validation,USGS_Sacramento_Delta,USGS_Sacramento_Delta,waterbody:USGS_Sacramento_Delta:FRANKS TRACT SITE 2.4 NR BETHEL ISLAND CA,2023-08-22
a69e0efe11e7b40b,source_ood,1,validation,USGS_Sacramento_Delta,USGS_Sacramento_Delta,waterbody:USGS_Sacramento_Delta:FRANKS TRACT SITE 2.4 NR BETHEL ISLAND CA,2023-08-22
ce97f59c6825f596,source_ood,1,validation,USGS_Sacramento_Delta,USGS_Sacramento_Delta,waterbody:USGS_Sacramento_Delta:FRANKS TRACT SITE 2.4 NR BETHEL ISLAND CA,2023-08-22
2c1a93cab24523dd,source_ood,1,validation,USGS_Sacramento_Delta,USGS_Sacramento_Delta,waterbody:USGS_Sacramento_Delta:MILDRED ISLAND SITE 1.1 NR ORWOOD CA,2023-08-22
383b6346542fcfb9,source_ood,1,validation,USGS_Sacramento_Delta,USGS_Sacramento_Delta,waterbody:USGS_Sacramento_Delta:MILDRED ISLAND SITE 1.1 NR ORWOOD CA,2023-08-22
6514f4e4400a8bd6,source_ood,1,validation,USGS_Sacramento_Delta,USGS_Sacramento_Delta,waterbody:USGS_Sacramento_Delta:MILDRED ISLAND SITE 1.1 NR ORWOOD CA,2023-08-22
2a67925a99b2f18a,source_ood,1,validation,USGS_Sacramento_Delta,USGS_Sacramento_Delta,waterbody:USGS_Sacramento_Delta:MILDRED ISLAND SITE 2.4 NR ORWOOD CA,2023-08-22
df09af75e549f161,source_ood,1,validation,USGS_Sacramento_Delta,USGS_Sacramento_Delta,waterbody:USGS_Sacramento_Delta:MILDRED ISLAND SITE 2.4 NR ORWOOD CA,2023-08-22
0c0e118f7b4597ea,source_ood,1,validation,USGS_Sacramento_Delta,USGS_Sacramento_Delta,waterbody:USGS_Sacramento_Delta:MILDRED ISLAND SITE 2.4 NR ORWOOD CA,2023-08-22
af2acbdea6d0efcf,source_ood,1,validation,USGS_Sacramento_Delta,USGS_Sacramento_Delta,waterbody:USGS_Sacramento_Delta:CACHE SLOUGH A S LIBERTY ISLAND NR RIO VISTA CA,2024-08-22
1bb9c3d1b75aecf2,source_ood,1,validation,USGS_Sacramento_Delta,USGS_Sacramento_Delta,waterbody:USGS_Sacramento_Delta:CACHE SLOUGH A S LIBERTY ISLAND NR RIO VISTA CA,2024-08-22
88eed47e3b8c1145,source_ood,1,validation,USGS_Sacramento_Delta,USGS_Sacramento_Delta,waterbody:USGS_Sacramento_Delta:CACHE SLOUGH A S LIBERTY ISLAND NR RIO VISTA CA,2024-08-22
2adaf0a5ba462d17,source_ood,1,validation,USGS_Sacramento_Delta,USGS_Sacramento_Delta,waterbody:USGS_Sacramento_Delta:MIDDLE R AT MIDDLE RIVER CA,2022-08-23
4d7e51d6f7bca789,source_ood,1,validation,USGS_Sacramento_Delta,USGS_Sacramento_Delta,waterbody:USGS_Sacramento_Delta:MIDDLE R AT MIDDLE RIVER CA,2022-08-23
a5719ffa1746d715,source_ood,1,validation,USGS_Sacramento_Delta,USGS_Sacramento_Delta,waterbody:USGS_Sacramento_Delta:MIDDLE R AT MIDDLE RIVER CA,2022-08-23
fbe7dc62b7d85870,source_ood,1,validation,USGS_Sacramento_Delta,USGS_Sacramento_Delta,waterbody:USGS_Sacramento_Delta:MIDDLE R AT MIDDLE RIVER CA,2022-08-23
157ed4ef331ecabd,source_ood,1,validation,USGS_Sacramento_Delta,USGS_Sacramento_Delta,waterbody:USGS_Sacramento_Delta:CACHE SLOUGH A S LIBERTY ISLAND NR RIO VISTA CA,2022-08-23
d576a5a70935cdcc,source_ood,1,validation,USGS_Sacramento_Delta,USGS_Sacramento_Delta,waterbody:USGS_Sacramento_Delta:CACHE SLOUGH A S LIBERTY ISLAND NR RIO VISTA CA,2022-08-23
b087249a4b9a8bae,source_ood,1,validation,USGS_Sacramento_Delta,USGS_Sacramento_Delta,waterbody:USGS_Sacramento_Delta:CACHE SLOUGH A S LIBERTY ISLAND NR RIO VISTA CA,2022-08-23
bdb928c5d4471083,source_ood,1,validation,USGS_Sacramento_Delta,USGS_Sacramento_Delta,waterbody:USGS_Sacramento_Delta:CACHE SLOUGH A S LIBERTY ISLAND NR RIO VISTA CA,2022-08-23
c43a9f96491c636f,source_ood,1,validation,USGS_Sacramento_Delta,USGS_Sacramento_Delta,waterbody:USGS_Sacramento_Delta:FRANKS TRACT NR BETHEL ISLAND CA,2022-08-23
d99bbd1adecab917,source_ood,1,validation,USGS_Sacramento_Delta,USGS_Sacramento_Delta,waterbody:USGS_Sacramento_Delta:FRANKS TRACT NR BETHEL ISLAND CA,2022-08-23
a6bbdc880d87c964,source_ood,1,validation,USGS_Sacramento_Delta,USGS_Sacramento_Delta,waterbody:USGS_Sacramento_Delta:FRANKS TRACT NR BETHEL ISLAND CA,2022-08-23
4b6401622ebae518,source_ood,1,validation,USGS_Sacramento_Delta,USGS_Sacramento_Delta,waterbody:USGS_Sacramento_Delta:FRANKS TRACT NR BETHEL ISLAND CA,2022-08-23
219f138fd40eb7db,source_ood,1,validation,USGS_Sacramento_Delta,USGS_Sacramento_Delta,waterbody:USGS_Sacramento_Delta:OLD R A BACON ISLAND CA,2023-08-23
9c5b76f3c9b7ed2e,source_ood,1,validation,USGS_Sacramento_Delta,USGS_Sacramento_Delta,waterbody:USGS_Sacramento_Delta:OLD R A BACON ISLAND CA,2023-08-23
bba995d832851cb0,source_ood,1,validation,USGS_Sacramento_Delta,USGS_Sacramento_Delta,waterbody:USGS_Sacramento_Delta:OLD R A BACON ISLAND CA,2023-08-23
035df9d74e55fc72,source_ood,1,validation,USGS_Sacramento_Delta,USGS_Sacramento_Delta,waterbody:USGS_Sacramento_Delta:MIDDLE R AT MIDDLE RIVER CA,2023-08-23
d08b7ce6b60804cb,source_ood,1,validation,USGS_Sacramento_Delta,USGS_Sacramento_Delta,waterbody:USGS_Sacramento_Delta:MIDDLE R AT MIDDLE RIVER CA,2023-08-23
e744ce25a0126ea6,source_ood,1,validation,USGS_Sacramento_Delta,USGS_Sacramento_Delta,waterbody:USGS_Sacramento_Delta:MIDDLE R AT MIDDLE RIVER CA,2023-08-23
afd5283bef29e0ff,source_ood,1,validation,USGS_Sacramento_Delta,USGS_Sacramento_Delta,waterbody:USGS_Sacramento_Delta:SAN JOAQUIN R A JERSEY POINT CA,2022-08-24
d3c96b1d4ed3c41a,source_ood,1,validation,USGS_Sacramento_Delta,USGS_Sacramento_Delta,waterbody:USGS_Sacramento_Delta:SAN JOAQUIN R A JERSEY POINT CA,2022-08-24
4cd1462ef11fc3ae,source_ood,1,validation,USGS_Sacramento_Delta,USGS_Sacramento_Delta,waterbody:USGS_Sacramento_Delta:SAN JOAQUIN R A JERSEY POINT CA,2022-08-24
cd3ba2e4c79addeb,source_ood,1,validation,USGS_Sacramento_Delta,USGS_Sacramento_Delta,waterbody:USGS_Sacramento_Delta:SAN JOAQUIN R A JERSEY POINT CA,2022-08-24
dd9b0e0d47508d5f,source_ood,1,validation,USGS_Sacramento_Delta,USGS_Sacramento_Delta,waterbody:USGS_Sacramento_Delta:SACRAMENTO R BL TOLAND LANDING NR RIO VISTA CA,2022-08-24
c4b8232515d11f52,source_ood,1,validation,USGS_Sacramento_Delta,USGS_Sacramento_Delta,waterbody:USGS_Sacramento_Delta:SACRAMENTO R BL TOLAND LANDING NR RIO VISTA CA,2022-08-24
254c13a36775632c,source_ood,1,validation,USGS_Sacramento_Delta,USGS_Sacramento_Delta,waterbody:USGS_Sacramento_Delta:SACRAMENTO R BL TOLAND LANDING NR RIO VISTA CA,2022-08-24
06757eec9062bf96,source_ood,1,validation,USGS_Sacramento_Delta,USGS_Sacramento_Delta,waterbody:USGS_Sacramento_Delta:SACRAMENTO R BL TOLAND LANDING NR RIO VISTA CA,2022-08-24
70bae945346eba5a,source_ood,1,validation,USGS_Sacramento_Delta,USGS_Sacramento_Delta,waterbody:USGS_Sacramento_Delta:SACRAMENTO R BL TOLAND LANDING NR RIO VISTA CA,2023-08-24
1b132ec6e0b2bf02,source_ood,1,validation,USGS_Sacramento_Delta,USGS_Sacramento_Delta,waterbody:USGS_Sacramento_Delta:SACRAMENTO R BL TOLAND LANDING NR RIO VISTA CA,2023-08-24
291acc8315c1d11b,source_ood,1,validation,USGS_Sacramento_Delta,USGS_Sacramento_Delta,waterbody:USGS_Sacramento_Delta:SACRAMENTO R BL TOLAND LANDING NR RIO VISTA CA,2023-08-24
39e3928ba2902236,source_ood,1,validation,USGS_Sacramento_Delta,USGS_Sacramento_Delta,waterbody:USGS_Sacramento_Delta:SAN JOAQUIN R AB BUCKLEY COVE NR STOCKTON CA,2023-08-24
0907e1ba87319ca9,source_ood,1,validation,USGS_Sacramento_Delta,USGS_Sacramento_Delta,waterbody:USGS_Sacramento_Delta:SAN JOAQUIN R AB BUCKLEY COVE NR STOCKTON CA,2023-08-24
0bc4d18bcdda1cb9,source_ood,1,validation,USGS_Sacramento_Delta,USGS_Sacramento_Delta,waterbody:USGS_Sacramento_Delta:SAN JOAQUIN R AB BUCKLEY COVE NR STOCKTON CA,2023-08-24
97b46b1347681aa5,source_ood,1,validation,USGS_Sacramento_Delta,USGS_Sacramento_Delta,waterbody:USGS_Sacramento_Delta:SAN JOAQUIN R A JERSEY POINT CA,2023-08-24
f1472da66a6687b8,source_ood,1,validation,USGS_Sacramento_Delta,USGS_Sacramento_Delta,waterbody:USGS_Sacramento_Delta:SAN JOAQUIN R A JERSEY POINT CA,2023-08-24
10fad8eafe05100f,source_ood,1,validation,USGS_Sacramento_Delta,USGS_Sacramento_Delta,waterbody:USGS_Sacramento_Delta:SAN JOAQUIN R A JERSEY POINT CA,2023-08-24
78a14a97157ec09c,source_ood,1,validation,USGS_Sacramento_Delta,USGS_Sacramento_Delta,waterbody:USGS_Sacramento_Delta:San Joaquin R a R mi 72.2 nr Vernalis CA,2021-08-27
f7811df9121abf84,source_ood,1,validation,USGS_Sacramento_Delta,USGS_Sacramento_Delta,waterbody:USGS_Sacramento_Delta:San Joaquin R a R mi 72.2 nr Vernalis CA,2021-08-27
c7990bfce6f37e34,source_ood,1,validation,USGS_Sacramento_Delta,USGS_Sacramento_Delta,waterbody:USGS_Sacramento_Delta:San Joaquin R a R mi 72.2 nr Vernalis CA,2021-08-27
b9da32d8c030aebb,source_ood,1,validation,USGS_Sacramento_Delta,USGS_Sacramento_Delta,waterbody:USGS_Sacramento_Delta:San Joaquin R a R mi 72.2 nr Vernalis CA,2021-08-27
09fa5c90f49e39ad,source_ood,1,validation,USGS_Sacramento_Delta,USGS_Sacramento_Delta,waterbody:USGS_Sacramento_Delta:SAN JOAQUIN R A ROUGH AND READY ISLAND NR STOCKTON,2021-08-30
69ad89bce8077e64,source_ood,1,validation,USGS_Sacramento_Delta,USGS_Sacramento_Delta,waterbody:USGS_Sacramento_Delta:SAN JOAQUIN R A ROUGH AND READY ISLAND NR STOCKTON,2021-08-30
f1f55fe6737a6c0b,source_ood,1,validation,USGS_Sacramento_Delta,USGS_Sacramento_Delta,waterbody:USGS_Sacramento_Delta:SAN JOAQUIN R A ROUGH AND READY ISLAND NR STOCKTON,2021-08-30
c6950ab5ef105d80,source_ood,1,validation,USGS_Sacramento_Delta,USGS_Sacramento_Delta,waterbody:USGS_Sacramento_Delta:SAN JOAQUIN R A ROUGH AND READY ISLAND NR STOCKTON,2021-08-30
2c23c46807a34152,source_ood,1,validation,USGS_Sacramento_Delta,USGS_Sacramento_Delta,waterbody:USGS_Sacramento_Delta:SAN JOAQUIN R A ROUGH AND READY ISLAND NR STOCKTON,2022-08-30
5072118b0c8f0224,source_ood,1,validation,USGS_Sacramento_Delta,USGS_Sacramento_Delta,waterbody:USGS_Sacramento_Delta:SAN JOAQUIN R A ROUGH AND READY ISLAND NR STOCKTON,2022-08-30
6645204150c58779,source_ood,1,validation,USGS_Sacramento_Delta,USGS_Sacramento_Delta,waterbody:USGS_Sacramento_Delta:SAN JOAQUIN R A ROUGH AND READY ISLAND NR STOCKTON,2022-08-30
404f49a89814b908,source_ood,1,validation,USGS_Sacramento_Delta,USGS_Sacramento_Delta,waterbody:USGS_Sacramento_Delta:SAN JOAQUIN R A ROUGH AND READY ISLAND NR STOCKTON,2022-08-30
47dfb0ec160e8827,source_ood,1,validation,USGS_Sacramento_Delta,USGS_Sacramento_Delta,waterbody:USGS_Sacramento_Delta:San Joaquin R a R mi 72.2 nr Vernalis CA,2022-08-30
12640d304836f8cd,source_ood,1,validation,USGS_Sacramento_Delta,USGS_Sacramento_Delta,waterbody:USGS_Sacramento_Delta:San Joaquin R a R mi 72.2 nr Vernalis CA,2022-08-30
a2714256b74a15ae,source_ood,1,validation,USGS_Sacramento_Delta,USGS_Sacramento_Delta,waterbody:USGS_Sacramento_Delta:San Joaquin R a R mi 72.2 nr Vernalis CA,2022-08-30
9ec54b76eb15a375,source_ood,1,validation,USGS_Sacramento_Delta,USGS_Sacramento_Delta,waterbody:USGS_Sacramento_Delta:San Joaquin R a R mi 72.2 nr Vernalis CA,2022-08-30
411245a534cc4903,source_ood,1,validation,USGS_Sacramento_Delta,USGS_Sacramento_Delta,waterbody:USGS_Sacramento_Delta:MIDDLE R AT MIDDLE RIVER CA,2021-09-02
5e140421cc5228ec,source_ood,1,validation,USGS_Sacramento_Delta,USGS_Sacramento_Delta,waterbody:USGS_Sacramento_Delta:MIDDLE R AT MIDDLE RIVER CA,2021-09-02
7e4d91dbdcb541c5,source_ood,1,validation,USGS_Sacramento_Delta,USGS_Sacramento_Delta,waterbody:USGS_Sacramento_Delta:MIDDLE R AT MIDDLE RIVER CA,2021-09-02
373289507c162ece,source_ood,1,validation,USGS_Sacramento_Delta,USGS_Sacramento_Delta,waterbody:USGS_Sacramento_Delta:MIDDLE R AT MIDDLE RIVER CA,2021-09-02
30e9a0aa126f767c,source_ood,1,validation,USGS_Sacramento_Delta,USGS_Sacramento_Delta,waterbody:USGS_Sacramento_Delta:MIDDLE R AT MIDDLE RIVER CA,2024-09-03
6953cc05be35b7de,source_ood,1,validation,USGS_Sacramento_Delta,USGS_Sacramento_Delta,waterbody:USGS_Sacramento_Delta:MIDDLE R AT MIDDLE RIVER CA,2024-09-03
a47785bce6ff3dca,source_ood,1,validation,USGS_Sacramento_Delta,USGS_Sacramento_Delta,waterbody:USGS_Sacramento_Delta:MIDDLE R AT MIDDLE RIVER CA,2024-09-03
f0217513ba708d9b,source_ood,1,validation,USGS_Sacramento_Delta,USGS_Sacramento_Delta,waterbody:USGS_Sacramento_Delta:SACRAMENTO R BL TOLAND LANDING NR RIO VISTA CA,2024-09-03
0114a136b2dfbe35,source_ood,1,validation,USGS_Sacramento_Delta,USGS_Sacramento_Delta,waterbody:USGS_Sacramento_Delta:SACRAMENTO R BL TOLAND LANDING NR RIO VISTA CA,2024-09-03
4576e153da858578,source_ood,1,validation,USGS_Sacramento_Delta,USGS_Sacramento_Delta,waterbody:USGS_Sacramento_Delta:SACRAMENTO R BL TOLAND LANDING NR RIO VISTA CA,2024-09-03
32601a18884b6e26,source_ood,1,validation,USGS_Sacramento_Delta,USGS_Sacramento_Delta,waterbody:USGS_Sacramento_Delta:OLD R A BACON ISLAND CA,2024-09-03
1fc18ca2b1ceacd0,source_ood,1,validation,USGS_Sacramento_Delta,USGS_Sacramento_Delta,waterbody:USGS_Sacramento_Delta:OLD R A BACON ISLAND CA,2024-09-03
f17ae946e560369f,source_ood,1,validation,USGS_Sacramento_Delta,USGS_Sacramento_Delta,waterbody:USGS_Sacramento_Delta:OLD R A BACON ISLAND CA,2024-09-03
2b89e098230cc84f,source_ood,1,validation,USGS_Sacramento_Delta,USGS_Sacramento_Delta,waterbody:USGS_Sacramento_Delta:SAN JOAQUIN R A JERSEY POINT CA,2024-09-03
85a4020f6c9314d1,source_ood,1,validation,USGS_Sacramento_Delta,USGS_Sacramento_Delta,waterbody:USGS_Sacramento_Delta:SAN JOAQUIN R A JERSEY POINT CA,2024-09-03
f91e27fca06cfe44,source_ood,1,validation,USGS_Sacramento_Delta,USGS_Sacramento_Delta,waterbody:USGS_Sacramento_Delta:SAN JOAQUIN R A JERSEY POINT CA,2024-09-03
a5357adf19b09417,source_ood,1,validation,USGS_Sacramento_Delta,USGS_Sacramento_Delta,waterbody:USGS_Sacramento_Delta:SACRAMENTO R BL TOLAND LANDING NR RIO VISTA CA,2023-09-05
beba259c15c66c58,source_ood,1,validation,USGS_Sacramento_Delta,USGS_Sacramento_Delta,waterbody:USGS_Sacramento_Delta:SACRAMENTO R BL TOLAND LANDING NR RIO VISTA CA,2023-09-05
5b41966b407913e6,source_ood,1,validation,USGS_Sacramento_Delta,USGS_Sacramento_Delta,waterbody:USGS_Sacramento_Delta:SACRAMENTO R BL TOLAND LANDING NR RIO VISTA CA,2023-09-05
36d6ffffb345fdc9,source_ood,1,validation,USGS_Sacramento_Delta,USGS_Sacramento_Delta,waterbody:USGS_Sacramento_Delta:SAN JOAQUIN R A JERSEY POINT CA,2023-09-05
d9bd683616648461,source_ood,1,validation,USGS_Sacramento_Delta,USGS_Sacramento_Delta,waterbody:USGS_Sacramento_Delta:SAN JOAQUIN R A JERSEY POINT CA,2023-09-05
ef77303f4ae48aa6,source_ood,1,validation,USGS_Sacramento_Delta,USGS_Sacramento_Delta,waterbody:USGS_Sacramento_Delta:SAN JOAQUIN R A JERSEY POINT CA,2023-09-05
380c5cb32ac361e4,source_ood,1,validation,USGS_Sacramento_Delta,USGS_Sacramento_Delta,waterbody:USGS_Sacramento_Delta:CACHE SLOUGH A S LIBERTY ISLAND NR RIO VISTA CA,2024-09-05
07ad608480435283,source_ood,1,validation,USGS_Sacramento_Delta,USGS_Sacramento_Delta,waterbody:USGS_Sacramento_Delta:CACHE SLOUGH A S LIBERTY ISLAND NR RIO VISTA CA,2024-09-05
1c5b34d5398fc62a,source_ood,1,validation,USGS_Sacramento_Delta,USGS_Sacramento_Delta,waterbody:USGS_Sacramento_Delta:CACHE SLOUGH A S LIBERTY ISLAND NR RIO VISTA CA,2024-09-05
9f443cc33ac62f23,source_ood,1,validation,USGS_Sacramento_Delta,USGS_Sacramento_Delta,waterbody:USGS_Sacramento_Delta:MIDDLE R AT MIDDLE RIVER CA,2022-09-06
071e5e94b56d0dec,source_ood,1,validation,USGS_Sacramento_Delta,USGS_Sacramento_Delta,waterbody:USGS_Sacramento_Delta:MIDDLE R AT MIDDLE RIVER CA,2022-09-06
bf6893ac9a804276,source_ood,1,validation,USGS_Sacramento_Delta,USGS_Sacramento_Delta,waterbody:USGS_Sacramento_Delta:MIDDLE R AT MIDDLE RIVER CA,2022-09-06
f0bc0a3ee0e28b47,source_ood,1,validation,USGS_Sacramento_Delta,USGS_Sacramento_Delta,waterbody:USGS_Sacramento_Delta:MIDDLE R AT MIDDLE RIVER CA,2022-09-06
54302e0654a1f7ce,source_ood,1,validation,USGS_Sacramento_Delta,USGS_Sacramento_Delta,waterbody:USGS_Sacramento_Delta:SACRAMENTO R BL TOLAND LANDING NR RIO VISTA CA,2022-09-07
f66646125a648e01,source_ood,1,validation,USGS_Sacramento_Delta,USGS_Sacramento_Delta,waterbody:USGS_Sacramento_Delta:SACRAMENTO R BL TOLAND LANDING NR RIO VISTA CA,2022-09-07
e8ae5396d79f7d1f,source_ood,1,validation,USGS_Sacramento_Delta,USGS_Sacramento_Delta,waterbody:USGS_Sacramento_Delta:SACRAMENTO R BL TOLAND LANDING NR RIO VISTA CA,2022-09-07
506cbe7e48ea0330,source_ood,1,validation,USGS_Sacramento_Delta,USGS_Sacramento_Delta,waterbody:USGS_Sacramento_Delta:SACRAMENTO R BL TOLAND LANDING NR RIO VISTA CA,2022-09-07
a06c99790e931da4,source_ood,1,validation,USGS_Sacramento_Delta,USGS_Sacramento_Delta,waterbody:USGS_Sacramento_Delta:SAN JOAQUIN R A JERSEY POINT CA,2022-09-07
8cd7d163531ae2e4,source_ood,1,validation,USGS_Sacramento_Delta,USGS_Sacramento_Delta,waterbody:USGS_Sacramento_Delta:SAN JOAQUIN R A JERSEY POINT CA,2022-09-07
3936d4cb289f5642,source_ood,1,validation,USGS_Sacramento_Delta,USGS_Sacramento_Delta,waterbody:USGS_Sacramento_Delta:SAN JOAQUIN R A JERSEY POINT CA,2022-09-07
3738f18840210fdc,source_ood,1,validation,USGS_Sacramento_Delta,USGS_Sacramento_Delta,waterbody:USGS_Sacramento_Delta:SAN JOAQUIN R A JERSEY POINT CA,2022-09-07
306e033726e14df1,source_ood,1,validation,USGS_Sacramento_Delta,USGS_Sacramento_Delta,waterbody:USGS_Sacramento_Delta:CACHE SLOUGH A S LIBERTY ISLAND NR RIO VISTA CA,2023-09-07
334d7cdddd08e8c1,source_ood,1,validation,USGS_Sacramento_Delta,USGS_Sacramento_Delta,waterbody:USGS_Sacramento_Delta:CACHE SLOUGH A S LIBERTY ISLAND NR RIO VISTA CA,2023-09-07
13da88a2274ebf86,source_ood,1,validation,USGS_Sacramento_Delta,USGS_Sacramento_Delta,waterbody:USGS_Sacramento_Delta:CACHE SLOUGH A S LIBERTY ISLAND NR RIO VISTA CA,2023-09-07
8405c20f6553454c,source_ood,1,validation,USGS_Sacramento_Delta,USGS_Sacramento_Delta,waterbody:USGS_Sacramento_Delta:MIDDLE R AT MIDDLE RIVER CA,2023-09-07
07986af58378c986,source_ood,1,validation,USGS_Sacramento_Delta,USGS_Sacramento_Delta,waterbody:USGS_Sacramento_Delta:MIDDLE R AT MIDDLE RIVER CA,2023-09-07
7d332d3a24d4be66,source_ood,1,validation,USGS_Sacramento_Delta,USGS_Sacramento_Delta,waterbody:USGS_Sacramento_Delta:MIDDLE R AT MIDDLE RIVER CA,2023-09-07
983e54b0ef2211cf,source_ood,1,validation,USGS_Sacramento_Delta,USGS_Sacramento_Delta,waterbody:USGS_Sacramento_Delta:OLD R A BACON ISLAND CA,2023-09-07
427170a74877eaa8,source_ood,1,validation,USGS_Sacramento_Delta,USGS_Sacramento_Delta,waterbody:USGS_Sacramento_Delta:OLD R A BACON ISLAND CA,2023-09-07
a645f84b8be720a0,source_ood,1,validation,USGS_Sacramento_Delta,USGS_Sacramento_Delta,waterbody:USGS_Sacramento_Delta:OLD R A BACON ISLAND CA,2023-09-07
2aee8abbe9b0c551,source_ood,1,validation,USGS_Sacramento_Delta,USGS_Sacramento_Delta,waterbody:USGS_Sacramento_Delta:FRANKS TRACT NR BETHEL ISLAND CA,2022-09-08
0d859645518a8913,source_ood,1,validation,USGS_Sacramento_Delta,USGS_Sacramento_Delta,waterbody:USGS_Sacramento_Delta:FRANKS TRACT NR BETHEL ISLAND CA,2022-09-08
9443d5b21ca65e17,source_ood,1,validation,USGS_Sacramento_Delta,USGS_Sacramento_Delta,waterbody:USGS_Sacramento_Delta:FRANKS TRACT NR BETHEL ISLAND CA,2022-09-08
6d47d54d2dbd19a3,source_ood,1,validation,USGS_Sacramento_Delta,USGS_Sacramento_Delta,waterbody:USGS_Sacramento_Delta:FRANKS TRACT NR BETHEL ISLAND CA,2022-09-08
dfd65dccc60fc5db,source_ood,1,validation,USGS_Sacramento_Delta,USGS_Sacramento_Delta,waterbody:USGS_Sacramento_Delta:San Joaquin R a R mi 72.2 nr Vernalis CA,2021-09-09
546c37bd1f00004e,source_ood,1,validation,USGS_Sacramento_Delta,USGS_Sacramento_Delta,waterbody:USGS_Sacramento_Delta:San Joaquin R a R mi 72.2 nr Vernalis CA,2021-09-09
6e21ebf56a9e01a3,source_ood,1,validation,USGS_Sacramento_Delta,USGS_Sacramento_Delta,waterbody:USGS_Sacramento_Delta:San Joaquin R a R mi 72.2 nr Vernalis CA,2021-09-09
492976ad2efb3e0a,source_ood,1,validation,USGS_Sacramento_Delta,USGS_Sacramento_Delta,waterbody:USGS_Sacramento_Delta:San Joaquin R a R mi 72.2 nr Vernalis CA,2021-09-09
cf00504668d209ad,source_ood,1,validation,USGS_Sacramento_Delta,USGS_Sacramento_Delta,waterbody:USGS_Sacramento_Delta:CACHE SLOUGH A S LIBERTY ISLAND NR RIO VISTA CA,2022-09-09
a96f8f41ac71a3c0,source_ood,1,validation,USGS_Sacramento_Delta,USGS_Sacramento_Delta,waterbody:USGS_Sacramento_Delta:CACHE SLOUGH A S LIBERTY ISLAND NR RIO VISTA CA,2022-09-09
ba88594bcf217e20,source_ood,1,validation,USGS_Sacramento_Delta,USGS_Sacramento_Delta,waterbody:USGS_Sacramento_Delta:CACHE SLOUGH A S LIBERTY ISLAND NR RIO VISTA CA,2022-09-09
36b82cd59ba02591,source_ood,1,validation,USGS_Sacramento_Delta,USGS_Sacramento_Delta,waterbody:USGS_Sacramento_Delta:CACHE SLOUGH A S LIBERTY ISLAND NR RIO VISTA CA,2022-09-09
57c8567d3223a75c,source_ood,1,validation,USGS_Sacramento_Delta,USGS_Sacramento_Delta,waterbody:USGS_Sacramento_Delta:SAN JOAQUIN R AB BUCKLEY COVE NR STOCKTON CA,2021-09-10
6e0a56dab50a30d7,source_ood,1,validation,USGS_Sacramento_Delta,USGS_Sacramento_Delta,waterbody:USGS_Sacramento_Delta:SAN JOAQUIN R AB BUCKLEY COVE NR STOCKTON CA,2021-09-10
cd7fd9132dcd9cdf,source_ood,1,validation,USGS_Sacramento_Delta,USGS_Sacramento_Delta,waterbody:USGS_Sacramento_Delta:SAN JOAQUIN R AB BUCKLEY COVE NR STOCKTON CA,2021-09-10
245572a0e18bcaef,source_ood,1,validation,USGS_Sacramento_Delta,USGS_Sacramento_Delta,waterbody:USGS_Sacramento_Delta:SAN JOAQUIN R AB BUCKLEY COVE NR STOCKTON CA,2021-09-10
bbb9480d2a50e026,source_ood,1,validation,USGS_Sacramento_Delta,USGS_Sacramento_Delta,waterbody:USGS_Sacramento_Delta:San Joaquin R a R mi 72.2 nr Vernalis CA,2022-09-13
d7a39bdb6b77640c,source_ood,1,validation,USGS_Sacramento_Delta,USGS_Sacramento_Delta,waterbody:USGS_Sacramento_Delta:San Joaquin R a R mi 72.2 nr Vernalis CA,2022-09-13
990750cb96dd80a2,source_ood,1,validation,USGS_Sacramento_Delta,USGS_Sacramento_Delta,waterbody:USGS_Sacramento_Delta:San Joaquin R a R mi 72.2 nr Vernalis CA,2022-09-13
910e3fc78249c0c3,source_ood,1,validation,USGS_Sacramento_Delta,USGS_Sacramento_Delta,waterbody:USGS_Sacramento_Delta:San Joaquin R a R mi 72.2 nr Vernalis CA,2022-09-13
250288f6bf522610,source_ood,1,validation,USGS_Sacramento_Delta,USGS_Sacramento_Delta,waterbody:USGS_Sacramento_Delta:SAN JOAQUIN R AB BUCKLEY COVE NR STOCKTON CA,2022-09-15
b1eeeba63b950a31,source_ood,1,validation,USGS_Sacramento_Delta,USGS_Sacramento_Delta,waterbody:USGS_Sacramento_Delta:SAN JOAQUIN R AB BUCKLEY COVE NR STOCKTON CA,2022-09-15
80217e035bf6be23,source_ood,1,validation,USGS_Sacramento_Delta,USGS_Sacramento_Delta,waterbody:USGS_Sacramento_Delta:SAN JOAQUIN R AB BUCKLEY COVE NR STOCKTON CA,2022-09-15
4c02f960bd978c84,source_ood,1,validation,USGS_Sacramento_Delta,USGS_Sacramento_Delta,waterbody:USGS_Sacramento_Delta:SAN JOAQUIN R AB BUCKLEY COVE NR STOCKTON CA,2022-09-15
d5436373b117b2f6,source_ood,1,validation,USGS_Sacramento_Delta,USGS_Sacramento_Delta,waterbody:USGS_Sacramento_Delta:MIDDLE R AT MIDDLE RIVER CA,2021-09-16
75651050cbd75b0f,source_ood,1,validation,USGS_Sacramento_Delta,USGS_Sacramento_Delta,waterbody:USGS_Sacramento_Delta:MIDDLE R AT MIDDLE RIVER CA,2021-09-16
37c6ba7ee7a713a6,source_ood,1,validation,USGS_Sacramento_Delta,USGS_Sacramento_Delta,waterbody:USGS_Sacramento_Delta:MIDDLE R AT MIDDLE RIVER CA,2021-09-16
50a029c94607468e,source_ood,1,validation,USGS_Sacramento_Delta,USGS_Sacramento_Delta,waterbody:USGS_Sacramento_Delta:MIDDLE R AT MIDDLE RIVER CA,2021-09-16
e710dddb153c3583,source_ood,1,validation,USGS_Sacramento_Delta,USGS_Sacramento_Delta,waterbody:USGS_Sacramento_Delta:MIDDLE R AT MIDDLE RIVER CA,2024-09-17
f999cffe29abb893,source_ood,1,validation,USGS_Sacramento_Delta,USGS_Sacramento_Delta,waterbody:USGS_Sacramento_Delta:MIDDLE R AT MIDDLE RIVER CA,2024-09-17
659235951c0533be,source_ood,1,validation,USGS_Sacramento_Delta,USGS_Sacramento_Delta,waterbody:USGS_Sacramento_Delta:MIDDLE R AT MIDDLE RIVER CA,2024-09-17
5a366185ae5fe2cd,source_ood,1,validation,USGS_Sacramento_Delta,USGS_Sacramento_Delta,waterbody:USGS_Sacramento_Delta:OLD R A BACON ISLAND CA,2024-09-17
50a76ce2058371ab,source_ood,1,validation,USGS_Sacramento_Delta,USGS_Sacramento_Delta,waterbody:USGS_Sacramento_Delta:OLD R A BACON ISLAND CA,2024-09-17
aaca3c1b0d1b370a,source_ood,1,validation,USGS_Sacramento_Delta,USGS_Sacramento_Delta,waterbody:USGS_Sacramento_Delta:OLD R A BACON ISLAND CA,2024-09-17
5e5730504bfa2e2f,source_ood,1,validation,USGS_Sacramento_Delta,USGS_Sacramento_Delta,waterbody:USGS_Sacramento_Delta:SACRAMENTO R BL TOLAND LANDING NR RIO VISTA CA,2024-09-17
740c755416178143,source_ood,1,validation,USGS_Sacramento_Delta,USGS_Sacramento_Delta,waterbody:USGS_Sacramento_Delta:SACRAMENTO R BL TOLAND LANDING NR RIO VISTA CA,2024-09-17
7112e74e615d9ebc,source_ood,1,validation,USGS_Sacramento_Delta,USGS_Sacramento_Delta,waterbody:USGS_Sacramento_Delta:SACRAMENTO R BL TOLAND LANDING NR RIO VISTA CA,2024-09-17
28f41434c21ccfd2,source_ood,1,validation,USGS_Sacramento_Delta,USGS_Sacramento_Delta,waterbody:USGS_Sacramento_Delta:SAN JOAQUIN R A JERSEY POINT CA,2024-09-17
78afb057a1ae88d0,source_ood,1,validation,USGS_Sacramento_Delta,USGS_Sacramento_Delta,waterbody:USGS_Sacramento_Delta:SAN JOAQUIN R A JERSEY POINT CA,2024-09-17
944c09ab15833938,source_ood,1,validation,USGS_Sacramento_Delta,USGS_Sacramento_Delta,waterbody:USGS_Sacramento_Delta:SAN JOAQUIN R A JERSEY POINT CA,2024-09-17
61385542cb6b4f56,source_ood,1,validation,USGS_Sacramento_Delta,USGS_Sacramento_Delta,waterbody:USGS_Sacramento_Delta:CACHE SLOUGH A S LIBERTY ISLAND NR RIO VISTA CA,2023-09-19
91e2ab73330704bc,source_ood,1,validation,USGS_Sacramento_Delta,USGS_Sacramento_Delta,waterbody:USGS_Sacramento_Delta:CACHE SLOUGH A S LIBERTY ISLAND NR RIO VISTA CA,2023-09-19
842cfd4bd123513a,source_ood,1,validation,USGS_Sacramento_Delta,USGS_Sacramento_Delta,waterbody:USGS_Sacramento_Delta:CACHE SLOUGH A S LIBERTY ISLAND NR RIO VISTA CA,2023-09-19
be99b101a1257f6f,source_ood,1,validation,USGS_Sacramento_Delta,USGS_Sacramento_Delta,waterbody:USGS_Sacramento_Delta:CACHE SLOUGH A S LIBERTY ISLAND NR RIO VISTA CA,2023-09-19
ab5cbbc06f0ea501,source_ood,1,validation,USGS_Sacramento_Delta,USGS_Sacramento_Delta,waterbody:USGS_Sacramento_Delta:CACHE SLOUGH A S LIBERTY ISLAND NR RIO VISTA CA,2024-09-19
e8605770d776400e,source_ood,1,validation,USGS_Sacramento_Delta,USGS_Sacramento_Delta,waterbody:USGS_Sacramento_Delta:CACHE SLOUGH A S LIBERTY ISLAND NR RIO VISTA CA,2024-09-19
17f21b7a24447dfa,source_ood,1,validation,USGS_Sacramento_Delta,USGS_Sacramento_Delta,waterbody:USGS_Sacramento_Delta:CACHE SLOUGH A S LIBERTY ISLAND NR RIO VISTA CA,2024-09-19
50ad7624af63770f,source_ood,1,validation,USGS_Sacramento_Delta,USGS_Sacramento_Delta,waterbody:USGS_Sacramento_Delta:CACHE SLOUGH A S LIBERTY ISLAND NR RIO VISTA CA,2022-09-20
7d8733947f50f137,source_ood,1,validation,USGS_Sacramento_Delta,USGS_Sacramento_Delta,waterbody:USGS_Sacramento_Delta:CACHE SLOUGH A S LIBERTY ISLAND NR RIO VISTA CA,2022-09-20
f3dcb1adc1b5498e,source_ood,1,validation,USGS_Sacramento_Delta,USGS_Sacramento_Delta,waterbody:USGS_Sacramento_Delta:CACHE SLOUGH A S LIBERTY ISLAND NR RIO VISTA CA,2022-09-20
43c43620e12d20fc,source_ood,1,validation,USGS_Sacramento_Delta,USGS_Sacramento_Delta,waterbody:USGS_Sacramento_Delta:CACHE SLOUGH A S LIBERTY ISLAND NR RIO VISTA CA,2022-09-20
15c08cab595ff795,source_ood,1,validation,USGS_Sacramento_Delta,USGS_Sacramento_Delta,waterbody:USGS_Sacramento_Delta:FRANKS TRACT NR BETHEL ISLAND CA,2022-09-20
8bce4be81b9eddc7,source_ood,1,validation,USGS_Sacramento_Delta,USGS_Sacramento_Delta,waterbody:USGS_Sacramento_Delta:FRANKS TRACT NR BETHEL ISLAND CA,2022-09-20
65bdd0c2359bc7d5,source_ood,1,validation,USGS_Sacramento_Delta,USGS_Sacramento_Delta,waterbody:USGS_Sacramento_Delta:FRANKS TRACT NR BETHEL ISLAND CA,2022-09-20
7924c9d4ff94eff0,source_ood,1,validation,USGS_Sacramento_Delta,USGS_Sacramento_Delta,waterbody:USGS_Sacramento_Delta:FRANKS TRACT NR BETHEL ISLAND CA,2022-09-20
1e7918cf64469de3,source_ood,1,validation,USGS_Sacramento_Delta,USGS_Sacramento_Delta,waterbody:USGS_Sacramento_Delta:SAN JOAQUIN R A JERSEY POINT CA,2021-09-21
e92feefc9466d37d,source_ood,1,validation,USGS_Sacramento_Delta,USGS_Sacramento_Delta,waterbody:USGS_Sacramento_Delta:SAN JOAQUIN R A JERSEY POINT CA,2021-09-21
c8b25e84633c8ddb,source_ood,1,validation,USGS_Sacramento_Delta,USGS_Sacramento_Delta,waterbody:USGS_Sacramento_Delta:SAN JOAQUIN R A JERSEY POINT CA,2021-09-21
b2583223e64d0b66,source_ood,1,validation,USGS_Sacramento_Delta,USGS_Sacramento_Delta,waterbody:USGS_Sacramento_Delta:SAN JOAQUIN R A JERSEY POINT CA,2021-09-21
0cb6de126f921e58,source_ood,1,validation,USGS_Sacramento_Delta,USGS_Sacramento_Delta,waterbody:USGS_Sacramento_Delta:SAN JOAQUIN R A JERSEY POINT CA,2021-09-21
44786eb04fd487f9,source_ood,1,validation,USGS_Sacramento_Delta,USGS_Sacramento_Delta,waterbody:USGS_Sacramento_Delta:SACRAMENTO R BL TOLAND LANDING NR RIO VISTA CA,2021-09-21
1336f86f81e0b1f1,source_ood,1,validation,USGS_Sacramento_Delta,USGS_Sacramento_Delta,waterbody:USGS_Sacramento_Delta:SACRAMENTO R BL TOLAND LANDING NR RIO VISTA CA,2021-09-21
9bbd5f321eb2c548,source_ood,1,validation,USGS_Sacramento_Delta,USGS_Sacramento_Delta,waterbody:USGS_Sacramento_Delta:SACRAMENTO R BL TOLAND LANDING NR RIO VISTA CA,2021-09-21
332579f5b0e0e319,source_ood,1,validation,USGS_Sacramento_Delta,USGS_Sacramento_Delta,waterbody:USGS_Sacramento_Delta:SACRAMENTO R BL TOLAND LANDING NR RIO VISTA CA,2021-09-21
b4b218c45b1173e1,source_ood,1,validation,USGS_Sacramento_Delta,USGS_Sacramento_Delta,waterbody:USGS_Sacramento_Delta:SACRAMENTO R BL TOLAND LANDING NR RIO VISTA CA,2021-09-21
b05815c6bb1e00f6,source_ood,1,validation,USGS_Sacramento_Delta,USGS_Sacramento_Delta,waterbody:USGS_Sacramento_Delta:SACRAMENTO R BL TOLAND LANDING NR RIO VISTA CA,2023-09-21
b47bda113f74242b,source_ood,1,validation,USGS_Sacramento_Delta,USGS_Sacramento_Delta,waterbody:USGS_Sacramento_Delta:SACRAMENTO R BL TOLAND LANDING NR RIO VISTA CA,2023-09-21
891339b54ce004c8,source_ood,1,validation,USGS_Sacramento_Delta,USGS_Sacramento_Delta,waterbody:USGS_Sacramento_Delta:SACRAMENTO R BL TOLAND LANDING NR RIO VISTA CA,2023-09-21
2a7ac5a03067c672,source_ood,1,validation,USGS_Sacramento_Delta,USGS_Sacramento_Delta,waterbody:USGS_Sacramento_Delta:SACRAMENTO R BL TOLAND LANDING NR RIO VISTA CA,2023-09-21
19383ce3216fa74c,source_ood,1,validation,USGS_Sacramento_Delta,USGS_Sacramento_Delta,waterbody:USGS_Sacramento_Delta:SAN JOAQUIN R A JERSEY POINT CA,2023-09-21
3173e6432a4fc9e5,source_ood,1,validation,USGS_Sacramento_Delta,USGS_Sacramento_Delta,waterbody:USGS_Sacramento_Delta:SAN JOAQUIN R A JERSEY POINT CA,2023-09-21
d5f6acb41c407f66,source_ood,1,validation,USGS_Sacramento_Delta,USGS_Sacramento_Delta,waterbody:USGS_Sacramento_Delta:SAN JOAQUIN R A JERSEY POINT CA,2023-09-21
de8d5e3030e53432,source_ood,1,validation,USGS_Sacramento_Delta,USGS_Sacramento_Delta,waterbody:USGS_Sacramento_Delta:SAN JOAQUIN R A JERSEY POINT CA,2023-09-21
149a9ef92255d8b7,source_ood,1,validation,USGS_Sacramento_Delta,USGS_Sacramento_Delta,waterbody:USGS_Sacramento_Delta:OLD R A BACON ISLAND CA,2023-09-21
e99ff24d0a0e426a,source_ood,1,validation,USGS_Sacramento_Delta,USGS_Sacramento_Delta,waterbody:USGS_Sacramento_Delta:OLD R A BACON ISLAND CA,2023-09-21
c52d4e6394f53cc2,source_ood,1,validation,USGS_Sacramento_Delta,USGS_Sacramento_Delta,waterbody:USGS_Sacramento_Delta:OLD R A BACON ISLAND CA,2023-09-21
56fb607f95545525,source_ood,1,validation,USGS_Sacramento_Delta,USGS_Sacramento_Delta,waterbody:USGS_Sacramento_Delta:OLD R A BACON ISLAND CA,2023-09-21
7fe6b96d89a3763c,source_ood,1,validation,USGS_Sacramento_Delta,USGS_Sacramento_Delta,waterbody:USGS_Sacramento_Delta:SACRAMENTO R BL TOLAND LANDING NR RIO VISTA CA,2022-09-22
9c3705c74f822c9c,source_ood,1,validation,USGS_Sacramento_Delta,USGS_Sacramento_Delta,waterbody:USGS_Sacramento_Delta:SACRAMENTO R BL TOLAND LANDING NR RIO VISTA CA,2022-09-22
7febed31b8f1f9c5,source_ood,1,validation,USGS_Sacramento_Delta,USGS_Sacramento_Delta,waterbody:USGS_Sacramento_Delta:SACRAMENTO R BL TOLAND LANDING NR RIO VISTA CA,2022-09-22
207bc3c4e31a957e,source_ood,1,validation,USGS_Sacramento_Delta,USGS_Sacramento_Delta,waterbody:USGS_Sacramento_Delta:SACRAMENTO R BL TOLAND LANDING NR RIO VISTA CA,2022-09-22
36913f927caca585,source_ood,1,validation,USGS_Sacramento_Delta,USGS_Sacramento_Delta,waterbody:USGS_Sacramento_Delta:SAN JOAQUIN R A JERSEY POINT CA,2022-09-22
4278e88c9591b107,source_ood,1,validation,USGS_Sacramento_Delta,USGS_Sacramento_Delta,waterbody:USGS_Sacramento_Delta:SAN JOAQUIN R A JERSEY POINT CA,2022-09-22
8ae1ecf56838a55b,source_ood,1,validation,USGS_Sacramento_Delta,USGS_Sacramento_Delta,waterbody:USGS_Sacramento_Delta:SAN JOAQUIN R A JERSEY POINT CA,2022-09-22
8215813e62b91779,source_ood,1,validation,USGS_Sacramento_Delta,USGS_Sacramento_Delta,waterbody:USGS_Sacramento_Delta:SAN JOAQUIN R A JERSEY POINT CA,2022-09-22
f28a22f719083219,source_ood,1,validation,USGS_Sacramento_Delta,USGS_Sacramento_Delta,waterbody:USGS_Sacramento_Delta:MIDDLE R AT MIDDLE RIVER CA,2022-09-22
6516186e8cbeab08,source_ood,1,validation,USGS_Sacramento_Delta,USGS_Sacramento_Delta,waterbody:USGS_Sacramento_Delta:MIDDLE R AT MIDDLE RIVER CA,2022-09-22
70db31b4780685fc,source_ood,1,validation,USGS_Sacramento_Delta,USGS_Sacramento_Delta,waterbody:USGS_Sacramento_Delta:MIDDLE R AT MIDDLE RIVER CA,2022-09-22
4e91e217d162bb9b,source_ood,1,validation,USGS_Sacramento_Delta,USGS_Sacramento_Delta,waterbody:USGS_Sacramento_Delta:MIDDLE R AT MIDDLE RIVER CA,2022-09-22
df729965afe7af2f,source_ood,1,validation,USGS_Sacramento_Delta,USGS_Sacramento_Delta,waterbody:USGS_Sacramento_Delta:SAN JOAQUIN R A JERSEY POINT CA,2020-09-23
82197e486fbac567,source_ood,1,validation,USGS_Sacramento_Delta,USGS_Sacramento_Delta,waterbody:USGS_Sacramento_Delta:SAN JOAQUIN R A JERSEY POINT CA,2020-09-23
f89add55aba0ca8f,source_ood,1,validation,USGS_Sacramento_Delta,USGS_Sacramento_Delta,waterbody:USGS_Sacramento_Delta:SAN JOAQUIN R A JERSEY POINT CA,2020-09-23
f10e058b66b2e76c,source_ood,1,validation,USGS_Sacramento_Delta,USGS_Sacramento_Delta,waterbody:USGS_Sacramento_Delta:CACHE SLOUGH A S LIBERTY ISLAND NR RIO VISTA CA,2021-09-23
41d54d1a500fec92,source_ood,1,validation,USGS_Sacramento_Delta,USGS_Sacramento_Delta,waterbody:USGS_Sacramento_Delta:CACHE SLOUGH A S LIBERTY ISLAND NR RIO VISTA CA,2021-09-23
4e463b5ca293e1fb,source_ood,1,validation,USGS_Sacramento_Delta,USGS_Sacramento_Delta,waterbody:USGS_Sacramento_Delta:CACHE SLOUGH A S LIBERTY ISLAND NR RIO VISTA CA,2021-09-23
3f08fae5ffc3528d,source_ood,1,validation,USGS_Sacramento_Delta,USGS_Sacramento_Delta,waterbody:USGS_Sacramento_Delta:CACHE SLOUGH A S LIBERTY ISLAND NR RIO VISTA CA,2021-09-23
3172f19851f077ec,source_ood,1,validation,USGS_Sacramento_Delta,USGS_Sacramento_Delta,waterbody:USGS_Sacramento_Delta:San Joaquin R a R mi 72.2 nr Vernalis CA,2021-09-24
df1ad396a379057e,source_ood,1,validation,USGS_Sacramento_Delta,USGS_Sacramento_Delta,waterbody:USGS_Sacramento_Delta:San Joaquin R a R mi 72.2 nr Vernalis CA,2021-09-24
f2a03e54a8216bb0,source_ood,1,validation,USGS_Sacramento_Delta,USGS_Sacramento_Delta,waterbody:USGS_Sacramento_Delta:San Joaquin R a R mi 72.2 nr Vernalis CA,2021-09-24
4e8e47ffd30cf94e,source_ood,1,validation,USGS_Sacramento_Delta,USGS_Sacramento_Delta,waterbody:USGS_Sacramento_Delta:San Joaquin R a R mi 72.2 nr Vernalis CA,2021-09-24
f0290268cba9d03f,source_ood,1,validation,USGS_Sacramento_Delta,USGS_Sacramento_Delta,waterbody:USGS_Sacramento_Delta:SAN JOAQUIN R A ROUGH AND READY ISLAND NR STOCKTON,2021-09-24
b527293dd8fff3a2,source_ood,1,validation,USGS_Sacramento_Delta,USGS_Sacramento_Delta,waterbody:USGS_Sacramento_Delta:SAN JOAQUIN R A ROUGH AND READY ISLAND NR STOCKTON,2021-09-24
a466231c41f5dcad,source_ood,1,validation,USGS_Sacramento_Delta,USGS_Sacramento_Delta,waterbody:USGS_Sacramento_Delta:SAN JOAQUIN R A ROUGH AND READY ISLAND NR STOCKTON,2021-09-24
7d19720cf6affdcb,source_ood,1,validation,USGS_Sacramento_Delta,USGS_Sacramento_Delta,waterbody:USGS_Sacramento_Delta:SAN JOAQUIN R A ROUGH AND READY ISLAND NR STOCKTON,2021-09-24
b0e308714f3bc328,source_ood,1,validation,USGS_Sacramento_Delta,USGS_Sacramento_Delta,waterbody:USGS_Sacramento_Delta:MIDDLE R AT MIDDLE RIVER CA,2023-09-25
08736a28064bfaa4,source_ood,1,validation,USGS_Sacramento_Delta,USGS_Sacramento_Delta,waterbody:USGS_Sacramento_Delta:MIDDLE R AT MIDDLE RIVER CA,2023-09-25
f49d2435b1e08128,source_ood,1,validation,USGS_Sacramento_Delta,USGS_Sacramento_Delta,waterbody:USGS_Sacramento_Delta:MIDDLE R AT MIDDLE RIVER CA,2023-09-25
91f570e5678b65b2,source_ood,1,validation,USGS_Sacramento_Delta,USGS_Sacramento_Delta,waterbody:USGS_Sacramento_Delta:MIDDLE R AT MIDDLE RIVER CA,2023-09-25
6183f1fa785fa378,source_ood,1,validation,USGS_Sacramento_Delta,USGS_Sacramento_Delta,waterbody:USGS_Sacramento_Delta:SAN JOAQUIN R A ROUGH AND READY ISLAND NR STOCKTON,2022-09-26
a0d2c191328fd5af,source_ood,1,validation,USGS_Sacramento_Delta,USGS_Sacramento_Delta,waterbody:USGS_Sacramento_Delta:SAN JOAQUIN R A ROUGH AND READY ISLAND NR STOCKTON,2022-09-26
59f41def26088ed7,source_ood,1,validation,USGS_Sacramento_Delta,USGS_Sacramento_Delta,waterbody:USGS_Sacramento_Delta:SAN JOAQUIN R A ROUGH AND READY ISLAND NR STOCKTON,2022-09-26
ffcf935d736414c3,source_ood,1,validation,USGS_Sacramento_Delta,USGS_Sacramento_Delta,waterbody:USGS_Sacramento_Delta:SAN JOAQUIN R A ROUGH AND READY ISLAND NR STOCKTON,2022-09-26
ce7984e8460b8e29,source_ood,1,validation,USGS_Sacramento_Delta,USGS_Sacramento_Delta,waterbody:USGS_Sacramento_Delta:San Joaquin R a R mi 72.2 nr Vernalis CA,2022-09-26
ec829e00b9a86548,source_ood,1,validation,USGS_Sacramento_Delta,USGS_Sacramento_Delta,waterbody:USGS_Sacramento_Delta:San Joaquin R a R mi 72.2 nr Vernalis CA,2022-09-26
017712a5ba87593c,source_ood,1,validation,USGS_Sacramento_Delta,USGS_Sacramento_Delta,waterbody:USGS_Sacramento_Delta:San Joaquin R a R mi 72.2 nr Vernalis CA,2022-09-26
5e239a1da54f49fa,source_ood,1,validation,USGS_Sacramento_Delta,USGS_Sacramento_Delta,waterbody:USGS_Sacramento_Delta:San Joaquin R a R mi 72.2 nr Vernalis CA,2022-09-26
52ad8300f7c38796,source_ood,1,validation,USGS_Sacramento_Delta,USGS_Sacramento_Delta,waterbody:USGS_Sacramento_Delta:TWITCHELL ISLAND DR A PUMP STATION NR RIO VISTA CA,2023-09-26
b40459bd0b3c07a5,source_ood,1,validation,USGS_Sacramento_Delta,USGS_Sacramento_Delta,waterbody:USGS_Sacramento_Delta:TWITCHELL ISLAND DR A PUMP STATION NR RIO VISTA CA,2023-09-26
4bce10d4f4aee175,source_ood,1,validation,USGS_Sacramento_Delta,USGS_Sacramento_Delta,waterbody:USGS_Sacramento_Delta:TWITCHELL ISLAND DR A PUMP STATION NR RIO VISTA CA,2023-09-26
6ccd8d591d80de7f,source_ood,1,validation,USGS_Sacramento_Delta,USGS_Sacramento_Delta,waterbody:USGS_Sacramento_Delta:STATEN ISLAND NR TERMINOUS CA,2023-09-26
18f58149933c7757,source_ood,1,validation,USGS_Sacramento_Delta,USGS_Sacramento_Delta,waterbody:USGS_Sacramento_Delta:STATEN ISLAND NR TERMINOUS CA,2023-09-26
cef6704f9b46e288,source_ood,1,validation,USGS_Sacramento_Delta,USGS_Sacramento_Delta,waterbody:USGS_Sacramento_Delta:STATEN ISLAND NR TERMINOUS CA,2023-09-26
927ef0dd02d1bb8e,source_ood,1,validation,USGS_Sacramento_Delta,USGS_Sacramento_Delta,waterbody:USGS_Sacramento_Delta:STATEN ISLAND DRAIN NR TERMINOUS CA,2023-09-26
68aa1f27c2f68265,source_ood,1,validation,USGS_Sacramento_Delta,USGS_Sacramento_Delta,waterbody:USGS_Sacramento_Delta:STATEN ISLAND DRAIN NR TERMINOUS CA,2023-09-26
0bce229b9516bb8e,source_ood,1,validation,USGS_Sacramento_Delta,USGS_Sacramento_Delta,waterbody:USGS_Sacramento_Delta:STATEN ISLAND DRAIN NR TERMINOUS CA,2023-09-26
10b21368717ced15,source_ood,1,validation,USGS_Sacramento_Delta,USGS_Sacramento_Delta,waterbody:USGS_Sacramento_Delta:MILDRED ISLAND SITE 1.1 NR ORWOOD CA,2023-09-27
8ac1f928cf36d9bc,source_ood,1,validation,USGS_Sacramento_Delta,USGS_Sacramento_Delta,waterbody:USGS_Sacramento_Delta:MILDRED ISLAND SITE 1.1 NR ORWOOD CA,2023-09-27
eb336efa4551c006,source_ood,1,validation,USGS_Sacramento_Delta,USGS_Sacramento_Delta,waterbody:USGS_Sacramento_Delta:MILDRED ISLAND SITE 1.1 NR ORWOOD CA,2023-09-27
659a8570ecb87910,source_ood,1,validation,USGS_Sacramento_Delta,USGS_Sacramento_Delta,waterbody:USGS_Sacramento_Delta:MILDRED ISLAND SITE 2.4 NR ORWOOD CA,2023-09-27
3c2c99ec14f9a5ad,source_ood,1,validation,USGS_Sacramento_Delta,USGS_Sacramento_Delta,waterbody:USGS_Sacramento_Delta:MILDRED ISLAND SITE 2.4 NR ORWOOD CA,2023-09-27
d2af5bbebc32a365,source_ood,1,validation,USGS_Sacramento_Delta,USGS_Sacramento_Delta,waterbody:USGS_Sacramento_Delta:MILDRED ISLAND SITE 2.4 NR ORWOOD CA,2023-09-27
79a415e7a79329e1,source_ood,1,validation,USGS_Sacramento_Delta,USGS_Sacramento_Delta,waterbody:USGS_Sacramento_Delta:FRANKS TRACT SITE 0.4 NR BETHEL ISLAND CA,2023-09-27
6c64e7170f72144a,source_ood,1,validation,USGS_Sacramento_Delta,USGS_Sacramento_Delta,waterbody:USGS_Sacramento_Delta:FRANKS TRACT SITE 0.4 NR BETHEL ISLAND CA,2023-09-27
e1719f54bab313f6,source_ood,1,validation,USGS_Sacramento_Delta,USGS_Sacramento_Delta,waterbody:USGS_Sacramento_Delta:FRANKS TRACT SITE 0.4 NR BETHEL ISLAND CA,2023-09-27
a4c81b9d9d92d955,source_ood,1,validation,USGS_Sacramento_Delta,USGS_Sacramento_Delta,waterbody:USGS_Sacramento_Delta:FRANKS TRACT SITE 1.2 NR BETHEL ISLAND CA,2023-09-27
75cd3aadac123876,source_ood,1,validation,USGS_Sacramento_Delta,USGS_Sacramento_Delta,waterbody:USGS_Sacramento_Delta:FRANKS TRACT SITE 1.2 NR BETHEL ISLAND CA,2023-09-27
737b28f1eeb43ee7,source_ood,1,validation,USGS_Sacramento_Delta,USGS_Sacramento_Delta,waterbody:USGS_Sacramento_Delta:FRANKS TRACT SITE 1.2 NR BETHEL ISLAND CA,2023-09-27
c28fb2312e07614a,source_ood,1,validation,USGS_Sacramento_Delta,USGS_Sacramento_Delta,waterbody:USGS_Sacramento_Delta:FRANKS TRACT SITE 2.4 NR BETHEL ISLAND CA,2023-09-27
343a1ae7a89922f7,source_ood,1,validation,USGS_Sacramento_Delta,USGS_Sacramento_Delta,waterbody:USGS_Sacramento_Delta:FRANKS TRACT SITE 2.4 NR BETHEL ISLAND CA,2023-09-27
4973b196a5b299e6,source_ood,1,validation,USGS_Sacramento_Delta,USGS_Sacramento_Delta,waterbody:USGS_Sacramento_Delta:FRANKS TRACT SITE 2.4 NR BETHEL ISLAND CA,2023-09-27
5ff86ecc75306f21,source_ood,1,validation,USGS_Sacramento_Delta,USGS_Sacramento_Delta,waterbody:USGS_Sacramento_Delta:SAN JOAQUIN R AB BUCKLEY COVE NR STOCKTON CA,2023-09-28
d19b2978088b931c,source_ood,1,validation,USGS_Sacramento_Delta,USGS_Sacramento_Delta,waterbody:USGS_Sacramento_Delta:SAN JOAQUIN R AB BUCKLEY COVE NR STOCKTON CA,2023-09-28
287fb781deee9a2c,source_ood,1,validation,USGS_Sacramento_Delta,USGS_Sacramento_Delta,waterbody:USGS_Sacramento_Delta:SAN JOAQUIN R AB BUCKLEY COVE NR STOCKTON CA,2023-09-28
50ad266a7e86ae48,source_ood,1,validation,USGS_Sacramento_Delta,USGS_Sacramento_Delta,waterbody:USGS_Sacramento_Delta:SAN JOAQUIN R AB BUCKLEY COVE NR STOCKTON CA,2023-09-28
067bc00cae93c443,source_ood,1,validation,USGS_Sacramento_Delta,USGS_Sacramento_Delta,waterbody:USGS_Sacramento_Delta:SAN JOAQUIN R A JERSEY POINT CA,2024-10-01
2558a3edbc8907b5,source_ood,1,validation,USGS_Sacramento_Delta,USGS_Sacramento_Delta,waterbody:USGS_Sacramento_Delta:SAN JOAQUIN R A JERSEY POINT CA,2024-10-01
827f7afee93fb277,source_ood,1,validation,USGS_Sacramento_Delta,USGS_Sacramento_Delta,waterbody:USGS_Sacramento_Delta:SAN JOAQUIN R A JERSEY POINT CA,2024-10-01
febd2afe2bab614c,source_ood,1,validation,USGS_Sacramento_Delta,USGS_Sacramento_Delta,waterbody:USGS_Sacramento_Delta:SACRAMENTO R BL TOLAND LANDING NR RIO VISTA CA,2024-10-01
3e8554dd95e10f90,source_ood,1,validation,USGS_Sacramento_Delta,USGS_Sacramento_Delta,waterbody:USGS_Sacramento_Delta:SACRAMENTO R BL TOLAND LANDING NR RIO VISTA CA,2024-10-01
3d56c0fe26aa83b7,source_ood,1,validation,USGS_Sacramento_Delta,USGS_Sacramento_Delta,waterbody:USGS_Sacramento_Delta:SACRAMENTO R BL TOLAND LANDING NR RIO VISTA CA,2024-10-01
991aa047a22e246b,source_ood,1,validation,USGS_Sacramento_Delta,USGS_Sacramento_Delta,waterbody:USGS_Sacramento_Delta:MIDDLE R AT MIDDLE RIVER CA,2024-10-01
73e437176a707a02,source_ood,1,validation,USGS_Sacramento_Delta,USGS_Sacramento_Delta,waterbody:USGS_Sacramento_Delta:MIDDLE R AT MIDDLE RIVER CA,2024-10-01
17df0771afa88774,source_ood,1,validation,USGS_Sacramento_Delta,USGS_Sacramento_Delta,waterbody:USGS_Sacramento_Delta:MIDDLE R AT MIDDLE RIVER CA,2024-10-01
7392e4b503e0afd9,source_ood,1,validation,USGS_Sacramento_Delta,USGS_Sacramento_Delta,waterbody:USGS_Sacramento_Delta:OLD R A BACON ISLAND CA,2024-10-01
d4f0999a8cd4718f,source_ood,1,validation,USGS_Sacramento_Delta,USGS_Sacramento_Delta,waterbody:USGS_Sacramento_Delta:OLD R A BACON ISLAND CA,2024-10-01
ee3f03452fe7e90b,source_ood,1,validation,USGS_Sacramento_Delta,USGS_Sacramento_Delta,waterbody:USGS_Sacramento_Delta:OLD R A BACON ISLAND CA,2024-10-01
83e3a5304bb576ce,source_ood,1,validation,USGS_Sacramento_Delta,USGS_Sacramento_Delta,waterbody:USGS_Sacramento_Delta:MIDDLE R AT MIDDLE RIVER CA,2022-10-03
0695c7fa3ce44e9d,source_ood,1,validation,USGS_Sacramento_Delta,USGS_Sacramento_Delta,waterbody:USGS_Sacramento_Delta:MIDDLE R AT MIDDLE RIVER CA,2022-10-03
d32e912f36c6d8ae,source_ood,1,validation,USGS_Sacramento_Delta,USGS_Sacramento_Delta,waterbody:USGS_Sacramento_Delta:MIDDLE R AT MIDDLE RIVER CA,2022-10-03
ded51f4722a14249,source_ood,1,validation,USGS_Sacramento_Delta,USGS_Sacramento_Delta,waterbody:USGS_Sacramento_Delta:MIDDLE R AT MIDDLE RIVER CA,2022-10-03
f9a8dd2bccba295c,source_ood,1,validation,USGS_Sacramento_Delta,USGS_Sacramento_Delta,waterbody:USGS_Sacramento_Delta:SACRAMENTO R BL TOLAND LANDING NR RIO VISTA CA,2023-10-03
4aee5c942ed8f59d,source_ood,1,validation,USGS_Sacramento_Delta,USGS_Sacramento_Delta,waterbody:USGS_Sacramento_Delta:SACRAMENTO R BL TOLAND LANDING NR RIO VISTA CA,2023-10-03
3ae2fa8053d25989,source_ood,1,validation,USGS_Sacramento_Delta,USGS_Sacramento_Delta,waterbody:USGS_Sacramento_Delta:SACRAMENTO R BL TOLAND LANDING NR RIO VISTA CA,2023-10-03
f2919a3f4b3d2cb3,source_ood,1,validation,USGS_Sacramento_Delta,USGS_Sacramento_Delta,waterbody:USGS_Sacramento_Delta:SACRAMENTO R BL TOLAND LANDING NR RIO VISTA CA,2023-10-03
870df72e530097e8,source_ood,1,validation,USGS_Sacramento_Delta,USGS_Sacramento_Delta,waterbody:USGS_Sacramento_Delta:SAN JOAQUIN R A JERSEY POINT CA,2023-10-03
65850816bcd9183e,source_ood,1,validation,USGS_Sacramento_Delta,USGS_Sacramento_Delta,waterbody:USGS_Sacramento_Delta:SAN JOAQUIN R A JERSEY POINT CA,2023-10-03
7110c72b510ffa2d,source_ood,1,validation,USGS_Sacramento_Delta,USGS_Sacramento_Delta,waterbody:USGS_Sacramento_Delta:SAN JOAQUIN R A JERSEY POINT CA,2023-10-03
5e98cf26dc15592f,source_ood,1,validation,USGS_Sacramento_Delta,USGS_Sacramento_Delta,waterbody:USGS_Sacramento_Delta:SAN JOAQUIN R A JERSEY POINT CA,2023-10-03
55ca063b1fac424e,source_ood,1,validation,USGS_Sacramento_Delta,USGS_Sacramento_Delta,waterbody:USGS_Sacramento_Delta:CACHE SLOUGH A S LIBERTY ISLAND NR RIO VISTA CA,2024-10-03
003915a153adbdde,source_ood,1,validation,USGS_Sacramento_Delta,USGS_Sacramento_Delta,waterbody:USGS_Sacramento_Delta:CACHE SLOUGH A S LIBERTY ISLAND NR RIO VISTA CA,2024-10-03
7022304219ea9744,source_ood,1,validation,USGS_Sacramento_Delta,USGS_Sacramento_Delta,waterbody:USGS_Sacramento_Delta:CACHE SLOUGH A S LIBERTY ISLAND NR RIO VISTA CA,2024-10-03
87eb234be30b08cc,source_ood,1,validation,USGS_Sacramento_Delta,USGS_Sacramento_Delta,waterbody:USGS_Sacramento_Delta:CACHE SLOUGH A S LIBERTY ISLAND NR RIO VISTA CA,2021-10-04
49ce350712b95030,source_ood,1,validation,USGS_Sacramento_Delta,USGS_Sacramento_Delta,waterbody:USGS_Sacramento_Delta:CACHE SLOUGH A S LIBERTY ISLAND NR RIO VISTA CA,2021-10-04
18d86b0319bceb30,source_ood,1,validation,USGS_Sacramento_Delta,USGS_Sacramento_Delta,waterbody:USGS_Sacramento_Delta:SHAG SLOUGH A LIBERTY ISLAND NR COURTLAND CA,2021-10-04
57e8de578e6f37ac,source_ood,1,validation,USGS_Sacramento_Delta,USGS_Sacramento_Delta,waterbody:USGS_Sacramento_Delta:SHAG SLOUGH A LIBERTY ISLAND NR COURTLAND CA,2021-10-04
5566e37b9967ad20,source_ood,1,validation,USGS_Sacramento_Delta,USGS_Sacramento_Delta,waterbody:USGS_Sacramento_Delta:LIBERTY ISLAND A UPPER STAIR STEP NR FIVE POINTS C,2021-10-04
546982ce8adee1be,source_ood,1,validation,USGS_Sacramento_Delta,USGS_Sacramento_Delta,waterbody:USGS_Sacramento_Delta:LIBERTY ISLAND A UPPER STAIR STEP NR FIVE POINTS C,2021-10-04
ec650192d94ac11a,source_ood,1,validation,USGS_Sacramento_Delta,USGS_Sacramento_Delta,waterbody:USGS_Sacramento_Delta:PROSPECT SLOUGH A PROSPECT ISLAND NR RYDE CA,2021-10-04
bde03d10b63a63da,source_ood,1,validation,USGS_Sacramento_Delta,USGS_Sacramento_Delta,waterbody:USGS_Sacramento_Delta:PROSPECT SLOUGH A PROSPECT ISLAND NR RYDE CA,2021-10-04
bc3f6db562acc7b2,source_ood,1,validation,USGS_Sacramento_Delta,USGS_Sacramento_Delta,waterbody:USGS_Sacramento_Delta:CACHE SLOUGH AB RYER ISLAND FERRY NR RIO VISTA CA,2021-10-04
e481a349e56b38ed,source_ood,1,validation,USGS_Sacramento_Delta,USGS_Sacramento_Delta,waterbody:USGS_Sacramento_Delta:CACHE SLOUGH AB RYER ISLAND FERRY NR RIO VISTA CA,2021-10-04
4be480c63a059752,source_ood,1,validation,USGS_Sacramento_Delta,USGS_Sacramento_Delta,waterbody:USGS_Sacramento_Delta:SACRAMENTO R BL TOLAND LANDING NR RIO VISTA CA,2021-10-04
a33af936315f7a0c,source_ood,1,validation,USGS_Sacramento_Delta,USGS_Sacramento_Delta,waterbody:USGS_Sacramento_Delta:SACRAMENTO R BL TOLAND LANDING NR RIO VISTA CA,2021-10-04
41dc65b44b9111cb,source_ood,1,validation,USGS_Sacramento_Delta,USGS_Sacramento_Delta,waterbody:USGS_Sacramento_Delta:SUISUN BAY A VAN SICKLE ISLAND NR PITTSBURG CA,2021-10-04
64cef052eb9441d1,source_ood,1,validation,USGS_Sacramento_Delta,USGS_Sacramento_Delta,waterbody:USGS_Sacramento_Delta:SUISUN BAY A VAN SICKLE ISLAND NR PITTSBURG CA,2021-10-04
4aff7ec22f5044f9,source_ood,1,validation,USGS_Sacramento_Delta,USGS_Sacramento_Delta,waterbody:USGS_Sacramento_Delta:GRIZZLY BAY A SUISUN SLOUGH NR AVON CA,2021-10-04
04cba42eb949e398,source_ood,1,validation,USGS_Sacramento_Delta,USGS_Sacramento_Delta,waterbody:USGS_Sacramento_Delta:GRIZZLY BAY A SUISUN SLOUGH NR AVON CA,2021-10-04
c4d2c8523112dc7d,source_ood,1,validation,USGS_Sacramento_Delta,USGS_Sacramento_Delta,waterbody:USGS_Sacramento_Delta:SUISUN BAY A VAN SICKLE ISLAND NR PITTSBURG CA,2021-10-04
53faa90982e5dd05,source_ood,1,validation,USGS_Sacramento_Delta,USGS_Sacramento_Delta,waterbody:USGS_Sacramento_Delta:SUISUN BAY A VAN SICKLE ISLAND NR PITTSBURG CA,2021-10-04
b4b189f06d2ef41c,source_ood,1,validation,USGS_Sacramento_Delta,USGS_Sacramento_Delta,waterbody:USGS_Sacramento_Delta:SAN JOAQUIN R A JERSEY POINT CA,2021-10-04
08d397bfc5991c38,source_ood,1,validation,USGS_Sacramento_Delta,USGS_Sacramento_Delta,waterbody:USGS_Sacramento_Delta:SAN JOAQUIN R A JERSEY POINT CA,2021-10-04
6dce4157a99aa133,source_ood,1,validation,USGS_Sacramento_Delta,USGS_Sacramento_Delta,waterbody:USGS_Sacramento_Delta:SAN JOAQUIN R A JERSEY POINT CA,2022-10-04
6d9da342ea9786f3,source_ood,1,validation,USGS_Sacramento_Delta,USGS_Sacramento_Delta,waterbody:USGS_Sacramento_Delta:SAN JOAQUIN R A JERSEY POINT CA,2022-10-04
d6cd9ee9ab4781ba,source_ood,1,validation,USGS_Sacramento_Delta,USGS_Sacramento_Delta,waterbody:USGS_Sacramento_Delta:SAN JOAQUIN R A JERSEY POINT CA,2022-10-04
159b301634666428,source_ood,1,validation,USGS_Sacramento_Delta,USGS_Sacramento_Delta,waterbody:USGS_Sacramento_Delta:SAN JOAQUIN R A JERSEY POINT CA,2022-10-04
c8d57ce0f23bafbf,source_ood,1,validation,USGS_Sacramento_Delta,USGS_Sacramento_Delta,waterbody:USGS_Sacramento_Delta:SACRAMENTO R BL TOLAND LANDING NR RIO VISTA CA,2022-10-04
670a11e6efc69a92,source_ood,1,validation,USGS_Sacramento_Delta,USGS_Sacramento_Delta,waterbody:USGS_Sacramento_Delta:SACRAMENTO R BL TOLAND LANDING NR RIO VISTA CA,2022-10-04
91768ba8e4f85530,source_ood,1,validation,USGS_Sacramento_Delta,USGS_Sacramento_Delta,waterbody:USGS_Sacramento_Delta:SACRAMENTO R BL TOLAND LANDING NR RIO VISTA CA,2022-10-04
8f8600a1d4cdbb0a,source_ood,1,validation,USGS_Sacramento_Delta,USGS_Sacramento_Delta,waterbody:USGS_Sacramento_Delta:SACRAMENTO R BL TOLAND LANDING NR RIO VISTA CA,2022-10-04
c7f4a14fd946d6f6,source_ood,1,validation,USGS_Sacramento_Delta,USGS_Sacramento_Delta,waterbody:USGS_Sacramento_Delta:SAN JOAQUIN R AB BUCKLEY COVE NR STOCKTON CA,2023-10-04
10d9f98f96a59641,source_ood,1,validation,USGS_Sacramento_Delta,USGS_Sacramento_Delta,waterbody:USGS_Sacramento_Delta:SAN JOAQUIN R AB BUCKLEY COVE NR STOCKTON CA,2023-10-04
a934169225bebb63,source_ood,1,validation,USGS_Sacramento_Delta,USGS_Sacramento_Delta,waterbody:USGS_Sacramento_Delta:SAN JOAQUIN R AB BUCKLEY COVE NR STOCKTON CA,2023-10-04
f202af9b9c6854e9,source_ood,1,validation,USGS_Sacramento_Delta,USGS_Sacramento_Delta,waterbody:USGS_Sacramento_Delta:SAN JOAQUIN R A JERSEY POINT CA,2020-10-05
a3765f159d2d0bd8,source_ood,1,validation,USGS_Sacramento_Delta,USGS_Sacramento_Delta,waterbody:USGS_Sacramento_Delta:SAN JOAQUIN R A JERSEY POINT CA,2020-10-05
a68ffa65bbf8831a,source_ood,1,validation,USGS_Sacramento_Delta,USGS_Sacramento_Delta,waterbody:USGS_Sacramento_Delta:SAN JOAQUIN R A JERSEY POINT CA,2020-10-05
45cb61cf59384f56,source_ood,1,validation,USGS_Sacramento_Delta,USGS_Sacramento_Delta,waterbody:USGS_Sacramento_Delta:SAN JOAQUIN R A JERSEY POINT CA,2020-10-05
698d52023018eb45,source_ood,1,validation,USGS_Sacramento_Delta,USGS_Sacramento_Delta,waterbody:USGS_Sacramento_Delta:SAN JOAQUIN R A JERSEY POINT CA,2020-10-05
707697841a5dee5d,source_ood,1,validation,USGS_Sacramento_Delta,USGS_Sacramento_Delta,waterbody:USGS_Sacramento_Delta:SAN JOAQUIN R A JERSEY POINT CA,2020-10-05
7b6d8556b3a05ec3,source_ood,1,validation,USGS_Sacramento_Delta,USGS_Sacramento_Delta,waterbody:USGS_Sacramento_Delta:SAN JOAQUIN R A JERSEY POINT CA,2020-10-05
0ad7758cdafd478a,source_ood,1,validation,USGS_Sacramento_Delta,USGS_Sacramento_Delta,waterbody:USGS_Sacramento_Delta:SACRAMENTO R A DECKER ISLAND NR RIO VISTA CA,2020-10-05
5fcddeee101b8b64,source_ood,1,validation,USGS_Sacramento_Delta,USGS_Sacramento_Delta,waterbody:USGS_Sacramento_Delta:SACRAMENTO R A DECKER ISLAND NR RIO VISTA CA,2020-10-05
37b68aefd7faafdf,source_ood,1,validation,USGS_Sacramento_Delta,USGS_Sacramento_Delta,waterbody:USGS_Sacramento_Delta:SACRAMENTO R A DECKER ISLAND NR RIO VISTA CA,2020-10-05
bf3ec1c7245dfada,source_ood,1,validation,USGS_Sacramento_Delta,USGS_Sacramento_Delta,waterbody:USGS_Sacramento_Delta:SACRAMENTO R A DECKER ISLAND NR RIO VISTA CA,2020-10-05
cad92d899e209248,source_ood,1,validation,USGS_Sacramento_Delta,USGS_Sacramento_Delta,waterbody:USGS_Sacramento_Delta:SAN JOAQUIN R AB FALSE NR BETHEL ISLAND CA,2021-10-05
c75ca17ff7b74836,source_ood,1,validation,USGS_Sacramento_Delta,USGS_Sacramento_Delta,waterbody:USGS_Sacramento_Delta:SAN JOAQUIN R AB FALSE NR BETHEL ISLAND CA,2021-10-05
f9f09cd6336f0e41,source_ood,1,validation,USGS_Sacramento_Delta,USGS_Sacramento_Delta,waterbody:USGS_Sacramento_Delta:SAN JOAQUIN R A JERSEY POINT CA,2021-10-05
fd7fee838df68a61,source_ood,1,validation,USGS_Sacramento_Delta,USGS_Sacramento_Delta,waterbody:USGS_Sacramento_Delta:SAN JOAQUIN R A JERSEY POINT CA,2021-10-05
563a8c3d7847fbee,source_ood,1,validation,USGS_Sacramento_Delta,USGS_Sacramento_Delta,waterbody:USGS_Sacramento_Delta:SAN JOAQUIN R A JERSEY POINT CA,2021-10-05
b8fe17fbba066dd4,source_ood,1,validation,USGS_Sacramento_Delta,USGS_Sacramento_Delta,waterbody:USGS_Sacramento_Delta:SAN JOAQUIN R A JERSEY POINT CA,2021-10-05
69c919863002406d,source_ood,1,validation,USGS_Sacramento_Delta,USGS_Sacramento_Delta,waterbody:USGS_Sacramento_Delta:SAN JOAQUIN R A PRISONERS PT NR TERMINOUS CA,2021-10-05
0ed745e7a5dfcbcf,source_ood,1,validation,USGS_Sacramento_Delta,USGS_Sacramento_Delta,waterbody:USGS_Sacramento_Delta:SAN JOAQUIN R A PRISONERS PT NR TERMINOUS CA,2021-10-05
daddb13712ba4f6a,source_ood,1,validation,USGS_Sacramento_Delta,USGS_Sacramento_Delta,waterbody:USGS_Sacramento_Delta:SAN JOAQUIN R A TINSLEY ISLAND NR TERMINOUS CA,2021-10-05
7da117d0012adaf2,source_ood,1,validation,USGS_Sacramento_Delta,USGS_Sacramento_Delta,waterbody:USGS_Sacramento_Delta:SAN JOAQUIN R A TINSLEY ISLAND NR TERMINOUS CA,2021-10-05
19742b6657481742,source_ood,1,validation,USGS_Sacramento_Delta,USGS_Sacramento_Delta,waterbody:USGS_Sacramento_Delta:TURNER CUT NR HOLT CA,2021-10-05
f0d954ba989e1d78,source_ood,1,validation,USGS_Sacramento_Delta,USGS_Sacramento_Delta,waterbody:USGS_Sacramento_Delta:TURNER CUT NR HOLT CA,2021-10-05
7a430e596bce0d36,source_ood,1,validation,USGS_Sacramento_Delta,USGS_Sacramento_Delta,waterbody:USGS_Sacramento_Delta:SAN JOAQUIN R A BUCKLEY COVE NR STOCKTON CA,2021-10-05
7f3ea28e50bd4307,source_ood,1,validation,USGS_Sacramento_Delta,USGS_Sacramento_Delta,waterbody:USGS_Sacramento_Delta:SAN JOAQUIN R A BUCKLEY COVE NR STOCKTON CA,2021-10-05
16f287e0d65dfdf4,source_ood,1,validation,USGS_Sacramento_Delta,USGS_Sacramento_Delta,waterbody:USGS_Sacramento_Delta:SAN JOAQUIN R A NAVY DR NR STOCKTON CA,2021-10-05
d40dcc33a073cdc3,source_ood,1,validation,USGS_Sacramento_Delta,USGS_Sacramento_Delta,waterbody:USGS_Sacramento_Delta:SAN JOAQUIN R A NAVY DR NR STOCKTON CA,2021-10-05
99498d4f24337ed1,source_ood,1,validation,USGS_Sacramento_Delta,USGS_Sacramento_Delta,waterbody:USGS_Sacramento_Delta:SACRAMENTO R BL TOLAND LANDING NR RIO VISTA CA,2021-10-05
25b1c8b7444baf02,source_ood,1,validation,USGS_Sacramento_Delta,USGS_Sacramento_Delta,waterbody:USGS_Sacramento_Delta:SACRAMENTO R BL TOLAND LANDING NR RIO VISTA CA,2021-10-05
489251fa09506c8b,source_ood,1,validation,USGS_Sacramento_Delta,USGS_Sacramento_Delta,waterbody:USGS_Sacramento_Delta:SACRAMENTO R BL TOLAND LANDING NR RIO VISTA CA,2021-10-05
147eeda65f1be9ac,source_ood,1,validation,USGS_Sacramento_Delta,USGS_Sacramento_Delta,waterbody:USGS_Sacramento_Delta:SACRAMENTO R BL TOLAND LANDING NR RIO VISTA CA,2021-10-05
c203d059717e32f5,source_ood,1,validation,USGS_Sacramento_Delta,USGS_Sacramento_Delta,waterbody:USGS_Sacramento_Delta:SAN JOAQUIN R A WINDMILL COVE RD NR HOLT CA,2021-10-05
7e1154932a1643fa,source_ood,1,validation,USGS_Sacramento_Delta,USGS_Sacramento_Delta,waterbody:USGS_Sacramento_Delta:SAN JOAQUIN R A WINDMILL COVE RD NR HOLT CA,2021-10-05
1414c5120f4d503d,source_ood,1,validation,USGS_Sacramento_Delta,USGS_Sacramento_Delta,waterbody:USGS_Sacramento_Delta:FOURTEENMILE SLOUGH NR TERMINOUS CA,2021-10-05
c28829d7c3968970,source_ood,1,validation,USGS_Sacramento_Delta,USGS_Sacramento_Delta,waterbody:USGS_Sacramento_Delta:FOURTEENMILE SLOUGH NR TERMINOUS CA,2021-10-05
5d47299478da7f4c,source_ood,1,validation,USGS_Sacramento_Delta,USGS_Sacramento_Delta,waterbody:USGS_Sacramento_Delta:CACHE SLOUGH A S LIBERTY ISLAND NR RIO VISTA CA,2021-10-05
2cfec52ee395054a,source_ood,1,validation,USGS_Sacramento_Delta,USGS_Sacramento_Delta,waterbody:USGS_Sacramento_Delta:CACHE SLOUGH A S LIBERTY ISLAND NR RIO VISTA CA,2021-10-05
2a1c62c4422e2a26,source_ood,1,validation,USGS_Sacramento_Delta,USGS_Sacramento_Delta,waterbody:USGS_Sacramento_Delta:CACHE SLOUGH A S LIBERTY ISLAND NR RIO VISTA CA,2021-10-05
512639ad808cb147,source_ood,1,validation,USGS_Sacramento_Delta,USGS_Sacramento_Delta,waterbody:USGS_Sacramento_Delta:CACHE SLOUGH A S LIBERTY ISLAND NR RIO VISTA CA,2021-10-05
9046ae07bc47a52e,source_ood,1,validation,USGS_Sacramento_Delta,USGS_Sacramento_Delta,waterbody:USGS_Sacramento_Delta:LITTLE POTATO SLOUGH A TERMINOUS CA,2021-10-05
2b5aa1708311d9ad,source_ood,1,validation,USGS_Sacramento_Delta,USGS_Sacramento_Delta,waterbody:USGS_Sacramento_Delta:LITTLE POTATO SLOUGH A TERMINOUS CA,2021-10-05
927f12504ff553d6,source_ood,1,validation,USGS_Sacramento_Delta,USGS_Sacramento_Delta,waterbody:USGS_Sacramento_Delta:S MOKELUMNE R A SYCAMORE SLOUGH NR TERMINOUS CA,2021-10-05
10b8269911c94a2b,source_ood,1,validation,USGS_Sacramento_Delta,USGS_Sacramento_Delta,waterbody:USGS_Sacramento_Delta:S MOKELUMNE R A SYCAMORE SLOUGH NR TERMINOUS CA,2021-10-05
1fe852fd3f6ae7ca,source_ood,1,validation,USGS_Sacramento_Delta,USGS_Sacramento_Delta,waterbody:USGS_Sacramento_Delta:SYCAMORE SLOUGH NR TERMINOUS CA,2021-10-05
8230a6fb045f9856,source_ood,1,validation,USGS_Sacramento_Delta,USGS_Sacramento_Delta,waterbody:USGS_Sacramento_Delta:SYCAMORE SLOUGH NR TERMINOUS CA,2021-10-05
16628063e9effcfa,source_ood,1,validation,USGS_Sacramento_Delta,USGS_Sacramento_Delta,waterbody:USGS_Sacramento_Delta:N MOKELUMNE NR WALNUT GROVE CA,2021-10-05
5ac64ff13f77183e,source_ood,1,validation,USGS_Sacramento_Delta,USGS_Sacramento_Delta,waterbody:USGS_Sacramento_Delta:N MOKELUMNE NR WALNUT GROVE CA,2021-10-05
c53e2777f15373b4,source_ood,1,validation,USGS_Sacramento_Delta,USGS_Sacramento_Delta,waterbody:USGS_Sacramento_Delta:N MOKELUMNE R A TYLER ISLAND RD NR ISELTON CA,2021-10-05
acbf9e88e083979c,source_ood,1,validation,USGS_Sacramento_Delta,USGS_Sacramento_Delta,waterbody:USGS_Sacramento_Delta:N MOKELUMNE R A TYLER ISLAND RD NR ISELTON CA,2021-10-05
2491e0c763c49e98,source_ood,1,validation,USGS_Sacramento_Delta,USGS_Sacramento_Delta,waterbody:USGS_Sacramento_Delta:CACHE SLOUGH A S LIBERTY ISLAND NR RIO VISTA CA,2022-10-05
9eb8992a09b14b78,source_ood,1,validation,USGS_Sacramento_Delta,USGS_Sacramento_Delta,waterbody:USGS_Sacramento_Delta:CACHE SLOUGH A S LIBERTY ISLAND NR RIO VISTA CA,2022-10-05
08f5754e091c3a87,source_ood,1,validation,USGS_Sacramento_Delta,USGS_Sacramento_Delta,waterbody:USGS_Sacramento_Delta:CACHE SLOUGH A S LIBERTY ISLAND NR RIO VISTA CA,2022-10-05
04d58cb89b90f68c,source_ood,1,validation,USGS_Sacramento_Delta,USGS_Sacramento_Delta,waterbody:USGS_Sacramento_Delta:CACHE SLOUGH A S LIBERTY ISLAND NR RIO VISTA CA,2022-10-05
272bcdeb757b218d,source_ood,1,validation,USGS_Sacramento_Delta,USGS_Sacramento_Delta,waterbody:USGS_Sacramento_Delta:CACHE SLOUGH A S LIBERTY ISLAND NR RIO VISTA CA,2023-10-05
b80e163f9ab1ec27,source_ood,1,validation,USGS_Sacramento_Delta,USGS_Sacramento_Delta,waterbody:USGS_Sacramento_Delta:CACHE SLOUGH A S LIBERTY ISLAND NR RIO VISTA CA,2023-10-05
eb9a92caa27b5a86,source_ood,1,validation,USGS_Sacramento_Delta,USGS_Sacramento_Delta,waterbody:USGS_Sacramento_Delta:CACHE SLOUGH A S LIBERTY ISLAND NR RIO VISTA CA,2023-10-05
18ea1867cd2722f1,source_ood,1,validation,USGS_Sacramento_Delta,USGS_Sacramento_Delta,waterbody:USGS_Sacramento_Delta:CACHE SLOUGH A S LIBERTY ISLAND NR RIO VISTA CA,2023-10-05
83316e337262be4e,source_ood,1,validation,USGS_Sacramento_Delta,USGS_Sacramento_Delta,waterbody:USGS_Sacramento_Delta:MIDDLE R AT MIDDLE RIVER CA,2023-10-05
1b93b503143e95f4,source_ood,1,validation,USGS_Sacramento_Delta,USGS_Sacramento_Delta,waterbody:USGS_Sacramento_Delta:MIDDLE R AT MIDDLE RIVER CA,2023-10-05
2b34c5902c48bc8c,source_ood,1,validation,USGS_Sacramento_Delta,USGS_Sacramento_Delta,waterbody:USGS_Sacramento_Delta:MIDDLE R AT MIDDLE RIVER CA,2023-10-05
4d001a2c2aba3d5b,source_ood,1,validation,USGS_Sacramento_Delta,USGS_Sacramento_Delta,waterbody:USGS_Sacramento_Delta:MIDDLE R AT MIDDLE RIVER CA,2023-10-05
e45d9e82e1908ad0,source_ood,1,validation,USGS_Sacramento_Delta,USGS_Sacramento_Delta,waterbody:USGS_Sacramento_Delta:OLD R A BACON ISLAND CA,2023-10-05
480cc1bd2cc7b5a0,source_ood,1,validation,USGS_Sacramento_Delta,USGS_Sacramento_Delta,waterbody:USGS_Sacramento_Delta:OLD R A BACON ISLAND CA,2023-10-05
8029b0365329d440,source_ood,1,validation,USGS_Sacramento_Delta,USGS_Sacramento_Delta,waterbody:USGS_Sacramento_Delta:OLD R A BACON ISLAND CA,2023-10-05
541469b1ec16720a,source_ood,1,validation,USGS_Sacramento_Delta,USGS_Sacramento_Delta,waterbody:USGS_Sacramento_Delta:OLD R A BACON ISLAND CA,2023-10-05
c5df6b325314234e,source_ood,1,validation,USGS_Sacramento_Delta,USGS_Sacramento_Delta,waterbody:USGS_Sacramento_Delta:CACHE SLOUGH A S LIBERTY ISLAND NR RIO VISTA CA,2020-10-06
db0c7ec75ff26e04,source_ood,1,validation,USGS_Sacramento_Delta,USGS_Sacramento_Delta,waterbody:USGS_Sacramento_Delta:CACHE SLOUGH A S LIBERTY ISLAND NR RIO VISTA CA,2020-10-06
f28b749ef10fb1de,source_ood,1,validation,USGS_Sacramento_Delta,USGS_Sacramento_Delta,waterbody:USGS_Sacramento_Delta:CACHE SLOUGH A S LIBERTY ISLAND NR RIO VISTA CA,2020-10-06
a940d0c098d69890,source_ood,1,validation,USGS_Sacramento_Delta,USGS_Sacramento_Delta,waterbody:USGS_Sacramento_Delta:MIDDLE R AT MIDDLE RIVER CA,2021-10-06
8151d2962a170afa,source_ood,1,validation,USGS_Sacramento_Delta,USGS_Sacramento_Delta,waterbody:USGS_Sacramento_Delta:MIDDLE R AT MIDDLE RIVER CA,2021-10-06
95e337ae7800e6cf,source_ood,1,validation,USGS_Sacramento_Delta,USGS_Sacramento_Delta,waterbody:USGS_Sacramento_Delta:MIDDLE R AT MIDDLE RIVER CA,2021-10-06
ad8881faae8637af,source_ood,1,validation,USGS_Sacramento_Delta,USGS_Sacramento_Delta,waterbody:USGS_Sacramento_Delta:MIDDLE R AT MIDDLE RIVER CA,2021-10-06
ddcdcaf7d1b612b3,source_ood,1,validation,USGS_Sacramento_Delta,USGS_Sacramento_Delta,waterbody:USGS_Sacramento_Delta:OLD R A FRANKS TRACT NR BETHEL ISLAND CA,2021-10-07
716dde74ed0284df,source_ood,1,validation,USGS_Sacramento_Delta,USGS_Sacramento_Delta,waterbody:USGS_Sacramento_Delta:OLD R A FRANKS TRACT NR BETHEL ISLAND CA,2021-10-07
718d0ab58d2dea67,source_ood,1,validation,USGS_Sacramento_Delta,USGS_Sacramento_Delta,waterbody:USGS_Sacramento_Delta:OLD R A BACON ISLAND CA,2021-10-07
6bb6cb33d9506279,source_ood,1,validation,USGS_Sacramento_Delta,USGS_Sacramento_Delta,waterbody:USGS_Sacramento_Delta:OLD R A BACON ISLAND CA,2021-10-07
6a1f2e572a007d40,source_ood,1,validation,USGS_Sacramento_Delta,USGS_Sacramento_Delta,waterbody:USGS_Sacramento_Delta:OLD R A INDIAN SLOUGH CA,2021-10-07
3ba67d4c0db56452,source_ood,1,validation,USGS_Sacramento_Delta,USGS_Sacramento_Delta,waterbody:USGS_Sacramento_Delta:OLD R A INDIAN SLOUGH CA,2021-10-07
d8393a58fba2443e,source_ood,1,validation,USGS_Sacramento_Delta,USGS_Sacramento_Delta,waterbody:USGS_Sacramento_Delta:OLD R A CLIFTON COURT FERRY CA,2021-10-07
dc323df6ace45f9a,source_ood,1,validation,USGS_Sacramento_Delta,USGS_Sacramento_Delta,waterbody:USGS_Sacramento_Delta:OLD R A CLIFTON COURT FERRY CA,2021-10-07
cef1d0312d5f205d,source_ood,1,validation,USGS_Sacramento_Delta,USGS_Sacramento_Delta,waterbody:USGS_Sacramento_Delta:MIDDLE R A BORDEN HWY NR TRACY CA,2021-10-07
0ae8f0ee66054dd7,source_ood,1,validation,USGS_Sacramento_Delta,USGS_Sacramento_Delta,waterbody:USGS_Sacramento_Delta:MIDDLE R A BORDEN HWY NR TRACY CA,2021-10-07
e71a2f1bf1496e64,source_ood,1,validation,USGS_Sacramento_Delta,USGS_Sacramento_Delta,waterbody:USGS_Sacramento_Delta:MIDDLE R NR HOLT CA,2021-10-07
e9e5eff2b034c29d,source_ood,1,validation,USGS_Sacramento_Delta,USGS_Sacramento_Delta,waterbody:USGS_Sacramento_Delta:MIDDLE R NR HOLT CA,2021-10-07
118b52499503c189,source_ood,1,validation,USGS_Sacramento_Delta,USGS_Sacramento_Delta,waterbody:USGS_Sacramento_Delta:GEORGIANA SLOUGH A TYLER ISLAND RD NR ISLETON CA,2021-10-07
093a0342aef7d59d,source_ood,1,validation,USGS_Sacramento_Delta,USGS_Sacramento_Delta,waterbody:USGS_Sacramento_Delta:GEORGIANA SLOUGH A TYLER ISLAND RD NR ISLETON CA,2021-10-07
9549af5a0245f238,source_ood,1,validation,USGS_Sacramento_Delta,USGS_Sacramento_Delta,waterbody:USGS_Sacramento_Delta:SACRAMENTO R AB DELTA CROSS CHANNEL CA,2021-10-07
911960f0433eef5f,source_ood,1,validation,USGS_Sacramento_Delta,USGS_Sacramento_Delta,waterbody:USGS_Sacramento_Delta:SACRAMENTO R AB DELTA CROSS CHANNEL CA,2021-10-07
4d051b61f01789f4,source_ood,1,validation,USGS_Sacramento_Delta,USGS_Sacramento_Delta,waterbody:USGS_Sacramento_Delta:SACRAMENTO R A HOOD CA,2021-10-07
2a734a7f277c5342,source_ood,1,validation,USGS_Sacramento_Delta,USGS_Sacramento_Delta,waterbody:USGS_Sacramento_Delta:SACRAMENTO R A HOOD CA,2021-10-07
cc8569d30fbee468,source_ood,1,validation,USGS_Sacramento_Delta,USGS_Sacramento_Delta,waterbody:USGS_Sacramento_Delta:SACRAMENTO R A FREEPORT CA,2021-10-07
368b7a318187a4ca,source_ood,1,validation,USGS_Sacramento_Delta,USGS_Sacramento_Delta,waterbody:USGS_Sacramento_Delta:SACRAMENTO R A FREEPORT CA,2021-10-07
f84fae6b5a67c739,source_ood,1,validation,USGS_Sacramento_Delta,USGS_Sacramento_Delta,waterbody:USGS_Sacramento_Delta:SUISUN BAY A VAN SICKLE ISLAND NR PITTSBURG CA,2024-10-07
81df3f5b18c4436f,source_ood,1,validation,USGS_Sacramento_Delta,USGS_Sacramento_Delta,waterbody:USGS_Sacramento_Delta:SUISUN BAY A VAN SICKLE ISLAND NR PITTSBURG CA,2024-10-07
60d6770446284d7b,source_ood,1,validation,USGS_Sacramento_Delta,USGS_Sacramento_Delta,waterbody:USGS_Sacramento_Delta:SUISUN BAY A VAN SICKLE ISLAND NR PITTSBURG CA,2024-10-07
46cd412af7eb50bc,source_ood,1,validation,USGS_Sacramento_Delta,USGS_Sacramento_Delta,waterbody:USGS_Sacramento_Delta:GRIZZLY BAY A SUISUN SLOUGH NR AVON CA,2024-10-07
6f9df07cce4ae4b4,source_ood,1,validation,USGS_Sacramento_Delta,USGS_Sacramento_Delta,waterbody:USGS_Sacramento_Delta:GRIZZLY BAY A SUISUN SLOUGH NR AVON CA,2024-10-07
7da58cd385552dfb,source_ood,1,validation,USGS_Sacramento_Delta,USGS_Sacramento_Delta,waterbody:USGS_Sacramento_Delta:GRIZZLY BAY A SUISUN SLOUGH NR AVON CA,2024-10-07
fcc00c191abaf545,source_ood,1,validation,USGS_Sacramento_Delta,USGS_Sacramento_Delta,waterbody:USGS_Sacramento_Delta:SACRAMENTO R BL TOLAND LANDING NR RIO VISTA CA,2024-10-07
cffd7871f6664b82,source_ood,1,validation,USGS_Sacramento_Delta,USGS_Sacramento_Delta,waterbody:USGS_Sacramento_Delta:SACRAMENTO R BL TOLAND LANDING NR RIO VISTA CA,2024-10-07
fd0edec6490df8f3,source_ood,1,validation,USGS_Sacramento_Delta,USGS_Sacramento_Delta,waterbody:USGS_Sacramento_Delta:SACRAMENTO R BL TOLAND LANDING NR RIO VISTA CA,2024-10-07
ffdb190a4b645dd0,source_ood,1,validation,USGS_Sacramento_Delta,USGS_Sacramento_Delta,waterbody:USGS_Sacramento_Delta:CACHE SLOUGH AB RYER ISLAND FERRY NR RIO VISTA CA,2024-10-07
9b48253e25fd121b,source_ood,1,validation,USGS_Sacramento_Delta,USGS_Sacramento_Delta,waterbody:USGS_Sacramento_Delta:CACHE SLOUGH AB RYER ISLAND FERRY NR RIO VISTA CA,2024-10-07
6b9fbe051d9d34d6,source_ood,1,validation,USGS_Sacramento_Delta,USGS_Sacramento_Delta,waterbody:USGS_Sacramento_Delta:CACHE SLOUGH AB RYER ISLAND FERRY NR RIO VISTA CA,2024-10-07
3d8e26a326825a6d,source_ood,1,validation,USGS_Sacramento_Delta,USGS_Sacramento_Delta,waterbody:USGS_Sacramento_Delta:CACHE SLOUGH A S LIBERTY ISLAND NR RIO VISTA CA,2024-10-07
a82d845d3c27d49c,source_ood,1,validation,USGS_Sacramento_Delta,USGS_Sacramento_Delta,waterbody:USGS_Sacramento_Delta:CACHE SLOUGH A S LIBERTY ISLAND NR RIO VISTA CA,2024-10-07
49c25b63f9c5a365,source_ood,1,validation,USGS_Sacramento_Delta,USGS_Sacramento_Delta,waterbody:USGS_Sacramento_Delta:CACHE SLOUGH A S LIBERTY ISLAND NR RIO VISTA CA,2024-10-07
1311987df929dee9,source_ood,1,validation,USGS_Sacramento_Delta,USGS_Sacramento_Delta,waterbody:USGS_Sacramento_Delta:SHAG SLOUGH A LIBERTY ISLAND NR COURTLAND CA,2024-10-07
9e1ead92dd894f9f,source_ood,1,validation,USGS_Sacramento_Delta,USGS_Sacramento_Delta,waterbody:USGS_Sacramento_Delta:SHAG SLOUGH A LIBERTY ISLAND NR COURTLAND CA,2024-10-07
70d0456c00db843b,source_ood,1,validation,USGS_Sacramento_Delta,USGS_Sacramento_Delta,waterbody:USGS_Sacramento_Delta:SHAG SLOUGH A LIBERTY ISLAND NR COURTLAND CA,2024-10-07
c024e7257d9aaec0,source_ood,1,validation,USGS_Sacramento_Delta,USGS_Sacramento_Delta,waterbody:USGS_Sacramento_Delta:LIBERTY ISLAND A UPPER STAIR STEP NR FIVE POINTS C,2024-10-07
1fe53f725501fe52,source_ood,1,validation,USGS_Sacramento_Delta,USGS_Sacramento_Delta,waterbody:USGS_Sacramento_Delta:LIBERTY ISLAND A UPPER STAIR STEP NR FIVE POINTS C,2024-10-07
0953f0ee51d6ec34,source_ood,1,validation,USGS_Sacramento_Delta,USGS_Sacramento_Delta,waterbody:USGS_Sacramento_Delta:LIBERTY ISLAND A UPPER STAIR STEP NR FIVE POINTS C,2024-10-07
1c9098a1dc5b1988,source_ood,1,validation,USGS_Sacramento_Delta,USGS_Sacramento_Delta,waterbody:USGS_Sacramento_Delta:N MOKELUMNE R A TYLER ISLAND RD NR ISELTON CA,2024-10-08
1989c5988e67645a,source_ood,1,validation,USGS_Sacramento_Delta,USGS_Sacramento_Delta,waterbody:USGS_Sacramento_Delta:N MOKELUMNE R A TYLER ISLAND RD NR ISELTON CA,2024-10-08
81061463c7ec4fb6,source_ood,1,validation,USGS_Sacramento_Delta,USGS_Sacramento_Delta,waterbody:USGS_Sacramento_Delta:N MOKELUMNE R A TYLER ISLAND RD NR ISELTON CA,2024-10-08
52d1e69b9a5a5dae,source_ood,1,validation,USGS_Sacramento_Delta,USGS_Sacramento_Delta,waterbody:USGS_Sacramento_Delta:N MOKELUMNE NR WALNUT GROVE CA,2024-10-08
24b6f79cfe96e342,source_ood,1,validation,USGS_Sacramento_Delta,USGS_Sacramento_Delta,waterbody:USGS_Sacramento_Delta:N MOKELUMNE NR WALNUT GROVE CA,2024-10-08
9f4eb20b22ee4b01,source_ood,1,validation,USGS_Sacramento_Delta,USGS_Sacramento_Delta,waterbody:USGS_Sacramento_Delta:N MOKELUMNE NR WALNUT GROVE CA,2024-10-08
2f36ab6fdd5e5768,source_ood,1,validation,USGS_Sacramento_Delta,USGS_Sacramento_Delta,waterbody:USGS_Sacramento_Delta:S MOKELUMNE R A SYCAMORE SLOUGH NR TERMINOUS CA,2024-10-08
fc1f9b90b76732cd,source_ood,1,validation,USGS_Sacramento_Delta,USGS_Sacramento_Delta,waterbody:USGS_Sacramento_Delta:S MOKELUMNE R A SYCAMORE SLOUGH NR TERMINOUS CA,2024-10-08
ad2f2d89ca227662,source_ood,1,validation,USGS_Sacramento_Delta,USGS_Sacramento_Delta,waterbody:USGS_Sacramento_Delta:S MOKELUMNE R A SYCAMORE SLOUGH NR TERMINOUS CA,2024-10-08
66ffc72068086fc5,source_ood,1,validation,USGS_Sacramento_Delta,USGS_Sacramento_Delta,waterbody:USGS_Sacramento_Delta:SYCAMORE SLOUGH NR TERMINOUS CA,2024-10-08
616ab8c3609767ce,source_ood,1,validation,USGS_Sacramento_Delta,USGS_Sacramento_Delta,waterbody:USGS_Sacramento_Delta:SYCAMORE SLOUGH NR TERMINOUS CA,2024-10-08
d6742e152822b80a,source_ood,1,validation,USGS_Sacramento_Delta,USGS_Sacramento_Delta,waterbody:USGS_Sacramento_Delta:SYCAMORE SLOUGH NR TERMINOUS CA,2024-10-08
c47e7b4845e22607,source_ood,1,validation,USGS_Sacramento_Delta,USGS_Sacramento_Delta,waterbody:USGS_Sacramento_Delta:MIDDLE R NR HOLT CA,2024-10-08
7db5499a42028f56,source_ood,1,validation,USGS_Sacramento_Delta,USGS_Sacramento_Delta,waterbody:USGS_Sacramento_Delta:MIDDLE R NR HOLT CA,2024-10-08
b200e1c287b1af3e,source_ood,1,validation,USGS_Sacramento_Delta,USGS_Sacramento_Delta,waterbody:USGS_Sacramento_Delta:MIDDLE R NR HOLT CA,2024-10-08
49ce43eb62d92150,source_ood,1,validation,USGS_Sacramento_Delta,USGS_Sacramento_Delta,waterbody:USGS_Sacramento_Delta:MIDDLE R AT MIDDLE RIVER CA,2024-10-08
28b11738e77565fa,source_ood,1,validation,USGS_Sacramento_Delta,USGS_Sacramento_Delta,waterbody:USGS_Sacramento_Delta:MIDDLE R AT MIDDLE RIVER CA,2024-10-08
5497b6d4cc1382d1,source_ood,1,validation,USGS_Sacramento_Delta,USGS_Sacramento_Delta,waterbody:USGS_Sacramento_Delta:MIDDLE R AT MIDDLE RIVER CA,2024-10-08
4f4b1171cde27312,source_ood,1,validation,USGS_Sacramento_Delta,USGS_Sacramento_Delta,waterbody:USGS_Sacramento_Delta:MIDDLE R A BORDEN HWY NR TRACY CA,2024-10-08
85164279100ab245,source_ood,1,validation,USGS_Sacramento_Delta,USGS_Sacramento_Delta,waterbody:USGS_Sacramento_Delta:MIDDLE R A BORDEN HWY NR TRACY CA,2024-10-08
b2718b608d599ded,source_ood,1,validation,USGS_Sacramento_Delta,USGS_Sacramento_Delta,waterbody:USGS_Sacramento_Delta:MIDDLE R A BORDEN HWY NR TRACY CA,2024-10-08
a83463828c9f69c9,source_ood,1,validation,USGS_Sacramento_Delta,USGS_Sacramento_Delta,waterbody:USGS_Sacramento_Delta:OLD R A CLIFTON COURT FERRY CA,2024-10-08
23f8b49f42626027,source_ood,1,validation,USGS_Sacramento_Delta,USGS_Sacramento_Delta,waterbody:USGS_Sacramento_Delta:OLD R A CLIFTON COURT FERRY CA,2024-10-08
9f35ff83c4637d84,source_ood,1,validation,USGS_Sacramento_Delta,USGS_Sacramento_Delta,waterbody:USGS_Sacramento_Delta:OLD R A CLIFTON COURT FERRY CA,2024-10-08
faba547703f65a51,source_ood,1,validation,USGS_Sacramento_Delta,USGS_Sacramento_Delta,waterbody:USGS_Sacramento_Delta:OLD R A INDIAN SLOUGH CA,2024-10-08
21f222d18200d254,source_ood,1,validation,USGS_Sacramento_Delta,USGS_Sacramento_Delta,waterbody:USGS_Sacramento_Delta:OLD R A INDIAN SLOUGH CA,2024-10-08
f9807df6df6369aa,source_ood,1,validation,USGS_Sacramento_Delta,USGS_Sacramento_Delta,waterbody:USGS_Sacramento_Delta:OLD R A INDIAN SLOUGH CA,2024-10-08
1094c0e30233c623,source_ood,1,validation,USGS_Sacramento_Delta,USGS_Sacramento_Delta,waterbody:USGS_Sacramento_Delta:OLD R A BACON ISLAND CA,2024-10-08
6df8fe9322060ad9,source_ood,1,validation,USGS_Sacramento_Delta,USGS_Sacramento_Delta,waterbody:USGS_Sacramento_Delta:OLD R A BACON ISLAND CA,2024-10-08
22476c6e2c5511bc,source_ood,1,validation,USGS_Sacramento_Delta,USGS_Sacramento_Delta,waterbody:USGS_Sacramento_Delta:OLD R A BACON ISLAND CA,2024-10-08
a718a6270ec083b7,source_ood,1,validation,USGS_Sacramento_Delta,USGS_Sacramento_Delta,waterbody:USGS_Sacramento_Delta:OLD R A FRANKS TRACT NR BETHEL ISLAND CA,2024-10-08
b97b0b424aeb5a17,source_ood,1,validation,USGS_Sacramento_Delta,USGS_Sacramento_Delta,waterbody:USGS_Sacramento_Delta:OLD R A FRANKS TRACT NR BETHEL ISLAND CA,2024-10-08
4766972cb80600c4,source_ood,1,validation,USGS_Sacramento_Delta,USGS_Sacramento_Delta,waterbody:USGS_Sacramento_Delta:OLD R A FRANKS TRACT NR BETHEL ISLAND CA,2024-10-08
434ce8ef3569d82d,source_ood,1,validation,USGS_Sacramento_Delta,USGS_Sacramento_Delta,waterbody:USGS_Sacramento_Delta:THREEMILE SLOUGH A TWITCHELL ISLAND NR RIO VISTA,2024-10-08
b0b0ce0d69669430,source_ood,1,validation,USGS_Sacramento_Delta,USGS_Sacramento_Delta,waterbody:USGS_Sacramento_Delta:THREEMILE SLOUGH A TWITCHELL ISLAND NR RIO VISTA,2024-10-08
dc9a69dde3bd8930,source_ood,1,validation,USGS_Sacramento_Delta,USGS_Sacramento_Delta,waterbody:USGS_Sacramento_Delta:THREEMILE SLOUGH A TWITCHELL ISLAND NR RIO VISTA,2024-10-08
37c0c83fe68af339,source_ood,1,validation,USGS_Sacramento_Delta,USGS_Sacramento_Delta,waterbody:USGS_Sacramento_Delta:SAN JOAQUIN R A JERSEY POINT CA,2024-10-09
2d283710cba79a88,source_ood,1,validation,USGS_Sacramento_Delta,USGS_Sacramento_Delta,waterbody:USGS_Sacramento_Delta:SAN JOAQUIN R A JERSEY POINT CA,2024-10-09
0845c4a2ee502b60,source_ood,1,validation,USGS_Sacramento_Delta,USGS_Sacramento_Delta,waterbody:USGS_Sacramento_Delta:SAN JOAQUIN R A JERSEY POINT CA,2024-10-09
a02f4eb3c9ecc8cd,source_ood,1,validation,USGS_Sacramento_Delta,USGS_Sacramento_Delta,waterbody:USGS_Sacramento_Delta:SAN JOAQUIN R A PRISONERS PT NR TERMINOUS CA,2024-10-09
918df673cd8312bf,source_ood,1,validation,USGS_Sacramento_Delta,USGS_Sacramento_Delta,waterbody:USGS_Sacramento_Delta:SAN JOAQUIN R A PRISONERS PT NR TERMINOUS CA,2024-10-09
da88902bb925e1aa,source_ood,1,validation,USGS_Sacramento_Delta,USGS_Sacramento_Delta,waterbody:USGS_Sacramento_Delta:SAN JOAQUIN R A PRISONERS PT NR TERMINOUS CA,2024-10-09
3c0c9a05c9e16421,source_ood,1,validation,USGS_Sacramento_Delta,USGS_Sacramento_Delta,waterbody:USGS_Sacramento_Delta:SAN JOAQUIN R A TINSLEY ISLAND NR TERMINOUS CA,2024-10-09
1b6e739ecd100b78,source_ood,1,validation,USGS_Sacramento_Delta,USGS_Sacramento_Delta,waterbody:USGS_Sacramento_Delta:SAN JOAQUIN R A TINSLEY ISLAND NR TERMINOUS CA,2024-10-09
0277e8bc08d8a523,source_ood,1,validation,USGS_Sacramento_Delta,USGS_Sacramento_Delta,waterbody:USGS_Sacramento_Delta:SAN JOAQUIN R A TINSLEY ISLAND NR TERMINOUS CA,2024-10-09
506874eca922a5bb,source_ood,1,validation,USGS_Sacramento_Delta,USGS_Sacramento_Delta,waterbody:USGS_Sacramento_Delta:TURNER CUT NR HOLT CA,2024-10-09
e1f5dc7aa5d9c4d5,source_ood,1,validation,USGS_Sacramento_Delta,USGS_Sacramento_Delta,waterbody:USGS_Sacramento_Delta:TURNER CUT NR HOLT CA,2024-10-09
47120d1395fa6462,source_ood,1,validation,USGS_Sacramento_Delta,USGS_Sacramento_Delta,waterbody:USGS_Sacramento_Delta:TURNER CUT NR HOLT CA,2024-10-09
da15bc1e8f35b611,source_ood,1,validation,USGS_Sacramento_Delta,USGS_Sacramento_Delta,waterbody:USGS_Sacramento_Delta:SAN JOAQUIN R A BUCKLEY COVE NR STOCKTON CA,2024-10-09
0ceaa60aef422e20,source_ood,1,validation,USGS_Sacramento_Delta,USGS_Sacramento_Delta,waterbody:USGS_Sacramento_Delta:SAN JOAQUIN R A BUCKLEY COVE NR STOCKTON CA,2024-10-09
2e5148e33c9f13b8,source_ood,1,validation,USGS_Sacramento_Delta,USGS_Sacramento_Delta,waterbody:USGS_Sacramento_Delta:SAN JOAQUIN R A BUCKLEY COVE NR STOCKTON CA,2024-10-09
c69f7b6b04427218,source_ood,1,validation,USGS_Sacramento_Delta,USGS_Sacramento_Delta,waterbody:USGS_Sacramento_Delta:PORT OF STOCKTON NR STOCKTON CA,2024-10-09
504b7a6fe0edb737,source_ood,1,validation,USGS_Sacramento_Delta,USGS_Sacramento_Delta,waterbody:USGS_Sacramento_Delta:PORT OF STOCKTON NR STOCKTON CA,2024-10-09
27be1ff940b808e5,source_ood,1,validation,USGS_Sacramento_Delta,USGS_Sacramento_Delta,waterbody:USGS_Sacramento_Delta:PORT OF STOCKTON NR STOCKTON CA,2024-10-09
6483c3495645185d,source_ood,1,validation,USGS_Sacramento_Delta,USGS_Sacramento_Delta,waterbody:USGS_Sacramento_Delta:SAN JOAQUIN R A MORMON SLOUGH A STOCKTON CA,2024-10-09
7be8087b7983d323,source_ood,1,validation,USGS_Sacramento_Delta,USGS_Sacramento_Delta,waterbody:USGS_Sacramento_Delta:SAN JOAQUIN R A MORMON SLOUGH A STOCKTON CA,2024-10-09
655990f816b80fc2,source_ood,1,validation,USGS_Sacramento_Delta,USGS_Sacramento_Delta,waterbody:USGS_Sacramento_Delta:SAN JOAQUIN R A MORMON SLOUGH A STOCKTON CA,2024-10-09
7c030285dd8d3a25,source_ood,1,validation,USGS_Sacramento_Delta,USGS_Sacramento_Delta,waterbody:USGS_Sacramento_Delta:MCLEOD LAKE A WEBER POINT A STOCKTON CA,2024-10-09
068427faadbf4267,source_ood,1,validation,USGS_Sacramento_Delta,USGS_Sacramento_Delta,waterbody:USGS_Sacramento_Delta:MCLEOD LAKE A WEBER POINT A STOCKTON CA,2024-10-09
c5203a1e8030c361,source_ood,1,validation,USGS_Sacramento_Delta,USGS_Sacramento_Delta,waterbody:USGS_Sacramento_Delta:MCLEOD LAKE A WEBER POINT A STOCKTON CA,2024-10-09
9db20760554d9a2f,source_ood,1,validation,USGS_Sacramento_Delta,USGS_Sacramento_Delta,waterbody:USGS_Sacramento_Delta:SAN JOAQUIN R AB MCCOY AVE NR STOCKTON CA,2024-10-09
55b498414e4f40b9,source_ood,1,validation,USGS_Sacramento_Delta,USGS_Sacramento_Delta,waterbody:USGS_Sacramento_Delta:SAN JOAQUIN R AB MCCOY AVE NR STOCKTON CA,2024-10-09
394b55281620f7ce,source_ood,1,validation,USGS_Sacramento_Delta,USGS_Sacramento_Delta,waterbody:USGS_Sacramento_Delta:SAN JOAQUIN R AB MCCOY AVE NR STOCKTON CA,2024-10-09
b82550d4d75170a2,source_ood,1,validation,USGS_Sacramento_Delta,USGS_Sacramento_Delta,waterbody:USGS_Sacramento_Delta:SAN JOAQUIN R A NAVY DR NR STOCKTON CA,2024-10-09
d128d2e563ce644e,source_ood,1,validation,USGS_Sacramento_Delta,USGS_Sacramento_Delta,waterbody:USGS_Sacramento_Delta:SAN JOAQUIN R A NAVY DR NR STOCKTON CA,2024-10-09
5164438bf274d974,source_ood,1,validation,USGS_Sacramento_Delta,USGS_Sacramento_Delta,waterbody:USGS_Sacramento_Delta:SAN JOAQUIN R A NAVY DR NR STOCKTON CA,2024-10-09
1a0cedcd55345d00,source_ood,1,validation,USGS_Sacramento_Delta,USGS_Sacramento_Delta,waterbody:USGS_Sacramento_Delta:FOURTEENMILE SLOUGH NR TERMINOUS CA,2024-10-09
9e820c3843a50826,source_ood,1,validation,USGS_Sacramento_Delta,USGS_Sacramento_Delta,waterbody:USGS_Sacramento_Delta:FOURTEENMILE SLOUGH NR TERMINOUS CA,2024-10-09
b4f83b96518fb92b,source_ood,1,validation,USGS_Sacramento_Delta,USGS_Sacramento_Delta,waterbody:USGS_Sacramento_Delta:FOURTEENMILE SLOUGH NR TERMINOUS CA,2024-10-09
45fd274f095d9cda,source_ood,1,validation,USGS_Sacramento_Delta,USGS_Sacramento_Delta,waterbody:USGS_Sacramento_Delta:GEORGIANA SLOUGH A TYLER ISLAND RD NR ISLETON CA,2024-10-09
bc172543b338b778,source_ood,1,validation,USGS_Sacramento_Delta,USGS_Sacramento_Delta,waterbody:USGS_Sacramento_Delta:GEORGIANA SLOUGH A TYLER ISLAND RD NR ISLETON CA,2024-10-09
4029e7584fa37571,source_ood,1,validation,USGS_Sacramento_Delta,USGS_Sacramento_Delta,waterbody:USGS_Sacramento_Delta:GEORGIANA SLOUGH A TYLER ISLAND RD NR ISLETON CA,2024-10-09
1fae387c5412f1d6,source_ood,1,validation,USGS_Sacramento_Delta,USGS_Sacramento_Delta,waterbody:USGS_Sacramento_Delta:DELTA RMP SACR-028,2024-10-10
e056f1d0e049d4ca,source_ood,1,validation,USGS_Sacramento_Delta,USGS_Sacramento_Delta,waterbody:USGS_Sacramento_Delta:DELTA RMP SACR-028,2024-10-10
5df327a62db1f2f0,source_ood,1,validation,USGS_Sacramento_Delta,USGS_Sacramento_Delta,waterbody:USGS_Sacramento_Delta:DELTA RMP SACR-028,2024-10-10
23d297678ae81f3e,source_ood,1,validation,USGS_Sacramento_Delta,USGS_Sacramento_Delta,waterbody:USGS_Sacramento_Delta:SACRAMENTO R A HOOD CA,2024-10-10
27d7df5c14e5dc76,source_ood,1,validation,USGS_Sacramento_Delta,USGS_Sacramento_Delta,waterbody:USGS_Sacramento_Delta:SACRAMENTO R A HOOD CA,2024-10-10
27afcdfc4be55218,source_ood,1,validation,USGS_Sacramento_Delta,USGS_Sacramento_Delta,waterbody:USGS_Sacramento_Delta:SACRAMENTO R A HOOD CA,2024-10-10
c503fe76caad6cbc,source_ood,1,validation,USGS_Sacramento_Delta,USGS_Sacramento_Delta,waterbody:USGS_Sacramento_Delta:SACRAMENTO R AB DELTA CROSS CHANNEL CA,2024-10-10
71410797e704066f,source_ood,1,validation,USGS_Sacramento_Delta,USGS_Sacramento_Delta,waterbody:USGS_Sacramento_Delta:SACRAMENTO R AB DELTA CROSS CHANNEL CA,2024-10-10
7bab09131773ead7,source_ood,1,validation,USGS_Sacramento_Delta,USGS_Sacramento_Delta,waterbody:USGS_Sacramento_Delta:SACRAMENTO R AB DELTA CROSS CHANNEL CA,2024-10-10
138c322b3282d17a,source_ood,1,validation,USGS_Sacramento_Delta,USGS_Sacramento_Delta,waterbody:USGS_Sacramento_Delta:SACRAMENTO R A FREEPORT CA,2024-10-10
aff572b257a4b6a9,source_ood,1,validation,USGS_Sacramento_Delta,USGS_Sacramento_Delta,waterbody:USGS_Sacramento_Delta:SACRAMENTO R A FREEPORT CA,2024-10-10
d61e0e9197dff7ee,source_ood,1,validation,USGS_Sacramento_Delta,USGS_Sacramento_Delta,waterbody:USGS_Sacramento_Delta:SACRAMENTO R A FREEPORT CA,2024-10-10
69aee587d7c2a2b8,source_ood,1,validation,USGS_Sacramento_Delta,USGS_Sacramento_Delta,waterbody:USGS_Sacramento_Delta:SACRAMENTO R A PIER A WEST SACRAMENTO CA,2024-10-10
1ef61f72984e082e,source_ood,1,validation,USGS_Sacramento_Delta,USGS_Sacramento_Delta,waterbody:USGS_Sacramento_Delta:SACRAMENTO R A PIER A WEST SACRAMENTO CA,2024-10-10
2729404487b71907,source_ood,1,validation,USGS_Sacramento_Delta,USGS_Sacramento_Delta,waterbody:USGS_Sacramento_Delta:SACRAMENTO R A PIER A WEST SACRAMENTO CA,2024-10-10
8663eb4daced9a6f,source_ood,1,validation,USGS_Sacramento_Delta,USGS_Sacramento_Delta,waterbody:USGS_Sacramento_Delta:San Joaquin R a R mi 72.2 nr Vernalis CA,2021-10-11
40f397b3d216c17b,source_ood,1,validation,USGS_Sacramento_Delta,USGS_Sacramento_Delta,waterbody:USGS_Sacramento_Delta:San Joaquin R a R mi 72.2 nr Vernalis CA,2021-10-11
fe54f42ec0d4e2cc,source_ood,1,validation,USGS_Sacramento_Delta,USGS_Sacramento_Delta,waterbody:USGS_Sacramento_Delta:San Joaquin R a R mi 72.2 nr Vernalis CA,2021-10-11
9dc2330bd3e17b68,source_ood,1,validation,USGS_Sacramento_Delta,USGS_Sacramento_Delta,waterbody:USGS_Sacramento_Delta:San Joaquin R a R mi 72.2 nr Vernalis CA,2021-10-11
331ef58df675d6b0,source_ood,1,validation,USGS_Sacramento_Delta,USGS_Sacramento_Delta,waterbody:USGS_Sacramento_Delta:San Joaquin R a R mi 72.2 nr Vernalis CA,2022-10-12
2d73607629cd079e,source_ood,1,validation,USGS_Sacramento_Delta,USGS_Sacramento_Delta,waterbody:USGS_Sacramento_Delta:San Joaquin R a R mi 72.2 nr Vernalis CA,2022-10-12
b9955df52b4965cd,source_ood,1,validation,USGS_Sacramento_Delta,USGS_Sacramento_Delta,waterbody:USGS_Sacramento_Delta:San Joaquin R a R mi 72.2 nr Vernalis CA,2022-10-12
673bbeb87d3f8d16,source_ood,1,validation,USGS_Sacramento_Delta,USGS_Sacramento_Delta,waterbody:USGS_Sacramento_Delta:San Joaquin R a R mi 72.2 nr Vernalis CA,2022-10-12
e2de188ed83f1031,source_ood,1,validation,USGS_Sacramento_Delta,USGS_Sacramento_Delta,waterbody:USGS_Sacramento_Delta:FRANKS TRACT NR BETHEL ISLAND CA,2022-10-12
1aabdc3e01365d47,source_ood,1,validation,USGS_Sacramento_Delta,USGS_Sacramento_Delta,waterbody:USGS_Sacramento_Delta:FRANKS TRACT NR BETHEL ISLAND CA,2022-10-12
f2038dfc25047cfc,source_ood,1,validation,USGS_Sacramento_Delta,USGS_Sacramento_Delta,waterbody:USGS_Sacramento_Delta:FRANKS TRACT NR BETHEL ISLAND CA,2022-10-12
688ee2d482d5e733,source_ood,1,validation,USGS_Sacramento_Delta,USGS_Sacramento_Delta,waterbody:USGS_Sacramento_Delta:FRANKS TRACT NR BETHEL ISLAND CA,2022-10-12
bb0850f64748014a,source_ood,1,validation,USGS_Sacramento_Delta,USGS_Sacramento_Delta,waterbody:USGS_Sacramento_Delta:SAN JOAQUIN R AB BUCKLEY COVE NR STOCKTON CA,2021-10-13
6e0ba95e7340382b,source_ood,1,validation,USGS_Sacramento_Delta,USGS_Sacramento_Delta,waterbody:USGS_Sacramento_Delta:SAN JOAQUIN R AB BUCKLEY COVE NR STOCKTON CA,2021-10-13
0e647005abde482a,source_ood,1,validation,USGS_Sacramento_Delta,USGS_Sacramento_Delta,waterbody:USGS_Sacramento_Delta:SAN JOAQUIN R AB BUCKLEY COVE NR STOCKTON CA,2021-10-13
edaf51da238bfc81,source_ood,1,validation,USGS_Sacramento_Delta,USGS_Sacramento_Delta,waterbody:USGS_Sacramento_Delta:SAN JOAQUIN R AB BUCKLEY COVE NR STOCKTON CA,2021-10-13
c11d382c6f902522,source_ood,1,validation,USGS_Sacramento_Delta,USGS_Sacramento_Delta,waterbody:USGS_Sacramento_Delta:SAN JOAQUIN R AB BUCKLEY COVE NR STOCKTON CA,2022-10-14
542b43ecdc3fcf90,source_ood,1,validation,USGS_Sacramento_Delta,USGS_Sacramento_Delta,waterbody:USGS_Sacramento_Delta:SAN JOAQUIN R AB BUCKLEY COVE NR STOCKTON CA,2022-10-14
e8c850e275ef2c0a,source_ood,1,validation,USGS_Sacramento_Delta,USGS_Sacramento_Delta,waterbody:USGS_Sacramento_Delta:SAN JOAQUIN R AB BUCKLEY COVE NR STOCKTON CA,2022-10-14
14cc4953017d91bd,source_ood,1,validation,USGS_Sacramento_Delta,USGS_Sacramento_Delta,waterbody:USGS_Sacramento_Delta:SAN JOAQUIN R AB BUCKLEY COVE NR STOCKTON CA,2022-10-14
4d695f7a5b01370a,source_ood,1,validation,USGS_Sacramento_Delta,USGS_Sacramento_Delta,waterbody:USGS_Sacramento_Delta:SAN JOAQUIN R A JERSEY POINT CA,2024-10-15
b499e5673187416a,source_ood,1,validation,USGS_Sacramento_Delta,USGS_Sacramento_Delta,waterbody:USGS_Sacramento_Delta:SAN JOAQUIN R A JERSEY POINT CA,2024-10-15
98358fde35a5d412,source_ood,1,validation,USGS_Sacramento_Delta,USGS_Sacramento_Delta,waterbody:USGS_Sacramento_Delta:SAN JOAQUIN R A JERSEY POINT CA,2024-10-15
b5d0b9bb38c83a9b,source_ood,1,validation,USGS_Sacramento_Delta,USGS_Sacramento_Delta,waterbody:USGS_Sacramento_Delta:MIDDLE R AT MIDDLE RIVER CA,2024-10-15
f3cdf7596ad88396,source_ood,1,validation,USGS_Sacramento_Delta,USGS_Sacramento_Delta,waterbody:USGS_Sacramento_Delta:MIDDLE R AT MIDDLE RIVER CA,2024-10-15
9c16daf84bf590b7,source_ood,1,validation,USGS_Sacramento_Delta,USGS_Sacramento_Delta,waterbody:USGS_Sacramento_Delta:MIDDLE R AT MIDDLE RIVER CA,2024-10-15
4aebd41b9a9ae0db,source_ood,1,validation,USGS_Sacramento_Delta,USGS_Sacramento_Delta,waterbody:USGS_Sacramento_Delta:OLD R A BACON ISLAND CA,2024-10-15
0c93375b0b4a10d3,source_ood,1,validation,USGS_Sacramento_Delta,USGS_Sacramento_Delta,waterbody:USGS_Sacramento_Delta:OLD R A BACON ISLAND CA,2024-10-15
ce47dde2da042850,source_ood,1,validation,USGS_Sacramento_Delta,USGS_Sacramento_Delta,waterbody:USGS_Sacramento_Delta:OLD R A BACON ISLAND CA,2024-10-15
b6fe78a7b88705bf,source_ood,1,validation,USGS_Sacramento_Delta,USGS_Sacramento_Delta,waterbody:USGS_Sacramento_Delta:SACRAMENTO R BL TOLAND LANDING NR RIO VISTA CA,2024-10-15
73489a0b0ef126db,source_ood,1,validation,USGS_Sacramento_Delta,USGS_Sacramento_Delta,waterbody:USGS_Sacramento_Delta:SACRAMENTO R BL TOLAND LANDING NR RIO VISTA CA,2024-10-15
8afb14326a98ee1a,source_ood,1,validation,USGS_Sacramento_Delta,USGS_Sacramento_Delta,waterbody:USGS_Sacramento_Delta:SACRAMENTO R BL TOLAND LANDING NR RIO VISTA CA,2024-10-15
e028bf91b0b2312e,source_ood,1,validation,USGS_Sacramento_Delta,USGS_Sacramento_Delta,waterbody:USGS_Sacramento_Delta:SAN JOAQUIN R BL THREEMILE SLOUGH NR RIO VISTA CA,2022-10-17
2e5930d4f7c64a7c,source_ood,1,validation,USGS_Sacramento_Delta,USGS_Sacramento_Delta,waterbody:USGS_Sacramento_Delta:SAN JOAQUIN R BL THREEMILE SLOUGH NR RIO VISTA CA,2022-10-17
55387b763045f39a,source_ood,1,validation,USGS_Sacramento_Delta,USGS_Sacramento_Delta,waterbody:USGS_Sacramento_Delta:SAN JOAQUIN R BL THREEMILE SLOUGH NR RIO VISTA CA,2022-10-17
05101d6bdd5db992,source_ood,1,validation,USGS_Sacramento_Delta,USGS_Sacramento_Delta,waterbody:USGS_Sacramento_Delta:SAN JOAQUIN R BL THREEMILE SLOUGH NR RIO VISTA CA,2022-10-17
465995bb0174a08d,source_ood,1,validation,USGS_Sacramento_Delta,USGS_Sacramento_Delta,waterbody:USGS_Sacramento_Delta:SAN JOAQUIN R A PRISONERS PT NR TERMINOUS CA,2022-10-17
20c52ddc64f5ed32,source_ood,1,validation,USGS_Sacramento_Delta,USGS_Sacramento_Delta,waterbody:USGS_Sacramento_Delta:SAN JOAQUIN R A PRISONERS PT NR TERMINOUS CA,2022-10-17
70fd0710cb6f4490,source_ood,1,validation,USGS_Sacramento_Delta,USGS_Sacramento_Delta,waterbody:USGS_Sacramento_Delta:SAN JOAQUIN R A PRISONERS PT NR TERMINOUS CA,2022-10-17
675dc72ac044bc81,source_ood,1,validation,USGS_Sacramento_Delta,USGS_Sacramento_Delta,waterbody:USGS_Sacramento_Delta:SAN JOAQUIN R A PRISONERS PT NR TERMINOUS CA,2022-10-17
817a563d6623d21e,source_ood,1,validation,USGS_Sacramento_Delta,USGS_Sacramento_Delta,waterbody:USGS_Sacramento_Delta:SAN JOAQUIN R A TINSLEY ISLAND NR TERMINOUS CA,2022-10-17
e0f1b24913bfb07e,source_ood,1,validation,USGS_Sacramento_Delta,USGS_Sacramento_Delta,waterbody:USGS_Sacramento_Delta:SAN JOAQUIN R A TINSLEY ISLAND NR TERMINOUS CA,2022-10-17
381264602c947833,source_ood,1,validation,USGS_Sacramento_Delta,USGS_Sacramento_Delta,waterbody:USGS_Sacramento_Delta:SAN JOAQUIN R A TINSLEY ISLAND NR TERMINOUS CA,2022-10-17
4d5cbe5bfe0b36a9,source_ood,1,validation,USGS_Sacramento_Delta,USGS_Sacramento_Delta,waterbody:USGS_Sacramento_Delta:SAN JOAQUIN R A TINSLEY ISLAND NR TERMINOUS CA,2022-10-17
834b0d1532eb9b29,source_ood,1,validation,USGS_Sacramento_Delta,USGS_Sacramento_Delta,waterbody:USGS_Sacramento_Delta:TURNER CUT NR HOLT CA,2022-10-17
9a7e4d5e389c6c5d,source_ood,1,validation,USGS_Sacramento_Delta,USGS_Sacramento_Delta,waterbody:USGS_Sacramento_Delta:TURNER CUT NR HOLT CA,2022-10-17
227420d431bc0f18,source_ood,1,validation,USGS_Sacramento_Delta,USGS_Sacramento_Delta,waterbody:USGS_Sacramento_Delta:TURNER CUT NR HOLT CA,2022-10-17
89bb29ec376a0e3b,source_ood,1,validation,USGS_Sacramento_Delta,USGS_Sacramento_Delta,waterbody:USGS_Sacramento_Delta:TURNER CUT NR HOLT CA,2022-10-17
9cc8485e6ebb991f,source_ood,1,validation,USGS_Sacramento_Delta,USGS_Sacramento_Delta,waterbody:USGS_Sacramento_Delta:SAN JOAQUIN R A BUCKLEY COVE NR STOCKTON CA,2022-10-17
2cae2576235dd92f,source_ood,1,validation,USGS_Sacramento_Delta,USGS_Sacramento_Delta,waterbody:USGS_Sacramento_Delta:SAN JOAQUIN R A BUCKLEY COVE NR STOCKTON CA,2022-10-17
b05d4e799eac1abf,source_ood,1,validation,USGS_Sacramento_Delta,USGS_Sacramento_Delta,waterbody:USGS_Sacramento_Delta:SAN JOAQUIN R A BUCKLEY COVE NR STOCKTON CA,2022-10-17
a9dc0e398760a17b,source_ood,1,validation,USGS_Sacramento_Delta,USGS_Sacramento_Delta,waterbody:USGS_Sacramento_Delta:SAN JOAQUIN R A BUCKLEY COVE NR STOCKTON CA,2022-10-17
b9ca5a857fdba68f,source_ood,1,validation,USGS_Sacramento_Delta,USGS_Sacramento_Delta,waterbody:USGS_Sacramento_Delta:SAN JOAQUIN R A NAVY DR NR STOCKTON CA,2022-10-17
49bf8177bc11c7eb,source_ood,1,validation,USGS_Sacramento_Delta,USGS_Sacramento_Delta,waterbody:USGS_Sacramento_Delta:SAN JOAQUIN R A NAVY DR NR STOCKTON CA,2022-10-17
6de04a7872e97389,source_ood,1,validation,USGS_Sacramento_Delta,USGS_Sacramento_Delta,waterbody:USGS_Sacramento_Delta:SAN JOAQUIN R A NAVY DR NR STOCKTON CA,2022-10-17
1621628a7db1c3ce,source_ood,1,validation,USGS_Sacramento_Delta,USGS_Sacramento_Delta,waterbody:USGS_Sacramento_Delta:SAN JOAQUIN R A NAVY DR NR STOCKTON CA,2022-10-17
d5d8af99181c6709,source_ood,1,validation,USGS_Sacramento_Delta,USGS_Sacramento_Delta,waterbody:USGS_Sacramento_Delta:FOURTEENMILE SLOUGH NR HOLT CA,2022-10-17
c44536d58faa12c1,source_ood,1,validation,USGS_Sacramento_Delta,USGS_Sacramento_Delta,waterbody:USGS_Sacramento_Delta:FOURTEENMILE SLOUGH NR HOLT CA,2022-10-17
b91acd7fb6a21087,source_ood,1,validation,USGS_Sacramento_Delta,USGS_Sacramento_Delta,waterbody:USGS_Sacramento_Delta:FOURTEENMILE SLOUGH NR HOLT CA,2022-10-17
e70d3025cf80ea1c,source_ood,1,validation,USGS_Sacramento_Delta,USGS_Sacramento_Delta,waterbody:USGS_Sacramento_Delta:FOURTEENMILE SLOUGH NR HOLT CA,2022-10-17
40efcca8bd6e571a,source_ood,1,validation,USGS_Sacramento_Delta,USGS_Sacramento_Delta,waterbody:USGS_Sacramento_Delta:FOURTEENMILE SLOUGH NR TERMINOUS CA,2022-10-17
2cf8c0d85b0829e6,source_ood,1,validation,USGS_Sacramento_Delta,USGS_Sacramento_Delta,waterbody:USGS_Sacramento_Delta:FOURTEENMILE SLOUGH NR TERMINOUS CA,2022-10-17
b12634e88bfa6a70,source_ood,1,validation,USGS_Sacramento_Delta,USGS_Sacramento_Delta,waterbody:USGS_Sacramento_Delta:FOURTEENMILE SLOUGH NR TERMINOUS CA,2022-10-17
917b04369e63e20f,source_ood,1,validation,USGS_Sacramento_Delta,USGS_Sacramento_Delta,waterbody:USGS_Sacramento_Delta:FOURTEENMILE SLOUGH NR TERMINOUS CA,2022-10-17
b1ce797141f9525d,source_ood,1,validation,USGS_Sacramento_Delta,USGS_Sacramento_Delta,waterbody:USGS_Sacramento_Delta:DISAPPOINTMENT SLOUGH NR TERMINOUS CA,2022-10-17
3c2f2ec152e7d37d,source_ood,1,validation,USGS_Sacramento_Delta,USGS_Sacramento_Delta,waterbody:USGS_Sacramento_Delta:DISAPPOINTMENT SLOUGH NR TERMINOUS CA,2022-10-17
2415d8aaef9f68ba,source_ood,1,validation,USGS_Sacramento_Delta,USGS_Sacramento_Delta,waterbody:USGS_Sacramento_Delta:DISAPPOINTMENT SLOUGH NR TERMINOUS CA,2022-10-17
5839c23e32835e42,source_ood,1,validation,USGS_Sacramento_Delta,USGS_Sacramento_Delta,waterbody:USGS_Sacramento_Delta:DISAPPOINTMENT SLOUGH NR TERMINOUS CA,2022-10-17
a87e4b3403e56017,source_ood,1,validation,USGS_Sacramento_Delta,USGS_Sacramento_Delta,waterbody:USGS_Sacramento_Delta:LITTLE POTATO SLOUGH A TERMINOUS CA,2022-10-17
8fa74e9129d239e8,source_ood,1,validation,USGS_Sacramento_Delta,USGS_Sacramento_Delta,waterbody:USGS_Sacramento_Delta:LITTLE POTATO SLOUGH A TERMINOUS CA,2022-10-17
c3eeb2dc1fb23bab,source_ood,1,validation,USGS_Sacramento_Delta,USGS_Sacramento_Delta,waterbody:USGS_Sacramento_Delta:LITTLE POTATO SLOUGH A TERMINOUS CA,2022-10-17
b1253632ea52ea39,source_ood,1,validation,USGS_Sacramento_Delta,USGS_Sacramento_Delta,waterbody:USGS_Sacramento_Delta:LITTLE POTATO SLOUGH A TERMINOUS CA,2022-10-17
8738421fbca06c83,source_ood,1,validation,USGS_Sacramento_Delta,USGS_Sacramento_Delta,waterbody:USGS_Sacramento_Delta:S MOKELUMNE R A SYCAMORE SLOUGH NR TERMINOUS CA,2022-10-17
0b6930ed6a68fbaf,source_ood,1,validation,USGS_Sacramento_Delta,USGS_Sacramento_Delta,waterbody:USGS_Sacramento_Delta:S MOKELUMNE R A SYCAMORE SLOUGH NR TERMINOUS CA,2022-10-17
52204f749f837a2e,source_ood,1,validation,USGS_Sacramento_Delta,USGS_Sacramento_Delta,waterbody:USGS_Sacramento_Delta:S MOKELUMNE R A SYCAMORE SLOUGH NR TERMINOUS CA,2022-10-17
df40b5ed37cd73e2,source_ood,1,validation,USGS_Sacramento_Delta,USGS_Sacramento_Delta,waterbody:USGS_Sacramento_Delta:S MOKELUMNE R A SYCAMORE SLOUGH NR TERMINOUS CA,2022-10-17
14d60d355c69ec3d,source_ood,1,validation,USGS_Sacramento_Delta,USGS_Sacramento_Delta,waterbody:USGS_Sacramento_Delta:SYCAMORE SLOUGH NR TERMINOUS CA,2022-10-17
225322473f94f35b,source_ood,1,validation,USGS_Sacramento_Delta,USGS_Sacramento_Delta,waterbody:USGS_Sacramento_Delta:SYCAMORE SLOUGH NR TERMINOUS CA,2022-10-17
8ba232d54e2944d2,source_ood,1,validation,USGS_Sacramento_Delta,USGS_Sacramento_Delta,waterbody:USGS_Sacramento_Delta:SYCAMORE SLOUGH NR TERMINOUS CA,2022-10-17
8219e042509d3f92,source_ood,1,validation,USGS_Sacramento_Delta,USGS_Sacramento_Delta,waterbody:USGS_Sacramento_Delta:SYCAMORE SLOUGH NR TERMINOUS CA,2022-10-17
183962ab436aef8e,source_ood,1,validation,USGS_Sacramento_Delta,USGS_Sacramento_Delta,waterbody:USGS_Sacramento_Delta:N MOKELUMNE NR WALNUT GROVE CA,2022-10-17
ec7fe936a1df31f1,source_ood,1,validation,USGS_Sacramento_Delta,USGS_Sacramento_Delta,waterbody:USGS_Sacramento_Delta:N MOKELUMNE NR WALNUT GROVE CA,2022-10-17
c3cec2ae3257e5b4,source_ood,1,validation,USGS_Sacramento_Delta,USGS_Sacramento_Delta,waterbody:USGS_Sacramento_Delta:N MOKELUMNE NR WALNUT GROVE CA,2022-10-17
750148671c6cfa97,source_ood,1,validation,USGS_Sacramento_Delta,USGS_Sacramento_Delta,waterbody:USGS_Sacramento_Delta:N MOKELUMNE NR WALNUT GROVE CA,2022-10-17
75184ad7d2bb3029,source_ood,1,validation,USGS_Sacramento_Delta,USGS_Sacramento_Delta,waterbody:USGS_Sacramento_Delta:N MOKELUMNE R A TYLER ISLAND RD NR ISELTON CA,2022-10-17
d0377a177d6391ab,source_ood,1,validation,USGS_Sacramento_Delta,USGS_Sacramento_Delta,waterbody:USGS_Sacramento_Delta:N MOKELUMNE R A TYLER ISLAND RD NR ISELTON CA,2022-10-17
2f3862bef94df44c,source_ood,1,validation,USGS_Sacramento_Delta,USGS_Sacramento_Delta,waterbody:USGS_Sacramento_Delta:N MOKELUMNE R A TYLER ISLAND RD NR ISELTON CA,2022-10-17
b80c2c2069c98878,source_ood,1,validation,USGS_Sacramento_Delta,USGS_Sacramento_Delta,waterbody:USGS_Sacramento_Delta:N MOKELUMNE R A TYLER ISLAND RD NR ISELTON CA,2022-10-17
c0203f572fb0e452,source_ood,1,validation,USGS_Sacramento_Delta,USGS_Sacramento_Delta,waterbody:USGS_Sacramento_Delta:SAN JOAQUIN R A SAN ANDREAS SHOAL NR TERMINOUS CA,2022-10-17
12acb336dc1ec7d2,source_ood,1,validation,USGS_Sacramento_Delta,USGS_Sacramento_Delta,waterbody:USGS_Sacramento_Delta:SAN JOAQUIN R A SAN ANDREAS SHOAL NR TERMINOUS CA,2022-10-17
3df3ffbdb35083e9,source_ood,1,validation,USGS_Sacramento_Delta,USGS_Sacramento_Delta,waterbody:USGS_Sacramento_Delta:SAN JOAQUIN R A SAN ANDREAS SHOAL NR TERMINOUS CA,2022-10-17
5ecdc22308bc130c,source_ood,1,validation,USGS_Sacramento_Delta,USGS_Sacramento_Delta,waterbody:USGS_Sacramento_Delta:SAN JOAQUIN R A SAN ANDREAS SHOAL NR TERMINOUS CA,2022-10-17
877708a08df1e159,source_ood,1,validation,USGS_Sacramento_Delta,USGS_Sacramento_Delta,waterbody:USGS_Sacramento_Delta:SACRAMENTO R BL TOLAND LANDING NR RIO VISTA CA,2023-10-17
e1ecffc7a157135e,source_ood,1,validation,USGS_Sacramento_Delta,USGS_Sacramento_Delta,waterbody:USGS_Sacramento_Delta:SACRAMENTO R BL TOLAND LANDING NR RIO VISTA CA,2023-10-17
9b1e8ea9ff64248a,source_ood,1,validation,USGS_Sacramento_Delta,USGS_Sacramento_Delta,waterbody:USGS_Sacramento_Delta:SACRAMENTO R BL TOLAND LANDING NR RIO VISTA CA,2023-10-17
9988d37898a51b12,source_ood,1,validation,USGS_Sacramento_Delta,USGS_Sacramento_Delta,waterbody:USGS_Sacramento_Delta:SAN JOAQUIN R A JERSEY POINT CA,2023-10-17
82cc6e5d1c6d9fd2,source_ood,1,validation,USGS_Sacramento_Delta,USGS_Sacramento_Delta,waterbody:USGS_Sacramento_Delta:SAN JOAQUIN R A JERSEY POINT CA,2023-10-17
51f64ca0f306e825,source_ood,1,validation,USGS_Sacramento_Delta,USGS_Sacramento_Delta,waterbody:USGS_Sacramento_Delta:SAN JOAQUIN R A JERSEY POINT CA,2023-10-17
55162be562d6b296,source_ood,1,validation,USGS_Sacramento_Delta,USGS_Sacramento_Delta,waterbody:USGS_Sacramento_Delta:CACHE SLOUGH A S LIBERTY ISLAND NR RIO VISTA CA,2024-10-17
096960c110c0577f,source_ood,1,validation,USGS_Sacramento_Delta,USGS_Sacramento_Delta,waterbody:USGS_Sacramento_Delta:CACHE SLOUGH A S LIBERTY ISLAND NR RIO VISTA CA,2024-10-17
2930f2e97ec8cc3b,source_ood,1,validation,USGS_Sacramento_Delta,USGS_Sacramento_Delta,waterbody:USGS_Sacramento_Delta:CACHE SLOUGH A S LIBERTY ISLAND NR RIO VISTA CA,2024-10-17
baad70ed4195cfab,source_ood,1,validation,USGS_Sacramento_Delta,USGS_Sacramento_Delta,waterbody:USGS_Sacramento_Delta:GEORGIANA SLOUGH A TYLER ISLAND RD NR ISLETON CA,2022-10-18
3180f573f4838a24,source_ood,1,validation,USGS_Sacramento_Delta,USGS_Sacramento_Delta,waterbody:USGS_Sacramento_Delta:GEORGIANA SLOUGH A TYLER ISLAND RD NR ISLETON CA,2022-10-18
eaef147e242b068a,source_ood,1,validation,USGS_Sacramento_Delta,USGS_Sacramento_Delta,waterbody:USGS_Sacramento_Delta:GEORGIANA SLOUGH A TYLER ISLAND RD NR ISLETON CA,2022-10-18
40646c6435971cf3,source_ood,1,validation,USGS_Sacramento_Delta,USGS_Sacramento_Delta,waterbody:USGS_Sacramento_Delta:GEORGIANA SLOUGH A TYLER ISLAND RD NR ISLETON CA,2022-10-18
4ec6aa61d6afce82,source_ood,1,validation,USGS_Sacramento_Delta,USGS_Sacramento_Delta,waterbody:USGS_Sacramento_Delta:DELTA RMP SACR-028,2022-10-18
d83552f548a33f83,source_ood,1,validation,USGS_Sacramento_Delta,USGS_Sacramento_Delta,waterbody:USGS_Sacramento_Delta:DELTA RMP SACR-028,2022-10-18
55d80bf33e207cfc,source_ood,1,validation,USGS_Sacramento_Delta,USGS_Sacramento_Delta,waterbody:USGS_Sacramento_Delta:DELTA RMP SACR-028,2022-10-18
bb8b22edd8929092,source_ood,1,validation,USGS_Sacramento_Delta,USGS_Sacramento_Delta,waterbody:USGS_Sacramento_Delta:DELTA RMP SACR-028,2022-10-18
05da2c7009ec67e9,source_ood,1,validation,USGS_Sacramento_Delta,USGS_Sacramento_Delta,waterbody:USGS_Sacramento_Delta:CACHE SLOUGH A S LIBERTY ISLAND NR RIO VISTA CA,2022-10-18
319c522e763669ef,source_ood,1,validation,USGS_Sacramento_Delta,USGS_Sacramento_Delta,waterbody:USGS_Sacramento_Delta:CACHE SLOUGH A S LIBERTY ISLAND NR RIO VISTA CA,2022-10-18
ee4283d0d4a19741,source_ood,1,validation,USGS_Sacramento_Delta,USGS_Sacramento_Delta,waterbody:USGS_Sacramento_Delta:CACHE SLOUGH A S LIBERTY ISLAND NR RIO VISTA CA,2022-10-18
01fcc3aa83d187b1,source_ood,1,validation,USGS_Sacramento_Delta,USGS_Sacramento_Delta,waterbody:USGS_Sacramento_Delta:CACHE SLOUGH A S LIBERTY ISLAND NR RIO VISTA CA,2022-10-18
de46e4eb49b2e908,source_ood,1,validation,USGS_Sacramento_Delta,USGS_Sacramento_Delta,waterbody:USGS_Sacramento_Delta:LIBERTY ISLAND A UPPER STAIR STEP NR FIVE POINTS C,2022-10-18
ab496f65a04dd44a,source_ood,1,validation,USGS_Sacramento_Delta,USGS_Sacramento_Delta,waterbody:USGS_Sacramento_Delta:LIBERTY ISLAND A UPPER STAIR STEP NR FIVE POINTS C,2022-10-18
fd9f24fd8070ce80,source_ood,1,validation,USGS_Sacramento_Delta,USGS_Sacramento_Delta,waterbody:USGS_Sacramento_Delta:LIBERTY ISLAND A UPPER STAIR STEP NR FIVE POINTS C,2022-10-18
135dfbe5d9ece6b6,source_ood,1,validation,USGS_Sacramento_Delta,USGS_Sacramento_Delta,waterbody:USGS_Sacramento_Delta:LIBERTY ISLAND A UPPER STAIR STEP NR FIVE POINTS C,2022-10-18
dfe22647b292c5cb,source_ood,1,validation,USGS_Sacramento_Delta,USGS_Sacramento_Delta,waterbody:USGS_Sacramento_Delta:SHAG SLOUGH A LIBERTY ISLAND NR COURTLAND CA,2022-10-18
ab5396bb3cd7bc7e,source_ood,1,validation,USGS_Sacramento_Delta,USGS_Sacramento_Delta,waterbody:USGS_Sacramento_Delta:SHAG SLOUGH A LIBERTY ISLAND NR COURTLAND CA,2022-10-18
09f6639f54fc48b6,source_ood,1,validation,USGS_Sacramento_Delta,USGS_Sacramento_Delta,waterbody:USGS_Sacramento_Delta:SHAG SLOUGH A LIBERTY ISLAND NR COURTLAND CA,2022-10-18
f59bf5241127ca6d,source_ood,1,validation,USGS_Sacramento_Delta,USGS_Sacramento_Delta,waterbody:USGS_Sacramento_Delta:SHAG SLOUGH A LIBERTY ISLAND NR COURTLAND CA,2022-10-18
a7cbb43103374a92,source_ood,1,validation,USGS_Sacramento_Delta,USGS_Sacramento_Delta,waterbody:USGS_Sacramento_Delta:CACHE SLOUGH AB RYER ISLAND FERRY NR RIO VISTA CA,2022-10-18
933f438222efc33c,source_ood,1,validation,USGS_Sacramento_Delta,USGS_Sacramento_Delta,waterbody:USGS_Sacramento_Delta:CACHE SLOUGH AB RYER ISLAND FERRY NR RIO VISTA CA,2022-10-18
4993cc6ac6c13fb2,source_ood,1,validation,USGS_Sacramento_Delta,USGS_Sacramento_Delta,waterbody:USGS_Sacramento_Delta:CACHE SLOUGH AB RYER ISLAND FERRY NR RIO VISTA CA,2022-10-18
725d74cc8bf06c8b,source_ood,1,validation,USGS_Sacramento_Delta,USGS_Sacramento_Delta,waterbody:USGS_Sacramento_Delta:CACHE SLOUGH AB RYER ISLAND FERRY NR RIO VISTA CA,2022-10-18
d21131f968d1b5c8,source_ood,1,validation,USGS_Sacramento_Delta,USGS_Sacramento_Delta,waterbody:USGS_Sacramento_Delta:SACRAMENTO R A BARGE CANAL NR WEST SACRAMENTO CA,2020-10-19
e590eec553fee635,source_ood,1,validation,USGS_Sacramento_Delta,USGS_Sacramento_Delta,waterbody:USGS_Sacramento_Delta:SACRAMENTO R A BARGE CANAL NR WEST SACRAMENTO CA,2020-10-19
a4b360abac1e5d34,source_ood,1,validation,USGS_Sacramento_Delta,USGS_Sacramento_Delta,waterbody:USGS_Sacramento_Delta:SACRAMENTO R A BARGE CANAL NR WEST SACRAMENTO CA,2020-10-19
924b7d726b226e22,source_ood,1,validation,USGS_Sacramento_Delta,USGS_Sacramento_Delta,waterbody:USGS_Sacramento_Delta:SACRAMENTO R A FREEPORT CA,2020-10-19
090a8535a15ddc5b,source_ood,1,validation,USGS_Sacramento_Delta,USGS_Sacramento_Delta,waterbody:USGS_Sacramento_Delta:SACRAMENTO R A FREEPORT CA,2020-10-19
9dcd218071b1f04d,source_ood,1,validation,USGS_Sacramento_Delta,USGS_Sacramento_Delta,waterbody:USGS_Sacramento_Delta:SACRAMENTO R A FREEPORT CA,2020-10-19
e9694f1fdcfd0ff4,source_ood,1,validation,USGS_Sacramento_Delta,USGS_Sacramento_Delta,waterbody:USGS_Sacramento_Delta:SACRAMENTO R A HOOD CA,2020-10-19
940ac5b0df0f24e5,source_ood,1,validation,USGS_Sacramento_Delta,USGS_Sacramento_Delta,waterbody:USGS_Sacramento_Delta:SACRAMENTO R A HOOD CA,2020-10-19
c04c7ffad12a2cdd,source_ood,1,validation,USGS_Sacramento_Delta,USGS_Sacramento_Delta,waterbody:USGS_Sacramento_Delta:SACRAMENTO R A HOOD CA,2020-10-19
50c40708efd07cf2,source_ood,1,validation,USGS_Sacramento_Delta,USGS_Sacramento_Delta,waterbody:USGS_Sacramento_Delta:SACRAMENTO R AB DELTA CROSS CHANNEL CA,2020-10-19
9f0e2b53e0966a14,source_ood,1,validation,USGS_Sacramento_Delta,USGS_Sacramento_Delta,waterbody:USGS_Sacramento_Delta:SACRAMENTO R AB DELTA CROSS CHANNEL CA,2020-10-19
620bc0d01fa70374,source_ood,1,validation,USGS_Sacramento_Delta,USGS_Sacramento_Delta,waterbody:USGS_Sacramento_Delta:SACRAMENTO R AB DELTA CROSS CHANNEL CA,2020-10-19
bb40745668de5379,source_ood,1,validation,USGS_Sacramento_Delta,USGS_Sacramento_Delta,waterbody:USGS_Sacramento_Delta:SACRAMENTO R A R MILE 19.0 NR ISLETON CA,2020-10-19
8d5f0b87bf8778cd,source_ood,1,validation,USGS_Sacramento_Delta,USGS_Sacramento_Delta,waterbody:USGS_Sacramento_Delta:SACRAMENTO R A R MILE 19.0 NR ISLETON CA,2020-10-19
9ae037c1e9ed65f0,source_ood,1,validation,USGS_Sacramento_Delta,USGS_Sacramento_Delta,waterbody:USGS_Sacramento_Delta:SACRAMENTO R A R MILE 19.0 NR ISLETON CA,2020-10-19
0288528787541ae8,source_ood,1,validation,USGS_Sacramento_Delta,USGS_Sacramento_Delta,waterbody:USGS_Sacramento_Delta:MIDDLE R AT MIDDLE RIVER CA,2021-10-19
05aa8d170f82f27d,source_ood,1,validation,USGS_Sacramento_Delta,USGS_Sacramento_Delta,waterbody:USGS_Sacramento_Delta:MIDDLE R AT MIDDLE RIVER CA,2021-10-19
ec39614b247522a6,source_ood,1,validation,USGS_Sacramento_Delta,USGS_Sacramento_Delta,waterbody:USGS_Sacramento_Delta:MIDDLE R AT MIDDLE RIVER CA,2021-10-19
1790562c6858f071,source_ood,1,validation,USGS_Sacramento_Delta,USGS_Sacramento_Delta,waterbody:USGS_Sacramento_Delta:MIDDLE R AT MIDDLE RIVER CA,2021-10-19
08f20605b32f9135,source_ood,1,validation,USGS_Sacramento_Delta,USGS_Sacramento_Delta,waterbody:USGS_Sacramento_Delta:SACRAMENTO R BL TOLAND LANDING NR RIO VISTA CA,2022-10-19
c4beb68189675f72,source_ood,1,validation,USGS_Sacramento_Delta,USGS_Sacramento_Delta,waterbody:USGS_Sacramento_Delta:SACRAMENTO R BL TOLAND LANDING NR RIO VISTA CA,2022-10-19
e4b43bb8b6f6dbf0,source_ood,1,validation,USGS_Sacramento_Delta,USGS_Sacramento_Delta,waterbody:USGS_Sacramento_Delta:SACRAMENTO R BL TOLAND LANDING NR RIO VISTA CA,2022-10-19
0e4db4b95fbcf5aa,source_ood,1,validation,USGS_Sacramento_Delta,USGS_Sacramento_Delta,waterbody:USGS_Sacramento_Delta:SACRAMENTO R BL TOLAND LANDING NR RIO VISTA CA,2022-10-19
f401fae40dbd580e,source_ood,1,validation,USGS_Sacramento_Delta,USGS_Sacramento_Delta,waterbody:USGS_Sacramento_Delta:GRIZZLY BAY A SUISUN SLOUGH NR AVON CA,2022-10-19
17d48824ef18b352,source_ood,1,validation,USGS_Sacramento_Delta,USGS_Sacramento_Delta,waterbody:USGS_Sacramento_Delta:GRIZZLY BAY A SUISUN SLOUGH NR AVON CA,2022-10-19
f3eea5c0aac3f1f5,source_ood,1,validation,USGS_Sacramento_Delta,USGS_Sacramento_Delta,waterbody:USGS_Sacramento_Delta:GRIZZLY BAY A SUISUN SLOUGH NR AVON CA,2022-10-19
659af0ac1aab113c,source_ood,1,validation,USGS_Sacramento_Delta,USGS_Sacramento_Delta,waterbody:USGS_Sacramento_Delta:GRIZZLY BAY A SUISUN SLOUGH NR AVON CA,2022-10-19
14b675fb889fe69f,source_ood,1,validation,USGS_Sacramento_Delta,USGS_Sacramento_Delta,waterbody:USGS_Sacramento_Delta:SUISUN BAY A VAN SICKLE ISLAND NR PITTSBURG CA,2022-10-19
d586c79af8a3f9fe,source_ood,1,validation,USGS_Sacramento_Delta,USGS_Sacramento_Delta,waterbody:USGS_Sacramento_Delta:SUISUN BAY A VAN SICKLE ISLAND NR PITTSBURG CA,2022-10-19
251d989aaa5ae9e9,source_ood,1,validation,USGS_Sacramento_Delta,USGS_Sacramento_Delta,waterbody:USGS_Sacramento_Delta:SUISUN BAY A VAN SICKLE ISLAND NR PITTSBURG CA,2022-10-19
f7b9db26db62a821,source_ood,1,validation,USGS_Sacramento_Delta,USGS_Sacramento_Delta,waterbody:USGS_Sacramento_Delta:SUISUN BAY A VAN SICKLE ISLAND NR PITTSBURG CA,2022-10-19
96dc99b0f73540b8,source_ood,1,validation,USGS_Sacramento_Delta,USGS_Sacramento_Delta,waterbody:USGS_Sacramento_Delta:SAN JOAQUIN R A JERSEY POINT CA,2022-10-19
42743f6ce1e14880,source_ood,1,validation,USGS_Sacramento_Delta,USGS_Sacramento_Delta,waterbody:USGS_Sacramento_Delta:SAN JOAQUIN R A JERSEY POINT CA,2022-10-19
79a6ac5eae57f377,source_ood,1,validation,USGS_Sacramento_Delta,USGS_Sacramento_Delta,waterbody:USGS_Sacramento_Delta:SAN JOAQUIN R A JERSEY POINT CA,2022-10-19
6470d2f299884bec,source_ood,1,validation,USGS_Sacramento_Delta,USGS_Sacramento_Delta,waterbody:USGS_Sacramento_Delta:SAN JOAQUIN R A JERSEY POINT CA,2022-10-19
2b336e9ec66d0169,source_ood,1,validation,USGS_Sacramento_Delta,USGS_Sacramento_Delta,waterbody:USGS_Sacramento_Delta:OLD R A FRANKS TRACT NR BETHEL ISLAND CA,2022-10-19
11566851bb941693,source_ood,1,validation,USGS_Sacramento_Delta,USGS_Sacramento_Delta,waterbody:USGS_Sacramento_Delta:OLD R A FRANKS TRACT NR BETHEL ISLAND CA,2022-10-19
2ed47faebe163b25,source_ood,1,validation,USGS_Sacramento_Delta,USGS_Sacramento_Delta,waterbody:USGS_Sacramento_Delta:OLD R A FRANKS TRACT NR BETHEL ISLAND CA,2022-10-19
aa0a89106cb87884,source_ood,1,validation,USGS_Sacramento_Delta,USGS_Sacramento_Delta,waterbody:USGS_Sacramento_Delta:OLD R A FRANKS TRACT NR BETHEL ISLAND CA,2022-10-19
d840ed0817391f2a,source_ood,1,validation,USGS_Sacramento_Delta,USGS_Sacramento_Delta,waterbody:USGS_Sacramento_Delta:OLD R A BACON ISLAND CA,2022-10-19
ef89d465e36932c1,source_ood,1,validation,USGS_Sacramento_Delta,USGS_Sacramento_Delta,waterbody:USGS_Sacramento_Delta:OLD R A BACON ISLAND CA,2022-10-19
77fdb06c0fda4ffd,source_ood,1,validation,USGS_Sacramento_Delta,USGS_Sacramento_Delta,waterbody:USGS_Sacramento_Delta:OLD R A BACON ISLAND CA,2022-10-19
f379dea4185556bb,source_ood,1,validation,USGS_Sacramento_Delta,USGS_Sacramento_Delta,waterbody:USGS_Sacramento_Delta:OLD R A BACON ISLAND CA,2022-10-19
5878f4d685404900,source_ood,1,validation,USGS_Sacramento_Delta,USGS_Sacramento_Delta,waterbody:USGS_Sacramento_Delta:OLD R A INDIAN SLOUGH CA,2022-10-19
9bb9b05a697f923e,source_ood,1,validation,USGS_Sacramento_Delta,USGS_Sacramento_Delta,waterbody:USGS_Sacramento_Delta:OLD R A INDIAN SLOUGH CA,2022-10-19
784d84bfdbc4f165,source_ood,1,validation,USGS_Sacramento_Delta,USGS_Sacramento_Delta,waterbody:USGS_Sacramento_Delta:OLD R A INDIAN SLOUGH CA,2022-10-19
b89553f43b4e9a90,source_ood,1,validation,USGS_Sacramento_Delta,USGS_Sacramento_Delta,waterbody:USGS_Sacramento_Delta:OLD R A INDIAN SLOUGH CA,2022-10-19
e0aa89954295c16a,source_ood,1,validation,USGS_Sacramento_Delta,USGS_Sacramento_Delta,waterbody:USGS_Sacramento_Delta:OLD R A CLIFTON COURT FERRY CA,2022-10-19
4a18c2586e0945f6,source_ood,1,validation,USGS_Sacramento_Delta,USGS_Sacramento_Delta,waterbody:USGS_Sacramento_Delta:OLD R A CLIFTON COURT FERRY CA,2022-10-19
26198da048428a8f,source_ood,1,validation,USGS_Sacramento_Delta,USGS_Sacramento_Delta,waterbody:USGS_Sacramento_Delta:OLD R A CLIFTON COURT FERRY CA,2022-10-19
6c07665d59210362,source_ood,1,validation,USGS_Sacramento_Delta,USGS_Sacramento_Delta,waterbody:USGS_Sacramento_Delta:OLD R A CLIFTON COURT FERRY CA,2022-10-19
dafbc8655d11df08,source_ood,1,validation,USGS_Sacramento_Delta,USGS_Sacramento_Delta,waterbody:USGS_Sacramento_Delta:MIDDLE R A BORDEN HWY NR TRACY CA,2022-10-19
05c508172f8c5010,source_ood,1,validation,USGS_Sacramento_Delta,USGS_Sacramento_Delta,waterbody:USGS_Sacramento_Delta:MIDDLE R A BORDEN HWY NR TRACY CA,2022-10-19
cbcfa078e36245de,source_ood,1,validation,USGS_Sacramento_Delta,USGS_Sacramento_Delta,waterbody:USGS_Sacramento_Delta:MIDDLE R A BORDEN HWY NR TRACY CA,2022-10-19
657af7ee24063007,source_ood,1,validation,USGS_Sacramento_Delta,USGS_Sacramento_Delta,waterbody:USGS_Sacramento_Delta:MIDDLE R A BORDEN HWY NR TRACY CA,2022-10-19
083b7d038d51567f,source_ood,1,validation,USGS_Sacramento_Delta,USGS_Sacramento_Delta,waterbody:USGS_Sacramento_Delta:MIDDLE R AT MIDDLE RIVER CA,2022-10-19
154e716ace8c5e77,source_ood,1,validation,USGS_Sacramento_Delta,USGS_Sacramento_Delta,waterbody:USGS_Sacramento_Delta:MIDDLE R AT MIDDLE RIVER CA,2022-10-19
18e210f625890af5,source_ood,1,validation,USGS_Sacramento_Delta,USGS_Sacramento_Delta,waterbody:USGS_Sacramento_Delta:MIDDLE R AT MIDDLE RIVER CA,2022-10-19
af0e6c55a2c6220e,source_ood,1,validation,USGS_Sacramento_Delta,USGS_Sacramento_Delta,waterbody:USGS_Sacramento_Delta:MIDDLE R AT MIDDLE RIVER CA,2022-10-19
664073ba1ea48d1f,source_ood,1,validation,USGS_Sacramento_Delta,USGS_Sacramento_Delta,waterbody:USGS_Sacramento_Delta:MIDDLE R NR HOLT CA,2022-10-19
da820446324b72e5,source_ood,1,validation,USGS_Sacramento_Delta,USGS_Sacramento_Delta,waterbody:USGS_Sacramento_Delta:MIDDLE R NR HOLT CA,2022-10-19
a513ed625c63f958,source_ood,1,validation,USGS_Sacramento_Delta,USGS_Sacramento_Delta,waterbody:USGS_Sacramento_Delta:MIDDLE R NR HOLT CA,2022-10-19
e5471c6c400a4250,source_ood,1,validation,USGS_Sacramento_Delta,USGS_Sacramento_Delta,waterbody:USGS_Sacramento_Delta:MIDDLE R NR HOLT CA,2022-10-19
4a0ae182bf9c7fd5,source_ood,1,validation,USGS_Sacramento_Delta,USGS_Sacramento_Delta,waterbody:USGS_Sacramento_Delta:OLD R A BACON ISLAND CA,2023-10-19
eec5af974b159c89,source_ood,1,validation,USGS_Sacramento_Delta,USGS_Sacramento_Delta,waterbody:USGS_Sacramento_Delta:OLD R A BACON ISLAND CA,2023-10-19
be69160372058644,source_ood,1,validation,USGS_Sacramento_Delta,USGS_Sacramento_Delta,waterbody:USGS_Sacramento_Delta:OLD R A BACON ISLAND CA,2023-10-19
1f9f2542bd2250af,source_ood,1,validation,USGS_Sacramento_Delta,USGS_Sacramento_Delta,waterbody:USGS_Sacramento_Delta:CACHE SLOUGH A S LIBERTY ISLAND NR RIO VISTA CA,2023-10-19
95894c897c0de205,source_ood,1,validation,USGS_Sacramento_Delta,USGS_Sacramento_Delta,waterbody:USGS_Sacramento_Delta:CACHE SLOUGH A S LIBERTY ISLAND NR RIO VISTA CA,2023-10-19
744e7e752eab8ea5,source_ood,1,validation,USGS_Sacramento_Delta,USGS_Sacramento_Delta,waterbody:USGS_Sacramento_Delta:CACHE SLOUGH A S LIBERTY ISLAND NR RIO VISTA CA,2023-10-19
34edd9edf0b96053,source_ood,1,validation,USGS_Sacramento_Delta,USGS_Sacramento_Delta,waterbody:USGS_Sacramento_Delta:MIDDLE R AT MIDDLE RIVER CA,2023-10-19
588cf23d9afeffe7,source_ood,1,validation,USGS_Sacramento_Delta,USGS_Sacramento_Delta,waterbody:USGS_Sacramento_Delta:MIDDLE R AT MIDDLE RIVER CA,2023-10-19
aa0b0241b4b41a09,source_ood,1,validation,USGS_Sacramento_Delta,USGS_Sacramento_Delta,waterbody:USGS_Sacramento_Delta:MIDDLE R AT MIDDLE RIVER CA,2023-10-19
6bdd496e29f6276d,source_ood,1,validation,USGS_Sacramento_Delta,USGS_Sacramento_Delta,waterbody:USGS_Sacramento_Delta:CACHE SLOUGH A S LIBERTY ISLAND NR RIO VISTA CA,2020-10-20
1ab1a64e34686193,source_ood,1,validation,USGS_Sacramento_Delta,USGS_Sacramento_Delta,waterbody:USGS_Sacramento_Delta:CACHE SLOUGH A S LIBERTY ISLAND NR RIO VISTA CA,2020-10-20
58656a1d07d8898f,source_ood,1,validation,USGS_Sacramento_Delta,USGS_Sacramento_Delta,waterbody:USGS_Sacramento_Delta:CACHE SLOUGH A S LIBERTY ISLAND NR RIO VISTA CA,2020-10-20
ea615a2feaaf906a,source_ood,1,validation,USGS_Sacramento_Delta,USGS_Sacramento_Delta,waterbody:USGS_Sacramento_Delta:SHAG SLOUGH A LIBERTY ISLAND NR COURTLAND CA,2020-10-20
631637b515d4a852,source_ood,1,validation,USGS_Sacramento_Delta,USGS_Sacramento_Delta,waterbody:USGS_Sacramento_Delta:SHAG SLOUGH A LIBERTY ISLAND NR COURTLAND CA,2020-10-20
8aa5fbc45347d9a2,source_ood,1,validation,USGS_Sacramento_Delta,USGS_Sacramento_Delta,waterbody:USGS_Sacramento_Delta:SHAG SLOUGH A LIBERTY ISLAND NR COURTLAND CA,2020-10-20
1d3ccdba70b5b13a,source_ood,1,validation,USGS_Sacramento_Delta,USGS_Sacramento_Delta,waterbody:USGS_Sacramento_Delta:LIBERTY ISLAND A UPPER STAIR STEP NR FIVE POINTS C,2020-10-20
eb23f42ebce42ada,source_ood,1,validation,USGS_Sacramento_Delta,USGS_Sacramento_Delta,waterbody:USGS_Sacramento_Delta:LIBERTY ISLAND A UPPER STAIR STEP NR FIVE POINTS C,2020-10-20
724e3eedf14980c3,source_ood,1,validation,USGS_Sacramento_Delta,USGS_Sacramento_Delta,waterbody:USGS_Sacramento_Delta:LIBERTY ISLAND A UPPER STAIR STEP NR FIVE POINTS C,2020-10-20
e65452f48758022a,source_ood,1,validation,USGS_Sacramento_Delta,USGS_Sacramento_Delta,waterbody:USGS_Sacramento_Delta:CACHE SLOUGH AB RYER ISLAND FERRY NR RIO VISTA CA,2020-10-20
e4f7e689f87e35b7,source_ood,1,validation,USGS_Sacramento_Delta,USGS_Sacramento_Delta,waterbody:USGS_Sacramento_Delta:CACHE SLOUGH AB RYER ISLAND FERRY NR RIO VISTA CA,2020-10-20
4d35be313c9cc6ca,source_ood,1,validation,USGS_Sacramento_Delta,USGS_Sacramento_Delta,waterbody:USGS_Sacramento_Delta:CACHE SLOUGH AB RYER ISLAND FERRY NR RIO VISTA CA,2020-10-20
744efb27967f3fad,source_ood,1,validation,USGS_Sacramento_Delta,USGS_Sacramento_Delta,waterbody:USGS_Sacramento_Delta:SACRAMENTO R A DECKER ISLAND NR RIO VISTA CA,2020-10-20
db277ebe6317ea9b,source_ood,1,validation,USGS_Sacramento_Delta,USGS_Sacramento_Delta,waterbody:USGS_Sacramento_Delta:SACRAMENTO R A DECKER ISLAND NR RIO VISTA CA,2020-10-20
f0c4642336b004f4,source_ood,1,validation,USGS_Sacramento_Delta,USGS_Sacramento_Delta,waterbody:USGS_Sacramento_Delta:SACRAMENTO R A DECKER ISLAND NR RIO VISTA CA,2020-10-20
ab44158337cce41a,source_ood,1,validation,USGS_Sacramento_Delta,USGS_Sacramento_Delta,waterbody:USGS_Sacramento_Delta:SUISUN BAY A VAN SICKLE ISLAND NR PITTSBURG CA,2020-10-20
4cd3b651570122ce,source_ood,1,validation,USGS_Sacramento_Delta,USGS_Sacramento_Delta,waterbody:USGS_Sacramento_Delta:SUISUN BAY A VAN SICKLE ISLAND NR PITTSBURG CA,2020-10-20
9d8fec7aba952828,source_ood,1,validation,USGS_Sacramento_Delta,USGS_Sacramento_Delta,waterbody:USGS_Sacramento_Delta:SUISUN BAY A VAN SICKLE ISLAND NR PITTSBURG CA,2020-10-20
ef8da85fd0712b03,source_ood,1,validation,USGS_Sacramento_Delta,USGS_Sacramento_Delta,waterbody:USGS_Sacramento_Delta:GRIZZLY BAY A SUISUN SLOUGH NR AVON CA,2020-10-20
891587ea57d27aad,source_ood,1,validation,USGS_Sacramento_Delta,USGS_Sacramento_Delta,waterbody:USGS_Sacramento_Delta:GRIZZLY BAY A SUISUN SLOUGH NR AVON CA,2020-10-20
233edbe72e38ea98,source_ood,1,validation,USGS_Sacramento_Delta,USGS_Sacramento_Delta,waterbody:USGS_Sacramento_Delta:GRIZZLY BAY A SUISUN SLOUGH NR AVON CA,2020-10-20
105ec77e016efcfa,source_ood,1,validation,USGS_Sacramento_Delta,USGS_Sacramento_Delta,waterbody:USGS_Sacramento_Delta:SUISUN BAY A MALLARD IS CA,2020-10-20
62bae671c5f9ca04,source_ood,1,validation,USGS_Sacramento_Delta,USGS_Sacramento_Delta,waterbody:USGS_Sacramento_Delta:SUISUN BAY A MALLARD IS CA,2020-10-20
91d07331a3a7fc66,source_ood,1,validation,USGS_Sacramento_Delta,USGS_Sacramento_Delta,waterbody:USGS_Sacramento_Delta:SUISUN BAY A MALLARD IS CA,2020-10-20
73641db2b21a25bd,source_ood,1,validation,USGS_Sacramento_Delta,USGS_Sacramento_Delta,waterbody:USGS_Sacramento_Delta:SACRAMENTO R A R MILE 19.0 NR ISLETON CA,2022-10-20
129f1362681a3caf,source_ood,1,validation,USGS_Sacramento_Delta,USGS_Sacramento_Delta,waterbody:USGS_Sacramento_Delta:SACRAMENTO R A R MILE 19.0 NR ISLETON CA,2022-10-20
a9c6788464c66907,source_ood,1,validation,USGS_Sacramento_Delta,USGS_Sacramento_Delta,waterbody:USGS_Sacramento_Delta:SACRAMENTO R A R MILE 19.0 NR ISLETON CA,2022-10-20
e8308ad7a23aa028,source_ood,1,validation,USGS_Sacramento_Delta,USGS_Sacramento_Delta,waterbody:USGS_Sacramento_Delta:SACRAMENTO R A R MILE 19.0 NR ISLETON CA,2022-10-20
4cad27fd4e4ff0b1,source_ood,1,validation,USGS_Sacramento_Delta,USGS_Sacramento_Delta,waterbody:USGS_Sacramento_Delta:DELTA RMP SACR-028,2022-10-20
364097ed7c60706c,source_ood,1,validation,USGS_Sacramento_Delta,USGS_Sacramento_Delta,waterbody:USGS_Sacramento_Delta:DELTA RMP SACR-028,2022-10-20
36922fc3dc967a2d,source_ood,1,validation,USGS_Sacramento_Delta,USGS_Sacramento_Delta,waterbody:USGS_Sacramento_Delta:DELTA RMP SACR-028,2022-10-20
c6d5d6c06f3b88d1,source_ood,1,validation,USGS_Sacramento_Delta,USGS_Sacramento_Delta,waterbody:USGS_Sacramento_Delta:DELTA RMP SACR-028,2022-10-20
6fcd610c0eebef2a,source_ood,1,validation,USGS_Sacramento_Delta,USGS_Sacramento_Delta,waterbody:USGS_Sacramento_Delta:SACRAMENTO R AB DELTA CROSS CHANNEL CA,2022-10-20
9810f74254eb04c0,source_ood,1,validation,USGS_Sacramento_Delta,USGS_Sacramento_Delta,waterbody:USGS_Sacramento_Delta:SACRAMENTO R AB DELTA CROSS CHANNEL CA,2022-10-20
62fa01a94c96b4f1,source_ood,1,validation,USGS_Sacramento_Delta,USGS_Sacramento_Delta,waterbody:USGS_Sacramento_Delta:SACRAMENTO R AB DELTA CROSS CHANNEL CA,2022-10-20
b39ff6368ca58d26,source_ood,1,validation,USGS_Sacramento_Delta,USGS_Sacramento_Delta,waterbody:USGS_Sacramento_Delta:SACRAMENTO R AB DELTA CROSS CHANNEL CA,2022-10-20
cacfbaf719ed5406,source_ood,1,validation,USGS_Sacramento_Delta,USGS_Sacramento_Delta,waterbody:USGS_Sacramento_Delta:SACRAMENTO R A HOOD CA,2022-10-20
39f38e22377573af,source_ood,1,validation,USGS_Sacramento_Delta,USGS_Sacramento_Delta,waterbody:USGS_Sacramento_Delta:SACRAMENTO R A HOOD CA,2022-10-20
cc984fac0434c2e6,source_ood,1,validation,USGS_Sacramento_Delta,USGS_Sacramento_Delta,waterbody:USGS_Sacramento_Delta:SACRAMENTO R A HOOD CA,2022-10-20
a93461a61434f937,source_ood,1,validation,USGS_Sacramento_Delta,USGS_Sacramento_Delta,waterbody:USGS_Sacramento_Delta:SACRAMENTO R A HOOD CA,2022-10-20
d55557288a03e21a,source_ood,1,validation,USGS_Sacramento_Delta,USGS_Sacramento_Delta,waterbody:USGS_Sacramento_Delta:SACRAMENTO R A FREEPORT CA,2022-10-20
c5b2a09a3a071433,source_ood,1,validation,USGS_Sacramento_Delta,USGS_Sacramento_Delta,waterbody:USGS_Sacramento_Delta:SACRAMENTO R A FREEPORT CA,2022-10-20
27eb871f594a95b4,source_ood,1,validation,USGS_Sacramento_Delta,USGS_Sacramento_Delta,waterbody:USGS_Sacramento_Delta:SACRAMENTO R A FREEPORT CA,2022-10-20
3ddec1efe61f82fb,source_ood,1,validation,USGS_Sacramento_Delta,USGS_Sacramento_Delta,waterbody:USGS_Sacramento_Delta:SACRAMENTO R A FREEPORT CA,2022-10-20
ccf953f20a83b537,source_ood,1,validation,USGS_Sacramento_Delta,USGS_Sacramento_Delta,waterbody:USGS_Sacramento_Delta:N MOKELUMNE R A TYLER ISLAND RD NR ISELTON CA,2020-10-21
9f37f2d9ddfbfd7a,source_ood,1,validation,USGS_Sacramento_Delta,USGS_Sacramento_Delta,waterbody:USGS_Sacramento_Delta:N MOKELUMNE R A TYLER ISLAND RD NR ISELTON CA,2020-10-21
9ba1f82055938374,source_ood,1,validation,USGS_Sacramento_Delta,USGS_Sacramento_Delta,waterbody:USGS_Sacramento_Delta:N MOKELUMNE R A TYLER ISLAND RD NR ISELTON CA,2020-10-21
d4af82be6507da6f,source_ood,1,validation,USGS_Sacramento_Delta,USGS_Sacramento_Delta,waterbody:USGS_Sacramento_Delta:N MOKELUMNE NR WALNUT GROVE CA,2020-10-21
6cd5a46d1f03009c,source_ood,1,validation,USGS_Sacramento_Delta,USGS_Sacramento_Delta,waterbody:USGS_Sacramento_Delta:N MOKELUMNE NR WALNUT GROVE CA,2020-10-21
17c68402c76986b0,source_ood,1,validation,USGS_Sacramento_Delta,USGS_Sacramento_Delta,waterbody:USGS_Sacramento_Delta:N MOKELUMNE NR WALNUT GROVE CA,2020-10-21
92e794bd13946dfb,source_ood,1,validation,USGS_Sacramento_Delta,USGS_Sacramento_Delta,waterbody:USGS_Sacramento_Delta:SACRAMENTO R A DECKER ISLAND NR RIO VISTA CA,2020-10-21
49503783157cebbb,source_ood,1,validation,USGS_Sacramento_Delta,USGS_Sacramento_Delta,waterbody:USGS_Sacramento_Delta:SACRAMENTO R A DECKER ISLAND NR RIO VISTA CA,2020-10-21
a786317f6ef723e8,source_ood,1,validation,USGS_Sacramento_Delta,USGS_Sacramento_Delta,waterbody:USGS_Sacramento_Delta:SACRAMENTO R A DECKER ISLAND NR RIO VISTA CA,2020-10-21
d7031c2b7065f6a3,source_ood,1,validation,USGS_Sacramento_Delta,USGS_Sacramento_Delta,waterbody:USGS_Sacramento_Delta:S MOKELUMNE R A SYCAMORE SLOUGH NR TERMINOUS CA,2020-10-21
2c9ac371d59aeb47,source_ood,1,validation,USGS_Sacramento_Delta,USGS_Sacramento_Delta,waterbody:USGS_Sacramento_Delta:S MOKELUMNE R A SYCAMORE SLOUGH NR TERMINOUS CA,2020-10-21
d9fc6c031e36bf3f,source_ood,1,validation,USGS_Sacramento_Delta,USGS_Sacramento_Delta,waterbody:USGS_Sacramento_Delta:S MOKELUMNE R A SYCAMORE SLOUGH NR TERMINOUS CA,2020-10-21
d3acbd0718819325,source_ood,1,validation,USGS_Sacramento_Delta,USGS_Sacramento_Delta,waterbody:USGS_Sacramento_Delta:SAN JOAQUIN R A JERSEY POINT CA,2020-10-21
f435c9f2b72dc674,source_ood,1,validation,USGS_Sacramento_Delta,USGS_Sacramento_Delta,waterbody:USGS_Sacramento_Delta:SAN JOAQUIN R A JERSEY POINT CA,2020-10-21
1c7ae0b6bba9475f,source_ood,1,validation,USGS_Sacramento_Delta,USGS_Sacramento_Delta,waterbody:USGS_Sacramento_Delta:SAN JOAQUIN R A JERSEY POINT CA,2020-10-21
ce86293963432738,source_ood,1,validation,USGS_Sacramento_Delta,USGS_Sacramento_Delta,waterbody:USGS_Sacramento_Delta:SYCAMORE SLOUGH NR TERMINOUS CA,2020-10-21
ff5db5c0076c78bb,source_ood,1,validation,USGS_Sacramento_Delta,USGS_Sacramento_Delta,waterbody:USGS_Sacramento_Delta:SYCAMORE SLOUGH NR TERMINOUS CA,2020-10-21
e0d2627070067834,source_ood,1,validation,USGS_Sacramento_Delta,USGS_Sacramento_Delta,waterbody:USGS_Sacramento_Delta:SYCAMORE SLOUGH NR TERMINOUS CA,2020-10-21
4391934af96a00f6,source_ood,1,validation,USGS_Sacramento_Delta,USGS_Sacramento_Delta,waterbody:USGS_Sacramento_Delta:LITTLE POTATO SLOUGH A TERMINOUS CA,2020-10-21
87f48a180469d9d3,source_ood,1,validation,USGS_Sacramento_Delta,USGS_Sacramento_Delta,waterbody:USGS_Sacramento_Delta:LITTLE POTATO SLOUGH A TERMINOUS CA,2020-10-21
0cb6fe5e3410f508,source_ood,1,validation,USGS_Sacramento_Delta,USGS_Sacramento_Delta,waterbody:USGS_Sacramento_Delta:LITTLE POTATO SLOUGH A TERMINOUS CA,2020-10-21
aa4773420778e7af,source_ood,1,validation,USGS_Sacramento_Delta,USGS_Sacramento_Delta,waterbody:USGS_Sacramento_Delta:MIDDLE R NR HOLT CA,2020-10-21
4fac649c8493de41,source_ood,1,validation,USGS_Sacramento_Delta,USGS_Sacramento_Delta,waterbody:USGS_Sacramento_Delta:MIDDLE R NR HOLT CA,2020-10-21
ddb28e7591b1030d,source_ood,1,validation,USGS_Sacramento_Delta,USGS_Sacramento_Delta,waterbody:USGS_Sacramento_Delta:MIDDLE R NR HOLT CA,2020-10-21
7ad42f287b2de983,source_ood,1,validation,USGS_Sacramento_Delta,USGS_Sacramento_Delta,waterbody:USGS_Sacramento_Delta:MIDDLE R A BORDEN HWY NR TRACY CA,2020-10-21
612b897609ae9c8d,source_ood,1,validation,USGS_Sacramento_Delta,USGS_Sacramento_Delta,waterbody:USGS_Sacramento_Delta:MIDDLE R A BORDEN HWY NR TRACY CA,2020-10-21
4d145214565e1703,source_ood,1,validation,USGS_Sacramento_Delta,USGS_Sacramento_Delta,waterbody:USGS_Sacramento_Delta:MIDDLE R A BORDEN HWY NR TRACY CA,2020-10-21
e2a28ae7f5bcae4a,source_ood,1,validation,USGS_Sacramento_Delta,USGS_Sacramento_Delta,waterbody:USGS_Sacramento_Delta:OLD R A CLIFTON COURT FERRY CA,2020-10-21
3cbb9ffe872ef824,source_ood,1,validation,USGS_Sacramento_Delta,USGS_Sacramento_Delta,waterbody:USGS_Sacramento_Delta:OLD R A CLIFTON COURT FERRY CA,2020-10-21
2942c664151cae2f,source_ood,1,validation,USGS_Sacramento_Delta,USGS_Sacramento_Delta,waterbody:USGS_Sacramento_Delta:OLD R A CLIFTON COURT FERRY CA,2020-10-21
82cfbce0fd7e3372,source_ood,1,validation,USGS_Sacramento_Delta,USGS_Sacramento_Delta,waterbody:USGS_Sacramento_Delta:OLD R A INDIAN SLOUGH CA,2020-10-21
653ac8c57884c9d6,source_ood,1,validation,USGS_Sacramento_Delta,USGS_Sacramento_Delta,waterbody:USGS_Sacramento_Delta:OLD R A INDIAN SLOUGH CA,2020-10-21
7ae85a9d98db5475,source_ood,1,validation,USGS_Sacramento_Delta,USGS_Sacramento_Delta,waterbody:USGS_Sacramento_Delta:OLD R A INDIAN SLOUGH CA,2020-10-21
d65683a84257c882,source_ood,1,validation,USGS_Sacramento_Delta,USGS_Sacramento_Delta,waterbody:USGS_Sacramento_Delta:OLD R A BACON ISLAND CA,2020-10-21
444324d89f9a79c5,source_ood,1,validation,USGS_Sacramento_Delta,USGS_Sacramento_Delta,waterbody:USGS_Sacramento_Delta:OLD R A BACON ISLAND CA,2020-10-21
a4c1315da9c42f96,source_ood,1,validation,USGS_Sacramento_Delta,USGS_Sacramento_Delta,waterbody:USGS_Sacramento_Delta:OLD R A BACON ISLAND CA,2020-10-21
36c9489cf6654cbc,source_ood,1,validation,USGS_Sacramento_Delta,USGS_Sacramento_Delta,waterbody:USGS_Sacramento_Delta:OLD R A FRANKS TRACT NR BETHEL ISLAND CA,2020-10-21
54cc24d5d7d70658,source_ood,1,validation,USGS_Sacramento_Delta,USGS_Sacramento_Delta,waterbody:USGS_Sacramento_Delta:OLD R A FRANKS TRACT NR BETHEL ISLAND CA,2020-10-21
0c585502f3195421,source_ood,1,validation,USGS_Sacramento_Delta,USGS_Sacramento_Delta,waterbody:USGS_Sacramento_Delta:OLD R A FRANKS TRACT NR BETHEL ISLAND CA,2020-10-21
a887418b21c49e33,source_ood,1,validation,USGS_Sacramento_Delta,USGS_Sacramento_Delta,waterbody:USGS_Sacramento_Delta:FALSE R NR OAKLEY CA,2020-10-21
bf1eb72478fe8931,source_ood,1,validation,USGS_Sacramento_Delta,USGS_Sacramento_Delta,waterbody:USGS_Sacramento_Delta:FALSE R NR OAKLEY CA,2020-10-21
a45c327fd220fb56,source_ood,1,validation,USGS_Sacramento_Delta,USGS_Sacramento_Delta,waterbody:USGS_Sacramento_Delta:FALSE R NR OAKLEY CA,2020-10-21
47a5d66de50009f5,source_ood,1,validation,USGS_Sacramento_Delta,USGS_Sacramento_Delta,waterbody:USGS_Sacramento_Delta:SACRAMENTO R BL TOLAND LANDING NR RIO VISTA CA,2021-10-21
9be94999c59ddbd0,source_ood,1,validation,USGS_Sacramento_Delta,USGS_Sacramento_Delta,waterbody:USGS_Sacramento_Delta:SACRAMENTO R BL TOLAND LANDING NR RIO VISTA CA,2021-10-21
8195c9d142f5d7cb,source_ood,1,validation,USGS_Sacramento_Delta,USGS_Sacramento_Delta,waterbody:USGS_Sacramento_Delta:SACRAMENTO R BL TOLAND LANDING NR RIO VISTA CA,2021-10-21
665b919301660fd4,source_ood,1,validation,USGS_Sacramento_Delta,USGS_Sacramento_Delta,waterbody:USGS_Sacramento_Delta:SACRAMENTO R BL TOLAND LANDING NR RIO VISTA CA,2021-10-21
b334f61d779b65e6,source_ood,1,validation,USGS_Sacramento_Delta,USGS_Sacramento_Delta,waterbody:USGS_Sacramento_Delta:SAN JOAQUIN R A JERSEY POINT CA,2021-10-21
31fabd252f1169b4,source_ood,1,validation,USGS_Sacramento_Delta,USGS_Sacramento_Delta,waterbody:USGS_Sacramento_Delta:SAN JOAQUIN R A JERSEY POINT CA,2021-10-21
bff762ef3cbcde2f,source_ood,1,validation,USGS_Sacramento_Delta,USGS_Sacramento_Delta,waterbody:USGS_Sacramento_Delta:SAN JOAQUIN R A JERSEY POINT CA,2021-10-21
a8c76935b1a13048,source_ood,1,validation,USGS_Sacramento_Delta,USGS_Sacramento_Delta,waterbody:USGS_Sacramento_Delta:SAN JOAQUIN R A JERSEY POINT CA,2021-10-21
405605c2eb73c191,source_ood,1,validation,USGS_Sacramento_Delta,USGS_Sacramento_Delta,waterbody:USGS_Sacramento_Delta:CACHE SLOUGH A S LIBERTY ISLAND NR RIO VISTA CA,2021-10-21
4a747903d57d53a0,source_ood,1,validation,USGS_Sacramento_Delta,USGS_Sacramento_Delta,waterbody:USGS_Sacramento_Delta:CACHE SLOUGH A S LIBERTY ISLAND NR RIO VISTA CA,2021-10-21
27a98274b3238ea5,source_ood,1,validation,USGS_Sacramento_Delta,USGS_Sacramento_Delta,waterbody:USGS_Sacramento_Delta:CACHE SLOUGH A S LIBERTY ISLAND NR RIO VISTA CA,2021-10-21
e64a9e3cf7138dd8,source_ood,1,validation,USGS_Sacramento_Delta,USGS_Sacramento_Delta,waterbody:USGS_Sacramento_Delta:CACHE SLOUGH A S LIBERTY ISLAND NR RIO VISTA CA,2021-10-21
9e9561639f8ed2bd,source_ood,1,validation,USGS_Sacramento_Delta,USGS_Sacramento_Delta,waterbody:USGS_Sacramento_Delta:SAN FRANCISCO BAY A CHAIN ISLAND CA,2020-10-22
ef5d17dfb2e15bca,source_ood,1,validation,USGS_Sacramento_Delta,USGS_Sacramento_Delta,waterbody:USGS_Sacramento_Delta:SAN FRANCISCO BAY A CHAIN ISLAND CA,2020-10-22
bf6ae063f9cd6954,source_ood,1,validation,USGS_Sacramento_Delta,USGS_Sacramento_Delta,waterbody:USGS_Sacramento_Delta:SAN FRANCISCO BAY A CHAIN ISLAND CA,2020-10-22
371164cc0f88b605,source_ood,1,validation,USGS_Sacramento_Delta,USGS_Sacramento_Delta,waterbody:USGS_Sacramento_Delta:SAN JOAQUIN R A JERSEY POINT CA,2020-10-22
b114e7970415608b,source_ood,1,validation,USGS_Sacramento_Delta,USGS_Sacramento_Delta,waterbody:USGS_Sacramento_Delta:SAN JOAQUIN R A JERSEY POINT CA,2020-10-22
73e22f724f6d9e56,source_ood,1,validation,USGS_Sacramento_Delta,USGS_Sacramento_Delta,waterbody:USGS_Sacramento_Delta:SAN JOAQUIN R A JERSEY POINT CA,2020-10-22
d620d68c7cd197c8,source_ood,1,validation,USGS_Sacramento_Delta,USGS_Sacramento_Delta,waterbody:USGS_Sacramento_Delta:SAN JOAQUIN R A PRISONERS PT NR TERMINOUS CA,2020-10-22
cec518f877852cde,source_ood,1,validation,USGS_Sacramento_Delta,USGS_Sacramento_Delta,waterbody:USGS_Sacramento_Delta:SAN JOAQUIN R A PRISONERS PT NR TERMINOUS CA,2020-10-22
9a0b4718d6f7e35b,source_ood,1,validation,USGS_Sacramento_Delta,USGS_Sacramento_Delta,waterbody:USGS_Sacramento_Delta:SAN JOAQUIN R A PRISONERS PT NR TERMINOUS CA,2020-10-22
08214720c70c2edf,source_ood,1,validation,USGS_Sacramento_Delta,USGS_Sacramento_Delta,waterbody:USGS_Sacramento_Delta:SAN JOAQUIN R A TINSLEY ISLAND NR TERMINOUS CA,2020-10-22
fb02eb1d2879f4f8,source_ood,1,validation,USGS_Sacramento_Delta,USGS_Sacramento_Delta,waterbody:USGS_Sacramento_Delta:SAN JOAQUIN R A TINSLEY ISLAND NR TERMINOUS CA,2020-10-22
61a16d7503add995,source_ood,1,validation,USGS_Sacramento_Delta,USGS_Sacramento_Delta,waterbody:USGS_Sacramento_Delta:SAN JOAQUIN R A TINSLEY ISLAND NR TERMINOUS CA,2020-10-22
595c4f53fc11d98c,source_ood,1,validation,USGS_Sacramento_Delta,USGS_Sacramento_Delta,waterbody:USGS_Sacramento_Delta:TURNER CUT NR HOLT CA,2020-10-22
a003d5e2debb14be,source_ood,1,validation,USGS_Sacramento_Delta,USGS_Sacramento_Delta,waterbody:USGS_Sacramento_Delta:TURNER CUT NR HOLT CA,2020-10-22
a1ef83e94e3cd9d4,source_ood,1,validation,USGS_Sacramento_Delta,USGS_Sacramento_Delta,waterbody:USGS_Sacramento_Delta:TURNER CUT NR HOLT CA,2020-10-22
4cd7cf4af75d6143,source_ood,1,validation,USGS_Sacramento_Delta,USGS_Sacramento_Delta,waterbody:USGS_Sacramento_Delta:SAN JOAQUIN R A BUCKLEY COVE NR STOCKTON CA,2020-10-22
89b0946d5066326f,source_ood,1,validation,USGS_Sacramento_Delta,USGS_Sacramento_Delta,waterbody:USGS_Sacramento_Delta:SAN JOAQUIN R A BUCKLEY COVE NR STOCKTON CA,2020-10-22
66b07ea478def002,source_ood,1,validation,USGS_Sacramento_Delta,USGS_Sacramento_Delta,waterbody:USGS_Sacramento_Delta:SAN JOAQUIN R A BUCKLEY COVE NR STOCKTON CA,2020-10-22
841616d9b8a611ab,source_ood,1,validation,USGS_Sacramento_Delta,USGS_Sacramento_Delta,waterbody:USGS_Sacramento_Delta:FOURTEENMILE SLOUGH NR TERMINOUS CA,2020-10-22
dc06dda12b3c59b1,source_ood,1,validation,USGS_Sacramento_Delta,USGS_Sacramento_Delta,waterbody:USGS_Sacramento_Delta:FOURTEENMILE SLOUGH NR TERMINOUS CA,2020-10-22
95ffd79c3714c6fc,source_ood,1,validation,USGS_Sacramento_Delta,USGS_Sacramento_Delta,waterbody:USGS_Sacramento_Delta:FOURTEENMILE SLOUGH NR TERMINOUS CA,2020-10-22
349739dd0becbb26,source_ood,1,validation,USGS_Sacramento_Delta,USGS_Sacramento_Delta,waterbody:USGS_Sacramento_Delta:SAN JOAQUIN R A TINSLEY ISLAND NR TERMINOUS CA,2020-10-22
66638a92c2479b53,source_ood,1,validation,USGS_Sacramento_Delta,USGS_Sacramento_Delta,waterbody:USGS_Sacramento_Delta:SAN JOAQUIN R A TINSLEY ISLAND NR TERMINOUS CA,2020-10-22
1f4ce4ba927f2ecb,source_ood,1,validation,USGS_Sacramento_Delta,USGS_Sacramento_Delta,waterbody:USGS_Sacramento_Delta:SAN JOAQUIN R A TINSLEY ISLAND NR TERMINOUS CA,2020-10-22
a1629770a3d6e9d7,source_ood,1,validation,USGS_Sacramento_Delta,USGS_Sacramento_Delta,waterbody:USGS_Sacramento_Delta:GEORGIANA SLOUGH A TYLER ISLAND RD NR ISLETON CA,2020-10-22
150c18bab779d484,source_ood,1,validation,USGS_Sacramento_Delta,USGS_Sacramento_Delta,waterbody:USGS_Sacramento_Delta:GEORGIANA SLOUGH A TYLER ISLAND RD NR ISLETON CA,2020-10-22
664e19d1625c707c,source_ood,1,validation,USGS_Sacramento_Delta,USGS_Sacramento_Delta,waterbody:USGS_Sacramento_Delta:GEORGIANA SLOUGH A TYLER ISLAND RD NR ISLETON CA,2020-10-22
dd16d9e1a1ecd00a,source_ood,1,validation,USGS_Sacramento_Delta,USGS_Sacramento_Delta,waterbody:USGS_Sacramento_Delta:DELTA RMP SACR-028,2020-10-22
ffc8bf7aa1852443,source_ood,1,validation,USGS_Sacramento_Delta,USGS_Sacramento_Delta,waterbody:USGS_Sacramento_Delta:DELTA RMP SACR-028,2020-10-22
afa59997eb8c1ecd,source_ood,1,validation,USGS_Sacramento_Delta,USGS_Sacramento_Delta,waterbody:USGS_Sacramento_Delta:DELTA RMP SACR-028,2020-10-22
7f36f6160ba0d1d2,source_ood,1,validation,USGS_Sacramento_Delta,USGS_Sacramento_Delta,waterbody:USGS_Sacramento_Delta:THREEMILE SLOUGH A TWITCHELL ISLAND NR RIO VISTA,2023-10-23
b577e30635f28994,source_ood,1,validation,USGS_Sacramento_Delta,USGS_Sacramento_Delta,waterbody:USGS_Sacramento_Delta:THREEMILE SLOUGH A TWITCHELL ISLAND NR RIO VISTA,2023-10-23
d26fb3a92f92dbf3,source_ood,1,validation,USGS_Sacramento_Delta,USGS_Sacramento_Delta,waterbody:USGS_Sacramento_Delta:THREEMILE SLOUGH A TWITCHELL ISLAND NR RIO VISTA,2023-10-23
30cace0cf56641d6,source_ood,1,validation,USGS_Sacramento_Delta,USGS_Sacramento_Delta,waterbody:USGS_Sacramento_Delta:OLD R A FRANKS TRACT NR BETHEL ISLAND CA,2023-10-23
8350eac2b63dfc8e,source_ood,1,validation,USGS_Sacramento_Delta,USGS_Sacramento_Delta,waterbody:USGS_Sacramento_Delta:OLD R A FRANKS TRACT NR BETHEL ISLAND CA,2023-10-23
8b1a8ff640a5a93f,source_ood,1,validation,USGS_Sacramento_Delta,USGS_Sacramento_Delta,waterbody:USGS_Sacramento_Delta:OLD R A FRANKS TRACT NR BETHEL ISLAND CA,2023-10-23
f0cc32bd86f966a0,source_ood,1,validation,USGS_Sacramento_Delta,USGS_Sacramento_Delta,waterbody:USGS_Sacramento_Delta:OLD R A BACON ISLAND CA,2023-10-23
f375dfef208e647a,source_ood,1,validation,USGS_Sacramento_Delta,USGS_Sacramento_Delta,waterbody:USGS_Sacramento_Delta:OLD R A BACON ISLAND CA,2023-10-23
7623393e5e87c7bb,source_ood,1,validation,USGS_Sacramento_Delta,USGS_Sacramento_Delta,waterbody:USGS_Sacramento_Delta:OLD R A BACON ISLAND CA,2023-10-23
720d59342bb8a7ee,source_ood,1,validation,USGS_Sacramento_Delta,USGS_Sacramento_Delta,waterbody:USGS_Sacramento_Delta:OLD R A INDIAN SLOUGH CA,2023-10-23
322cc596f97b7414,source_ood,1,validation,USGS_Sacramento_Delta,USGS_Sacramento_Delta,waterbody:USGS_Sacramento_Delta:OLD R A INDIAN SLOUGH CA,2023-10-23
bf5c23b447144765,source_ood,1,validation,USGS_Sacramento_Delta,USGS_Sacramento_Delta,waterbody:USGS_Sacramento_Delta:OLD R A INDIAN SLOUGH CA,2023-10-23
6f9234d35f8dd193,source_ood,1,validation,USGS_Sacramento_Delta,USGS_Sacramento_Delta,waterbody:USGS_Sacramento_Delta:OLD R A CLIFTON COURT FERRY CA,2023-10-23
4fcc50ecd210abf4,source_ood,1,validation,USGS_Sacramento_Delta,USGS_Sacramento_Delta,waterbody:USGS_Sacramento_Delta:OLD R A CLIFTON COURT FERRY CA,2023-10-23
26040bcecde58fa2,source_ood,1,validation,USGS_Sacramento_Delta,USGS_Sacramento_Delta,waterbody:USGS_Sacramento_Delta:OLD R A CLIFTON COURT FERRY CA,2023-10-23
bbc5d0ac7d0399c8,source_ood,1,validation,USGS_Sacramento_Delta,USGS_Sacramento_Delta,waterbody:USGS_Sacramento_Delta:MIDDLE R A BORDEN HWY NR TRACY CA,2023-10-23
f4dd6f71ee0cd00a,source_ood,1,validation,USGS_Sacramento_Delta,USGS_Sacramento_Delta,waterbody:USGS_Sacramento_Delta:MIDDLE R A BORDEN HWY NR TRACY CA,2023-10-23
a37eda144a989eb5,source_ood,1,validation,USGS_Sacramento_Delta,USGS_Sacramento_Delta,waterbody:USGS_Sacramento_Delta:MIDDLE R A BORDEN HWY NR TRACY CA,2023-10-23
b4e72b546716cdfc,source_ood,1,validation,USGS_Sacramento_Delta,USGS_Sacramento_Delta,waterbody:USGS_Sacramento_Delta:MIDDLE R AT MIDDLE RIVER CA,2023-10-23
8542ee10b7e7bbb3,source_ood,1,validation,USGS_Sacramento_Delta,USGS_Sacramento_Delta,waterbody:USGS_Sacramento_Delta:MIDDLE R AT MIDDLE RIVER CA,2023-10-23
32aa71d3d06f5db6,source_ood,1,validation,USGS_Sacramento_Delta,USGS_Sacramento_Delta,waterbody:USGS_Sacramento_Delta:MIDDLE R AT MIDDLE RIVER CA,2023-10-23
ecec9e043b11b713,source_ood,1,validation,USGS_Sacramento_Delta,USGS_Sacramento_Delta,waterbody:USGS_Sacramento_Delta:MIDDLE R NR HOLT CA,2023-10-23
e279ded33b19cf3d,source_ood,1,validation,USGS_Sacramento_Delta,USGS_Sacramento_Delta,waterbody:USGS_Sacramento_Delta:MIDDLE R NR HOLT CA,2023-10-23
be67e73b2240fa1d,source_ood,1,validation,USGS_Sacramento_Delta,USGS_Sacramento_Delta,waterbody:USGS_Sacramento_Delta:MIDDLE R NR HOLT CA,2023-10-23
8198ff2bd9952fe6,source_ood,1,validation,USGS_Sacramento_Delta,USGS_Sacramento_Delta,waterbody:USGS_Sacramento_Delta:LITTLE POTATO SLOUGH A TERMINOUS CA,2023-10-23
a0a7e30101074f3b,source_ood,1,validation,USGS_Sacramento_Delta,USGS_Sacramento_Delta,waterbody:USGS_Sacramento_Delta:LITTLE POTATO SLOUGH A TERMINOUS CA,2023-10-23
a8f0bf173106634f,source_ood,1,validation,USGS_Sacramento_Delta,USGS_Sacramento_Delta,waterbody:USGS_Sacramento_Delta:LITTLE POTATO SLOUGH A TERMINOUS CA,2023-10-23
bdde998e90e5a538,source_ood,1,validation,USGS_Sacramento_Delta,USGS_Sacramento_Delta,waterbody:USGS_Sacramento_Delta:S MOKELUMNE R A SYCAMORE SLOUGH NR TERMINOUS CA,2023-10-23
ba75eb260bd0d02f,source_ood,1,validation,USGS_Sacramento_Delta,USGS_Sacramento_Delta,waterbody:USGS_Sacramento_Delta:S MOKELUMNE R A SYCAMORE SLOUGH NR TERMINOUS CA,2023-10-23
517c3c53cdd852c3,source_ood,1,validation,USGS_Sacramento_Delta,USGS_Sacramento_Delta,waterbody:USGS_Sacramento_Delta:S MOKELUMNE R A SYCAMORE SLOUGH NR TERMINOUS CA,2023-10-23
3984837b8991a2d8,source_ood,1,validation,USGS_Sacramento_Delta,USGS_Sacramento_Delta,waterbody:USGS_Sacramento_Delta:SYCAMORE SLOUGH NR TERMINOUS CA,2023-10-23
e66c45342f501d0c,source_ood,1,validation,USGS_Sacramento_Delta,USGS_Sacramento_Delta,waterbody:USGS_Sacramento_Delta:SYCAMORE SLOUGH NR TERMINOUS CA,2023-10-23
86ef2b8e040e92a1,source_ood,1,validation,USGS_Sacramento_Delta,USGS_Sacramento_Delta,waterbody:USGS_Sacramento_Delta:SYCAMORE SLOUGH NR TERMINOUS CA,2023-10-23
e94e74990735d7e2,source_ood,1,validation,USGS_Sacramento_Delta,USGS_Sacramento_Delta,waterbody:USGS_Sacramento_Delta:S MOKELUMNE R A SYCAMORE SLOUGH NR TERMINOUS CA,2023-10-23
52d0759ebd0fe555,source_ood,1,validation,USGS_Sacramento_Delta,USGS_Sacramento_Delta,waterbody:USGS_Sacramento_Delta:S MOKELUMNE R A SYCAMORE SLOUGH NR TERMINOUS CA,2023-10-23
09671f70885cd6f9,source_ood,1,validation,USGS_Sacramento_Delta,USGS_Sacramento_Delta,waterbody:USGS_Sacramento_Delta:S MOKELUMNE R A SYCAMORE SLOUGH NR TERMINOUS CA,2023-10-23
4f11c8abc9596345,source_ood,1,validation,USGS_Sacramento_Delta,USGS_Sacramento_Delta,waterbody:USGS_Sacramento_Delta:N MOKELUMNE NR WALNUT GROVE CA,2023-10-23
e0672aee0b60bab2,source_ood,1,validation,USGS_Sacramento_Delta,USGS_Sacramento_Delta,waterbody:USGS_Sacramento_Delta:N MOKELUMNE NR WALNUT GROVE CA,2023-10-23
11a07a22564d041f,source_ood,1,validation,USGS_Sacramento_Delta,USGS_Sacramento_Delta,waterbody:USGS_Sacramento_Delta:N MOKELUMNE NR WALNUT GROVE CA,2023-10-23
242fde9fb52ed1ba,source_ood,1,validation,USGS_Sacramento_Delta,USGS_Sacramento_Delta,waterbody:USGS_Sacramento_Delta:N MOKELUMNE R A TYLER ISLAND RD NR ISELTON CA,2023-10-23
59059b398b86f415,source_ood,1,validation,USGS_Sacramento_Delta,USGS_Sacramento_Delta,waterbody:USGS_Sacramento_Delta:N MOKELUMNE R A TYLER ISLAND RD NR ISELTON CA,2023-10-23
95363fdd1a5e02ab,source_ood,1,validation,USGS_Sacramento_Delta,USGS_Sacramento_Delta,waterbody:USGS_Sacramento_Delta:N MOKELUMNE R A TYLER ISLAND RD NR ISELTON CA,2023-10-23
d0acc90de78fbed1,source_ood,1,validation,USGS_Sacramento_Delta,USGS_Sacramento_Delta,waterbody:USGS_Sacramento_Delta:SAN JOAQUIN R BL THREEMILE SLOUGH NR RIO VISTA CA,2023-10-23
f15be9e1dc7ecd66,source_ood,1,validation,USGS_Sacramento_Delta,USGS_Sacramento_Delta,waterbody:USGS_Sacramento_Delta:SAN JOAQUIN R BL THREEMILE SLOUGH NR RIO VISTA CA,2023-10-23
c07a6c174d82eadc,source_ood,1,validation,USGS_Sacramento_Delta,USGS_Sacramento_Delta,waterbody:USGS_Sacramento_Delta:SAN JOAQUIN R BL THREEMILE SLOUGH NR RIO VISTA CA,2023-10-23
e4af83f36e7425e0,source_ood,1,validation,USGS_Sacramento_Delta,USGS_Sacramento_Delta,waterbody:USGS_Sacramento_Delta:SACRAMENTO R A RIO VISTA CA,2023-10-24
386ab0b867d8a8cd,source_ood,1,validation,USGS_Sacramento_Delta,USGS_Sacramento_Delta,waterbody:USGS_Sacramento_Delta:SACRAMENTO R A RIO VISTA CA,2023-10-24
bf69fe535d4cd517,source_ood,1,validation,USGS_Sacramento_Delta,USGS_Sacramento_Delta,waterbody:USGS_Sacramento_Delta:SACRAMENTO R A RIO VISTA CA,2023-10-24
b0c87d22476b4896,source_ood,1,validation,USGS_Sacramento_Delta,USGS_Sacramento_Delta,waterbody:USGS_Sacramento_Delta:SACRAMENTO R BL TOLAND LANDING NR RIO VISTA CA,2023-10-24
0af4a34f4514da04,source_ood,1,validation,USGS_Sacramento_Delta,USGS_Sacramento_Delta,waterbody:USGS_Sacramento_Delta:SACRAMENTO R BL TOLAND LANDING NR RIO VISTA CA,2023-10-24
e9364f9960faa15e,source_ood,1,validation,USGS_Sacramento_Delta,USGS_Sacramento_Delta,waterbody:USGS_Sacramento_Delta:SACRAMENTO R BL TOLAND LANDING NR RIO VISTA CA,2023-10-24
df8946afdabc7720,source_ood,1,validation,USGS_Sacramento_Delta,USGS_Sacramento_Delta,waterbody:USGS_Sacramento_Delta:SUISUN BAY A VAN SICKLE ISLAND NR PITTSBURG CA,2023-10-24
a1c8d1192d4ec261,source_ood,1,validation,USGS_Sacramento_Delta,USGS_Sacramento_Delta,waterbody:USGS_Sacramento_Delta:SUISUN BAY A VAN SICKLE ISLAND NR PITTSBURG CA,2023-10-24
7622d775eaf83221,source_ood,1,validation,USGS_Sacramento_Delta,USGS_Sacramento_Delta,waterbody:USGS_Sacramento_Delta:SUISUN BAY A VAN SICKLE ISLAND NR PITTSBURG CA,2023-10-24
d4830fa0c6f3c2a1,source_ood,1,validation,USGS_Sacramento_Delta,USGS_Sacramento_Delta,waterbody:USGS_Sacramento_Delta:GRIZZLY BAY A SUISUN SLOUGH NR AVON CA,2023-10-24
aea17a2ac5b1df4f,source_ood,1,validation,USGS_Sacramento_Delta,USGS_Sacramento_Delta,waterbody:USGS_Sacramento_Delta:GRIZZLY BAY A SUISUN SLOUGH NR AVON CA,2023-10-24
485977d02a1cd00c,source_ood,1,validation,USGS_Sacramento_Delta,USGS_Sacramento_Delta,waterbody:USGS_Sacramento_Delta:GRIZZLY BAY A SUISUN SLOUGH NR AVON CA,2023-10-24
afd385d4a81e8e5e,source_ood,1,validation,USGS_Sacramento_Delta,USGS_Sacramento_Delta,waterbody:USGS_Sacramento_Delta:SUISUN BAY A VAN SICKLE ISLAND NR PITTSBURG CA,2023-10-24
40151c2a4c1edbac,source_ood,1,validation,USGS_Sacramento_Delta,USGS_Sacramento_Delta,waterbody:USGS_Sacramento_Delta:SUISUN BAY A VAN SICKLE ISLAND NR PITTSBURG CA,2023-10-24
39e97d7d76dc9a80,source_ood,1,validation,USGS_Sacramento_Delta,USGS_Sacramento_Delta,waterbody:USGS_Sacramento_Delta:SUISUN BAY A VAN SICKLE ISLAND NR PITTSBURG CA,2023-10-24
97095a0528d184a4,source_ood,1,validation,USGS_Sacramento_Delta,USGS_Sacramento_Delta,waterbody:USGS_Sacramento_Delta:SAN JOAQUIN R A JERSEY POINT CA,2023-10-24
b1a03e7975d241b5,source_ood,1,validation,USGS_Sacramento_Delta,USGS_Sacramento_Delta,waterbody:USGS_Sacramento_Delta:SAN JOAQUIN R A JERSEY POINT CA,2023-10-24
7fd6e404e4ae53cd,source_ood,1,validation,USGS_Sacramento_Delta,USGS_Sacramento_Delta,waterbody:USGS_Sacramento_Delta:SAN JOAQUIN R A JERSEY POINT CA,2023-10-24
a5567876e9ab87da,source_ood,1,validation,USGS_Sacramento_Delta,USGS_Sacramento_Delta,waterbody:USGS_Sacramento_Delta:San Joaquin R a R mi 72.2 nr Vernalis CA,2021-10-26
647303c19ab8a6d3,source_ood,1,validation,USGS_Sacramento_Delta,USGS_Sacramento_Delta,waterbody:USGS_Sacramento_Delta:San Joaquin R a R mi 72.2 nr Vernalis CA,2021-10-26
cc9dd1f46b53a26b,source_ood,1,validation,USGS_Sacramento_Delta,USGS_Sacramento_Delta,waterbody:USGS_Sacramento_Delta:San Joaquin R a R mi 72.2 nr Vernalis CA,2021-10-26
a4353d0a535d3a94,source_ood,1,validation,USGS_Sacramento_Delta,USGS_Sacramento_Delta,waterbody:USGS_Sacramento_Delta:San Joaquin R a R mi 72.2 nr Vernalis CA,2021-10-26
34186838ac292fc3,source_ood,1,validation,USGS_Sacramento_Delta,USGS_Sacramento_Delta,waterbody:USGS_Sacramento_Delta:SAN JOAQUIN R A ROUGH AND READY ISLAND NR STOCKTON,2021-10-26
283f15e344ae6b38,source_ood,1,validation,USGS_Sacramento_Delta,USGS_Sacramento_Delta,waterbody:USGS_Sacramento_Delta:SAN JOAQUIN R A ROUGH AND READY ISLAND NR STOCKTON,2021-10-26
7ecad436b9afee03,source_ood,1,validation,USGS_Sacramento_Delta,USGS_Sacramento_Delta,waterbody:USGS_Sacramento_Delta:SAN JOAQUIN R A ROUGH AND READY ISLAND NR STOCKTON,2021-10-26
f692b767bb8e8056,source_ood,1,validation,USGS_Sacramento_Delta,USGS_Sacramento_Delta,waterbody:USGS_Sacramento_Delta:SAN JOAQUIN R A ROUGH AND READY ISLAND NR STOCKTON,2021-10-26
0016df955ef8469b,source_ood,1,validation,USGS_Sacramento_Delta,USGS_Sacramento_Delta,waterbody:USGS_Sacramento_Delta:FRANKS TRACT NR BETHEL ISLAND CA,2022-10-26
d6dad0daaf5519ce,source_ood,1,validation,USGS_Sacramento_Delta,USGS_Sacramento_Delta,waterbody:USGS_Sacramento_Delta:FRANKS TRACT NR BETHEL ISLAND CA,2022-10-26
199470221e85c2b0,source_ood,1,validation,USGS_Sacramento_Delta,USGS_Sacramento_Delta,waterbody:USGS_Sacramento_Delta:FRANKS TRACT NR BETHEL ISLAND CA,2022-10-26
bab28842fc9916f6,source_ood,1,validation,USGS_Sacramento_Delta,USGS_Sacramento_Delta,waterbody:USGS_Sacramento_Delta:FRANKS TRACT NR BETHEL ISLAND CA,2022-10-26
263516a61c029ec5,source_ood,1,validation,USGS_Sacramento_Delta,USGS_Sacramento_Delta,waterbody:USGS_Sacramento_Delta:SAN JOAQUIN R A ROUGH AND READY ISLAND NR STOCKTON,2022-10-27
a1ec065cc185e988,source_ood,1,validation,USGS_Sacramento_Delta,USGS_Sacramento_Delta,waterbody:USGS_Sacramento_Delta:SAN JOAQUIN R A ROUGH AND READY ISLAND NR STOCKTON,2022-10-27
83c6022a583ba2b3,source_ood,1,validation,USGS_Sacramento_Delta,USGS_Sacramento_Delta,waterbody:USGS_Sacramento_Delta:SAN JOAQUIN R A ROUGH AND READY ISLAND NR STOCKTON,2022-10-27
8cdfe98c15243a42,source_ood,1,validation,USGS_Sacramento_Delta,USGS_Sacramento_Delta,waterbody:USGS_Sacramento_Delta:SAN JOAQUIN R A ROUGH AND READY ISLAND NR STOCKTON,2022-10-27
231439f1dbc57ef0,source_ood,1,validation,USGS_Sacramento_Delta,USGS_Sacramento_Delta,waterbody:USGS_Sacramento_Delta:San Joaquin R a R mi 72.2 nr Vernalis CA,2022-10-27
e35d0d775b1d4298,source_ood,1,validation,USGS_Sacramento_Delta,USGS_Sacramento_Delta,waterbody:USGS_Sacramento_Delta:San Joaquin R a R mi 72.2 nr Vernalis CA,2022-10-27
64b854a731eb617c,source_ood,1,validation,USGS_Sacramento_Delta,USGS_Sacramento_Delta,waterbody:USGS_Sacramento_Delta:San Joaquin R a R mi 72.2 nr Vernalis CA,2022-10-27
62a77816a6dc3e99,source_ood,1,validation,USGS_Sacramento_Delta,USGS_Sacramento_Delta,waterbody:USGS_Sacramento_Delta:San Joaquin R a R mi 72.2 nr Vernalis CA,2022-10-27
b9fa9bb0cf165a5d,source_ood,1,validation,USGS_Sacramento_Delta,USGS_Sacramento_Delta,waterbody:USGS_Sacramento_Delta:CACHE SLOUGH A S LIBERTY ISLAND NR RIO VISTA CA,2024-10-29
4018511371b3e644,source_ood,1,validation,USGS_Sacramento_Delta,USGS_Sacramento_Delta,waterbody:USGS_Sacramento_Delta:CACHE SLOUGH A S LIBERTY ISLAND NR RIO VISTA CA,2024-10-29
623ba74441e011f7,source_ood,1,validation,USGS_Sacramento_Delta,USGS_Sacramento_Delta,waterbody:USGS_Sacramento_Delta:CACHE SLOUGH A S LIBERTY ISLAND NR RIO VISTA CA,2024-10-29
94171473ee4a3990,source_ood,1,validation,USGS_Sacramento_Delta,USGS_Sacramento_Delta,waterbody:USGS_Sacramento_Delta:SACRAMENTO R BL TOLAND LANDING NR RIO VISTA CA,2023-10-31
dce905a0e773cb08,source_ood,1,validation,USGS_Sacramento_Delta,USGS_Sacramento_Delta,waterbody:USGS_Sacramento_Delta:SACRAMENTO R BL TOLAND LANDING NR RIO VISTA CA,2023-10-31
5cc49299a0f955a5,source_ood,1,validation,USGS_Sacramento_Delta,USGS_Sacramento_Delta,waterbody:USGS_Sacramento_Delta:SACRAMENTO R BL TOLAND LANDING NR RIO VISTA CA,2023-10-31
672a12cfa37b80ea,source_ood,1,validation,USGS_Sacramento_Delta,USGS_Sacramento_Delta,waterbody:USGS_Sacramento_Delta:MIDDLE R AT MIDDLE RIVER CA,2024-10-31
21e77689139b01f1,source_ood,1,validation,USGS_Sacramento_Delta,USGS_Sacramento_Delta,waterbody:USGS_Sacramento_Delta:MIDDLE R AT MIDDLE RIVER CA,2024-10-31
af9e0efa72ba1b17,source_ood,1,validation,USGS_Sacramento_Delta,USGS_Sacramento_Delta,waterbody:USGS_Sacramento_Delta:MIDDLE R AT MIDDLE RIVER CA,2024-10-31
cd2dcdf9ccbdc868,source_ood,1,validation,USGS_Sacramento_Delta,USGS_Sacramento_Delta,waterbody:USGS_Sacramento_Delta:OLD R A BACON ISLAND CA,2024-10-31
f8749d0104559043,source_ood,1,validation,USGS_Sacramento_Delta,USGS_Sacramento_Delta,waterbody:USGS_Sacramento_Delta:OLD R A BACON ISLAND CA,2024-10-31
8185f388960b04fc,source_ood,1,validation,USGS_Sacramento_Delta,USGS_Sacramento_Delta,waterbody:USGS_Sacramento_Delta:OLD R A BACON ISLAND CA,2024-10-31
5039e47598c54bf6,source_ood,1,validation,USGS_Sacramento_Delta,USGS_Sacramento_Delta,waterbody:USGS_Sacramento_Delta:SACRAMENTO R BL TOLAND LANDING NR RIO VISTA CA,2024-10-31
64374e996cc33501,source_ood,1,validation,USGS_Sacramento_Delta,USGS_Sacramento_Delta,waterbody:USGS_Sacramento_Delta:SACRAMENTO R BL TOLAND LANDING NR RIO VISTA CA,2024-10-31
93e9e174c9374922,source_ood,1,validation,USGS_Sacramento_Delta,USGS_Sacramento_Delta,waterbody:USGS_Sacramento_Delta:SACRAMENTO R BL TOLAND LANDING NR RIO VISTA CA,2024-10-31
84b9e96461b51a48,source_ood,1,validation,USGS_Sacramento_Delta,USGS_Sacramento_Delta,waterbody:USGS_Sacramento_Delta:SACRAMENTO R BL TOLAND LANDING NR RIO VISTA CA,2022-11-01
0d146813711fa823,source_ood,1,validation,USGS_Sacramento_Delta,USGS_Sacramento_Delta,waterbody:USGS_Sacramento_Delta:SACRAMENTO R BL TOLAND LANDING NR RIO VISTA CA,2022-11-01
7aa07631a2371097,source_ood,1,validation,USGS_Sacramento_Delta,USGS_Sacramento_Delta,waterbody:USGS_Sacramento_Delta:SACRAMENTO R BL TOLAND LANDING NR RIO VISTA CA,2022-11-01
3b2d79d4cd65233e,source_ood,1,validation,USGS_Sacramento_Delta,USGS_Sacramento_Delta,waterbody:USGS_Sacramento_Delta:SACRAMENTO R BL TOLAND LANDING NR RIO VISTA CA,2022-11-01
22f7ae35b3c5a45b,source_ood,1,validation,USGS_Sacramento_Delta,USGS_Sacramento_Delta,waterbody:USGS_Sacramento_Delta:MIDDLE R AT MIDDLE RIVER CA,2022-11-01
ab2a7b1d13ef89f4,source_ood,1,validation,USGS_Sacramento_Delta,USGS_Sacramento_Delta,waterbody:USGS_Sacramento_Delta:MIDDLE R AT MIDDLE RIVER CA,2022-11-01
74b320851e040eff,source_ood,1,validation,USGS_Sacramento_Delta,USGS_Sacramento_Delta,waterbody:USGS_Sacramento_Delta:MIDDLE R AT MIDDLE RIVER CA,2022-11-01
6028e0d000f7e38f,source_ood,1,validation,USGS_Sacramento_Delta,USGS_Sacramento_Delta,waterbody:USGS_Sacramento_Delta:MIDDLE R AT MIDDLE RIVER CA,2022-11-01
7dc8c6da76eca326,source_ood,1,validation,USGS_Sacramento_Delta,USGS_Sacramento_Delta,waterbody:USGS_Sacramento_Delta:GEORGIANA SLOUGH A TYLER ISLAND RD NR ISLETON CA,2023-11-01
9b70a314e362b58f,source_ood,1,validation,USGS_Sacramento_Delta,USGS_Sacramento_Delta,waterbody:USGS_Sacramento_Delta:GEORGIANA SLOUGH A TYLER ISLAND RD NR ISLETON CA,2023-11-01
2892afae4a799c1f,source_ood,1,validation,USGS_Sacramento_Delta,USGS_Sacramento_Delta,waterbody:USGS_Sacramento_Delta:GEORGIANA SLOUGH A TYLER ISLAND RD NR ISLETON CA,2023-11-01
53c0a10ecb3ab240,source_ood,1,validation,USGS_Sacramento_Delta,USGS_Sacramento_Delta,waterbody:USGS_Sacramento_Delta:SAN JOAQUIN R A PRISONERS PT NR TERMINOUS CA,2023-11-01
04b77f5773d4dcd8,source_ood,1,validation,USGS_Sacramento_Delta,USGS_Sacramento_Delta,waterbody:USGS_Sacramento_Delta:SAN JOAQUIN R A PRISONERS PT NR TERMINOUS CA,2023-11-01
3ea102b1bb0db9bf,source_ood,1,validation,USGS_Sacramento_Delta,USGS_Sacramento_Delta,waterbody:USGS_Sacramento_Delta:SAN JOAQUIN R A PRISONERS PT NR TERMINOUS CA,2023-11-01
ff1403f15d61c32e,source_ood,1,validation,USGS_Sacramento_Delta,USGS_Sacramento_Delta,waterbody:USGS_Sacramento_Delta:SAN JOAQUIN R A TINSLEY ISLAND NR TERMINOUS CA,2023-11-01
2b89fe03f041a4c6,source_ood,1,validation,USGS_Sacramento_Delta,USGS_Sacramento_Delta,waterbody:USGS_Sacramento_Delta:SAN JOAQUIN R A TINSLEY ISLAND NR TERMINOUS CA,2023-11-01
a22870157dd5f88e,source_ood,1,validation,USGS_Sacramento_Delta,USGS_Sacramento_Delta,waterbody:USGS_Sacramento_Delta:SAN JOAQUIN R A TINSLEY ISLAND NR TERMINOUS CA,2023-11-01
5a0df3f6b8951a39,source_ood,1,validation,USGS_Sacramento_Delta,USGS_Sacramento_Delta,waterbody:USGS_Sacramento_Delta:FOURTEENMILE SLOUGH NR TERMINOUS CA,2023-11-01
b8416c40ccce48d9,source_ood,1,validation,USGS_Sacramento_Delta,USGS_Sacramento_Delta,waterbody:USGS_Sacramento_Delta:FOURTEENMILE SLOUGH NR TERMINOUS CA,2023-11-01
0226cf8e0970df0b,source_ood,1,validation,USGS_Sacramento_Delta,USGS_Sacramento_Delta,waterbody:USGS_Sacramento_Delta:FOURTEENMILE SLOUGH NR TERMINOUS CA,2023-11-01
2a7ab30e82fd8438,source_ood,1,validation,USGS_Sacramento_Delta,USGS_Sacramento_Delta,waterbody:USGS_Sacramento_Delta:SAN JOAQUIN R A BUCKLEY COVE NR STOCKTON CA,2023-11-01
b343d01398aa6560,source_ood,1,validation,USGS_Sacramento_Delta,USGS_Sacramento_Delta,waterbody:USGS_Sacramento_Delta:SAN JOAQUIN R A BUCKLEY COVE NR STOCKTON CA,2023-11-01
dcabb1979c2165ae,source_ood,1,validation,USGS_Sacramento_Delta,USGS_Sacramento_Delta,waterbody:USGS_Sacramento_Delta:SAN JOAQUIN R A BUCKLEY COVE NR STOCKTON CA,2023-11-01
679b855fb3f44448,source_ood,1,validation,USGS_Sacramento_Delta,USGS_Sacramento_Delta,waterbody:USGS_Sacramento_Delta:SAN JOAQUIN R A NAVY DR NR STOCKTON CA,2023-11-01
db23234c1d036a62,source_ood,1,validation,USGS_Sacramento_Delta,USGS_Sacramento_Delta,waterbody:USGS_Sacramento_Delta:SAN JOAQUIN R A NAVY DR NR STOCKTON CA,2023-11-01
d56c2ecb468c1569,source_ood,1,validation,USGS_Sacramento_Delta,USGS_Sacramento_Delta,waterbody:USGS_Sacramento_Delta:SAN JOAQUIN R A NAVY DR NR STOCKTON CA,2023-11-01
afaef424873809db,source_ood,1,validation,USGS_Sacramento_Delta,USGS_Sacramento_Delta,waterbody:USGS_Sacramento_Delta:PORT OF STOCKTON NR STOCKTON CA,2023-11-01
b9c2079651172ee2,source_ood,1,validation,USGS_Sacramento_Delta,USGS_Sacramento_Delta,waterbody:USGS_Sacramento_Delta:PORT OF STOCKTON NR STOCKTON CA,2023-11-01
b53ffa776684dbe2,source_ood,1,validation,USGS_Sacramento_Delta,USGS_Sacramento_Delta,waterbody:USGS_Sacramento_Delta:PORT OF STOCKTON NR STOCKTON CA,2023-11-01
bce0112843147791,source_ood,1,validation,USGS_Sacramento_Delta,USGS_Sacramento_Delta,waterbody:USGS_Sacramento_Delta:SAN JOAQUIN R A MORMON SLOUGH A STOCKTON CA,2023-11-01
d3749928981358ba,source_ood,1,validation,USGS_Sacramento_Delta,USGS_Sacramento_Delta,waterbody:USGS_Sacramento_Delta:SAN JOAQUIN R A MORMON SLOUGH A STOCKTON CA,2023-11-01
c0ba4f483143083e,source_ood,1,validation,USGS_Sacramento_Delta,USGS_Sacramento_Delta,waterbody:USGS_Sacramento_Delta:SAN JOAQUIN R A MORMON SLOUGH A STOCKTON CA,2023-11-01
4279921b993db413,source_ood,1,validation,USGS_Sacramento_Delta,USGS_Sacramento_Delta,waterbody:USGS_Sacramento_Delta:MCLEOD LAKE A WEBER POINT A STOCKTON CA,2023-11-01
15ae75a8986938c8,source_ood,1,validation,USGS_Sacramento_Delta,USGS_Sacramento_Delta,waterbody:USGS_Sacramento_Delta:MCLEOD LAKE A WEBER POINT A STOCKTON CA,2023-11-01
aa98317ef4d467b8,source_ood,1,validation,USGS_Sacramento_Delta,USGS_Sacramento_Delta,waterbody:USGS_Sacramento_Delta:MCLEOD LAKE A WEBER POINT A STOCKTON CA,2023-11-01
3fdcb12d51e9f73a,source_ood,1,validation,USGS_Sacramento_Delta,USGS_Sacramento_Delta,waterbody:USGS_Sacramento_Delta:TURNER CUT NR HOLT CA,2023-11-01
76de2a68823f090a,source_ood,1,validation,USGS_Sacramento_Delta,USGS_Sacramento_Delta,waterbody:USGS_Sacramento_Delta:TURNER CUT NR HOLT CA,2023-11-01
0a78f08e2f8440f7,source_ood,1,validation,USGS_Sacramento_Delta,USGS_Sacramento_Delta,waterbody:USGS_Sacramento_Delta:TURNER CUT NR HOLT CA,2023-11-01
9d46c1f9db40ddad,source_ood,1,validation,USGS_Sacramento_Delta,USGS_Sacramento_Delta,waterbody:USGS_Sacramento_Delta:SAN JOAQUIN R A JERSEY POINT CA,2022-11-02
2d43d4bee1513e8e,source_ood,1,validation,USGS_Sacramento_Delta,USGS_Sacramento_Delta,waterbody:USGS_Sacramento_Delta:SAN JOAQUIN R A JERSEY POINT CA,2022-11-02
ceb88af08ae6ae9c,source_ood,1,validation,USGS_Sacramento_Delta,USGS_Sacramento_Delta,waterbody:USGS_Sacramento_Delta:SAN JOAQUIN R A JERSEY POINT CA,2022-11-02
0726cc48b315d287,source_ood,1,validation,USGS_Sacramento_Delta,USGS_Sacramento_Delta,waterbody:USGS_Sacramento_Delta:SAN JOAQUIN R A JERSEY POINT CA,2022-11-02
ab16da00789419a3,source_ood,1,validation,USGS_Sacramento_Delta,USGS_Sacramento_Delta,waterbody:USGS_Sacramento_Delta:CACHE SLOUGH AB RYER ISLAND FERRY NR RIO VISTA CA,2023-11-02
a72a86cef1598de4,source_ood,1,validation,USGS_Sacramento_Delta,USGS_Sacramento_Delta,waterbody:USGS_Sacramento_Delta:CACHE SLOUGH AB RYER ISLAND FERRY NR RIO VISTA CA,2023-11-02
940747053a5bcfbd,source_ood,1,validation,USGS_Sacramento_Delta,USGS_Sacramento_Delta,waterbody:USGS_Sacramento_Delta:CACHE SLOUGH AB RYER ISLAND FERRY NR RIO VISTA CA,2023-11-02
9c5d489211378384,source_ood,1,validation,USGS_Sacramento_Delta,USGS_Sacramento_Delta,waterbody:USGS_Sacramento_Delta:CACHE SLOUGH A S LIBERTY ISLAND NR RIO VISTA CA,2023-11-02
edb34ecbade5dd32,source_ood,1,validation,USGS_Sacramento_Delta,USGS_Sacramento_Delta,waterbody:USGS_Sacramento_Delta:CACHE SLOUGH A S LIBERTY ISLAND NR RIO VISTA CA,2023-11-02
bd45199ba0ef1e8c,source_ood,1,validation,USGS_Sacramento_Delta,USGS_Sacramento_Delta,waterbody:USGS_Sacramento_Delta:CACHE SLOUGH A S LIBERTY ISLAND NR RIO VISTA CA,2023-11-02
5d6df151423d5c00,source_ood,1,validation,USGS_Sacramento_Delta,USGS_Sacramento_Delta,waterbody:USGS_Sacramento_Delta:DELTA RMP YOLO-003,2023-11-02
e87ee4d31763dffb,source_ood,1,validation,USGS_Sacramento_Delta,USGS_Sacramento_Delta,waterbody:USGS_Sacramento_Delta:DELTA RMP YOLO-003,2023-11-02
f34fbaca60bc45ae,source_ood,1,validation,USGS_Sacramento_Delta,USGS_Sacramento_Delta,waterbody:USGS_Sacramento_Delta:DELTA RMP YOLO-003,2023-11-02
c48052ab720a6b32,source_ood,1,validation,USGS_Sacramento_Delta,USGS_Sacramento_Delta,waterbody:USGS_Sacramento_Delta:SHAG SLOUGH A LIBERTY ISLAND NR COURTLAND CA,2023-11-02
280fbafee9e8be9c,source_ood,1,validation,USGS_Sacramento_Delta,USGS_Sacramento_Delta,waterbody:USGS_Sacramento_Delta:SHAG SLOUGH A LIBERTY ISLAND NR COURTLAND CA,2023-11-02
0387f45888509f8a,source_ood,1,validation,USGS_Sacramento_Delta,USGS_Sacramento_Delta,waterbody:USGS_Sacramento_Delta:SHAG SLOUGH A LIBERTY ISLAND NR COURTLAND CA,2023-11-02
43923f39f9fbb69f,source_ood,1,validation,USGS_Sacramento_Delta,USGS_Sacramento_Delta,waterbody:USGS_Sacramento_Delta:LIBERTY ISLAND A UPPER STAIR STEP NR FIVE POINTS C,2023-11-02
96ed8f1ee0c0cf91,source_ood,1,validation,USGS_Sacramento_Delta,USGS_Sacramento_Delta,waterbody:USGS_Sacramento_Delta:LIBERTY ISLAND A UPPER STAIR STEP NR FIVE POINTS C,2023-11-02
2a561e1f5876a1ef,source_ood,1,validation,USGS_Sacramento_Delta,USGS_Sacramento_Delta,waterbody:USGS_Sacramento_Delta:LIBERTY ISLAND A UPPER STAIR STEP NR FIVE POINTS C,2023-11-02
093b98feebdb3da9,source_ood,1,validation,USGS_Sacramento_Delta,USGS_Sacramento_Delta,waterbody:USGS_Sacramento_Delta:DELTA RMP SACR-028,2023-11-02
51eedffe0ad1107e,source_ood,1,validation,USGS_Sacramento_Delta,USGS_Sacramento_Delta,waterbody:USGS_Sacramento_Delta:DELTA RMP SACR-028,2023-11-02
22c78d34ce7116c3,source_ood,1,validation,USGS_Sacramento_Delta,USGS_Sacramento_Delta,waterbody:USGS_Sacramento_Delta:DELTA RMP SACR-028,2023-11-02
be36ca8361210c3a,source_ood,1,validation,USGS_Sacramento_Delta,USGS_Sacramento_Delta,waterbody:USGS_Sacramento_Delta:SACRAMENTO R AB DELTA CROSS CHANNEL CA,2023-11-02
0cad76880b09527f,source_ood,1,validation,USGS_Sacramento_Delta,USGS_Sacramento_Delta,waterbody:USGS_Sacramento_Delta:SACRAMENTO R AB DELTA CROSS CHANNEL CA,2023-11-02
0d4e696090762e5f,source_ood,1,validation,USGS_Sacramento_Delta,USGS_Sacramento_Delta,waterbody:USGS_Sacramento_Delta:SACRAMENTO R AB DELTA CROSS CHANNEL CA,2023-11-02
339b2595e3b81249,source_ood,1,validation,USGS_Sacramento_Delta,USGS_Sacramento_Delta,waterbody:USGS_Sacramento_Delta:SACRAMENTO R A HOOD CA,2023-11-02
30768e0c7c21cc84,source_ood,1,validation,USGS_Sacramento_Delta,USGS_Sacramento_Delta,waterbody:USGS_Sacramento_Delta:SACRAMENTO R A HOOD CA,2023-11-02
6664713bb19d7e21,source_ood,1,validation,USGS_Sacramento_Delta,USGS_Sacramento_Delta,waterbody:USGS_Sacramento_Delta:SACRAMENTO R A HOOD CA,2023-11-02
2cae347d7c7c2fd9,source_ood,1,validation,USGS_Sacramento_Delta,USGS_Sacramento_Delta,waterbody:USGS_Sacramento_Delta:SACRAMENTO R A FREEPORT CA,2023-11-02
a367dbc8c5294847,source_ood,1,validation,USGS_Sacramento_Delta,USGS_Sacramento_Delta,waterbody:USGS_Sacramento_Delta:SACRAMENTO R A FREEPORT CA,2023-11-02
3e567a29941cbddd,source_ood,1,validation,USGS_Sacramento_Delta,USGS_Sacramento_Delta,waterbody:USGS_Sacramento_Delta:SACRAMENTO R A FREEPORT CA,2023-11-02
f23f6c56e446d814,source_ood,1,validation,USGS_Sacramento_Delta,USGS_Sacramento_Delta,waterbody:USGS_Sacramento_Delta:SAN JOAQUIN R A JERSEY POINT CA,2020-11-03
6dbe21dcf0c2b414,source_ood,1,validation,USGS_Sacramento_Delta,USGS_Sacramento_Delta,waterbody:USGS_Sacramento_Delta:SAN JOAQUIN R A JERSEY POINT CA,2020-11-03
ba4b2fa5c3749800,source_ood,1,validation,USGS_Sacramento_Delta,USGS_Sacramento_Delta,waterbody:USGS_Sacramento_Delta:SAN JOAQUIN R A JERSEY POINT CA,2020-11-03
c9e017033447c095,source_ood,1,validation,USGS_Sacramento_Delta,USGS_Sacramento_Delta,waterbody:USGS_Sacramento_Delta:SACRAMENTO R A DECKER ISLAND NR RIO VISTA CA,2020-11-03
767a7a8f746147fb,source_ood,1,validation,USGS_Sacramento_Delta,USGS_Sacramento_Delta,waterbody:USGS_Sacramento_Delta:SACRAMENTO R A DECKER ISLAND NR RIO VISTA CA,2020-11-03
8c2f58eff082a0b4,source_ood,1,validation,USGS_Sacramento_Delta,USGS_Sacramento_Delta,waterbody:USGS_Sacramento_Delta:SACRAMENTO R A DECKER ISLAND NR RIO VISTA CA,2020-11-03
c2301109a356677d,source_ood,1,validation,USGS_Sacramento_Delta,USGS_Sacramento_Delta,waterbody:USGS_Sacramento_Delta:CACHE SLOUGH A S LIBERTY ISLAND NR RIO VISTA CA,2022-11-03
6f156d6b8ae30029,source_ood,1,validation,USGS_Sacramento_Delta,USGS_Sacramento_Delta,waterbody:USGS_Sacramento_Delta:CACHE SLOUGH A S LIBERTY ISLAND NR RIO VISTA CA,2022-11-03
debe35a3e18b6922,source_ood,1,validation,USGS_Sacramento_Delta,USGS_Sacramento_Delta,waterbody:USGS_Sacramento_Delta:CACHE SLOUGH A S LIBERTY ISLAND NR RIO VISTA CA,2022-11-03
e3e32c1c995170f7,source_ood,1,validation,USGS_Sacramento_Delta,USGS_Sacramento_Delta,waterbody:USGS_Sacramento_Delta:CACHE SLOUGH A S LIBERTY ISLAND NR RIO VISTA CA,2022-11-03
5e0adb9ebe6a4c26,source_ood,1,validation,USGS_Sacramento_Delta,USGS_Sacramento_Delta,waterbody:USGS_Sacramento_Delta:SAN JOAQUIN R A JERSEY POINT CA,2023-11-06
bbae6ffa7be8a1e2,source_ood,1,validation,USGS_Sacramento_Delta,USGS_Sacramento_Delta,waterbody:USGS_Sacramento_Delta:SAN JOAQUIN R A JERSEY POINT CA,2023-11-06
69aabaac3bc16f41,source_ood,1,validation,USGS_Sacramento_Delta,USGS_Sacramento_Delta,waterbody:USGS_Sacramento_Delta:SAN JOAQUIN R A JERSEY POINT CA,2023-11-06
5ba5ca459d80876a,source_ood,1,validation,USGS_Sacramento_Delta,USGS_Sacramento_Delta,waterbody:USGS_Sacramento_Delta:San Joaquin R a R mi 72.2 nr Vernalis CA,2021-11-08
14fd4465776200bf,source_ood,1,validation,USGS_Sacramento_Delta,USGS_Sacramento_Delta,waterbody:USGS_Sacramento_Delta:San Joaquin R a R mi 72.2 nr Vernalis CA,2021-11-08
a5ceb64f682b6cc1,source_ood,1,validation,USGS_Sacramento_Delta,USGS_Sacramento_Delta,waterbody:USGS_Sacramento_Delta:San Joaquin R a R mi 72.2 nr Vernalis CA,2021-11-08
a29790b763115c29,source_ood,1,validation,USGS_Sacramento_Delta,USGS_Sacramento_Delta,waterbody:USGS_Sacramento_Delta:San Joaquin R a R mi 72.2 nr Vernalis CA,2021-11-08
b5169ae9146d86b4,source_ood,1,validation,USGS_Sacramento_Delta,USGS_Sacramento_Delta,waterbody:USGS_Sacramento_Delta:SAN JOAQUIN R AB BUCKLEY COVE NR STOCKTON CA,2021-11-10
daa38476826914ad,source_ood,1,validation,USGS_Sacramento_Delta,USGS_Sacramento_Delta,waterbody:USGS_Sacramento_Delta:SAN JOAQUIN R AB BUCKLEY COVE NR STOCKTON CA,2021-11-10
cb5c80c574eb7c31,source_ood,1,validation,USGS_Sacramento_Delta,USGS_Sacramento_Delta,waterbody:USGS_Sacramento_Delta:SAN JOAQUIN R AB BUCKLEY COVE NR STOCKTON CA,2021-11-10
38b71ae15400fd33,source_ood,1,validation,USGS_Sacramento_Delta,USGS_Sacramento_Delta,waterbody:USGS_Sacramento_Delta:SAN JOAQUIN R AB BUCKLEY COVE NR STOCKTON CA,2021-11-10
01d6f39dadf1b70c,source_ood,1,validation,USGS_Sacramento_Delta,USGS_Sacramento_Delta,waterbody:USGS_Sacramento_Delta:San Joaquin R a R mi 72.2 nr Vernalis CA,2022-11-10
62febbc8732265bd,source_ood,1,validation,USGS_Sacramento_Delta,USGS_Sacramento_Delta,waterbody:USGS_Sacramento_Delta:San Joaquin R a R mi 72.2 nr Vernalis CA,2022-11-10
72b100078df9881b,source_ood,1,validation,USGS_Sacramento_Delta,USGS_Sacramento_Delta,waterbody:USGS_Sacramento_Delta:San Joaquin R a R mi 72.2 nr Vernalis CA,2022-11-10
b00b3ad059d225d9,source_ood,1,validation,USGS_Sacramento_Delta,USGS_Sacramento_Delta,waterbody:USGS_Sacramento_Delta:San Joaquin R a R mi 72.2 nr Vernalis CA,2022-11-10
37ce182b1d16f541,source_ood,1,validation,USGS_Sacramento_Delta,USGS_Sacramento_Delta,waterbody:USGS_Sacramento_Delta:MIDDLE R AT MIDDLE RIVER CA,2021-11-11
5670577f8aa8515c,source_ood,1,validation,USGS_Sacramento_Delta,USGS_Sacramento_Delta,waterbody:USGS_Sacramento_Delta:MIDDLE R AT MIDDLE RIVER CA,2021-11-11
45f27d08f09c1873,source_ood,1,validation,USGS_Sacramento_Delta,USGS_Sacramento_Delta,waterbody:USGS_Sacramento_Delta:MIDDLE R AT MIDDLE RIVER CA,2021-11-11
62ce906b6e3372eb,source_ood,1,validation,USGS_Sacramento_Delta,USGS_Sacramento_Delta,waterbody:USGS_Sacramento_Delta:MIDDLE R AT MIDDLE RIVER CA,2021-11-11
471a69cd2b1ead06,source_ood,1,validation,USGS_Sacramento_Delta,USGS_Sacramento_Delta,waterbody:USGS_Sacramento_Delta:CACHE SLOUGH A S LIBERTY ISLAND NR RIO VISTA CA,2023-11-14
0aca7419a939036c,source_ood,1,validation,USGS_Sacramento_Delta,USGS_Sacramento_Delta,waterbody:USGS_Sacramento_Delta:CACHE SLOUGH A S LIBERTY ISLAND NR RIO VISTA CA,2023-11-14
c5cfc91367ae87a6,source_ood,1,validation,USGS_Sacramento_Delta,USGS_Sacramento_Delta,waterbody:USGS_Sacramento_Delta:CACHE SLOUGH A S LIBERTY ISLAND NR RIO VISTA CA,2023-11-14
60253bd74275e68c,source_ood,1,validation,USGS_Sacramento_Delta,USGS_Sacramento_Delta,waterbody:USGS_Sacramento_Delta:SAN JOAQUIN R A JERSEY POINT CA,2024-11-14
f42dbfe46a23ad20,source_ood,1,validation,USGS_Sacramento_Delta,USGS_Sacramento_Delta,waterbody:USGS_Sacramento_Delta:SAN JOAQUIN R A JERSEY POINT CA,2024-11-14
eb8c8b3bd9e7f66b,source_ood,1,validation,USGS_Sacramento_Delta,USGS_Sacramento_Delta,waterbody:USGS_Sacramento_Delta:SAN JOAQUIN R A JERSEY POINT CA,2024-11-14
8514a7875976d0d3,source_ood,1,validation,USGS_Sacramento_Delta,USGS_Sacramento_Delta,waterbody:USGS_Sacramento_Delta:SAN JOAQUIN R AB BUCKLEY COVE NR STOCKTON CA,2022-11-15
4d0d0d91f4183062,source_ood,1,validation,USGS_Sacramento_Delta,USGS_Sacramento_Delta,waterbody:USGS_Sacramento_Delta:SAN JOAQUIN R AB BUCKLEY COVE NR STOCKTON CA,2022-11-15
15f7f924c4e86dda,source_ood,1,validation,USGS_Sacramento_Delta,USGS_Sacramento_Delta,waterbody:USGS_Sacramento_Delta:SAN JOAQUIN R AB BUCKLEY COVE NR STOCKTON CA,2022-11-15
747b96c411022e91,source_ood,1,validation,USGS_Sacramento_Delta,USGS_Sacramento_Delta,waterbody:USGS_Sacramento_Delta:SAN JOAQUIN R AB BUCKLEY COVE NR STOCKTON CA,2022-11-15
ed0dc76d7a300bc4,source_ood,1,validation,USGS_Sacramento_Delta,USGS_Sacramento_Delta,waterbody:USGS_Sacramento_Delta:CACHE SLOUGH A S LIBERTY ISLAND NR RIO VISTA CA,2021-11-16
26e2a06fa07713a8,source_ood,1,validation,USGS_Sacramento_Delta,USGS_Sacramento_Delta,waterbody:USGS_Sacramento_Delta:CACHE SLOUGH A S LIBERTY ISLAND NR RIO VISTA CA,2021-11-16
34e2f4fe5c08582b,source_ood,1,validation,USGS_Sacramento_Delta,USGS_Sacramento_Delta,waterbody:USGS_Sacramento_Delta:CACHE SLOUGH A S LIBERTY ISLAND NR RIO VISTA CA,2021-11-16
0b6fcd4d7f13f943,source_ood,1,validation,USGS_Sacramento_Delta,USGS_Sacramento_Delta,waterbody:USGS_Sacramento_Delta:CACHE SLOUGH A S LIBERTY ISLAND NR RIO VISTA CA,2021-11-16
530f9f9668d93ac3,source_ood,1,validation,USGS_Sacramento_Delta,USGS_Sacramento_Delta,waterbody:USGS_Sacramento_Delta:SACRAMENTO R BL TOLAND LANDING NR RIO VISTA CA,2021-11-16
919bbf37e6bd091a,source_ood,1,validation,USGS_Sacramento_Delta,USGS_Sacramento_Delta,waterbody:USGS_Sacramento_Delta:SACRAMENTO R BL TOLAND LANDING NR RIO VISTA CA,2021-11-16
af22f4d3194acc55,source_ood,1,validation,USGS_Sacramento_Delta,USGS_Sacramento_Delta,waterbody:USGS_Sacramento_Delta:SACRAMENTO R BL TOLAND LANDING NR RIO VISTA CA,2021-11-16
bc8255056df45bc0,source_ood,1,validation,USGS_Sacramento_Delta,USGS_Sacramento_Delta,waterbody:USGS_Sacramento_Delta:SACRAMENTO R BL TOLAND LANDING NR RIO VISTA CA,2021-11-16
9363e823f6ad9190,source_ood,1,validation,USGS_Sacramento_Delta,USGS_Sacramento_Delta,waterbody:USGS_Sacramento_Delta:OLD R A BACON ISLAND CA,2023-11-16
53d855398284aa1b,source_ood,1,validation,USGS_Sacramento_Delta,USGS_Sacramento_Delta,waterbody:USGS_Sacramento_Delta:OLD R A BACON ISLAND CA,2023-11-16
010c0ba3e4a9016b,source_ood,1,validation,USGS_Sacramento_Delta,USGS_Sacramento_Delta,waterbody:USGS_Sacramento_Delta:OLD R A BACON ISLAND CA,2023-11-16
3ca1e4b65fff8ae6,source_ood,1,validation,USGS_Sacramento_Delta,USGS_Sacramento_Delta,waterbody:USGS_Sacramento_Delta:MIDDLE R AT MIDDLE RIVER CA,2023-11-16
604c7d9d07c0d4f0,source_ood,1,validation,USGS_Sacramento_Delta,USGS_Sacramento_Delta,waterbody:USGS_Sacramento_Delta:MIDDLE R AT MIDDLE RIVER CA,2023-11-16
ce222b9974b8c29c,source_ood,1,validation,USGS_Sacramento_Delta,USGS_Sacramento_Delta,waterbody:USGS_Sacramento_Delta:MIDDLE R AT MIDDLE RIVER CA,2023-11-16
1be431c358e466bd,source_ood,1,validation,USGS_Sacramento_Delta,USGS_Sacramento_Delta,waterbody:USGS_Sacramento_Delta:SAN JOAQUIN R A JERSEY POINT CA,2021-11-17
7ad9703aeb959669,source_ood,1,validation,USGS_Sacramento_Delta,USGS_Sacramento_Delta,waterbody:USGS_Sacramento_Delta:SAN JOAQUIN R A JERSEY POINT CA,2021-11-17
111f89f855886859,source_ood,1,validation,USGS_Sacramento_Delta,USGS_Sacramento_Delta,waterbody:USGS_Sacramento_Delta:SAN JOAQUIN R A JERSEY POINT CA,2021-11-17
2cb3a307fd2bd157,source_ood,1,validation,USGS_Sacramento_Delta,USGS_Sacramento_Delta,waterbody:USGS_Sacramento_Delta:SAN JOAQUIN R A JERSEY POINT CA,2021-11-17
d08214de3bcf6d90,source_ood,1,validation,USGS_Sacramento_Delta,USGS_Sacramento_Delta,waterbody:USGS_Sacramento_Delta:SACRAMENTO R A DECKER ISLAND NR RIO VISTA CA,2020-11-18
18a20fb43c20e9dd,source_ood,1,validation,USGS_Sacramento_Delta,USGS_Sacramento_Delta,waterbody:USGS_Sacramento_Delta:SACRAMENTO R A DECKER ISLAND NR RIO VISTA CA,2020-11-18
05a39e7e080175e8,source_ood,1,validation,USGS_Sacramento_Delta,USGS_Sacramento_Delta,waterbody:USGS_Sacramento_Delta:SACRAMENTO R A DECKER ISLAND NR RIO VISTA CA,2020-11-18
fa9c2f7f2367dc47,source_ood,1,validation,USGS_Sacramento_Delta,USGS_Sacramento_Delta,waterbody:USGS_Sacramento_Delta:SAN JOAQUIN R A JERSEY POINT CA,2020-11-18
c0f4f7837ea1343d,source_ood,1,validation,USGS_Sacramento_Delta,USGS_Sacramento_Delta,waterbody:USGS_Sacramento_Delta:SAN JOAQUIN R A JERSEY POINT CA,2020-11-18
4524cb5f878c48f2,source_ood,1,validation,USGS_Sacramento_Delta,USGS_Sacramento_Delta,waterbody:USGS_Sacramento_Delta:SAN JOAQUIN R A JERSEY POINT CA,2020-11-18
557e290081da16af,source_ood,1,validation,USGS_Sacramento_Delta,USGS_Sacramento_Delta,waterbody:USGS_Sacramento_Delta:STATEN ISLAND NR TERMINOUS CA,2022-11-28
c90d35dcb8f8c5b6,source_ood,1,validation,USGS_Sacramento_Delta,USGS_Sacramento_Delta,waterbody:USGS_Sacramento_Delta:STATEN ISLAND NR TERMINOUS CA,2022-11-28
c436e5e62854b921,source_ood,1,validation,USGS_Sacramento_Delta,USGS_Sacramento_Delta,waterbody:USGS_Sacramento_Delta:STATEN ISLAND NR TERMINOUS CA,2022-11-28
2b39ab4b23750a08,source_ood,1,validation,USGS_Sacramento_Delta,USGS_Sacramento_Delta,waterbody:USGS_Sacramento_Delta:STATEN ISLAND DRAIN NR TERMINOUS CA,2022-11-28
c1f5c46faaf4ddcc,source_ood,1,validation,USGS_Sacramento_Delta,USGS_Sacramento_Delta,waterbody:USGS_Sacramento_Delta:STATEN ISLAND DRAIN NR TERMINOUS CA,2022-11-28
fe11406c1271e9c1,source_ood,1,validation,USGS_Sacramento_Delta,USGS_Sacramento_Delta,waterbody:USGS_Sacramento_Delta:STATEN ISLAND DRAIN NR TERMINOUS CA,2022-11-28
e8cc76ba02ca8805,source_ood,1,validation,USGS_Sacramento_Delta,USGS_Sacramento_Delta,waterbody:USGS_Sacramento_Delta:TWITCHELL ISLAND DR A PUMP STATION NR RIO VISTA CA,2022-11-28
b971dd48fdc8b021,source_ood,1,validation,USGS_Sacramento_Delta,USGS_Sacramento_Delta,waterbody:USGS_Sacramento_Delta:TWITCHELL ISLAND DR A PUMP STATION NR RIO VISTA CA,2022-11-28
bd83360f0f28237d,source_ood,1,validation,USGS_Sacramento_Delta,USGS_Sacramento_Delta,waterbody:USGS_Sacramento_Delta:TWITCHELL ISLAND DR A PUMP STATION NR RIO VISTA CA,2022-11-28
b295caf39011e6f1,source_ood,1,validation,USGS_Sacramento_Delta,USGS_Sacramento_Delta,waterbody:USGS_Sacramento_Delta:FRANKS TRACT NR BETHEL ISLAND CA,2022-11-30
9a64b9c618c602bc,source_ood,1,validation,USGS_Sacramento_Delta,USGS_Sacramento_Delta,waterbody:USGS_Sacramento_Delta:FRANKS TRACT NR BETHEL ISLAND CA,2022-11-30
b462b8b3095b8dcc,source_ood,1,validation,USGS_Sacramento_Delta,USGS_Sacramento_Delta,waterbody:USGS_Sacramento_Delta:FRANKS TRACT NR BETHEL ISLAND CA,2022-11-30
1c1d7f3788cefbdb,source_ood,1,validation,USGS_Sacramento_Delta,USGS_Sacramento_Delta,waterbody:USGS_Sacramento_Delta:FRANKS TRACT NR BETHEL ISLAND CA,2022-11-30
35f72103936a0b06,source_ood,1,validation,USGS_Sacramento_Delta,USGS_Sacramento_Delta,waterbody:USGS_Sacramento_Delta:SAN JOAQUIN R A JERSEY POINT CA,2020-12-03
87b25576be14f143,source_ood,1,validation,USGS_Sacramento_Delta,USGS_Sacramento_Delta,waterbody:USGS_Sacramento_Delta:SAN JOAQUIN R A JERSEY POINT CA,2020-12-03
cdc4192bcac4cc9a,source_ood,1,validation,USGS_Sacramento_Delta,USGS_Sacramento_Delta,waterbody:USGS_Sacramento_Delta:SAN JOAQUIN R A JERSEY POINT CA,2020-12-03
85689ba84ae9fa8d,source_ood,1,validation,USGS_Sacramento_Delta,USGS_Sacramento_Delta,waterbody:USGS_Sacramento_Delta:SACRAMENTO R A DECKER ISLAND NR RIO VISTA CA,2020-12-03
0012926650554ae5,source_ood,1,validation,USGS_Sacramento_Delta,USGS_Sacramento_Delta,waterbody:USGS_Sacramento_Delta:SACRAMENTO R A DECKER ISLAND NR RIO VISTA CA,2020-12-03
1f79da0c6f18b9ae,source_ood,1,validation,USGS_Sacramento_Delta,USGS_Sacramento_Delta,waterbody:USGS_Sacramento_Delta:SACRAMENTO R A DECKER ISLAND NR RIO VISTA CA,2020-12-03
c03e47fa67626dea,source_ood,1,validation,USGS_Sacramento_Delta,USGS_Sacramento_Delta,waterbody:USGS_Sacramento_Delta:San Joaquin R a R mi 72.2 nr Vernalis CA,2022-12-04
356f07037914cf4e,source_ood,1,validation,USGS_Sacramento_Delta,USGS_Sacramento_Delta,waterbody:USGS_Sacramento_Delta:San Joaquin R a R mi 72.2 nr Vernalis CA,2022-12-04
28ecba1cb95705e4,source_ood,1,validation,USGS_Sacramento_Delta,USGS_Sacramento_Delta,waterbody:USGS_Sacramento_Delta:San Joaquin R a R mi 72.2 nr Vernalis CA,2022-12-04
15286d08fe247702,source_ood,1,validation,USGS_Sacramento_Delta,USGS_Sacramento_Delta,waterbody:USGS_Sacramento_Delta:San Joaquin R a R mi 72.2 nr Vernalis CA,2022-12-04
c0c9e365da6e96cb,source_ood,1,validation,USGS_Sacramento_Delta,USGS_Sacramento_Delta,waterbody:USGS_Sacramento_Delta:SACRAMENTO R BL TOLAND LANDING NR RIO VISTA CA,2023-12-05
7efbadb9dc81aeb3,source_ood,1,validation,USGS_Sacramento_Delta,USGS_Sacramento_Delta,waterbody:USGS_Sacramento_Delta:SACRAMENTO R BL TOLAND LANDING NR RIO VISTA CA,2023-12-05
0a816ccd674d5753,source_ood,1,validation,USGS_Sacramento_Delta,USGS_Sacramento_Delta,waterbody:USGS_Sacramento_Delta:SACRAMENTO R BL TOLAND LANDING NR RIO VISTA CA,2023-12-05
7f2a844cf7730e36,source_ood,1,validation,USGS_Sacramento_Delta,USGS_Sacramento_Delta,waterbody:USGS_Sacramento_Delta:MIDDLE R AT MIDDLE RIVER CA,2024-12-05
d7b1bf7f2b0978d1,source_ood,1,validation,USGS_Sacramento_Delta,USGS_Sacramento_Delta,waterbody:USGS_Sacramento_Delta:MIDDLE R AT MIDDLE RIVER CA,2024-12-05
02886b4e189e28d7,source_ood,1,validation,USGS_Sacramento_Delta,USGS_Sacramento_Delta,waterbody:USGS_Sacramento_Delta:MIDDLE R AT MIDDLE RIVER CA,2024-12-05
4021a23d04157fb5,source_ood,1,validation,USGS_Sacramento_Delta,USGS_Sacramento_Delta,waterbody:USGS_Sacramento_Delta:OLD R A BACON ISLAND CA,2024-12-05
3a8a2778ff72141f,source_ood,1,validation,USGS_Sacramento_Delta,USGS_Sacramento_Delta,waterbody:USGS_Sacramento_Delta:OLD R A BACON ISLAND CA,2024-12-05
b5dc61e139926f13,source_ood,1,validation,USGS_Sacramento_Delta,USGS_Sacramento_Delta,waterbody:USGS_Sacramento_Delta:OLD R A BACON ISLAND CA,2024-12-05
6a447fa00cdbc6aa,source_ood,1,validation,USGS_Sacramento_Delta,USGS_Sacramento_Delta,waterbody:USGS_Sacramento_Delta:SACRAMENTO R BL TOLAND LANDING NR RIO VISTA CA,2024-12-05
aa2f3f7ee13a39d7,source_ood,1,validation,USGS_Sacramento_Delta,USGS_Sacramento_Delta,waterbody:USGS_Sacramento_Delta:SACRAMENTO R BL TOLAND LANDING NR RIO VISTA CA,2024-12-05
b7385b34a7e86441,source_ood,1,validation,USGS_Sacramento_Delta,USGS_Sacramento_Delta,waterbody:USGS_Sacramento_Delta:SACRAMENTO R BL TOLAND LANDING NR RIO VISTA CA,2024-12-05
625addeb8c0b7de0,source_ood,1,validation,USGS_Sacramento_Delta,USGS_Sacramento_Delta,waterbody:USGS_Sacramento_Delta:SACRAMENTO R BL TOLAND LANDING NR RIO VISTA CA,2022-12-06
5c098355a2a6fb3c,source_ood,1,validation,USGS_Sacramento_Delta,USGS_Sacramento_Delta,waterbody:USGS_Sacramento_Delta:SACRAMENTO R BL TOLAND LANDING NR RIO VISTA CA,2022-12-06
ada08a71737f05fc,source_ood,1,validation,USGS_Sacramento_Delta,USGS_Sacramento_Delta,waterbody:USGS_Sacramento_Delta:SACRAMENTO R BL TOLAND LANDING NR RIO VISTA CA,2022-12-06
7c22e0e1ab245395,source_ood,1,validation,USGS_Sacramento_Delta,USGS_Sacramento_Delta,waterbody:USGS_Sacramento_Delta:SACRAMENTO R BL TOLAND LANDING NR RIO VISTA CA,2022-12-06
9f7afdd93189ad94,source_ood,1,validation,USGS_Sacramento_Delta,USGS_Sacramento_Delta,waterbody:USGS_Sacramento_Delta:SAN JOAQUIN R A JERSEY POINT CA,2022-12-06
512da4ccc369e10f,source_ood,1,validation,USGS_Sacramento_Delta,USGS_Sacramento_Delta,waterbody:USGS_Sacramento_Delta:SAN JOAQUIN R A JERSEY POINT CA,2022-12-06
32919ca44be098b3,source_ood,1,validation,USGS_Sacramento_Delta,USGS_Sacramento_Delta,waterbody:USGS_Sacramento_Delta:SAN JOAQUIN R A JERSEY POINT CA,2022-12-06
a8e63043a9ebdda0,source_ood,1,validation,USGS_Sacramento_Delta,USGS_Sacramento_Delta,waterbody:USGS_Sacramento_Delta:SAN JOAQUIN R A JERSEY POINT CA,2022-12-06
7ff8ab14a271fd64,source_ood,1,validation,USGS_Sacramento_Delta,USGS_Sacramento_Delta,waterbody:USGS_Sacramento_Delta:CACHE SLOUGH A S LIBERTY ISLAND NR RIO VISTA CA,2022-12-06
c2f4a2eb46e8c5ee,source_ood,1,validation,USGS_Sacramento_Delta,USGS_Sacramento_Delta,waterbody:USGS_Sacramento_Delta:CACHE SLOUGH A S LIBERTY ISLAND NR RIO VISTA CA,2022-12-06
136714e8d753400d,source_ood,1,validation,USGS_Sacramento_Delta,USGS_Sacramento_Delta,waterbody:USGS_Sacramento_Delta:CACHE SLOUGH A S LIBERTY ISLAND NR RIO VISTA CA,2022-12-06
dc7ec5a563a6e5a1,source_ood,1,validation,USGS_Sacramento_Delta,USGS_Sacramento_Delta,waterbody:USGS_Sacramento_Delta:CACHE SLOUGH A S LIBERTY ISLAND NR RIO VISTA CA,2022-12-06
79529941eae6ad15,source_ood,1,validation,USGS_Sacramento_Delta,USGS_Sacramento_Delta,waterbody:USGS_Sacramento_Delta:MIDDLE R AT MIDDLE RIVER CA,2022-12-06
ffd7afe6e85556e9,source_ood,1,validation,USGS_Sacramento_Delta,USGS_Sacramento_Delta,waterbody:USGS_Sacramento_Delta:MIDDLE R AT MIDDLE RIVER CA,2022-12-06
5f6157507d532508,source_ood,1,validation,USGS_Sacramento_Delta,USGS_Sacramento_Delta,waterbody:USGS_Sacramento_Delta:MIDDLE R AT MIDDLE RIVER CA,2022-12-06
13f5c74279844519,source_ood,1,validation,USGS_Sacramento_Delta,USGS_Sacramento_Delta,waterbody:USGS_Sacramento_Delta:MIDDLE R AT MIDDLE RIVER CA,2022-12-06
115fc6caafdc458a,source_ood,1,validation,USGS_Sacramento_Delta,USGS_Sacramento_Delta,waterbody:USGS_Sacramento_Delta:San Joaquin R a R mi 72.2 nr Vernalis CA,2021-12-08
d233f5ff3f9d3ec7,source_ood,1,validation,USGS_Sacramento_Delta,USGS_Sacramento_Delta,waterbody:USGS_Sacramento_Delta:MIDDLE R AT MIDDLE RIVER CA,2021-12-08
8ff71db64a87e805,source_ood,1,validation,USGS_Sacramento_Delta,USGS_Sacramento_Delta,waterbody:USGS_Sacramento_Delta:San Joaquin R a R mi 72.2 nr Vernalis CA,2021-12-08
cd318adfd04efebc,source_ood,1,validation,USGS_Sacramento_Delta,USGS_Sacramento_Delta,waterbody:USGS_Sacramento_Delta:MIDDLE R AT MIDDLE RIVER CA,2021-12-08
386c198b81d5ebc3,source_ood,1,validation,USGS_Sacramento_Delta,USGS_Sacramento_Delta,waterbody:USGS_Sacramento_Delta:San Joaquin R a R mi 72.2 nr Vernalis CA,2021-12-08
5031c3eca411da7d,source_ood,1,validation,USGS_Sacramento_Delta,USGS_Sacramento_Delta,waterbody:USGS_Sacramento_Delta:MIDDLE R AT MIDDLE RIVER CA,2021-12-08
6d836e7e026a511d,source_ood,1,validation,USGS_Sacramento_Delta,USGS_Sacramento_Delta,waterbody:USGS_Sacramento_Delta:San Joaquin R a R mi 72.2 nr Vernalis CA,2021-12-08
fbd279f7317a0f8c,source_ood,1,validation,USGS_Sacramento_Delta,USGS_Sacramento_Delta,waterbody:USGS_Sacramento_Delta:MIDDLE R AT MIDDLE RIVER CA,2021-12-08
dc549cdebbc0e32b,source_ood,1,validation,USGS_Sacramento_Delta,USGS_Sacramento_Delta,waterbody:USGS_Sacramento_Delta:CACHE SLOUGH A S LIBERTY ISLAND NR RIO VISTA CA,2021-12-09
8dbdd4bbd651e48b,source_ood,1,validation,USGS_Sacramento_Delta,USGS_Sacramento_Delta,waterbody:USGS_Sacramento_Delta:CACHE SLOUGH A S LIBERTY ISLAND NR RIO VISTA CA,2021-12-09
7d8c7958e2bde2db,source_ood,1,validation,USGS_Sacramento_Delta,USGS_Sacramento_Delta,waterbody:USGS_Sacramento_Delta:CACHE SLOUGH A S LIBERTY ISLAND NR RIO VISTA CA,2021-12-09
c8ee64f12a6b2a5b,source_ood,1,validation,USGS_Sacramento_Delta,USGS_Sacramento_Delta,waterbody:USGS_Sacramento_Delta:CACHE SLOUGH A S LIBERTY ISLAND NR RIO VISTA CA,2021-12-09
0ca6e9b7f66ecc12,source_ood,1,validation,USGS_Sacramento_Delta,USGS_Sacramento_Delta,waterbody:USGS_Sacramento_Delta:SAN JOAQUIN R AB BUCKLEY COVE NR STOCKTON CA,2021-12-10
de44a897e9c07849,source_ood,1,validation,USGS_Sacramento_Delta,USGS_Sacramento_Delta,waterbody:USGS_Sacramento_Delta:SAN JOAQUIN R AB BUCKLEY COVE NR STOCKTON CA,2021-12-10
974ee5e540d26ea8,source_ood,1,validation,USGS_Sacramento_Delta,USGS_Sacramento_Delta,waterbody:USGS_Sacramento_Delta:SAN JOAQUIN R AB BUCKLEY COVE NR STOCKTON CA,2021-12-10
ec95da42027f237b,source_ood,1,validation,USGS_Sacramento_Delta,USGS_Sacramento_Delta,waterbody:USGS_Sacramento_Delta:SAN JOAQUIN R AB BUCKLEY COVE NR STOCKTON CA,2021-12-10
6714bef3c1319613,source_ood,1,validation,USGS_Sacramento_Delta,USGS_Sacramento_Delta,waterbody:USGS_Sacramento_Delta:CACHE SLOUGH A S LIBERTY ISLAND NR RIO VISTA CA,2024-12-10
d7c815a83755b12b,source_ood,1,validation,USGS_Sacramento_Delta,USGS_Sacramento_Delta,waterbody:USGS_Sacramento_Delta:CACHE SLOUGH A S LIBERTY ISLAND NR RIO VISTA CA,2024-12-10
802d9fd481ea471c,source_ood,1,validation,USGS_Sacramento_Delta,USGS_Sacramento_Delta,waterbody:USGS_Sacramento_Delta:CACHE SLOUGH A S LIBERTY ISLAND NR RIO VISTA CA,2024-12-10
69aee70064bc6b59,source_ood,1,validation,USGS_Sacramento_Delta,USGS_Sacramento_Delta,waterbody:USGS_Sacramento_Delta:SAN JOAQUIN R A JERSEY POINT CA,2023-12-12
fc07a2d7df677c8f,source_ood,1,validation,USGS_Sacramento_Delta,USGS_Sacramento_Delta,waterbody:USGS_Sacramento_Delta:SAN JOAQUIN R A JERSEY POINT CA,2023-12-12
e4a23b9413ccfe44,source_ood,1,validation,USGS_Sacramento_Delta,USGS_Sacramento_Delta,waterbody:USGS_Sacramento_Delta:SAN JOAQUIN R A JERSEY POINT CA,2023-12-12
a114bad401ef997d,source_ood,1,validation,USGS_Sacramento_Delta,USGS_Sacramento_Delta,waterbody:USGS_Sacramento_Delta:CACHE SLOUGH A S LIBERTY ISLAND NR RIO VISTA CA,2023-12-12
e9310b95c8aa8749,source_ood,1,validation,USGS_Sacramento_Delta,USGS_Sacramento_Delta,waterbody:USGS_Sacramento_Delta:CACHE SLOUGH A S LIBERTY ISLAND NR RIO VISTA CA,2023-12-12
95a59f17fe310e24,source_ood,1,validation,USGS_Sacramento_Delta,USGS_Sacramento_Delta,waterbody:USGS_Sacramento_Delta:CACHE SLOUGH A S LIBERTY ISLAND NR RIO VISTA CA,2023-12-12
8b145d8139f4c4b7,source_ood,1,validation,USGS_Sacramento_Delta,USGS_Sacramento_Delta,waterbody:USGS_Sacramento_Delta:FRANKS TRACT NR BETHEL ISLAND CA,2022-12-13
54fb8abf37b3f8f8,source_ood,1,validation,USGS_Sacramento_Delta,USGS_Sacramento_Delta,waterbody:USGS_Sacramento_Delta:FRANKS TRACT NR BETHEL ISLAND CA,2022-12-13
9fbb3dd36d8dd6d1,source_ood,1,validation,USGS_Sacramento_Delta,USGS_Sacramento_Delta,waterbody:USGS_Sacramento_Delta:FRANKS TRACT NR BETHEL ISLAND CA,2022-12-13
91ceab5604bf4a4a,source_ood,1,validation,USGS_Sacramento_Delta,USGS_Sacramento_Delta,waterbody:USGS_Sacramento_Delta:FRANKS TRACT NR BETHEL ISLAND CA,2022-12-13
6fec78aa8247c543,source_ood,1,validation,USGS_Sacramento_Delta,USGS_Sacramento_Delta,waterbody:USGS_Sacramento_Delta:SAN JOAQUIN R AB BUCKLEY COVE NR STOCKTON CA,2023-12-13
0e36941fc96017b1,source_ood,1,validation,USGS_Sacramento_Delta,USGS_Sacramento_Delta,waterbody:USGS_Sacramento_Delta:SAN JOAQUIN R AB BUCKLEY COVE NR STOCKTON CA,2023-12-13
724b5544ba860b03,source_ood,1,validation,USGS_Sacramento_Delta,USGS_Sacramento_Delta,waterbody:USGS_Sacramento_Delta:SAN JOAQUIN R AB BUCKLEY COVE NR STOCKTON CA,2023-12-13
7a8237e53d190667,source_ood,1,validation,USGS_Sacramento_Delta,USGS_Sacramento_Delta,waterbody:USGS_Sacramento_Delta:SAN JOAQUIN R AB BUCKLEY COVE NR STOCKTON CA,2022-12-14
0a47152f7f8c920a,source_ood,1,validation,USGS_Sacramento_Delta,USGS_Sacramento_Delta,waterbody:USGS_Sacramento_Delta:SAN JOAQUIN R AB BUCKLEY COVE NR STOCKTON CA,2022-12-14
6abe4f558445a89e,source_ood,1,validation,USGS_Sacramento_Delta,USGS_Sacramento_Delta,waterbody:USGS_Sacramento_Delta:SAN JOAQUIN R AB BUCKLEY COVE NR STOCKTON CA,2022-12-14
eb5baf1dfc22e634,source_ood,1,validation,USGS_Sacramento_Delta,USGS_Sacramento_Delta,waterbody:USGS_Sacramento_Delta:SAN JOAQUIN R AB BUCKLEY COVE NR STOCKTON CA,2022-12-14
6518e11e9991fa6c,source_ood,1,validation,USGS_Sacramento_Delta,USGS_Sacramento_Delta,waterbody:USGS_Sacramento_Delta:SACRAMENTO R A DECKER ISLAND NR RIO VISTA CA,2020-12-15
cfc97b534ba85d4a,source_ood,1,validation,USGS_Sacramento_Delta,USGS_Sacramento_Delta,waterbody:USGS_Sacramento_Delta:SACRAMENTO R A DECKER ISLAND NR RIO VISTA CA,2020-12-15
022db05a434e4571,source_ood,1,validation,USGS_Sacramento_Delta,USGS_Sacramento_Delta,waterbody:USGS_Sacramento_Delta:SACRAMENTO R A DECKER ISLAND NR RIO VISTA CA,2020-12-15
eb8b777b913b82e0,source_ood,1,validation,USGS_Sacramento_Delta,USGS_Sacramento_Delta,waterbody:USGS_Sacramento_Delta:SAN JOAQUIN R A JERSEY POINT CA,2020-12-15
ea519f48011435e1,source_ood,1,validation,USGS_Sacramento_Delta,USGS_Sacramento_Delta,waterbody:USGS_Sacramento_Delta:SAN JOAQUIN R A JERSEY POINT CA,2020-12-15
8b5cdbe0ae88df7c,source_ood,1,validation,USGS_Sacramento_Delta,USGS_Sacramento_Delta,waterbody:USGS_Sacramento_Delta:SAN JOAQUIN R A JERSEY POINT CA,2020-12-15
6cddedf272abf225,source_ood,1,validation,USGS_Sacramento_Delta,USGS_Sacramento_Delta,waterbody:USGS_Sacramento_Delta:SACRAMENTO R BL TOLAND LANDING NR RIO VISTA CA,2021-12-16
dec15a26a7bac162,source_ood,1,validation,USGS_Sacramento_Delta,USGS_Sacramento_Delta,waterbody:USGS_Sacramento_Delta:SACRAMENTO R BL TOLAND LANDING NR RIO VISTA CA,2021-12-16
d5b3ce59597025a6,source_ood,1,validation,USGS_Sacramento_Delta,USGS_Sacramento_Delta,waterbody:USGS_Sacramento_Delta:SACRAMENTO R BL TOLAND LANDING NR RIO VISTA CA,2021-12-16
4a79d545d4050e8b,source_ood,1,validation,USGS_Sacramento_Delta,USGS_Sacramento_Delta,waterbody:USGS_Sacramento_Delta:SACRAMENTO R BL TOLAND LANDING NR RIO VISTA CA,2021-12-16
0b31a56f2af789da,source_ood,1,validation,USGS_Sacramento_Delta,USGS_Sacramento_Delta,waterbody:USGS_Sacramento_Delta:SAN JOAQUIN R A JERSEY POINT CA,2021-12-16
2a1ccfcc85eec3f5,source_ood,1,validation,USGS_Sacramento_Delta,USGS_Sacramento_Delta,waterbody:USGS_Sacramento_Delta:SAN JOAQUIN R A JERSEY POINT CA,2021-12-16
4f4f129f7e250048,source_ood,1,validation,USGS_Sacramento_Delta,USGS_Sacramento_Delta,waterbody:USGS_Sacramento_Delta:SAN JOAQUIN R A JERSEY POINT CA,2021-12-16
a490e156fd0b6a2d,source_ood,1,validation,USGS_Sacramento_Delta,USGS_Sacramento_Delta,waterbody:USGS_Sacramento_Delta:SAN JOAQUIN R A JERSEY POINT CA,2021-12-16
e9cf4ead84fc1c1c,source_ood,1,validation,USGS_Sacramento_Delta,USGS_Sacramento_Delta,waterbody:USGS_Sacramento_Delta:SAN JOAQUIN R A JERSEY POINT CA,2024-12-17
4951d64d32118f17,source_ood,1,validation,USGS_Sacramento_Delta,USGS_Sacramento_Delta,waterbody:USGS_Sacramento_Delta:SAN JOAQUIN R A JERSEY POINT CA,2024-12-17
0545e02ab317f67d,source_ood,1,validation,USGS_Sacramento_Delta,USGS_Sacramento_Delta,waterbody:USGS_Sacramento_Delta:SAN JOAQUIN R A JERSEY POINT CA,2024-12-17
4d7759f03156b4f3,source_ood,1,validation,USGS_Sacramento_Delta,USGS_Sacramento_Delta,waterbody:USGS_Sacramento_Delta:TWITCHELL ISLAND DR A PUMP STATION NR RIO VISTA CA,2023-12-18
032860a0e16ce0f6,source_ood,1,validation,USGS_Sacramento_Delta,USGS_Sacramento_Delta,waterbody:USGS_Sacramento_Delta:TWITCHELL ISLAND DR A PUMP STATION NR RIO VISTA CA,2023-12-18
fe66cce90b7b2bed,source_ood,1,validation,USGS_Sacramento_Delta,USGS_Sacramento_Delta,waterbody:USGS_Sacramento_Delta:TWITCHELL ISLAND DR A PUMP STATION NR RIO VISTA CA,2023-12-18
c7f5831a1779f656,source_ood,1,validation,USGS_Sacramento_Delta,USGS_Sacramento_Delta,waterbody:USGS_Sacramento_Delta:STATEN ISLAND DRAIN NR TERMINOUS CA,2023-12-18
0fdf1170d0519582,source_ood,1,validation,USGS_Sacramento_Delta,USGS_Sacramento_Delta,waterbody:USGS_Sacramento_Delta:STATEN ISLAND DRAIN NR TERMINOUS CA,2023-12-18
ea171e4f3d2423d2,source_ood,1,validation,USGS_Sacramento_Delta,USGS_Sacramento_Delta,waterbody:USGS_Sacramento_Delta:STATEN ISLAND DRAIN NR TERMINOUS CA,2023-12-18
0a4ff520102b3975,source_ood,1,validation,USGS_Sacramento_Delta,USGS_Sacramento_Delta,waterbody:USGS_Sacramento_Delta:MIDDLE R AT MIDDLE RIVER CA,2023-12-20
b42c0739ff9ff9eb,source_ood,1,validation,USGS_Sacramento_Delta,USGS_Sacramento_Delta,waterbody:USGS_Sacramento_Delta:MIDDLE R AT MIDDLE RIVER CA,2023-12-20
1f8d0adc9eb94776,source_ood,1,validation,USGS_Sacramento_Delta,USGS_Sacramento_Delta,waterbody:USGS_Sacramento_Delta:MIDDLE R AT MIDDLE RIVER CA,2023-12-20
5b2ffbc1f22e4249,source_ood,1,validation,USGS_Sacramento_Delta,USGS_Sacramento_Delta,waterbody:USGS_Sacramento_Delta:OLD R A BACON ISLAND CA,2023-12-20
ff31995eb84b10e9,source_ood,1,validation,USGS_Sacramento_Delta,USGS_Sacramento_Delta,waterbody:USGS_Sacramento_Delta:OLD R A BACON ISLAND CA,2023-12-20
b497dde3e5a1dae8,source_ood,1,validation,USGS_Sacramento_Delta,USGS_Sacramento_Delta,waterbody:USGS_Sacramento_Delta:OLD R A BACON ISLAND CA,2023-12-20
0358461549f33aa3,source_ood,1,validation,USGS_Sacramento_Delta,USGS_Sacramento_Delta,waterbody:USGS_Sacramento_Delta:SAN JOAQUIN R A JERSEY POINT CA,2020-12-29
c3c57a155a01ebf0,source_ood,1,validation,USGS_Sacramento_Delta,USGS_Sacramento_Delta,waterbody:USGS_Sacramento_Delta:SAN JOAQUIN R A JERSEY POINT CA,2020-12-29
ccbb799358b1a5db,source_ood,1,validation,USGS_Sacramento_Delta,USGS_Sacramento_Delta,waterbody:USGS_Sacramento_Delta:SAN JOAQUIN R A JERSEY POINT CA,2020-12-29
a4a0c1234cce6e1c,source_ood,1,validation,USGS_Sacramento_Delta,USGS_Sacramento_Delta,waterbody:USGS_Sacramento_Delta:SACRAMENTO R A DECKER ISLAND NR RIO VISTA CA,2020-12-29
92676bc8f5574dab,source_ood,1,validation,USGS_Sacramento_Delta,USGS_Sacramento_Delta,waterbody:USGS_Sacramento_Delta:SACRAMENTO R A DECKER ISLAND NR RIO VISTA CA,2020-12-29
97ada90d97c0888f,source_ood,1,validation,USGS_Sacramento_Delta,USGS_Sacramento_Delta,waterbody:USGS_Sacramento_Delta:SACRAMENTO R A DECKER ISLAND NR RIO VISTA CA,2020-12-29
bd4863f2ed4e34dc,source_ood,0,test,Buffalo_Pound_2018_2019,Buffalo_Pound_2018_2019,waterbody:Buffalo_Pound_2018_2019:Buffalo Pound Lake,2018-05-29
432242ef7eaaf084,source_ood,0,test,Buffalo_Pound_2018_2019,Buffalo_Pound_2018_2019,waterbody:Buffalo_Pound_2018_2019:Buffalo Pound Lake,2018-05-29
7fe36d3def3553aa,source_ood,0,test,Buffalo_Pound_2018_2019,Buffalo_Pound_2018_2019,waterbody:Buffalo_Pound_2018_2019:Buffalo Pound Lake,2018-05-29
cba204e5bc4ac9b5,source_ood,0,test,Buffalo_Pound_2018_2019,Buffalo_Pound_2018_2019,waterbody:Buffalo_Pound_2018_2019:Buffalo Pound Lake,2018-06-07
4c31ac4b233a6d12,source_ood,0,test,Buffalo_Pound_2018_2019,Buffalo_Pound_2018_2019,waterbody:Buffalo_Pound_2018_2019:Buffalo Pound Lake,2018-06-07
a89c6b131f972e2f,source_ood,0,test,Buffalo_Pound_2018_2019,Buffalo_Pound_2018_2019,waterbody:Buffalo_Pound_2018_2019:Buffalo Pound Lake,2018-06-07
1643fcf179eb2050,source_ood,0,test,Buffalo_Pound_2018_2019,Buffalo_Pound_2018_2019,waterbody:Buffalo_Pound_2018_2019:Buffalo Pound Lake,2018-06-13
76c41b925e0bb06e,source_ood,0,test,Buffalo_Pound_2018_2019,Buffalo_Pound_2018_2019,waterbody:Buffalo_Pound_2018_2019:Buffalo Pound Lake,2018-06-13
744e538f5bcbde84,source_ood,0,test,Buffalo_Pound_2018_2019,Buffalo_Pound_2018_2019,waterbody:Buffalo_Pound_2018_2019:Buffalo Pound Lake,2018-06-13
022ebc307e632de3,source_ood,0,test,Buffalo_Pound_2018_2019,Buffalo_Pound_2018_2019,waterbody:Buffalo_Pound_2018_2019:Buffalo Pound Lake,2018-06-19
408a22bdb0f4b225,source_ood,0,test,Buffalo_Pound_2018_2019,Buffalo_Pound_2018_2019,waterbody:Buffalo_Pound_2018_2019:Buffalo Pound Lake,2018-06-19
70ee80f918fa4c36,source_ood,0,test,Buffalo_Pound_2018_2019,Buffalo_Pound_2018_2019,waterbody:Buffalo_Pound_2018_2019:Buffalo Pound Lake,2018-06-19
d180b8d6fe0c5334,source_ood,0,test,Buffalo_Pound_2018_2019,Buffalo_Pound_2018_2019,waterbody:Buffalo_Pound_2018_2019:Buffalo Pound Lake,2018-06-25
a7183b2962bc1203,source_ood,0,test,Buffalo_Pound_2018_2019,Buffalo_Pound_2018_2019,waterbody:Buffalo_Pound_2018_2019:Buffalo Pound Lake,2018-06-25
2ecc4b8d833d00e3,source_ood,0,test,Buffalo_Pound_2018_2019,Buffalo_Pound_2018_2019,waterbody:Buffalo_Pound_2018_2019:Buffalo Pound Lake,2018-06-25
0e02d54c2ca5d5a2,source_ood,0,test,Buffalo_Pound_2018_2019,Buffalo_Pound_2018_2019,waterbody:Buffalo_Pound_2018_2019:Buffalo Pound Lake,2018-07-03
6dba53c1c8d568d8,source_ood,0,test,Buffalo_Pound_2018_2019,Buffalo_Pound_2018_2019,waterbody:Buffalo_Pound_2018_2019:Buffalo Pound Lake,2018-07-06
205796a08c52a376,source_ood,0,test,Buffalo_Pound_2018_2019,Buffalo_Pound_2018_2019,waterbody:Buffalo_Pound_2018_2019:Buffalo Pound Lake,2018-07-06
a37106ea4a7a807d,source_ood,0,test,Buffalo_Pound_2018_2019,Buffalo_Pound_2018_2019,waterbody:Buffalo_Pound_2018_2019:Buffalo Pound Lake,2018-07-06
98d8d91b21a80a06,source_ood,0,test,Buffalo_Pound_2018_2019,Buffalo_Pound_2018_2019,waterbody:Buffalo_Pound_2018_2019:Buffalo Pound Lake,2018-07-09
af94037c613845b9,source_ood,0,test,Buffalo_Pound_2018_2019,Buffalo_Pound_2018_2019,waterbody:Buffalo_Pound_2018_2019:Buffalo Pound Lake,2018-07-09
be209e8a8b82b415,source_ood,0,test,Buffalo_Pound_2018_2019,Buffalo_Pound_2018_2019,waterbody:Buffalo_Pound_2018_2019:Buffalo Pound Lake,2018-07-09
fc0a1df27a6eafe3,source_ood,0,test,Buffalo_Pound_2018_2019,Buffalo_Pound_2018_2019,waterbody:Buffalo_Pound_2018_2019:Buffalo Pound Lake,2018-07-12
94b3451f2b7cc95e,source_ood,0,test,Buffalo_Pound_2018_2019,Buffalo_Pound_2018_2019,waterbody:Buffalo_Pound_2018_2019:Buffalo Pound Lake,2018-07-12
77524dce34a0e401,source_ood,0,test,Buffalo_Pound_2018_2019,Buffalo_Pound_2018_2019,waterbody:Buffalo_Pound_2018_2019:Buffalo Pound Lake,2018-07-12
e1a5fbd9a8f156e6,source_ood,0,test,Buffalo_Pound_2018_2019,Buffalo_Pound_2018_2019,waterbody:Buffalo_Pound_2018_2019:Buffalo Pound Lake,2018-07-16
e4025529968de225,source_ood,0,test,Buffalo_Pound_2018_2019,Buffalo_Pound_2018_2019,waterbody:Buffalo_Pound_2018_2019:Buffalo Pound Lake,2018-07-16
61ce701194a211e7,source_ood,0,test,Buffalo_Pound_2018_2019,Buffalo_Pound_2018_2019,waterbody:Buffalo_Pound_2018_2019:Buffalo Pound Lake,2018-07-16
ffde573a71696625,source_ood,0,test,Buffalo_Pound_2018_2019,Buffalo_Pound_2018_2019,waterbody:Buffalo_Pound_2018_2019:Buffalo Pound Lake,2018-07-18
a675dc5500b55f33,source_ood,0,test,Buffalo_Pound_2018_2019,Buffalo_Pound_2018_2019,waterbody:Buffalo_Pound_2018_2019:Buffalo Pound Lake,2018-07-18
e4dee2bd0e1fecae,source_ood,0,test,Buffalo_Pound_2018_2019,Buffalo_Pound_2018_2019,waterbody:Buffalo_Pound_2018_2019:Buffalo Pound Lake,2018-07-18
e6e5dbd1e8fbd3fc,source_ood,0,test,Buffalo_Pound_2018_2019,Buffalo_Pound_2018_2019,waterbody:Buffalo_Pound_2018_2019:Buffalo Pound Lake,2018-08-09
5b5224d4e6a2ce6a,source_ood,0,test,Buffalo_Pound_2018_2019,Buffalo_Pound_2018_2019,waterbody:Buffalo_Pound_2018_2019:Buffalo Pound Lake,2018-08-09
eb43723b6b304990,source_ood,0,test,Buffalo_Pound_2018_2019,Buffalo_Pound_2018_2019,waterbody:Buffalo_Pound_2018_2019:Buffalo Pound Lake,2018-08-14
33503e95bbb644f7,source_ood,0,test,Buffalo_Pound_2018_2019,Buffalo_Pound_2018_2019,waterbody:Buffalo_Pound_2018_2019:Buffalo Pound Lake,2018-08-14
5792a13a8f7a5667,source_ood,0,test,Buffalo_Pound_2018_2019,Buffalo_Pound_2018_2019,waterbody:Buffalo_Pound_2018_2019:Buffalo Pound Lake,2018-08-14
f0c22849618eefc3,source_ood,0,test,Buffalo_Pound_2018_2019,Buffalo_Pound_2018_2019,waterbody:Buffalo_Pound_2018_2019:Buffalo Pound Lake,2018-08-17
782d9f337f50d4eb,source_ood,0,test,Buffalo_Pound_2018_2019,Buffalo_Pound_2018_2019,waterbody:Buffalo_Pound_2018_2019:Buffalo Pound Lake,2018-08-17
fe88976437f617c7,source_ood,0,test,Buffalo_Pound_2018_2019,Buffalo_Pound_2018_2019,waterbody:Buffalo_Pound_2018_2019:Buffalo Pound Lake,2018-08-17
c83f86b53557d99a,source_ood,0,test,Buffalo_Pound_2018_2019,Buffalo_Pound_2018_2019,waterbody:Buffalo_Pound_2018_2019:Buffalo Pound Lake,2018-08-21
47905f41dd99edc7,source_ood,0,test,Buffalo_Pound_2018_2019,Buffalo_Pound_2018_2019,waterbody:Buffalo_Pound_2018_2019:Buffalo Pound Lake,2018-08-21
93610fd8bdd41ea3,source_ood,0,test,Buffalo_Pound_2018_2019,Buffalo_Pound_2018_2019,waterbody:Buffalo_Pound_2018_2019:Buffalo Pound Lake,2018-08-21
aea5ba6512cc3077,source_ood,0,test,Buffalo_Pound_2018_2019,Buffalo_Pound_2018_2019,waterbody:Buffalo_Pound_2018_2019:Buffalo Pound Lake,2018-08-23
6120956835c01898,source_ood,0,test,Buffalo_Pound_2018_2019,Buffalo_Pound_2018_2019,waterbody:Buffalo_Pound_2018_2019:Buffalo Pound Lake,2018-08-23
b8643f3909c55878,source_ood,0,test,Buffalo_Pound_2018_2019,Buffalo_Pound_2018_2019,waterbody:Buffalo_Pound_2018_2019:Buffalo Pound Lake,2018-08-23
4ee44ba7377559f4,source_ood,0,test,Buffalo_Pound_2018_2019,Buffalo_Pound_2018_2019,waterbody:Buffalo_Pound_2018_2019:Buffalo Pound Lake,2018-08-28
8c75da4cf2d5e998,source_ood,0,test,Buffalo_Pound_2018_2019,Buffalo_Pound_2018_2019,waterbody:Buffalo_Pound_2018_2019:Buffalo Pound Lake,2018-08-28
62ed3b40b5937e2e,source_ood,0,test,Buffalo_Pound_2018_2019,Buffalo_Pound_2018_2019,waterbody:Buffalo_Pound_2018_2019:Buffalo Pound Lake,2018-08-28
4f792146fead0b56,source_ood,0,test,Buffalo_Pound_2018_2019,Buffalo_Pound_2018_2019,waterbody:Buffalo_Pound_2018_2019:Buffalo Pound Lake,2018-09-05
140107285a60b731,source_ood,0,test,Buffalo_Pound_2018_2019,Buffalo_Pound_2018_2019,waterbody:Buffalo_Pound_2018_2019:Buffalo Pound Lake,2018-09-05
d3d7de62cc26bc95,source_ood,0,test,Buffalo_Pound_2018_2019,Buffalo_Pound_2018_2019,waterbody:Buffalo_Pound_2018_2019:Buffalo Pound Lake,2018-09-05
0d9abbe65a072e26,source_ood,0,test,Buffalo_Pound_2018_2019,Buffalo_Pound_2018_2019,waterbody:Buffalo_Pound_2018_2019:Buffalo Pound Lake,2018-09-17
f3b9ec4b56af3a74,source_ood,0,test,Buffalo_Pound_2018_2019,Buffalo_Pound_2018_2019,waterbody:Buffalo_Pound_2018_2019:Buffalo Pound Lake,2018-09-17
9e26f9b77e6074f4,source_ood,0,test,Buffalo_Pound_2018_2019,Buffalo_Pound_2018_2019,waterbody:Buffalo_Pound_2018_2019:Buffalo Pound Lake,2018-09-17
d0367d702fee6f8f,source_ood,0,test,Buffalo_Pound_2018_2019,Buffalo_Pound_2018_2019,waterbody:Buffalo_Pound_2018_2019:Buffalo Pound Lake,2019-06-03
e8d60ad93723c08c,source_ood,0,test,Buffalo_Pound_2018_2019,Buffalo_Pound_2018_2019,waterbody:Buffalo_Pound_2018_2019:Buffalo Pound Lake,2019-06-03
67fc0b7ebe659407,source_ood,0,test,Buffalo_Pound_2018_2019,Buffalo_Pound_2018_2019,waterbody:Buffalo_Pound_2018_2019:Buffalo Pound Lake,2019-06-03
3970fbbdd788dfa3,source_ood,0,test,Buffalo_Pound_2018_2019,Buffalo_Pound_2018_2019,waterbody:Buffalo_Pound_2018_2019:Buffalo Pound Lake,2019-06-12
15a51d43ef9d9c94,source_ood,0,test,Buffalo_Pound_2018_2019,Buffalo_Pound_2018_2019,waterbody:Buffalo_Pound_2018_2019:Buffalo Pound Lake,2019-06-12
d80baa4a0d283751,source_ood,0,test,Buffalo_Pound_2018_2019,Buffalo_Pound_2018_2019,waterbody:Buffalo_Pound_2018_2019:Buffalo Pound Lake,2019-06-12
150f10a99d029071,source_ood,0,test,Buffalo_Pound_2018_2019,Buffalo_Pound_2018_2019,waterbody:Buffalo_Pound_2018_2019:Buffalo Pound Lake,2019-06-19
a77b00c69ec9d565,source_ood,0,test,Buffalo_Pound_2018_2019,Buffalo_Pound_2018_2019,waterbody:Buffalo_Pound_2018_2019:Buffalo Pound Lake,2019-06-19
f8196d2078df55cb,source_ood,0,test,Buffalo_Pound_2018_2019,Buffalo_Pound_2018_2019,waterbody:Buffalo_Pound_2018_2019:Buffalo Pound Lake,2019-06-19
33197435c262ec9b,source_ood,0,test,Buffalo_Pound_2018_2019,Buffalo_Pound_2018_2019,waterbody:Buffalo_Pound_2018_2019:Buffalo Pound Lake,2019-07-05
ebbe867ad3e52be3,source_ood,0,test,Buffalo_Pound_2018_2019,Buffalo_Pound_2018_2019,waterbody:Buffalo_Pound_2018_2019:Buffalo Pound Lake,2019-07-05
6eeb55ac62ac361a,source_ood,0,test,Buffalo_Pound_2018_2019,Buffalo_Pound_2018_2019,waterbody:Buffalo_Pound_2018_2019:Buffalo Pound Lake,2019-07-05
fdbebc08c4fccdc1,source_ood,0,test,Buffalo_Pound_2018_2019,Buffalo_Pound_2018_2019,waterbody:Buffalo_Pound_2018_2019:Buffalo Pound Lake,2019-07-10
cf9d8680dd91fa25,source_ood,0,test,Buffalo_Pound_2018_2019,Buffalo_Pound_2018_2019,waterbody:Buffalo_Pound_2018_2019:Buffalo Pound Lake,2019-07-10
c9ec83a4686e310d,source_ood,0,test,Buffalo_Pound_2018_2019,Buffalo_Pound_2018_2019,waterbody:Buffalo_Pound_2018_2019:Buffalo Pound Lake,2019-07-10
048301c574f17de1,source_ood,0,test,Buffalo_Pound_2018_2019,Buffalo_Pound_2018_2019,waterbody:Buffalo_Pound_2018_2019:Buffalo Pound Lake,2019-07-17
245fb5a33d455627,source_ood,0,test,Buffalo_Pound_2018_2019,Buffalo_Pound_2018_2019,waterbody:Buffalo_Pound_2018_2019:Buffalo Pound Lake,2019-07-17
614d9efc56ad7656,source_ood,0,test,Buffalo_Pound_2018_2019,Buffalo_Pound_2018_2019,waterbody:Buffalo_Pound_2018_2019:Buffalo Pound Lake,2019-07-17
164342595f7af234,source_ood,0,test,Buffalo_Pound_2018_2019,Buffalo_Pound_2018_2019,waterbody:Buffalo_Pound_2018_2019:Buffalo Pound Lake,2019-07-29
9891879c92459322,source_ood,0,test,Buffalo_Pound_2018_2019,Buffalo_Pound_2018_2019,waterbody:Buffalo_Pound_2018_2019:Buffalo Pound Lake,2019-07-29
11de53cecc9338d3,source_ood,0,test,Buffalo_Pound_2018_2019,Buffalo_Pound_2018_2019,waterbody:Buffalo_Pound_2018_2019:Buffalo Pound Lake,2019-07-29
faa9ae690e68202f,source_ood,0,test,Buffalo_Pound_2018_2019,Buffalo_Pound_2018_2019,waterbody:Buffalo_Pound_2018_2019:Buffalo Pound Lake,2019-08-07
8d22e248909a5290,source_ood,0,test,Buffalo_Pound_2018_2019,Buffalo_Pound_2018_2019,waterbody:Buffalo_Pound_2018_2019:Buffalo Pound Lake,2019-08-07
4932c6c072aa347f,source_ood,0,test,Buffalo_Pound_2018_2019,Buffalo_Pound_2018_2019,waterbody:Buffalo_Pound_2018_2019:Buffalo Pound Lake,2019-08-07
259e7bd2f0b3903f,source_ood,0,test,Buffalo_Pound_2018_2019,Buffalo_Pound_2018_2019,waterbody:Buffalo_Pound_2018_2019:Buffalo Pound Lake,2019-08-15
55ea28585b5cae5c,source_ood,0,test,Buffalo_Pound_2018_2019,Buffalo_Pound_2018_2019,waterbody:Buffalo_Pound_2018_2019:Buffalo Pound Lake,2019-08-15
e563b266f79300ff,source_ood,0,test,Buffalo_Pound_2018_2019,Buffalo_Pound_2018_2019,waterbody:Buffalo_Pound_2018_2019:Buffalo Pound Lake,2019-08-15
aac124c90566c458,source_ood,0,test,Buffalo_Pound_2018_2019,Buffalo_Pound_2018_2019,waterbody:Buffalo_Pound_2018_2019:Buffalo Pound Lake,2019-08-21
e42d470a70b2422e,source_ood,0,test,Buffalo_Pound_2018_2019,Buffalo_Pound_2018_2019,waterbody:Buffalo_Pound_2018_2019:Buffalo Pound Lake,2019-08-21
c63b3cabd6b7767d,source_ood,0,test,Buffalo_Pound_2018_2019,Buffalo_Pound_2018_2019,waterbody:Buffalo_Pound_2018_2019:Buffalo Pound Lake,2019-08-21
0deb5446f3ed2cff,source_ood,0,test,Buffalo_Pound_2018_2019,Buffalo_Pound_2018_2019,waterbody:Buffalo_Pound_2018_2019:Buffalo Pound Lake,2019-08-30
74e99b4d3bdbe1f3,source_ood,0,test,Buffalo_Pound_2018_2019,Buffalo_Pound_2018_2019,waterbody:Buffalo_Pound_2018_2019:Buffalo Pound Lake,2019-08-30
6c6569be836e526e,source_ood,0,test,Buffalo_Pound_2018_2019,Buffalo_Pound_2018_2019,waterbody:Buffalo_Pound_2018_2019:Buffalo Pound Lake,2019-08-30
51fc7d868c9600ad,source_ood,0,test,Buffalo_Pound_2018_2019,Buffalo_Pound_2018_2019,waterbody:Buffalo_Pound_2018_2019:Buffalo Pound Lake,2019-09-03
2bec10d117a620cf,source_ood,0,test,Buffalo_Pound_2018_2019,Buffalo_Pound_2018_2019,waterbody:Buffalo_Pound_2018_2019:Buffalo Pound Lake,2019-09-03
64cfa1617c2364ed,source_ood,0,test,Buffalo_Pound_2018_2019,Buffalo_Pound_2018_2019,waterbody:Buffalo_Pound_2018_2019:Buffalo Pound Lake,2019-09-03
8ef1e4a70f98d4ad,source_ood,0,test,Buffalo_Pound_2018_2019,Buffalo_Pound_2018_2019,waterbody:Buffalo_Pound_2018_2019:Buffalo Pound Lake,2019-09-13
d749d164013f2388,source_ood,0,test,Buffalo_Pound_2018_2019,Buffalo_Pound_2018_2019,waterbody:Buffalo_Pound_2018_2019:Buffalo Pound Lake,2019-09-13
4fb4ca3f3d56c48f,source_ood,0,test,Buffalo_Pound_2018_2019,Buffalo_Pound_2018_2019,waterbody:Buffalo_Pound_2018_2019:Buffalo Pound Lake,2019-09-13
43ac8fe97570c722,source_ood,0,test,Buffalo_Pound_2018_2019,Buffalo_Pound_2018_2019,waterbody:Buffalo_Pound_2018_2019:Buffalo Pound Lake,2019-09-17
24d71d01bc7afc7f,source_ood,0,test,Buffalo_Pound_2018_2019,Buffalo_Pound_2018_2019,waterbody:Buffalo_Pound_2018_2019:Buffalo Pound Lake,2019-09-17
fe4e137bc6adfdf3,source_ood,0,test,Buffalo_Pound_2018_2019,Buffalo_Pound_2018_2019,waterbody:Buffalo_Pound_2018_2019:Buffalo Pound Lake,2019-09-17
986035eb281558cb,source_ood,0,test,Buffalo_Pound_2018_2019,Buffalo_Pound_2018_2019,waterbody:Buffalo_Pound_2018_2019:Buffalo Pound Lake,2019-09-26
a2a214290cf4e6be,source_ood,0,test,Buffalo_Pound_2018_2019,Buffalo_Pound_2018_2019,waterbody:Buffalo_Pound_2018_2019:Buffalo Pound Lake,2019-09-26
32fc2fa4f35a493e,source_ood,0,test,Buffalo_Pound_2018_2019,Buffalo_Pound_2018_2019,waterbody:Buffalo_Pound_2018_2019:Buffalo Pound Lake,2019-09-26
c45c3ab7330c832b,source_ood,0,test,Buffalo_Pound_2018_2019,Buffalo_Pound_2018_2019,waterbody:Buffalo_Pound_2018_2019:Buffalo Pound Lake,2019-10-03
d383bbb98de20a07,source_ood,0,test,Buffalo_Pound_2018_2019,Buffalo_Pound_2018_2019,waterbody:Buffalo_Pound_2018_2019:Buffalo Pound Lake,2019-10-03
6c6c059bbb7fa1de,source_ood,0,test,Buffalo_Pound_2018_2019,Buffalo_Pound_2018_2019,waterbody:Buffalo_Pound_2018_2019:Buffalo Pound Lake,2019-10-03
