abstract,authors,cited_by_count,doi,is_open_access,landing_page_url,openalex_id,pdf_url,publication_date,publication_year,query,rank,title,type
"The long-standing dominance of gradient-boosted decision trees on tabular data is currently challenged by tabular foundation models using In-Context Learning (ICL): setting the training data as context for the test data and predicting in a single forward pass without parameter updates. While TabPFNv2 foundation model excels on tables with up to 10K samples, its alternating column- and row-wise attentions make handling large training sets computationally prohibitive. So, can ICL be effectively scaled and deliver a benefit for larger tables? We introduce TabICL, a tabular foundation model for classification, pretrained on synthetic datasets with up to 60K samples and capable of handling 500K samples on affordable resources. This is enabled by a novel two-stage architecture: a column-then-row attention mechanism to build fixed-dimensional embeddings of rows, followed by a transformer for efficient ICL. Across 200 classification datasets from the TALENT benchmark, TabICL is on par with TabPFNv2 while being systematically faster (up to 10 times), and significantly outperforms all other approaches. On 53 datasets with over 10K samples, TabICL surpasses both TabPFNv2 and CatBoost, demonstrating the potential of ICL for large data. Pretraining code, inference code, and pre-trained models are available at https://github.com/soda-inria/tabicl.",Jingang Qu; David Holzmüller; Gaël Varoquaux; Marine Le Morvan,7,https://doi.org/10.48550/arxiv.2502.05564,True,http://arxiv.org/abs/2502.05564,https://openalex.org/W4407385137,https://arxiv.org/pdf/2502.05564,2025-02-08,2025,tabular foundation model regression TabICL TabPFN,1,TabICL: A Tabular Foundation Model for In-Context Learning on Large Data,preprint
"While traditional ensemble methods have dominated tabular intrusion detection systems (IDSs), recent advances in foundation models present new opportunities for enhanced cybersecurity applications. This paper presents a comprehensive multi-modal evaluation of foundation models—specifically TabPFN (Tabular Prior-Data Fitted Network), TabICL (Tabular In-Context Learning), and large language models—against traditional machine learning approaches across three cybersecurity datasets: CIC-IDS2017, N-BaIoT, and CIC-UNSW. Our rigorous experimental framework addresses critical methodological challenges through model-appropriate evaluation protocols and comprehensive assessment across multiple data variants. Results demonstrate that foundation models achieve superior and more consistent performance compared with traditional approaches, with TabPFN and TabICL establishing new state-of-the-art results across all datasets. Most significantly, these models uniquely achieve non-zero recall across all classes, including rare threats like Heartbleed and Infiltration, while traditional ensemble methods—despite achieving &gt;99% overall accuracy—completely fail on several minority classes. TabICL demonstrates particularly strong performance on CIC-IDS2017 (99.59% accuracy), while TabPFN maintains consistent performance across all datasets, suggesting robust generalization capabilities. Both foundation models achieve these results using only fractions of the available training data and requiring no hyperparameter tuning, representing a paradigm shift toward training-light, hyperparameter-free adaptive IDS architectures, where TabPFN requires no task-specific fitting and TabICL leverages efficient in-context adaptation without retraining. Cross-dataset validation reveals that foundation models maintain performance advantages across diverse threat landscapes, while traditional methods exhibit significant dataset-specific variations. These findings challenge the cybersecurity community’s reliance on tree-based ensembles and demonstrate that foundation models offer superior capabilities for next-generation intrusion detection systems in IoT environments.",Pablo García; J. de Curtò; I. de Zarzà; Juan‐Carlos Cano; Carlos T. Calafate,3,https://doi.org/10.3390/electronics14193792,True,https://doi.org/10.3390/electronics14193792,https://openalex.org/W4414524233,https://www.mdpi.com/2079-9292/14/19/3792/pdf?version=1758725977,2025-09-24,2025,tabular foundation model regression TabICL TabPFN,2,Foundation Models for Cybersecurity: A Comprehensive Multi-Modal Evaluation of TabPFN and TabICL for Tabular Intrusion Detection,article
"Abstract Predicting how cells respond to genetic and chemical perturbations is a central challenge in drug discovery and functional genomics. A growing ecosystem of specialized single-cell foundation models has been developed to address this problem, yet their practical advantage over domain-agnostic approaches remains unclear. Here we evaluate the power of Tabular Foundation Models such as TabICL and TabPFN, general-purpose pre-trained regression models, against domain-specific architectures including PRESAGE, scGPT, scLAMBDA, STACK and Prophet across four complementary evaluation settings: cell-level in-context cross-cell-type prediction, pseudobulk perturbation prediction on five Perturb-seq datasets of cell-lines, a genome-wide CRISPR screen in primary human CD4 + T cells, and embryo-level cell-type composition prediction in a zebrafish developmental perturbation atlas. In the cell-level cross-cell type perturbation prediction, Tabular Foundation Models perform on par or better than specialized models. On pseudobulk perturbation prediction, Tabular Foundation Models consistently out-perform specialized baselines across multiple evaluation metrics and datasets. On whole-embryo cell-type composition prediction, Tabular Foundation Models are competitive with specialized baselines. These results demonstrate that general-purpose tabular in-context learning provides a strong and scalable alternative to bespoke biological architectures for perturbation response modeling across cell systems and scales.",Giovanni Palla; Alexander Hillsley; Yang Joon Kim; Löıc A. Royer,1,https://doi.org/10.64898/2026.06.28.735106,True,https://doi.org/10.64898/2026.06.28.735106,https://openalex.org/W7166861138,,2026-07-01,2026,tabular foundation model regression TabICL TabPFN,3,Tabular Foundation Models Are Competitive Cellular Perturbation Predictors Across Biological Scales,preprint
"Abstract Tabular Prior-Data Fitted Networks (TabPFN) demonstrate remarkable performance on small-to-medium tabular datasets through in-context learning, but struggle with high-dimensional genomic data such as RNA-seq with tens of thousands of features. We investigate multiple approaches to adapt TabPFN for transcriptomic analysis using two benchmark datasets: Age-ARCHS4, a regression dataset derived from the ARCHS4 dataset (57,873 samples, 10,000 genes), and an Inflammatory Bowel Disease (IBD) classification dataset encompassing Crohn’s Disease and Ulcerative Colitis samples (2,490 samples, 10,000 genes). Our experimental design proceeds in two phases: first evaluating existing optimization methods, then testing novel adaptations including (1) self-supervised embedding learning and (2) Bulk-Former integration. We demonstrate that when constrained to equal training conditions (500 features, 10,000 samples), TabPFN outperforms classical baselines like random forest and XGBoost. However, when classical methods utilize full feature sets while TabPFN adaptations attempt to handle higher-dimensional data, all TabPFN variants consistently underperform the naive baseline. Our findings reveal fundamental limitations in current approaches to adapting TabPFN for genomic applications, showing that architectural modifications paradoxically degrade performance, while intelligent metadata-based subgrouping emerges as the most effective strategy for deploying TabPFN on biological data.",Summer Zhou; Vinayak Agarwal; Ashwin Gopinath; Timothy Kassis,2,https://doi.org/10.1101/2025.08.15.670537,True,https://doi.org/10.1101/2025.08.15.670537,https://openalex.org/W4413390142,https://www.biorxiv.org/content/biorxiv/early/2025/08/21/2025.08.15.670537.full.pdf,2025-08-21,2025,tabular foundation model regression TabICL TabPFN,4,The Limitations of TabPFN for High-Dimensional RNA-seq Analysis,preprint
"Tabular data is prevalent across diverse domains in machine learning. With the rapid progress of deep tabular prediction methods, especially pretrained (foundation) models, there is a growing need to evaluate these methods systematically and to understand their behavior. We present an extensive study on TALENT, a collection of 300+ datasets spanning broad ranges of size, feature composition (numerical/categorical mixes), domains, and output types (binary, multi--class, regression). Our evaluation shows that ensembling benefits both tree-based and neural approaches. Traditional gradient-boosted trees remain very strong baselines, yet recent pretrained tabular models now match or surpass them on many tasks, narrowing--but not eliminating--the historical advantage of tree ensembles. Despite architectural diversity, top performance concentrates within a small subset of models, providing practical guidance for method selection. To explain these outcomes, we quantify dataset heterogeneity by learning from meta-features and early training dynamics to predict later validation behavior. This dynamics-aware analysis indicates that heterogeneity--such as the interplay of categorical and numerical attributes--largely determines which family of methods is favored. Finally, we introduce a two-level design beyond the 300 common-size datasets: a compact TALENT-tiny core (45 datasets) for rapid, reproducible evaluation, and a TALENT-extension suite targeting high-dimensional, many-class, and very large-scale settings for stress testing. In summary, these results offer actionable insights into the strengths, limitations, and future directions for improving deep tabular learning.",Han-Jia Ye; Siyang Liu; Hao-Run Cai; Qi-Le Zhou; De‐Chuan Zhan,6,https://doi.org/10.48550/arxiv.2407.00956,True,http://arxiv.org/abs/2407.00956,https://openalex.org/W4400341480,https://arxiv.org/pdf/2407.00956,2024-07-01,2024,tabular foundation model regression TabICL TabPFN,5,A Closer Look at Deep Learning Methods on Tabular Datasets,preprint
"Tabular data is one of the most ubiquitous sources of information worldwide, spanning a wide variety of domains. This inherent heterogeneity has slowed the development of Tabular Foundation Models (TFMs) capable of fast generalization to unseen datasets. In-Context Learning (ICL) has recently emerged as a promising solution for TFMs, enabling dynamic adaptation to new tasks without additional tuning. While many studies have attempted to re-purpose large language models for tabular ICL, they have had limited success, so recent works have focused on developing tabular-specific foundation models. In this work, we propose an approach to combine ICL-based retrieval with self supervised learning to train tabular foundation models. We also investigate the utility of real vs. synthetic data for model pre-training, and show that real data can contain useful signal not easily captured in synthetic training. Specifically, we show that incorporating real data during the pre-training phase can lead to significantly faster training and better downstream generalization to unseen data. Our resulting model, TabDPT, achieves strong performance on both regression (CTR23) and classification (CC18) benchmarks. Importantly, we also demonstrate that with our pre-training procedure, scaling both model and data size leads to consistent performance improvements that follow power laws. This echoes scaling laws in LLMs and other foundation models, and suggests that large-scale TFMs can be achievable. We open-source our full pipeline: inference code including trained model weights can be found at github.com/layer6ai-labs/TabDPT-inference, and the training code to reproduce experiments can be found at github.com/layer6ai-labs/TabDPT-training.",Junwei Ma; Valentin Thomas; Rasa Hosseinzadeh; Alex Labach; Hamidreza Kamkari; Jesse C. Cresswell; Keyvan Golestan; G. H. Yu; Anthony L. Caterini; Maksims Volkovs,2,https://doi.org/10.48550/arxiv.2410.18164,True,http://arxiv.org/abs/2410.18164,https://openalex.org/W4404306246,https://arxiv.org/pdf/2410.18164,2024-10-23,2024,tabular foundation model regression TabICL TabPFN,6,TabDPT: Scaling Tabular Foundation Models on Real Data,preprint
"ABSTRACT In the field of pedometrics, tabular machine learning is the predominant method for soil property prediction from remote and proximal soil sensing data, forming a central component of Digital Soil Mapping (DSM). At the field‐scale, this pedometric modeling task is typically constrained by small training sample sizes and high feature‐to‐sample ratios, particularly when using spectroscopic data. Traditionally, these conditions have proven challenging for conventional deep learning methods. Classical machine learning algorithms, particularly tree‐based models like Random Forest and linear models such as Partial Least Squares Regression, have long been the default choice for pedometric modeling within DSM. Recent advances in artificial neural networks (ANN) for tabular data challenge this view, yet their suitability for field‐scale DSM has not been proven. We introduce a comprehensive benchmark that evaluates state‐of‐the‐art ANN architectures, including the latest multilayer perceptron (MLP)‐based models (TabM, RealMLP), attention‐based transformer variants (FT‐Transformer, ExcelFormer, T2G‐Former, AMFormer), retrieval‐augmented approaches (TabR, ModernNCA), and an in‐context learning foundation model (TabPFN). Our evaluation encompasses 31 field‐ and farm‐scale datasets containing 30–460 soil samples and three critical soil properties: soil organic matter or soil organic carbon, pH, and clay content. Our results reveal that modern ANNs consistently outperform classical methods on the majority of tasks, demonstrating that deep learning has matured sufficiently to overcome the long‐standing dominance of classical machine learning for soil property prediction. Notably, TabPFN delivers the strongest overall performance, showing robustness across varying conditions. We therefore recommend the adoption of modern ANNs for field‐scale DSM and propose TabPFN as the new default choice in the toolkit of every pedometrician.",Viacheslav Barkov; Jonas Schmidinger; Robin Gebbers; Martin Atzmueller,5,https://doi.org/10.1111/ejss.70299,True,https://doi.org/10.1111/ejss.70299,https://openalex.org/W7131643135,,2026-02-24,2026,tabular foundation model regression TabICL TabPFN,7,Modern Neural Networks for Small Tabular Datasets: The New Default for Field‐Scale Digital Soil Mapping?,article
"We present an Adversarially Pre-trained Transformer (APT) that is able to perform zero-shot meta-learning on tabular prediction tasks without pre-training on any real-world dataset, extending on the recent development of Prior-Data Fitted Networks (PFNs) and TabPFN. Specifically, APT is pre-trained with adversarial synthetic data agents, who continue to shift their underlying data generating distribution and deliberately challenge the model with different synthetic datasets. In addition, we propose a mixture block architecture that is able to handle classification tasks with arbitrary number of classes, addressing the class size limitation -- a crucial weakness of prior deep tabular zero-shot learners. In experiments, we show that our framework matches state-of-the-art performance on small classification tasks without filtering on dataset characteristics such as number of classes and number of missing values, while maintaining an average runtime under one second. On common benchmark dataset suites in both classification and regression, we show that adversarial pre-training was able to enhance TabPFN's performance. In our analysis, we demonstrate that the adversarial synthetic data agents were able to generate a more diverse collection of data compared to the ordinary random generator in TabPFN. In addition, we demonstrate that our mixture block neural design has improved generalizability and greatly accelerated pre-training.",Yulun Wu; Doron L. Bergman,1,https://doi.org/10.48550/arxiv.2502.04573,True,http://arxiv.org/abs/2502.04573,https://openalex.org/W4407308997,https://arxiv.org/pdf/2502.04573,2025-02-06,2025,tabular foundation model regression TabICL TabPFN,8,Zero-shot Meta-learning for Tabular Prediction Tasks with Adversarially Pre-trained Transformer,preprint
"With the growing popularity of deep learning and foundation models for tabular data, the need for standardized and reliable benchmarks is higher than ever. However, current benchmarks are static. Their design is not updated even if flaws are discovered, model versions are updated, or new models are released. To address this, we introduce TabArena, the first continuously maintained living tabular benchmarking system. To launch TabArena, we manually curate a representative collection of datasets and well-implemented models, conduct a large-scale benchmarking study to initialize a public leaderboard, and assemble a team of experienced maintainers. Our results highlight the influence of validation method and ensembling of hyperparameter configurations to benchmark models at their full potential. While gradient-boosted trees are still strong contenders on practical tabular datasets, we observe that deep learning methods have caught up under larger time budgets with ensembling. At the same time, foundation models excel on smaller datasets. Finally, we show that ensembles across models advance the state-of-the-art in tabular machine learning. We observe that some deep learning models are overrepresented in cross-model ensembles due to validation set overfitting, and we encourage model developers to address this issue. We launch TabArena with a public leaderboard, reproducible code, and maintenance protocols to create a living benchmark available at https://tabarena.ai.",Nick Erickson; Lennart Purucker; Andrej Tschalzev; David Holzmüller; P. Desai; David Salinas; Frank Hutter,1,https://doi.org/10.52202/085713-0519,True,https://doi.org/10.52202/085713-0519,https://openalex.org/W4414987631,https://arxiv.org/pdf/2506.16791,2025-01-01,2025,tabular foundation model regression TabICL TabPFN,9,TabArena: A Living Benchmark for Machine Learning on Tabular Data,conference-paper
"Tabular foundation models like TabPFN and TabICL achieve state-of-the-art performance through in-context learning, yet their architectures remain fundamentally opaque. We introduce KernelICL, a framework to enhance tabular foundation models with quantifiable sample-based interpretability. Building on the insight that in-context learning is akin to kernel regression, we make this mechanism explicit by replacing the final prediction layer with kernel functions (Gaussian, dot-product, kNN) so that every prediction is a transparent weighted average of training labels. We introduce a two-dimensional taxonomy that formally unifies standard kernel methods, modern neighbor-based approaches, and attention mechanisms under a single framework, and quantify inspectability via the perplexity of the weight distribution over training samples. On 55 TALENT benchmark datasets, KernelICL achieves performance on par with existing tabular foundation models, demonstrating that explicit kernel constraints on the final layer enable inspectable predictions without sacrificing performance.",Ratmir Miftachov; Bruno Charron; Simon Valentin,0,,True,http://arxiv.org/abs/2602.02162,https://openalex.org/W7127541791,https://arxiv.org/pdf/2602.02162,2026-02-02,2026,tabular foundation model regression TabICL TabPFN,10,Interpretable Tabular Foundation Models via In-Context Kernel Regression,preprint
"Tabular foundation models, exemplified by TabPFN, perform prediction via in-context learning, inferring test labels directly from labeled training examples. They have demonstrated competitive performance, particularly on small-to-medium datasets. However, recent tabular foundation models often improve accuracy with increasingly complex architectures, incurring higher inference cost and limiting practical deployment. In this work, we revisit the original TabPFN design and show that a lightweight row-wise attention-only backbone can remain highly competitive with two simple enhancements: a gated attention stabilization mechanism and a small set of learnable register tokens that provide global context and improve pretraining quality. The resulting model, TabSwift, supports both classification and regression, and is competitive with stronger tabular foundation models (e.g., TabPFN v2 and TabICL) while being more efficient at inference. For latency-sensitive serving, we further introduce an adaptive layer-wise early-exit mechanism that dynamically adjusts inference depth per sample. Overall, TabSwift enables efficient and anytime tabular in-context learning for practical deployments.",Si-Yang Liu; Han-Jia Ye,0,,True,https://arxiv.org/abs/2606.07345,https://openalex.org/W7164090950,https://arxiv.org/pdf/2606.07345,2026-06-05,2026,tabular foundation model regression TabICL TabPFN,11,TabSwift: An Efficient Tabular Foundation Model with Row-Wise Attention,preprint
"Tabular foundation models like TabPFN and TabICL achieve state-of-the-art performance through in-context learning, yet their architectures remain fundamentally opaque. We introduce KernelICL, a framework to enhance tabular foundation models with quantifiable sample-based interpretability. Building on the insight that in-context learning is akin to kernel regression, we make this mechanism explicit by replacing the final prediction layer with kernel functions (Gaussian, dot-product, kNN) so that every prediction is a transparent weighted average of training labels. We introduce a two-dimensional taxonomy that formally unifies standard kernel methods, modern neighbor-based approaches, and attention mechanisms under a single framework, and quantify inspectability via the perplexity of the weight distribution over training samples. On 55 TALENT benchmark datasets, KernelICL achieves performance on par with existing tabular foundation models, demonstrating that explicit kernel constraints on the final layer enable inspectable predictions without sacrificing performance.",Ratmir Miftachov; Bruno Charron; Simon Valentin,0,https://doi.org/10.48550/arxiv.2602.02162,True,,https://openalex.org/W7127328797,,2026-02-02,2026,tabular foundation model regression TabICL TabPFN,12,Interpretable Tabular Foundation Models via In-Context Kernel Regression,article
"The newly emerged machine learning (e.g., deep learning) methods have become a strong driving force to revolutionize a wide range of industries, such as smart healthcare, financial technology, and surveillance systems. Meanwhile, privacy has emerged as a big concern in this machine learning-based artificial intelligence era. It is important to note that the problem of privacy preservation in the context of machine learning is quite different from that in traditional data privacy protection, as machine learning can act as both friend and foe. Currently, the work on the preservation of privacy and machine learning are still in an infancy stage, as most existing solutions only focus on privacy problems during the machine learning process. Therefore, a comprehensive study on the privacy preservation problems and machine learning is required. This article surveys the state of the art in privacy issues and solutions for machine learning. The survey covers three categories of interactions between privacy and machine learning: (i) private machine learning, (ii) machine learning-aided privacy protection, and (iii) machine learning-based privacy attack and corresponding protection schemes. The current research progress in each category is reviewed and the key challenges are identified. Finally, based on our in-depth analysis of the area of privacy and machine learning, we point out future research directions in this field.",Bo Liu; Ming Ding; Sina Shaham; Wenny Rahayu; Farhad Farokhi; Zihuai Lin,433,https://doi.org/10.1145/3436755,True,https://doi.org/10.1145/3436755,https://openalex.org/W3135347465,http://hdl.handle.net/11343/268322,2021-03-05,2021,tabular machine learning benchmark beyond IID temporal group shift,1,When Machine Learning Meets Privacy,article
"We introduce AutoGluon-Tabular, an open-source AutoML framework that requires only a single line of Python to train highly accurate machine learning models on an unprocessed tabular dataset such as a CSV file. Unlike existing AutoML frameworks that primarily focus on model/hyperparameter selection, AutoGluon-Tabular succeeds by ensembling multiple models and stacking them in multiple layers. Experiments reveal that our multi-layer combination of many models offers better use of allocated training time than seeking out the best. A second contribution is an extensive evaluation of public and commercial AutoML platforms including TPOT, H2O, AutoWEKA, auto-sklearn, AutoGluon, and Google AutoML Tables. Tests on a suite of 50 classification and regression tasks from Kaggle and the OpenML AutoML Benchmark reveal that AutoGluon is faster, more robust, and much more accurate. We find that AutoGluon often even outperforms the best-in-hindsight combination of all of its competitors. In two popular Kaggle competitions, AutoGluon beat 99% of the participating data scientists after merely 4h of training on the raw data.",Nick Erickson; Jonas Mueller; Alexander Shirkov; Hang Zhang; Pedro Larroy; Mu Li; Alexander J. Smola,157,https://doi.org/10.48550/arxiv.2003.06505,True,http://arxiv.org/abs/2003.06505,https://openalex.org/W3011307848,https://arxiv.org/pdf/2003.06505,2020-03-13,2020,tabular machine learning benchmark beyond IID temporal group shift,2,AutoGluon-Tabular: Robust and Accurate AutoML for Structured Data,preprint
"Data privacy is a very important issue. Especially in fields like medicine, it is paramount to abide by the existing privacy regulations to preserve patients’ anonymity. However, data is required for research and training machine learning models that could help gain insight into complex correlations or personalised treatments that may otherwise stay undiscovered. Those models generally scale with the amount of data available, but the current situation often prohibits building large databases across sites. So it would be beneficial to be able to combine similar or related data from different sites all over the world while still preserving data privacy. Federated learning has been proposed as a solution for this, because it relies on the sharing of machine learning models, instead of the raw data itself. That means private data never leaves the site or device it was collected on. Federated learning is an emerging research area, and many domains have been identified for the application of those methods. This systematic literature review provides an extensive look at the concept of and research into federated learning and its applicability for confidential healthcare datasets.",Bjarne Pfitzner; Nico Steckhan; Bert Arnrich,282,https://doi.org/10.1145/3412357,True,https://doi.org/10.1145/3412357,https://openalex.org/W3169231731,https://dl.acm.org/doi/pdf/10.1145/3412357,2021-06-02,2021,tabular machine learning benchmark beyond IID temporal group shift,3,Federated Learning in a Medical Context: A Systematic Literature Review,review
,Richard J. Chen; Judy J. Wang; Drew F. K. Williamson; Tiffany Chen; Jana Lipková; Ming Y. Lu; Sharifa Sahai; Faisal Mahmood,658,https://doi.org/10.1038/s41551-023-01056-8,True,https://doi.org/10.1038/s41551-023-01056-8,https://openalex.org/W4382394524,https://pmc.ncbi.nlm.nih.gov/articles/PMC10632090/pdf/nihms-1940941.pdf,2023-06-28,2023,tabular machine learning benchmark beyond IID temporal group shift,4,Algorithmic fairness in artificial intelligence for medicine and healthcare,article
"Self-supervised learning, dubbed the dark matter of intelligence, is a promising path to advance machine learning. Yet, much like cooking, training SSL methods is a delicate art with a high barrier to entry. While many components are familiar, successfully training a SSL method involves a dizzying set of choices from the pretext tasks to training hyper-parameters. Our goal is to lower the barrier to entry into SSL research by laying the foundations and latest SSL recipes in the style of a cookbook. We hope to empower the curious researcher to navigate the terrain of methods, understand the role of the various knobs, and gain the know-how required to explore how delicious SSL can be.",Randall Balestriero; Mark Ibrahim; Vlad Sobal; Ari S. Morcos; Shashank Shekhar; Tom Goldstein; Florian Bordes; Adrien Bardes; Gregoire Mialon; Yuandong Tian; Avi Schwarzschild; Andrew Gordon Wilson; Jonas Geiping; Quentin Garrido; Pierre Fernandez; Amir Bar; Hamed Pirsiavash; Yann LeCun; Micah Goldblum,164,https://doi.org/10.48550/arxiv.2304.12210,True,http://arxiv.org/abs/2304.12210,https://openalex.org/W4367000428,https://arxiv.org/pdf/2304.12210,2023-04-24,2023,tabular machine learning benchmark beyond IID temporal group shift,5,A Cookbook of Self-Supervised Learning,preprint
"Distribution shift occurs when the test distribution differs from the training distribution, and it can considerably degrade performance of machine learning models deployed in the real world. Temporal shifts -- distribution shifts arising from the passage of time -- often occur gradually and have the additional structure of timestamp metadata. By leveraging timestamp metadata, models can potentially learn from trends in past distribution shifts and extrapolate into the future. While recent works have studied distribution shifts, temporal shifts remain underexplored. To address this gap, we curate Wild-Time, a benchmark of 5 datasets that reflect temporal distribution shifts arising in a variety of real-world applications, including patient prognosis and news classification. On these datasets, we systematically benchmark 13 prior approaches, including methods in domain generalization, continual learning, self-supervised learning, and ensemble learning. We use two evaluation strategies: evaluation with a fixed time split (Eval-Fix) and evaluation with a data stream (Eval-Stream). Eval-Fix, our primary evaluation strategy, aims to provide a simple evaluation protocol, while Eval-Stream is more realistic for certain real-world applications. Under both evaluation strategies, we observe an average performance drop of 20% from in-distribution to out-of-distribution data. Existing methods are unable to close this gap. Code is available at https://wild-time.github.io/.",Huaxiu Yao; Caroline Choi; Bochuan Cao; Yoonho Lee; Pang Wei Koh; Chelsea Finn,21,https://doi.org/10.48550/arxiv.2211.14238,True,http://arxiv.org/abs/2211.14238,https://openalex.org/W4310285957,https://arxiv.org/pdf/2211.14238,2022-11-25,2022,tabular machine learning benchmark beyond IID temporal group shift,6,Wild-Time: A Benchmark of in-the-Wild Distribution Shift over Time,preprint
"Deep learning relies on learning from extensive data to generate prediction results. This approach may inadvertently capture spurious correlations within the data, leading to models that lack interpretability and robustness. Researchers have developed more profound and stable causal inference methods based on cognitive neuroscience. By replacing the correlation model with a stable and interpretable causal model, it is possible to mitigate the misleading nature of spurious correlations and overcome the limitations of model calculations. In this survey, we provide a comprehensive and structured review of causal inference methods in deep learning. Brain-like inference ideas are discussed from a brain-inspired perspective, and the basic concepts of causal learning are introduced. The article describes the integration of causal inference with traditional deep learning algorithms and illustrates its application to large model tasks as well as specific modalities in deep learning. The current limitations of causal inference and future research directions are discussed. Moreover, the commonly used benchmark datasets and the corresponding download links are summarized.",Licheng Jiao; Yuhan Wang; Xu Liu; Lingling Li; Fang Liu; Wenping Ma; Yuwei Guo; Puhua Chen; Shuyuan Yang; Biao Hou,91,https://doi.org/10.34133/research.0467,True,https://doi.org/10.34133/research.0467,https://openalex.org/W4401547143,,2024-01-01,2024,tabular machine learning benchmark beyond IID temporal group shift,7,Causal Inference Meets Deep Learning: A Comprehensive Survey,article
"Recent developments in deep learning have contributed to numerous success stories in healthcare. The performance of a deep learning model generally improves with the size of the training data. However, there are privacy, ownership, and regulatory issues that prevent combining medical data into traditional centralized storage. Decentralized learning approaches enable collaborative model training by distributing the learning process among several nodes or devices. Conceptually, decentralized learning builds on earlier work in distributed optimization, but the focus of this paper is on recent and emerging techniques such as Federated Learning (FL), Split Learning (SL), and hybrid Split-Federated Learning (SFL). With common, universal deep learning models and centralized aggregator servers, FL overcomes the difficulties of centralized training. Additionally, patient data remains at the local party, upholding the security and anonymity of the data. SL enables machine learning without directly accessing data on clients or end devices. It further enhances privacy in a decentralized setting and mitigates clients’ storage issues. In this survey, we first provide a contemporary survey of FL, SL, and SFL approaches. Second, we discuss their state-of-the-art applications in healthcare, particularly in medical image analysis. Third, we review these emerging decentralized learning approaches under challenging conditions such as statistical and system heterogeneity, privacy preservation, communication efficiency, fairness, etc. Then, we address existing approaches to tackle these challenges. We detail unique complications related to healthcare applications including data, privacy and security, and communication challenges. Finally, we outline potential areas for further research on emerging decentralized learning techniques in healthcare, including developing personalized models, reducing bias, incorporating hybrid non-IID features, hyperparameter tuning, developing sufficient incentive mechanisms, and incorporating domain expertise knowledge.",Chamani Shiranthika; Parvaneh Saeedi; Ivan V. Bajić,41,https://doi.org/10.1109/access.2023.3281832,True,https://doi.org/10.1109/access.2023.3281832,https://openalex.org/W4378976270,https://ieeexplore.ieee.org/ielx7/6287639/10005208/10141615.pdf,2023-01-01,2023,tabular machine learning benchmark beyond IID temporal group shift,8,Decentralized Learning in Healthcare: A Review of Emerging Techniques,article
"Back in the early 20th century, a horse named Hans appeared to perform arithmetic and other intellectual tasks during exhibitions in Germany, while it actually relied solely on involuntary cues in the body language from the human trainer. Modern machine learning models are no different. These models are known to be sensitive to spurious correlations between non-essential features of the inputs (e.g., background, texture, and secondary objects) and the corresponding labels. Such features and their correlations with the labels are known as ""spurious"" because they tend to change with shifts in real-world data distributions, which can negatively impact the model's generalization and robustness. In this paper, we provide a comprehensive survey of this emerging issue, along with a fine-grained taxonomy of existing state-of-the-art methods for addressing spurious correlations in machine learning models. Additionally, we summarize existing datasets, benchmarks, and metrics to facilitate future research. The paper concludes with a discussion of the broader impacts, the recent advancements, and future challenges in the era of generative AI, aiming to provide valuable insights for researchers in the related domains of the machine learning community.","Wenqian Ye; Jiang, Luyang; Xie, Eric; Guangtao Zheng; Yunsheng Ma; Xu Cao; Guo, Dongliang; Qi, Daiqing; He, Zeyu; Tian, Yijun; Coffee, Megan; Zeng, Zhe; Li, Sheng; Ting-hao; Huang; Wang, Ziran; Rehg, James M.; Kautz, Henry; Aidong Zhang",15,https://doi.org/10.48550/arxiv.2402.12715,True,http://arxiv.org/abs/2402.12715,https://openalex.org/W4392019934,https://arxiv.org/pdf/2402.12715,2024-02-20,2024,tabular machine learning benchmark beyond IID temporal group shift,9,The Clever Hans Mirage: A Comprehensive Survey on Spurious Correlations in Machine Learning,preprint
"There is increasing evidence suggesting neural networks' sensitivity to distribution shifts, so that research on out-of-distribution (OOD) generalization comes into the spotlight. Nonetheless, current endeavors mostly focus on Euclidean data, and its formulation for graph-structured data is not clear and remains under-explored, given two-fold fundamental challenges: 1) the inter-connection among nodes in one graph, which induces non-IID generation of data points even under the same environment, and 2) the structural information in the input graph, which is also informative for prediction. In this paper, we formulate the OOD problem on graphs and develop a new invariant learning approach, Explore-to-Extrapolate Risk Minimization (EERM), that facilitates graph neural networks to leverage invariance principles for prediction. EERM resorts to multiple context explorers (specified as graph structure editers in our case) that are adversarially trained to maximize the variance of risks from multiple virtual environments. Such a design enables the model to extrapolate from a single observed environment which is the common case for node-level prediction. We prove the validity of our method by theoretically showing its guarantee of a valid OOD solution and further demonstrate its power on various real-world datasets for handling distribution shifts from artificial spurious features, cross-domain transfers and dynamic graph evolution.",Qitian Wu; Hengrui Zhang; Junchi Yan; David Wipf,30,https://doi.org/10.48550/arxiv.2202.02466,True,http://arxiv.org/abs/2202.02466,https://openalex.org/W4221150449,https://arxiv.org/pdf/2202.02466,2022-02-05,2022,tabular machine learning benchmark beyond IID temporal group shift,10,Handling Distribution Shifts on Graphs: An Invariance Perspective,preprint
"Abstract The rapid advancement of technology has created new opportunities to improve the accuracy and efficiency of medical diagnoses, treatments, and overall patient care in several medical domains, including mental health. One promising novel approach is federated learning, a machine learning approach that allows multiple devices to train a shared model without exchanging raw data. Instead of centralizing the data in one location, each device or machine holds a portion of the data and collaborates with other devices to update the shared model. In this way, federated learning enables training on more extensive and diverse datasets than would be possible with centralized training while preserving the privacy and security of individual data. In the mental health domain, federated learning has the potential to improve mental disorders’ detection, diagnosis, and treatment. By pooling data from multiple sources while maintaining patient privacy by keeping data secure and ensuring that they are not used for unauthorized purposes. This literature survey reviews recent studies that have exploited federated learning in the psychiatric domain, covering multiple data resources and different machine-learning techniques. Furthermore, we formulate the gap in the current methodologies and propose new research directions.",Samar Samir Khalil; Noha S. Tawfik; Marco Spruit,36,https://doi.org/10.1007/s10489-023-05095-1,True,https://doi.org/10.1007/s10489-023-05095-1,https://openalex.org/W4390825723,https://link.springer.com/content/pdf/10.1007/s10489-023-05095-1.pdf,2024-01-01,2024,tabular machine learning benchmark beyond IID temporal group shift,11,Exploring the potential of federated learning in mental health research: a systematic literature review,review
"Medical artificial intelligence (AI) systems have been remarkably successful, even outperforming human performance at certain tasks. There is no doubt that AI is important to improve human health in many ways and will disrupt various medical workflows in the future. Using AI to solve problems in medicine beyond the lab, in routine environments, we need to do more than to just improve the performance of existing AI methods. Robust AI solutions must be able to cope with imprecision, missing and incorrect information, and explain both the result and the process of how it was obtained to a medical expert. Using conceptual knowledge as a guiding model of reality can help to develop more robust, explainable, and less biased machine learning models that can ideally learn from less data. Achieving these goals will require an orchestrated effort that combines three complementary Frontier Research Areas: (1) Complex Networks and their Inference, (2) Graph causal models and counterfactuals, and (3) Verification and Explainability methods. The goal of this paper is to describe these three areas from a unified view and to motivate how information fusion in a comprehensive and integrative manner can not only help bring these three areas together, but also have a transformative role by bridging the gap between research and practical applications in the context of future trustworthy medical AI. This makes it imperative to include ethical and legal aspects as a cross-cutting discipline, because all future solutions must not only be ethically responsible, but also legally compliant.",Andreas Holzinger; Matthias Dehmer; Frank Emmert‐Streib; Rita Cucchiara; Isabelle Augenstein; Javier Del Ser; Wojciech Samek; Igor Jurišica; Natalia Díaz-Rodríguez,216,https://doi.org/10.1016/j.inffus.2021.10.007,True,https://doi.org/10.1016/j.inffus.2021.10.007,https://openalex.org/W3213384164,https://www.sciencedirect.com/science/article/pii/S1566253521002050/pdf,2021-11-12,2021,tabular machine learning benchmark beyond IID temporal group shift,12,"Information fusion as an integrative cross-cutting enabler to achieve robust, explainable, and trustworthy medical artificial intelligence",article
"Deep learning architectures for supervised learning on tabular data range from simple multilayer perceptrons (MLP) to sophisticated Transformers and retrieval-augmented methods. This study highlights a major, yet so far overlooked opportunity for designing substantially better MLP-based tabular architectures. Namely, our new model TabM relies on efficient ensembling, where one TabM efficiently imitates an ensemble of MLPs and produces multiple predictions per object. Compared to a traditional deep ensemble, in TabM, the underlying implicit MLPs are trained simultaneously, and (by default) share most of their parameters, which results in significantly better performance and efficiency. Using TabM as a new baseline, we perform a large-scale evaluation of tabular DL architectures on public benchmarks in terms of both task performance and efficiency, which renders the landscape of tabular DL in a new light. Generally, we show that MLPs, including TabM, form a line of stronger and more practical models compared to attention- and retrieval-based architectures. In particular, we find that TabM demonstrates the best performance among tabular DL models. Then, we conduct an empirical analysis on the ensemble-like nature of TabM. We observe that the multiple predictions of TabM are weak individually, but powerful collectively. Overall, our work brings an impactful technique to tabular DL and advances the performance-efficiency trade-off with TabM -- a simple and powerful baseline for researchers and practitioners.",Yury Gorishniy; Akim Kotelnikov; Artem Babenko,4,https://doi.org/10.48550/arxiv.2410.24210,True,http://arxiv.org/abs/2410.24210,https://openalex.org/W4404399852,https://arxiv.org/pdf/2410.24210,2024-10-31,2024,TabM parameter efficient ensembling tabular deep learning,1,TabM: Advancing Tabular Deep Learning with Parameter-Efficient Ensembling,preprint
"Tabular data is prevalent across diverse domains in machine learning. With the rapid progress of deep tabular prediction methods, especially pretrained (foundation) models, there is a growing need to evaluate these methods systematically and to understand their behavior. We present an extensive study on TALENT, a collection of 300+ datasets spanning broad ranges of size, feature composition (numerical/categorical mixes), domains, and output types (binary, multi--class, regression). Our evaluation shows that ensembling benefits both tree-based and neural approaches. Traditional gradient-boosted trees remain very strong baselines, yet recent pretrained tabular models now match or surpass them on many tasks, narrowing--but not eliminating--the historical advantage of tree ensembles. Despite architectural diversity, top performance concentrates within a small subset of models, providing practical guidance for method selection. To explain these outcomes, we quantify dataset heterogeneity by learning from meta-features and early training dynamics to predict later validation behavior. This dynamics-aware analysis indicates that heterogeneity--such as the interplay of categorical and numerical attributes--largely determines which family of methods is favored. Finally, we introduce a two-level design beyond the 300 common-size datasets: a compact TALENT-tiny core (45 datasets) for rapid, reproducible evaluation, and a TALENT-extension suite targeting high-dimensional, many-class, and very large-scale settings for stress testing. In summary, these results offer actionable insights into the strengths, limitations, and future directions for improving deep tabular learning.",Han-Jia Ye; Siyang Liu; Hao-Run Cai; Qi-Le Zhou; De‐Chuan Zhan,6,https://doi.org/10.48550/arxiv.2407.00956,True,http://arxiv.org/abs/2407.00956,https://openalex.org/W4400341480,https://arxiv.org/pdf/2407.00956,2024-07-01,2024,TabM parameter efficient ensembling tabular deep learning,2,A Closer Look at Deep Learning Methods on Tabular Datasets,preprint
"The long-standing dominance of gradient-boosted decision trees on tabular data is currently challenged by tabular foundation models using In-Context Learning (ICL): setting the training data as context for the test data and predicting in a single forward pass without parameter updates. While TabPFNv2 foundation model excels on tables with up to 10K samples, its alternating column- and row-wise attentions make handling large training sets computationally prohibitive. So, can ICL be effectively scaled and deliver a benefit for larger tables? We introduce TabICL, a tabular foundation model for classification, pretrained on synthetic datasets with up to 60K samples and capable of handling 500K samples on affordable resources. This is enabled by a novel two-stage architecture: a column-then-row attention mechanism to build fixed-dimensional embeddings of rows, followed by a transformer for efficient ICL. Across 200 classification datasets from the TALENT benchmark, TabICL is on par with TabPFNv2 while being systematically faster (up to 10 times), and significantly outperforms all other approaches. On 53 datasets with over 10K samples, TabICL surpasses both TabPFNv2 and CatBoost, demonstrating the potential of ICL for large data. Pretraining code, inference code, and pre-trained models are available at https://github.com/soda-inria/tabicl.",Jingang Qu; David Holzmüller; Gaël Varoquaux; Marine Le Morvan,7,https://doi.org/10.48550/arxiv.2502.05564,True,http://arxiv.org/abs/2502.05564,https://openalex.org/W4407385137,https://arxiv.org/pdf/2502.05564,2025-02-08,2025,TabM parameter efficient ensembling tabular deep learning,3,TabICL: A Tabular Foundation Model for In-Context Learning on Large Data,preprint
"Background: The classification of cardiotocography (CTG) can assist obstetricians in assessing the health status of the fetus. However, traditional fetal heart rate monitoring data has the problem of strong subjectivity in manual interpretation, and deep learning models have poor representation ability on tabular data. Methods: This study proposed PLE-TabM, a tabular deep learning model combined piecewise linear encoding (PLE) and efficient weight integration. We used the public CTG dataset as the research subject. The PLE was used to improve the perception ability of feature segment intervals and TabM integrates multiple Multi-Layer Perceptron (MLP) weak classifiers. Results: The experimental results of fetal health status classification demonstrated that the performance of the PLE-TabM algorithm exceeding traditional machine learning methods. Its accuracy reached 95.77% and macro averaged F1 score reached 93.83%. Meanwhile, Gradient SHapley Additive exPlanations (Gradient SHAP) was used to analyze the feature importance that affects the classification. Finally, the algorithm was verified on 50 clinical patients. Conclusions: This study combines efficient tabular learning with interpretability analysis and applies it to the CTG classification problem, providing a reliable and objective tool to assist obstetricians in fetal monitoring and clinical decision making.",Weiwei Yin; Zhengyuan Shen; Zhenbo Cheng; Chun Feng; Guoquan Sun,1,https://doi.org/10.3389/fpubh.2026.1808284,True,https://doi.org/10.3389/fpubh.2026.1808284,https://openalex.org/W7160838603,https://www.frontiersin.org/journals/public-health/articles/10.3389/fpubh.2026.1808284/pdf,2026-05-11,2026,TabM parameter efficient ensembling tabular deep learning,4,Fetal health state detection method based on parameters efficient ensembling of deep learning,article
"Tabular data represent one of the most prevalent data formats in applied machine learning, largely because they accommodate a broad spectrum of real-world problems. Existing literature has studied many of the shortcomings of neural architectures on tabular data and has repeatedly confirmed the scalability and robustness of gradient-boosted decision trees across varied datasets. However, recent deep learning models have not been subjected to a comprehensive evaluation under conditions that allow for a fair comparison with existing classical approaches. This situation motivates an investigation into whether recent deep-learning paradigms outperform classical ML methods on tabular data. Our survey fills this gap by benchmarking seventeen state-of-the-art methods, spanning neural networks, classical ML and AutoML techniques. Our empirical results over 68 diverse datasets from a well-established benchmark indicate a paradigm shift, where Deep Learning methods outperform classical approaches.","Guri Zabërgja; Arlind Kadra; Frey, Christian M. M.; Grabocka, Josif",2,https://doi.org/10.48550/arxiv.2402.03970,True,http://arxiv.org/abs/2402.03970,https://openalex.org/W4391673504,https://arxiv.org/pdf/2402.03970,2024-02-06,2024,TabM parameter efficient ensembling tabular deep learning,5,Tabular Data: Is Deep Learning all you need?,preprint
"ABSTRACT In the field of pedometrics, tabular machine learning is the predominant method for soil property prediction from remote and proximal soil sensing data, forming a central component of Digital Soil Mapping (DSM). At the field‐scale, this pedometric modeling task is typically constrained by small training sample sizes and high feature‐to‐sample ratios, particularly when using spectroscopic data. Traditionally, these conditions have proven challenging for conventional deep learning methods. Classical machine learning algorithms, particularly tree‐based models like Random Forest and linear models such as Partial Least Squares Regression, have long been the default choice for pedometric modeling within DSM. Recent advances in artificial neural networks (ANN) for tabular data challenge this view, yet their suitability for field‐scale DSM has not been proven. We introduce a comprehensive benchmark that evaluates state‐of‐the‐art ANN architectures, including the latest multilayer perceptron (MLP)‐based models (TabM, RealMLP), attention‐based transformer variants (FT‐Transformer, ExcelFormer, T2G‐Former, AMFormer), retrieval‐augmented approaches (TabR, ModernNCA), and an in‐context learning foundation model (TabPFN). Our evaluation encompasses 31 field‐ and farm‐scale datasets containing 30–460 soil samples and three critical soil properties: soil organic matter or soil organic carbon, pH, and clay content. Our results reveal that modern ANNs consistently outperform classical methods on the majority of tasks, demonstrating that deep learning has matured sufficiently to overcome the long‐standing dominance of classical machine learning for soil property prediction. Notably, TabPFN delivers the strongest overall performance, showing robustness across varying conditions. We therefore recommend the adoption of modern ANNs for field‐scale DSM and propose TabPFN as the new default choice in the toolkit of every pedometrician.",Viacheslav Barkov; Jonas Schmidinger; Robin Gebbers; Martin Atzmueller,5,https://doi.org/10.1111/ejss.70299,True,https://doi.org/10.1111/ejss.70299,https://openalex.org/W7131643135,,2026-02-24,2026,TabM parameter efficient ensembling tabular deep learning,6,Modern Neural Networks for Small Tabular Datasets: The New Default for Field‐Scale Digital Soil Mapping?,article
"With the growing popularity of deep learning and foundation models for tabular data, the need for standardized and reliable benchmarks is higher than ever. However, current benchmarks are static. Their design is not updated even if flaws are discovered, model versions are updated, or new models are released. To address this, we introduce TabArena, the first continuously maintained living tabular benchmarking system. To launch TabArena, we manually curate a representative collection of datasets and well-implemented models, conduct a large-scale benchmarking study to initialize a public leaderboard, and assemble a team of experienced maintainers. Our results highlight the influence of validation method and ensembling of hyperparameter configurations to benchmark models at their full potential. While gradient-boosted trees are still strong contenders on practical tabular datasets, we observe that deep learning methods have caught up under larger time budgets with ensembling. At the same time, foundation models excel on smaller datasets. Finally, we show that ensembles across models advance the state-of-the-art in tabular machine learning. We observe that some deep learning models are overrepresented in cross-model ensembles due to validation set overfitting, and we encourage model developers to address this issue. We launch TabArena with a public leaderboard, reproducible code, and maintenance protocols to create a living benchmark available at https://tabarena.ai.",Nick Erickson; Lennart Purucker; Andrej Tschalzev; David Holzmüller; P. Desai; David Salinas; Frank Hutter,1,https://doi.org/10.52202/085713-0519,True,https://doi.org/10.52202/085713-0519,https://openalex.org/W4414987631,https://arxiv.org/pdf/2506.16791,2025-01-01,2025,TabM parameter efficient ensembling tabular deep learning,7,TabArena: A Living Benchmark for Machine Learning on Tabular Data,conference-paper
"Tabular data are ubiquitous in several real-world domains, including finance, healthcare, cybersecurity, and ecommerce. In spite of the dominance of deep learning for homogeneous data (such as computer vision and natural language processing), gradient-boost decision trees (GBDT) remain the state of the art for tabular data tasks. Several models have been developed over the years that have attempted to address the shortcomings of deep tabular learning, thus narrowing the gap with GBDTs. This survey provides a comprehensive review of deep learning for tabular data, covering key challenges and state-of-the-art architectures. We discuss the strengths and limitations of the most recent models, providing a systematic taxonomy and a set of resources for approaching the field. In addition, we examine the role of self-supervised learning, pretraining strategies, and AutoML in tabular deep learning. In addition to model architectures, we discuss practical considerations including interpretability, scalability, provide suggestions for model choice, and discuss open issues and future trends. This survey is a practical resource for both researchers and practitioners, offering insights into the current landscape and future trajectory of deep learning for tabular data.",Salvatore Raieli,1,https://doi.org/10.36227/techrxiv.175753732.26052568/v1,True,https://doi.org/10.36227/techrxiv.175753732.26052568/v1,https://openalex.org/W4414108518,https://www.techrxiv.org/doi/pdf/10.36227/techrxiv.175753732.26052568/v1,2025-09-10,2025,TabM parameter efficient ensembling tabular deep learning,8,Tabular Deep Learning: A Survey from Small Neural Networks to Large Language Models,preprint
"TabPFN has emerged as a promising in-context learning model for tabular data, capable of directly predicting the labels of test samples given labeled training examples. It has demonstrated competitive performance, particularly on small-scale classification tasks. However, despite its effectiveness, TabPFN still requires further refinement in several areas, including handling high-dimensional features, aligning with downstream datasets, and scaling to larger datasets. In this paper, we revisit existing variants of TabPFN and observe that most approaches focus either on reducing bias or variance, often neglecting the need to address the other side, while also increasing inference overhead. To fill this gap, we propose Beta (Bagging and Encoder-based Fine-tuning for TabPFN Adaptation), a novel and effective method designed to minimize both bias and variance. To reduce bias, we introduce a lightweight encoder to better align downstream tasks with the pre-trained TabPFN. By increasing the number of encoders in a lightweight manner, Beta mitigate variance, thereby further improving the model's performance. Additionally, bootstrapped sampling is employed to further reduce the impact of data perturbations on the model, all while maintaining computational efficiency during inference. Our approach enhances TabPFN's ability to handle high-dimensional data and scale to larger datasets. Experimental results on over 200 benchmark classification datasets demonstrate that Beta either outperforms or matches state-of-the-art methods.",Siyang Liu; H. Ye,2,https://doi.org/10.48550/arxiv.2502.02527,True,http://arxiv.org/abs/2502.02527,https://openalex.org/W4407186881,https://arxiv.org/pdf/2502.02527,2025-02-04,2025,TabM parameter efficient ensembling tabular deep learning,9,TabPFN Unleashed: A Scalable and Effective Solution to Tabular Classification Problems,preprint
"Adversarial attacks in machine learning have been extensively reviewed in areas like computer vision and NLP, but research on tabular data remains scattered. This paper provides the first systematic literature review focused on adversarial attacks targeting tabular machine learning models. We highlight key trends, categorize attack strategies and analyze how they address practical considerations for real-world applicability. Additionally, we outline current challenges and open research questions. By offering a clear and structured overview, this review aims to guide future efforts in understanding and addressing adversarial vulnerabilities in tabular machine learning.",Salijona Dyrmishi; Mohamed Djilani; Thibault Simonetto; Salah Ghamizi; Maxime Cordy,1,https://doi.org/10.48550/arxiv.2506.15506,True,http://arxiv.org/abs/2506.15506,https://openalex.org/W4415334116,https://arxiv.org/pdf/2506.15506,2025-06-18,2025,TabM parameter efficient ensembling tabular deep learning,10,Insights on Adversarial Attacks for Tabular Machine Learning via a Systematic Literature Review,review
,Patryk Marszałek; Kamil Książek; Oleksii Furman; Ulvi Movsum-zada; Przemysław Spurek; Marek Śmieja,1,https://doi.org/10.1016/j.neucom.2026.132748,True,https://doi.org/10.1016/j.neucom.2026.132748,https://openalex.org/W7124507562,https://arxiv.org/pdf/2503.12525,2026-01-17,2026,TabM parameter efficient ensembling tabular deep learning,11,HyConEx: Hypernetwork classifier with counterfactual explanations for tabular data,article
"Deep models for tabular data are usually evaluated with pipelines that mix randomness, aggressive hyperparameter search and sometimes subtle forms of information leakage. This makes it difficult to decide whether a reported improvement is a genuine modeling gain or an artifact of the protocol. We design a simple, deterministic pipeline around TabM—a recent tabular deep learning architecture based on parameter-efficient ensembling—and combine it with a Huber objective and out-of-fold (OOF) blending. All preprocessing is fitted strictly on the training split, all meta-learners see only OOF predictions, and random seeds and thread counts are fixed so that runs are exactly reproducible. On a Student Habits & Performance regression task, the resulting TabM(Huber) baseline improves over strong tree ensembles such as XGBoost and histogram-based gradient boosting, while remaining competitive with kernel and non-parametric regressors. We further verify the pipeline on two classical classification benchmarks (UCI Wine and Wisconsin Breast Cancer) and obtain near-ceiling accuracy with well-calibrated probabilities. The end result is a compact, math-first protocol that can serve as a reliable starting point for future work on tabular models.",Qianyu Lin; Xianping Lin,0,https://doi.org/10.1109/isceic67854.2025.11405712,False,https://doi.org/10.1109/isceic67854.2025.11405712,https://openalex.org/W7131890386,,2025-11-24,2025,TabM parameter efficient ensembling tabular deep learning,12,Deterministic Tabular Learning with TabM(Huber) and Out-of-Fold Blending,conference-paper
"Deep learning (DL) models for tabular data problems (e.g. classification, regression) are currently receiving increasingly more attention from researchers. However, despite the recent efforts, the non-DL algorithms based on gradient-boosted decision trees (GBDT) remain a strong go-to solution for these problems. One of the research directions aimed at improving the position of tabular DL involves designing so-called retrieval-augmented models. For a target object, such models retrieve other objects (e.g. the nearest neighbors) from the available training data and use their features and labels to make a better prediction. In this work, we present TabR -- essentially, a feed-forward network with a custom k-Nearest-Neighbors-like component in the middle. On a set of public benchmarks with datasets up to several million objects, TabR marks a big step forward for tabular DL: it demonstrates the best average performance among tabular DL models, becomes the new state-of-the-art on several datasets, and even outperforms GBDT models on the recently proposed ""GBDT-friendly"" benchmark (see Figure 1). Among the important findings and technical details powering TabR, the main ones lie in the attention-like mechanism that is responsible for retrieving the nearest neighbors and extracting valuable signal from them. In addition to the much higher performance, TabR is simple and significantly more efficient compared to prior retrieval-based tabular DL models.",Yury Gorishniy; Ivan Rubachev; Nikolay Kartashev; Daniil Shlenskii; Akim Kotelnikov; Artem Babenko,8,https://doi.org/10.48550/arxiv.2307.14338,True,http://arxiv.org/abs/2307.14338,https://openalex.org/W4385328212,https://arxiv.org/pdf/2307.14338,2023-07-26,2023,TabR retrieval augmented tabular deep learning,1,TabR: Tabular Deep Learning Meets Nearest Neighbors in 2023,preprint
"Tabular data is the most prevalent form of structured data, necessitating robust models for classification and regression tasks. Traditional models like eXtreme Gradient Boosting (XGBoost) have gained popularity for their strong performance, while deep learning models such as Tabular Retrieval-Augmented Generation (TabR) and TabNet offer innovative approaches. TabR uniquely employs Retrieval-Augmented Generation (RAG) to reduce uncertainty and enhance predictive accuracy, whereas TabNet relies on a sequential attention mechanism without incorporating RAG. This study systematically compares TabR and TabNet in classification and regression tasks using benchmark datasets, with evaluations based on accuracy, Area Under the Curve (AUC), Mean Absolute Error (MAE), Root Mean Squared Error (RMSE), and$R^{2}$(Coefficient of Determination). The results reveal that TabR, with its RAG component, outperforms XGBoost in classification, effectively managing uncertainty. However, in regression tasks, XGBoost continues to excel over TabR. Meanwhile, TabNet performs comparably but lacks the performance enhancement provided by RAG in TabR. These findings highlight the potential of RAG in deep learning models for tabular data classification and suggest areas for further exploration in improving regression performance.",Jonindo Pasaribu; Novanto Yudistira; Wayan Firdaus Mahmudy,8,https://doi.org/10.1109/access.2024.3518205,True,https://doi.org/10.1109/access.2024.3518205,https://openalex.org/W4405429676,,2024-01-01,2024,TabR retrieval augmented tabular deep learning,2,Tabular Data Classification and Regression : XGBoost or Deep Learning with Retrieval-Augmented Generation,article
"PURPOSE: More accurate prediction of phenotype traits can increase the success of genomic selection in both plant and animal breeding studies and provide more reliable disease risk prediction in humans. Traditional approaches typically use regression models based on linear assumptions between the genetic markers and the traits of interest. Non-linear models have been considered as an alternative tool for modeling genomic interactions (i.e. non-additive effects) and other subtle non-linear patterns between markers and phenotype. Deep learning has become a state-of-the-art non-linear prediction method for sound, image and language data. However, genomic data is better represented in a tabular format. The existing literature on deep learning for tabular data proposes a wide range of novel architectures and reports successful results on various datasets. Tabular deep learning applications in genome-wide prediction (GWP) are still rare. In this work, we perform an overview of the main families of recent deep learning architectures for tabular data and apply them to multi-trait regression and multi-class classification for GWP on real gene datasets. METHODS: The study involves an extensive overview of recent deep learning architectures for tabular data learning: NODE, TabNet, TabR, TabTransformer, FT-Transformer, AutoInt, GANDALF, SAINT and LassoNet. These architectures are applied to multi-trait GWP. Comprehensive benchmarks of various tabular deep learning methods are conducted to identify best practices and determine their effectiveness compared to traditional methods. RESULTS: Extensive experimental results on several genomic datasets (three for multi-trait regression and two for multi-class classification) highlight LassoNet as a standout performer, surpassing both other tabular deep learning models and the highly efficient tree based LightGBM method in terms of both best prediction accuracy and computing efficiency. CONCLUSION: Through series of evaluations on real-world genomic datasets, the study identifies LassoNet as a standout performer, surpassing decision tree methods like LightGBM and other tabular deep learning architectures in terms of both predictive accuracy and computing efficiency. Moreover, the inherent variable selection property of LassoNet provides a systematic way to find important genetic markers that contribute to phenotype expression.",Yuhua Fan; Patrik Waldmann,23,https://doi.org/10.1186/s12859-024-05940-1,True,https://doi.org/10.1186/s12859-024-05940-1,https://openalex.org/W4403113743,https://link.springer.com/content/pdf/10.1186/s12859-024-05940-1.pdf,2024-10-04,2024,TabR retrieval augmented tabular deep learning,3,Tabular deep learning: a comparative study applied to multi-task genome-wide prediction,article
"In the rapidly evolving AI era with large language models (LLMs) at the core,\nmaking LLMs more trustworthy and efficient, especially in output generation\n(inference), has gained significant attention. This is to reduce plausible but\nfaulty LLM outputs (a.k.a hallucinations) and meet the highly increased\ninference demands. This tutorial explores such efforts and makes them\ntransparent to the database community. Understanding these efforts is essential\nin harnessing LLMs in database tasks and adapting database techniques to LLMs.\nFurthermore, we delve into the synergy between LLMs and databases, highlighting\nnew opportunities and challenges in their intersection. This tutorial aims to\nshare with database researchers and practitioners essential concepts and\nstrategies around LLMs, reduce the unfamiliarity of LLMs, and inspire joining\nin the intersection between LLMs and databases.\n","Epure, Elena, Viorica; Benjamin Kille; Jon Espen Ingvaldsen; Marc Denecker; Camille Salinesi; Sahin Albayrak",202,https://doi.org/10.1145/nnnnnnn.nnnnnnn,True,https://hal.science/hal-05598986,https://openalex.org/W2966329817,,2017-08-27,2017,TabR retrieval augmented tabular deep learning,4,Challenging common bolus advisor for self-monitoring type-I diabetes patients using Reinforcement Learning,conference-paper
"Deep learning for tabular data has garnered increasing attention in recent years, yet employing deep models for structured data remains challenging. While these models excel with unstructured data, their efficacy with structured data has been limited. Recent research has introduced retrieval-augmented models to address this gap, demonstrating promising results in supervised tasks such as classification and regression. In this work, we investigate using retrieval-augmented models for anomaly detection on tabular data. We propose a reconstruction-based approach in which a transformer model learns to reconstruct masked features ofnormal samples. We test the effectiveness of KNN-based and attention-based modules to select relevant samples to help in the reconstruction process of the target sample. Our experiments on a benchmark of 31 tabular datasets reveal that augmenting this reconstruction-based anomaly detection (AD) method with sample-sample dependencies via retrieval modules significantly boosts performance. The present work supports the idea that retrieval module are useful to augment any deep AD method to enhance anomaly detection on tabular data. Our code to reproduce the experiments is made available on GitHub.",Hugo Thimonier; Fabrice Popineau; Arpad Rimmel; Bich-Liên Doan,3,https://doi.org/10.1145/3627673.3679559,True,https://doi.org/10.1145/3627673.3679559,https://openalex.org/W4403577373,,2024-10-20,2024,TabR retrieval augmented tabular deep learning,5,Retrieval Augmented Deep Anomaly Detection for Tabular Data,conference-paper
"Tabular data is prevalent across diverse domains in machine learning. With the rapid progress of deep tabular prediction methods, especially pretrained (foundation) models, there is a growing need to evaluate these methods systematically and to understand their behavior. We present an extensive study on TALENT, a collection of 300+ datasets spanning broad ranges of size, feature composition (numerical/categorical mixes), domains, and output types (binary, multi--class, regression). Our evaluation shows that ensembling benefits both tree-based and neural approaches. Traditional gradient-boosted trees remain very strong baselines, yet recent pretrained tabular models now match or surpass them on many tasks, narrowing--but not eliminating--the historical advantage of tree ensembles. Despite architectural diversity, top performance concentrates within a small subset of models, providing practical guidance for method selection. To explain these outcomes, we quantify dataset heterogeneity by learning from meta-features and early training dynamics to predict later validation behavior. This dynamics-aware analysis indicates that heterogeneity--such as the interplay of categorical and numerical attributes--largely determines which family of methods is favored. Finally, we introduce a two-level design beyond the 300 common-size datasets: a compact TALENT-tiny core (45 datasets) for rapid, reproducible evaluation, and a TALENT-extension suite targeting high-dimensional, many-class, and very large-scale settings for stress testing. In summary, these results offer actionable insights into the strengths, limitations, and future directions for improving deep tabular learning.",Han-Jia Ye; Siyang Liu; Hao-Run Cai; Qi-Le Zhou; De‐Chuan Zhan,6,https://doi.org/10.48550/arxiv.2407.00956,True,http://arxiv.org/abs/2407.00956,https://openalex.org/W4400341480,https://arxiv.org/pdf/2407.00956,2024-07-01,2024,TabR retrieval augmented tabular deep learning,6,A Closer Look at Deep Learning Methods on Tabular Datasets,preprint
"Tabular data, widely used in industries like healthcare, finance, and transportation, presents unique challenges for deep learning due to its heterogeneous nature and lack of spatial structure. This survey reviews the evolution of deep learning models for tabular data, from early fully connected networks (FCNs) to advanced architectures like TabNet, SAINT, TabTranSELU, and MambaNet. These models incorporate attention mechanisms, feature embeddings, and hybrid architectures to address tabular data complexities. TabNet uses sequential attention for instance-wise feature selection, improving interpretability, while SAINT combines self-attention and intersample attention to capture complex interactions across features and data points, both advancing scalability and reducing computational overhead. Hybrid architectures such as TabTransformer and FT-Transformer integrate attention mechanisms with multi-layer perceptrons (MLPs) to handle categorical and numerical data, with FT-Transformer adapting transformers for tabular datasets. Research continues to balance performance and efficiency for large datasets. Graph-based models like GNN4TDL and GANDALF combine neural networks with decision trees or graph structures, enhancing feature representation and mitigating overfitting in small datasets through advanced regularization techniques. Diffusion-based models like the Tabular Denoising Diffusion Probabilistic Model (TabDDPM) generate synthetic data to address data scarcity, improving model robustness. Similarly, models like TabPFN and Ptab leverage pre-trained language models, incorporating transfer learning and self-supervised techniques into tabular tasks. This survey highlights key advancements and outlines future research directions on scalability, generalization, and interpretability in diverse tabular data applications.",Shriyank Somvanshi; Subasish Das; Syed Javed; Gian Antariksa; Ahmed Hossain,4,https://doi.org/10.48550/arxiv.2410.12034,True,http://arxiv.org/abs/2410.12034,https://openalex.org/W4403577299,https://arxiv.org/pdf/2410.12034,2024-10-15,2024,TabR retrieval augmented tabular deep learning,7,A Survey on Deep Tabular Learning,preprint
"ABSTRACT In the field of pedometrics, tabular machine learning is the predominant method for soil property prediction from remote and proximal soil sensing data, forming a central component of Digital Soil Mapping (DSM). At the field‐scale, this pedometric modeling task is typically constrained by small training sample sizes and high feature‐to‐sample ratios, particularly when using spectroscopic data. Traditionally, these conditions have proven challenging for conventional deep learning methods. Classical machine learning algorithms, particularly tree‐based models like Random Forest and linear models such as Partial Least Squares Regression, have long been the default choice for pedometric modeling within DSM. Recent advances in artificial neural networks (ANN) for tabular data challenge this view, yet their suitability for field‐scale DSM has not been proven. We introduce a comprehensive benchmark that evaluates state‐of‐the‐art ANN architectures, including the latest multilayer perceptron (MLP)‐based models (TabM, RealMLP), attention‐based transformer variants (FT‐Transformer, ExcelFormer, T2G‐Former, AMFormer), retrieval‐augmented approaches (TabR, ModernNCA), and an in‐context learning foundation model (TabPFN). Our evaluation encompasses 31 field‐ and farm‐scale datasets containing 30–460 soil samples and three critical soil properties: soil organic matter or soil organic carbon, pH, and clay content. Our results reveal that modern ANNs consistently outperform classical methods on the majority of tasks, demonstrating that deep learning has matured sufficiently to overcome the long‐standing dominance of classical machine learning for soil property prediction. Notably, TabPFN delivers the strongest overall performance, showing robustness across varying conditions. We therefore recommend the adoption of modern ANNs for field‐scale DSM and propose TabPFN as the new default choice in the toolkit of every pedometrician.",Viacheslav Barkov; Jonas Schmidinger; Robin Gebbers; Martin Atzmueller,5,https://doi.org/10.1111/ejss.70299,True,https://doi.org/10.1111/ejss.70299,https://openalex.org/W7131643135,,2026-02-24,2026,TabR retrieval augmented tabular deep learning,8,Modern Neural Networks for Small Tabular Datasets: The New Default for Field‐Scale Digital Soil Mapping?,article
"Deep learning architectures for supervised learning on tabular data range from simple multilayer perceptrons (MLP) to sophisticated Transformers and retrieval-augmented methods. This study highlights a major, yet so far overlooked opportunity for designing substantially better MLP-based tabular architectures. Namely, our new model TabM relies on efficient ensembling, where one TabM efficiently imitates an ensemble of MLPs and produces multiple predictions per object. Compared to a traditional deep ensemble, in TabM, the underlying implicit MLPs are trained simultaneously, and (by default) share most of their parameters, which results in significantly better performance and efficiency. Using TabM as a new baseline, we perform a large-scale evaluation of tabular DL architectures on public benchmarks in terms of both task performance and efficiency, which renders the landscape of tabular DL in a new light. Generally, we show that MLPs, including TabM, form a line of stronger and more practical models compared to attention- and retrieval-based architectures. In particular, we find that TabM demonstrates the best performance among tabular DL models. Then, we conduct an empirical analysis on the ensemble-like nature of TabM. We observe that the multiple predictions of TabM are weak individually, but powerful collectively. Overall, our work brings an impactful technique to tabular DL and advances the performance-efficiency trade-off with TabM -- a simple and powerful baseline for researchers and practitioners.",Yury Gorishniy; Akim Kotelnikov; Artem Babenko,4,https://doi.org/10.48550/arxiv.2410.24210,True,http://arxiv.org/abs/2410.24210,https://openalex.org/W4404399852,https://arxiv.org/pdf/2410.24210,2024-10-31,2024,TabR retrieval augmented tabular deep learning,9,TabM: Advancing Tabular Deep Learning with Parameter-Efficient Ensembling,preprint
"Tabular data is a pervasive modality spanning a wide range of domains, and the inherent diversity poses a considerable challenge for deep learning. Recent advancements using transformer-based in-context learning have shown promise on smaller and less complex datasets, but have struggled to scale to larger and more complex ones. To address this limitation, we propose a combination of retrieval and fine-tuning: we can adapt the transformer to a local subset of the data by collecting nearest neighbours, and then perform task-specific fine-tuning with this retrieved set of neighbours in context. Using TabPFN as the base model -- currently the best tabular in-context learner -- and applying our retrieval and fine-tuning scheme on top results in what we call a locally-calibrated PFN, or LoCalPFN. We conduct extensive evaluation on 95 datasets curated by TabZilla from OpenML, upon which we establish a new state-of-the-art with LoCalPFN -- even with respect to tuned tree-based models. Notably, we show a significant boost in performance compared to the base in-context model, demonstrating the efficacy of our approach and advancing the frontier of deep learning in tabular data.",Valentin Thomas; Junwei Ma; Rasa Hosseinzadeh; Keyvan Golestan; G. H. Yu; Maksims Volkovs; Anthony L. Caterini,3,https://doi.org/10.48550/arxiv.2406.05207,True,http://arxiv.org/abs/2406.05207,https://openalex.org/W4399554584,https://arxiv.org/pdf/2406.05207,2024-06-07,2024,TabR retrieval augmented tabular deep learning,10,Retrieval &amp; Fine-Tuning for In-Context Tabular Models,preprint
"While interests in tabular deep learning has significantly grown, conventional tree-based models still outperform deep learning methods. To narrow this performance gap, we explore the innovative retrieval mechanism, a methodology that allows neural networks to refer to other data points while making predictions. Our experiments reveal that retrieval-based training, especially when fine-tuning the pretrained TabPFN model, notably surpasses existing methods. Moreover, the extensive pretraining plays a crucial role to enhance the performance of the model. These insights imply that blending the retrieval mechanism with pretraining and transfer learning schemes offers considerable potential for advancing the field of tabular deep learning.",Felix den Breejen; Sangmin Bae; Stephen Cha; Taeyoung Kim; Seoung Hyun Koh; Se-Young Yun,1,https://doi.org/10.48550/arxiv.2311.07343,True,http://arxiv.org/abs/2311.07343,https://openalex.org/W4388685528,https://arxiv.org/pdf/2311.07343,2023-11-13,2023,TabR retrieval augmented tabular deep learning,11,Fine-Tuning the Retrieval Mechanism for Tabular Deep Learning,preprint
"Fraud detection in the financial landscape poses unique multifaceted challenges, such as extreme class imbalance, high feature cardinality, adversarial dynamics, and non-IID data distributions. While traditional machine learning methods [1] and recent deep learning approaches [21, 22, 37] have made strides in tackling these issues, significant room for improvement remains. In this paper, we propose Retrieval Augmented Fraud Detection (RAFD), a novel approach that builds upon the success of self-supervised representation learning methods like SAINT [32] and incorporates principles from Retrieval Augmented Classification (RAC) [23] to enhance fraud detection capabilities.",Anubha Pandey,2,https://doi.org/10.1145/3677052.3698692,True,https://doi.org/10.1145/3677052.3698692,https://openalex.org/W4404351570,https://dl.acm.org/doi/pdf/10.1145/3677052.3698692,2024-11-14,2024,TabR retrieval augmented tabular deep learning,12,Retrieval Augmented Fraud Detection,conference-paper
"For classification and regression on tabular data, the dominance of gradient-boosted decision trees (GBDTs) has recently been challenged by often much slower deep learning methods with extensive hyperparameter tuning. We address this discrepancy by introducing (a) RealMLP, an improved multilayer perceptron (MLP), and (b) strong meta-tuned default parameters for GBDTs and RealMLP. We tune RealMLP and the default parameters on a meta-train benchmark with 118 datasets and compare them to hyperparameter-optimized versions on a disjoint meta-test benchmark with 90 datasets, as well as the GBDT-friendly benchmark by Grinsztajn et al. (2022). Our benchmark results on medium-to-large tabular datasets (1K--500K samples) show that RealMLP offers a favorable time-accuracy tradeoff compared to other neural baselines and is competitive with GBDTs in terms of benchmark scores. Moreover, a combination of RealMLP and GBDTs with improved default parameters can achieve excellent results without hyperparameter tuning. Finally, we demonstrate that some of RealMLP's improvements can also considerably improve the performance of TabR with default parameters.",David Holzmüller; Léo Grinsztajn; Ingo Steinwart,21,https://doi.org/10.52202/079017-0837,True,https://doi.org/10.52202/079017-0837,https://openalex.org/W4400434847,https://arxiv.org/pdf/2407.04491,2024-01-01,2024,RealMLP better by default tabular data,1,Better by default: Strong pre-tuned MLPs and boosted trees on tabular data,conference-paper
"ABSTRACT In the field of pedometrics, tabular machine learning is the predominant method for soil property prediction from remote and proximal soil sensing data, forming a central component of Digital Soil Mapping (DSM). At the field‐scale, this pedometric modeling task is typically constrained by small training sample sizes and high feature‐to‐sample ratios, particularly when using spectroscopic data. Traditionally, these conditions have proven challenging for conventional deep learning methods. Classical machine learning algorithms, particularly tree‐based models like Random Forest and linear models such as Partial Least Squares Regression, have long been the default choice for pedometric modeling within DSM. Recent advances in artificial neural networks (ANN) for tabular data challenge this view, yet their suitability for field‐scale DSM has not been proven. We introduce a comprehensive benchmark that evaluates state‐of‐the‐art ANN architectures, including the latest multilayer perceptron (MLP)‐based models (TabM, RealMLP), attention‐based transformer variants (FT‐Transformer, ExcelFormer, T2G‐Former, AMFormer), retrieval‐augmented approaches (TabR, ModernNCA), and an in‐context learning foundation model (TabPFN). Our evaluation encompasses 31 field‐ and farm‐scale datasets containing 30–460 soil samples and three critical soil properties: soil organic matter or soil organic carbon, pH, and clay content. Our results reveal that modern ANNs consistently outperform classical methods on the majority of tasks, demonstrating that deep learning has matured sufficiently to overcome the long‐standing dominance of classical machine learning for soil property prediction. Notably, TabPFN delivers the strongest overall performance, showing robustness across varying conditions. We therefore recommend the adoption of modern ANNs for field‐scale DSM and propose TabPFN as the new default choice in the toolkit of every pedometrician.",Viacheslav Barkov; Jonas Schmidinger; Robin Gebbers; Martin Atzmueller,5,https://doi.org/10.1111/ejss.70299,True,https://doi.org/10.1111/ejss.70299,https://openalex.org/W7131643135,,2026-02-24,2026,RealMLP better by default tabular data,2,Modern Neural Networks for Small Tabular Datasets: The New Default for Field‐Scale Digital Soil Mapping?,article
"Tabular data is prevalent across diverse domains in machine learning. With the rapid progress of deep tabular prediction methods, especially pretrained (foundation) models, there is a growing need to evaluate these methods systematically and to understand their behavior. We present an extensive study on TALENT, a collection of 300+ datasets spanning broad ranges of size, feature composition (numerical/categorical mixes), domains, and output types (binary, multi--class, regression). Our evaluation shows that ensembling benefits both tree-based and neural approaches. Traditional gradient-boosted trees remain very strong baselines, yet recent pretrained tabular models now match or surpass them on many tasks, narrowing--but not eliminating--the historical advantage of tree ensembles. Despite architectural diversity, top performance concentrates within a small subset of models, providing practical guidance for method selection. To explain these outcomes, we quantify dataset heterogeneity by learning from meta-features and early training dynamics to predict later validation behavior. This dynamics-aware analysis indicates that heterogeneity--such as the interplay of categorical and numerical attributes--largely determines which family of methods is favored. Finally, we introduce a two-level design beyond the 300 common-size datasets: a compact TALENT-tiny core (45 datasets) for rapid, reproducible evaluation, and a TALENT-extension suite targeting high-dimensional, many-class, and very large-scale settings for stress testing. In summary, these results offer actionable insights into the strengths, limitations, and future directions for improving deep tabular learning.",Han-Jia Ye; Siyang Liu; Hao-Run Cai; Qi-Le Zhou; De‐Chuan Zhan,6,https://doi.org/10.48550/arxiv.2407.00956,True,http://arxiv.org/abs/2407.00956,https://openalex.org/W4400341480,https://arxiv.org/pdf/2407.00956,2024-07-01,2024,RealMLP better by default tabular data,3,A Closer Look at Deep Learning Methods on Tabular Datasets,preprint
"Tabular data represent one of the most prevalent data formats in applied machine learning, largely because they accommodate a broad spectrum of real-world problems. Existing literature has studied many of the shortcomings of neural architectures on tabular data and has repeatedly confirmed the scalability and robustness of gradient-boosted decision trees across varied datasets. However, recent deep learning models have not been subjected to a comprehensive evaluation under conditions that allow for a fair comparison with existing classical approaches. This situation motivates an investigation into whether recent deep-learning paradigms outperform classical ML methods on tabular data. Our survey fills this gap by benchmarking seventeen state-of-the-art methods, spanning neural networks, classical ML and AutoML techniques. Our empirical results over 68 diverse datasets from a well-established benchmark indicate a paradigm shift, where Deep Learning methods outperform classical approaches.","Guri Zabërgja; Arlind Kadra; Frey, Christian M. M.; Grabocka, Josif",2,https://doi.org/10.48550/arxiv.2402.03970,True,http://arxiv.org/abs/2402.03970,https://openalex.org/W4391673504,https://arxiv.org/pdf/2402.03970,2024-02-06,2024,RealMLP better by default tabular data,4,Tabular Data: Is Deep Learning all you need?,preprint
"With the growing popularity of deep learning and foundation models for tabular data, the need for standardized and reliable benchmarks is higher than ever. However, current benchmarks are static. Their design is not updated even if flaws are discovered, model versions are updated, or new models are released. To address this, we introduce TabArena, the first continuously maintained living tabular benchmarking system. To launch TabArena, we manually curate a representative collection of datasets and well-implemented models, conduct a large-scale benchmarking study to initialize a public leaderboard, and assemble a team of experienced maintainers. Our results highlight the influence of validation method and ensembling of hyperparameter configurations to benchmark models at their full potential. While gradient-boosted trees are still strong contenders on practical tabular datasets, we observe that deep learning methods have caught up under larger time budgets with ensembling. At the same time, foundation models excel on smaller datasets. Finally, we show that ensembles across models advance the state-of-the-art in tabular machine learning. We observe that some deep learning models are overrepresented in cross-model ensembles due to validation set overfitting, and we encourage model developers to address this issue. We launch TabArena with a public leaderboard, reproducible code, and maintenance protocols to create a living benchmark available at https://tabarena.ai.",Nick Erickson; Lennart Purucker; Andrej Tschalzev; David Holzmüller; P. Desai; David Salinas; Frank Hutter,1,https://doi.org/10.52202/085713-0519,True,https://doi.org/10.52202/085713-0519,https://openalex.org/W4414987631,https://arxiv.org/pdf/2506.16791,2025-01-01,2025,RealMLP better by default tabular data,5,TabArena: A Living Benchmark for Machine Learning on Tabular Data,conference-paper
"TabPFN has emerged as a promising in-context learning model for tabular data, capable of directly predicting the labels of test samples given labeled training examples. It has demonstrated competitive performance, particularly on small-scale classification tasks. However, despite its effectiveness, TabPFN still requires further refinement in several areas, including handling high-dimensional features, aligning with downstream datasets, and scaling to larger datasets. In this paper, we revisit existing variants of TabPFN and observe that most approaches focus either on reducing bias or variance, often neglecting the need to address the other side, while also increasing inference overhead. To fill this gap, we propose Beta (Bagging and Encoder-based Fine-tuning for TabPFN Adaptation), a novel and effective method designed to minimize both bias and variance. To reduce bias, we introduce a lightweight encoder to better align downstream tasks with the pre-trained TabPFN. By increasing the number of encoders in a lightweight manner, Beta mitigate variance, thereby further improving the model's performance. Additionally, bootstrapped sampling is employed to further reduce the impact of data perturbations on the model, all while maintaining computational efficiency during inference. Our approach enhances TabPFN's ability to handle high-dimensional data and scale to larger datasets. Experimental results on over 200 benchmark classification datasets demonstrate that Beta either outperforms or matches state-of-the-art methods.",Siyang Liu; H. Ye,2,https://doi.org/10.48550/arxiv.2502.02527,True,http://arxiv.org/abs/2502.02527,https://openalex.org/W4407186881,https://arxiv.org/pdf/2502.02527,2025-02-04,2025,RealMLP better by default tabular data,6,TabPFN Unleashed: A Scalable and Effective Solution to Tabular Classification Problems,preprint
"Tabular data are ubiquitous in several real-world domains, including finance, healthcare, cybersecurity, and ecommerce. In spite of the dominance of deep learning for homogeneous data (such as computer vision and natural language processing), gradient-boost decision trees (GBDT) remain the state of the art for tabular data tasks. Several models have been developed over the years that have attempted to address the shortcomings of deep tabular learning, thus narrowing the gap with GBDTs. This survey provides a comprehensive review of deep learning for tabular data, covering key challenges and state-of-the-art architectures. We discuss the strengths and limitations of the most recent models, providing a systematic taxonomy and a set of resources for approaching the field. In addition, we examine the role of self-supervised learning, pretraining strategies, and AutoML in tabular deep learning. In addition to model architectures, we discuss practical considerations including interpretability, scalability, provide suggestions for model choice, and discuss open issues and future trends. This survey is a practical resource for both researchers and practitioners, offering insights into the current landscape and future trajectory of deep learning for tabular data.",Salvatore Raieli,1,https://doi.org/10.36227/techrxiv.175753732.26052568/v1,True,https://doi.org/10.36227/techrxiv.175753732.26052568/v1,https://openalex.org/W4414108518,https://www.techrxiv.org/doi/pdf/10.36227/techrxiv.175753732.26052568/v1,2025-09-10,2025,RealMLP better by default tabular data,7,Tabular Deep Learning: A Survey from Small Neural Networks to Large Language Models,preprint
"Tabular data, owing to its ubiquitous presence in real-world domains, has garnered significant attention in machine learning research. While tree-based models have long dominated tabular machine learning tasks, the recently proposed deep learning model TabPFN v2 has emerged, demonstrating unparalleled performance and scalability potential. Although extensive research has been conducted on TabPFN v2 to further improve performance, the majority of this research remains confined to closed environments, neglecting the challenges that frequently arise in open environments. This raises the question: Can TabPFN v2 maintain good performance in open environments? To this end, we conduct the first comprehensive evaluation of TabPFN v2's adaptability in open environments. We construct a unified evaluation framework covering various real-world challenges and assess the robustness of TabPFN v2 under open environments scenarios using this framework. Empirical results demonstrate that TabPFN v2 shows significant limitations in open environments but is suitable for small-scale, covariate-shifted, and class-balanced tasks. Tree-based models remain the optimal choice for general tabular tasks in open environments. To facilitate future research on open environments challenges, we advocate for open environments tabular benchmarks, multi-metric evaluation, and universal modules to strengthen model robustness. We publicly release our evaluation framework at https://anonymous.4open.science/r/tabpfn-ood-4E65.",Zi-Jian Cheng; Zi-Yi Jia; Zhi Zhou; Yu-Feng Li; Lan-Zhe Guo,1,https://doi.org/10.48550/arxiv.2505.16226,True,http://arxiv.org/abs/2505.16226,https://openalex.org/W4416450214,https://arxiv.org/pdf/2505.16226,2025-05-22,2025,RealMLP better by default tabular data,8,Realistic Evaluation of TabPFN v2 in Open Environments,preprint
"Secchi disk depth (SDD) is a widely critical indicator of water transparency. However, existing retrieval models often suffer from limited transferability and biased predictions when applied to optically diverse waters. Here, we compiled a dataset of 6218 paired in situ SDD and remote sensing reflectance (Rrs) measurements to evaluate model generalization. We benchmarked nine machine learning (ML) models (RF, KNN, SVM, XGB, LGBM, CAT, RealMLP, BNN-MCD, and MDN) under three validation scenarios with progressively decreasing training-test overlap: Random, Waterbody, and Cross-Optical Water Type (Cross-OWT). Furthermore, SHAP analysis was employed to interpret feature contributions and relate model behaviors to optical properties. Results revealed a distinct scenario-dependent generalization gradient. Random splits yielded minimal bias. In contrast, Waterbody transfer consistently shifted predictions toward underestimation (SSPB: −16.9% to −3.8%). Notably, Cross-OWT extrapolation caused significant error inflation and a bias reversal toward overestimation (SSPB: 10.7% to 88.6%). Among all models, the Mixture Density Network (MDN) demonstrated superior robustness with the lowest overestimation (SSPB = 10.7%) under the Cross-OWT scenario. SHAP interpretation indicated that engineered indices, particularly NSMI, functioned as regime separators, with substantial shifts in feature attribution occurring at NSMI values between 0.4 and 0.6. Accordingly, feature sensitivity analysis showed that removing band ratios and indices improved Cross-OWT robustness for several classical ML models. For instance, KNN exhibited a significant reduction in Median Symmetric Accuracy (MdSA) from 96% to 40% after feature reduction. These findings highlight that model applicability must be evaluated under scenario-specific conditions, and feature engineering strategies require rigorous testing against optical regime shifts to ensure generalization.",Bo Jiang; H. W. Yang; Lisi Deng; Jun Zhao,1,https://doi.org/10.3390/rs18020287,True,https://doi.org/10.3390/rs18020287,https://openalex.org/W7124286673,https://www.mdpi.com/2072-4292/18/2/287/pdf?version=1768476565,2026-01-15,2026,RealMLP better by default tabular data,9,Optical Water Type Guided Benchmarking of Machine Learning Generalization for Secchi Disk Depth Retrieval,article
"Tabular data dominate the landscape of data science, increasingly attracting innovative machine learning models and tailored benchmarks. Yet, little is known for enterprise data, where tables constitute the backbone of business operations. To broaden the benchmarking landscape for business applications, this work aims to actualize the characteristics of enterprise data by providing an analysis of data statistics and performance measurements of tabular models such as TabPFN, TabICL and ConTextTab. Through our analysis, we find enterprise data markedly differ from tabular benchmarks and we demonstrate that a tabular model that performs well on typical tabular benchmarks may perform poorly on real world enterprise data -- and vice versa. This lack of generalization underlines the need for additional benchmarks with enterprise-grade characteristics.",Myung Jun Kim; Maximilian Schambach; Frank Essenberger; Andre Sres; Johannes Höhne,0,,True,https://arxiv.org/abs/2606.30452,https://openalex.org/W7166902486,https://arxiv.org/pdf/2606.30452,2026-06-29,2026,RealMLP better by default tabular data,10,Exploring Differences Between Tabular Enterprise Data and Public Benchmarks,preprint
"With the rise of tabular foundation models alongside traditional models still performing well on many tasks, choosing the right model for a tabular dataset remains difficult. We investigate whether dataset meta-features can explain performance gaps between model families on tabular prediction tasks. Using the TabArena benchmark results, we analyze dataset-level performance gaps and relate them to model-agnostic dataset descriptors. After strict statistical tests with false discovery control, we find that (1) for neural network vs. tree gaps, no meta-feature survives false discovery control, (2) for non-foundation vs. foundation model gaps, one association is robust but does not generalize when tested in leave-one-dataset-out prediction, and (3) for TabICLv2 vs. TabPFN-2.6, one robust association also improves held-out prediction. Furthermore, we conduct a leave-one-dataset-out analysis and find that meta-feature predictors fail to improve meaningfully over a simple baseline. Overall, our results show the heterogeneity of tabular datasets and that global meta-feature approaches are not robust enough to offer explanations on the 51 TabArena datasets.",Markus Herre; Andrej Tschalzev; Sascha Marton; Christian Bartelt,0,,True,https://arxiv.org/abs/2605.28418,https://openalex.org/W7162893481,https://arxiv.org/pdf/2605.28418,2026-05-27,2026,RealMLP better by default tabular data,11,Revisiting Metafeatures to Explain Model Differences on Tabular Data,preprint
"While tabular machine learning has achieved remarkable success, temporal distribution shifts pose significant challenges in real-world deployment, as the relationships between features and labels continuously evolve. Static models assume fixed mappings to ensure generalization, whereas adaptive models may overfit to transient patterns, creating a dilemma between robustness and adaptability. In this paper, we analyze key factors essential for constructing an effective dynamic mapping for temporal tabular data. We discover that evolving feature semantics-particularly objective and subjective meanings-introduce concept drift over time. Crucially, we identify that feature transformation strategies are able to mitigate discrepancies in feature representations across temporal stages. Motivated by these insights, we propose a feature-aware temporal modulation mechanism that conditions feature representations on temporal context, modulating statistical properties such as scale and skewness. By aligning feature semantics across time, our approach achieves a lightweight yet powerful adaptation, effectively balancing generalizability and adaptability. Benchmark evaluations validate the effectiveness of our method in handling temporal shifts in tabular data.",Hao-Run Cai; Han-Jia Ye,0,https://doi.org/10.52202/085713-5050,True,https://doi.org/10.52202/085713-5050,https://openalex.org/W4417030964,https://arxiv.org/pdf/2512.03678,2025-01-01,2025,RealMLP better by default tabular data,12,Feature-aware Modulation for Learning from Temporal Tabular Data,conference-paper
"The current expansion of theory and research on artificial intelligence in management and organization studies has revitalized the theory and research on decision-making in organizations. In particular, recent advances in deep learning (DL) algorithms promise benefits for decision-making within organizations, such as assisting employees with information processing, thereby augment their analytical capabilities and perhaps help their transition to more creative work. We conceptualize the decision-making process in organizations augmented with DL algorithm outcomes (such as predictions or robust patterns from unstructured data) as deep learning–augmented decision-making (DLADM). We contribute to the understanding and application of DL for decision-making in organizations by (a) providing an accessible tutorial on DL algorithms and (b) illustrating DLADM with two case studies drawing on image recognition and sentiment analysis tasks performed on datasets from Zalando, a European e-commerce firm, and Rotten Tomatoes, a review aggregation website for movies, respectively. Finally, promises and challenges of DLADM as well as recommendations for managers in attending to these challenges are also discussed.",Yash Raj Shrestha; Vaibhav Krishna; Georg von Krogh,271,https://doi.org/10.1016/j.jbusres.2020.09.068,True,https://doi.org/10.1016/j.jbusres.2020.09.068,https://openalex.org/W3094605956,https://www.sciencedirect.com/science/article/pii/S0148296320306512/pdf,2020-10-20,2020,TALENT tabular deep learning benchmark,1,"Augmenting organizational decision-making with deep learning algorithms: Principles, promises, and challenges",article
"Homology modelling has matured into an important technique in structural biology, significantly contributing to narrowing the gap between known protein sequences and experimentally determined structures. Fully automated workflows and servers simplify and streamline the homology modelling process, also allowing users without a specific computational expertise to generate reliable protein models and have easy access to modelling results, their visualization and interpretation. Here, we present an update to the SWISS-MODEL server, which pioneered the field of automated modelling 25 years ago and been continuously further developed. Recently, its functionality has been extended to the modelling of homo- and heteromeric complexes. Starting from the amino acid sequences of the interacting proteins, both the stoichiometry and the overall structure of the complex are inferred by homology modelling. Other major improvements include the implementation of a new modelling engine, ProMod3 and the introduction a new local model quality estimation method, QMEANDisCo. SWISS-MODEL is freely available at https://swissmodel.expasy.org.",Andrew Waterhouse; Martino Bertoni; Stefan Bienert; Gabriel Studer; Gerardo Tauriello; Rafal Gumienny; Florian Heer; Tjaart de Beer; Christine Rempfer; Lorenza Bordoli; Rosalba Lepore; Torsten Schwede,13839,https://doi.org/10.1093/nar/gky427,True,https://doi.org/10.1093/nar/gky427,https://openalex.org/W2804822363,https://academic.oup.com/nar/article-pdf/46/W1/W296/25110428/gky427.pdf,2018-05-07,2018,TALENT tabular deep learning benchmark,2,SWISS-MODEL: homology modelling of protein structures and complexes,article
"The automated interpretation of rock structure can improve the efficiency, accuracy, and consistency of the geological risk assessment of tunnel face. Because of the high uncertainties in the geological images as a result of different regional rock types, as well as in-situ conditions (e.g., temperature, humidity, and construction procedure), previous automated methods have limited performance in classification of rock structure of tunnel face during construction. This paper presents a framework for classifying multiple rock structures based on the geological images of tunnel face using convolutional neural networks (CNN), namely Inception-ResNet-V2 (IRV2). A prototype recognition system is implemented to classify 5 types of rock structures including mosaic, granular, layered, block, and fragmentation structures. The proposed IRV2 network is trained by over 35,000 out of 42,400 images extracted from over 150 sections of tunnel faces and tested by the remaining 7400 images. Furthermore, different hyperparameters of the CNN model are introduced to optimize the most efficient algorithm parameter. Among all the discussed models, i.e., ResNet-50, ResNet-101, and Inception-v4, Inception-ResNet-V2 exhibits the best performance in terms of various indicators, such as precision, recall, F-score, and testing time per image. Meanwhile, the model trained by a large database can obtain the object features more comprehensively, leading to higher accuracy. Compared with the original image classification method, the sub-image method is closer to the reality considering both the accuracy and the perspective of error divergence. The experimental results reveal that the proposed method is optimal and efficient for automated classification of rock structure using the geological images of the tunnel face.",Jiayao Chen; T. Y. Yang; Dongming Zhang; Hongwei Huang; Yu Tian,155,https://doi.org/10.1016/j.gsf.2020.04.003,True,https://doi.org/10.1016/j.gsf.2020.04.003,https://openalex.org/W3016866130,https://www.sciencedirect.com/science/article/pii/S1674987120300931/pdf,2020-04-20,2020,TALENT tabular deep learning benchmark,3,Deep learning based classification of rock structure of tunnel face,article
"The Internet of Things (IoT) represents a swiftly expanding sector that is pivotal in driving the innovation of today’s smart services. However, the inherent resource-constrained nature of IoT nodes poses significant challenges in embedding advanced algorithms for cybersecurity, leading to an escalation in cyberattacks against these nodes. Contemporary research in Intrusion Detection Systems (IDS) predominantly focuses on enhancing IDS performance through sophisticated algorithms, often overlooking their practical applicability. This paper introduces Deep-IDS, an innovative and practically deployable Deep Learning (DL)-based IDS. It employs a Long-Short-Term-Memory (LSTM) network comprising 64 LSTM units and is trained on the CIC-IDS2017 dataset. Its streamlined architecture renders Deep-IDS an ideal candidate for edge-server deployment, acting as a guardian between IoT nodes and the Internet against Denial of Service (DoS), Distributed Denial of Service (DDoS), Brute Force (BRF), Man-in-the-Middle (MITM), and Replay (RP) Attacks. A distinctive aspect of this research is the trade-off analysis between the intrusion detection rate and the false alarm rate, facilitating the real-time performance of the Deep-IDS. The system demonstrates an exemplary detection rate of 96.8% and an overall classification accuracy of 97.67%. Furthermore, Deep-IDS achieves precision, recall, and F1-scores of 97.67%, 98.17%, and 97.91%, respectively. On average, Deep-IDS requires 1.49 seconds to identify and mitigate intrusion attempts, effectively blocking malicious traffic sources. The remarkable efficacy, swift response time, innovative design, and novel defense strategy of Deep-IDS not only secure IoT nodes but also their interconnected sub-networks, thereby positioning Deep-IDS as a leading intrusion detection system for IoT-enhanced computer networks.",Sandeepkumar Racherla; Prathyusha Sripathi; Nuruzzaman Faruqui; Md Alamgir Kabir; Md Whaiduzzaman; Syed Aziz Shah,72,https://doi.org/10.1109/access.2024.3396461,True,https://doi.org/10.1109/access.2024.3396461,https://openalex.org/W4396605089,https://ieeexplore.ieee.org/ielx7/6287639/6514899/10518015.pdf,2024-01-01,2024,TALENT tabular deep learning benchmark,4,Deep-IDS: A Real-Time Intrusion Detector for IoT Nodes Using Deep Learning,article
"Considering the population growth rate of recent years, a doubling of the current worldwide crop productivity is expected to be needed by 2050. Pests and diseases are a major obstacle to achieving this productivity outcome. Therefore, it is very important to develop efficient methods for the automatic detection, identification, and prediction of pests and diseases in agricultural crops. To perform such automation, Machine Learning (ML) techniques can be used to derive knowledge and relationships from the data that is being worked on. This paper presents a literature review on ML techniques used in the agricultural sector, focusing on the tasks of classification, detection, and prediction of diseases and pests, with an emphasis on tomato crops. This survey aims to contribute to the development of smart farming and precision agriculture by promoting the development of techniques that will allow farmers to decrease the use of pesticides and chemicals while preserving and improving their crop quality and production.",Tiago Domingues; Tomás Brandão; João C. Ferreira,277,https://doi.org/10.3390/agriculture12091350,True,https://doi.org/10.3390/agriculture12091350,https://openalex.org/W4294325784,https://www.mdpi.com/2077-0472/12/9/1350/pdf?version=1662438815,2022-09-01,2022,TALENT tabular deep learning benchmark,5,Machine Learning for Detection and Prediction of Crop Diseases and Pests: A Comprehensive Survey,article
"Our fast-paced digital economy shaped by global competition requires increased data-driven decision-making based on artificial intelligence (AI) and machine learning (ML). The benefits of deep learning (DL) are manifold, but it comes with limitations that have – so far – interfered with widespread industry adoption. This paper explains why DL – despite its popularity – has difficulties speeding up its adoption within business analytics. It is shown that the adoption of deep learning is not only affected by computational complexity, lacking big data architecture, lack of transparency (black-box), skill shortage, and leadership commitment, but also by the fact that DL does not outperform traditional ML models in the case of structured datasets with fixed-length feature vectors. Deep learning should be regarded as a powerful addition to the existing body of ML models instead of a “one size fits all” solution. The results strongly suggest that gradient boosting can be seen as the go-to model for predictions on structured datasets within business analytics. In addition to the empirical study based on three industry use cases, the paper offers a comprehensive discussion of those results, practical implications, and a roadmap for future research.",Marc Schmitt,58,https://doi.org/10.1016/j.jjimei.2022.100146,True,https://doi.org/10.1016/j.jjimei.2022.100146,https://openalex.org/W4311086326,https://www.sciencedirect.com/science/article/pii/S2667096822000891/pdf,2022-12-08,2022,TALENT tabular deep learning benchmark,6,Deep learning in business analytics: A clash of expectations and reality,article
"Artificial intelligence (AI) and machine learning (ML) have become vital to remain competitive for financial services companies around the globe. The two models currently competing for the pole position in credit risk management are deep learning (DL) and gradient boosting machines (GBM). This paper benchmarked those two algorithms in the context of credit scoring using three distinct datasets with different features to account for the reality that model choice/power is often dependent on the underlying characteristics of the dataset. The experiment has shown that GBM tends to be more powerful than DL and has also the advantage of speed due to lower computational requirements. This makes GBM the winner and choice for credit scoring. However, it was also shown that the outperformance of GBM is not always guaranteed and ultimately the concrete problem scenario or dataset will determine the final model choice. Overall, based on this study both algorithms can be considered state-of-the-art for binary classification tasks on structured datasets, while GBM should be the go-to solution for most problem scenarios due to easier use, significantly faster training time, and superior accuracy.",Marc Schmitt,21,https://doi.org/10.48550/arxiv.2205.10535,True,http://arxiv.org/abs/2205.10535,https://openalex.org/W4281490433,https://arxiv.org/pdf/2205.10535,2022-05-21,2022,TALENT tabular deep learning benchmark,7,Deep Learning vs. Gradient Boosting: Benchmarking state-of-the-art machine learning algorithms for credit scoring,preprint
"Unraveling the association between microbiome and plant phenotype can illustrate the effect of microbiome on host and then guide the agriculture management. Adequate identification of species and appropriate choice of models are two challenges in microbiome data analysis. Computational models of microbiome data could help in association analysis between the microbiome and plant host. The deep learning methods have been widely used to learn the microbiome data due to their powerful strength of handling the complex, sparse, noisy, and high-dimensional data. Here, we review the analytic strategies in the microbiome data analysis and describe the applications of deep learning models for plant-microbiome correlation studies. We also introduce the application cases of different models in plant-microbiome correlation analysis and discuss how to adapt the models on the critical steps in data processing. From the aspect of data processing manner, model structure, and operating principle, most deep learning models are suitable for the plant microbiome data analysis. The ability of feature representation and pattern recognition is the advantage of deep learning methods in modeling and interpretation for association analysis. Based on published computational experiments, the convolutional neural network and graph neural networks could be recommended for plant microbiome analysis.",Zhiyu Deng; Jinming Zhang; Junya Li; Xiujun Zhang,47,https://doi.org/10.3389/fgene.2021.697090,True,https://doi.org/10.3389/fgene.2021.697090,https://openalex.org/W3206988630,https://www.frontiersin.org/articles/10.3389/fgene.2021.697090/pdf,2021-10-08,2021,TALENT tabular deep learning benchmark,8,Application of Deep Learning in Plant–Microbiota Association Analysis,article
"Abstract This paper explores the concept of smart cities and the role of the Internet of Things (IoT) and machine learning (ML) in realizing a data-centric smart environment. Smart cities leverage technology and data to improve the quality of life for citizens and enhance the efficiency of urban services. IoT and machine learning have emerged as key technologies for enabling smart city solutions that rely on large-scale data collection, analysis, and decision-making. This paper presents an overview of smart cities’ various applications and discusses the challenges associated with implementing IoT and machine learning in urban environments. The paper also compares different case studies of successful smart city implementations utilizing IoT and machine learning technologies. The findings suggest that these technologies have the potential to transform urban environments and enable the creation of more livable, sustainable, and efficient cities. However, significant challenges remain regarding data privacy, security, and ethical considerations, which must be addressed to realize the full potential of smart cities.",Amin Ullah; Syed Myhammad Anwar; Jianqiang Li; Lubna Nadeem; Tariq Mahmood; Amjad Rehman; Tanzila Saba,243,https://doi.org/10.1007/s40747-023-01175-4,True,https://doi.org/10.1007/s40747-023-01175-4,https://openalex.org/W4385311368,https://link.springer.com/content/pdf/10.1007/s40747-023-01175-4.pdf,2023-07-27,2023,TALENT tabular deep learning benchmark,9,Smart cities: the role of Internet of Things and machine learning in realizing a data-centric smart environment,article
"Tabular data is prevalent across diverse domains in machine learning. With the rapid progress of deep tabular prediction methods, especially pretrained (foundation) models, there is a growing need to evaluate these methods systematically and to understand their behavior. We present an extensive study on TALENT, a collection of 300+ datasets spanning broad ranges of size, feature composition (numerical/categorical mixes), domains, and output types (binary, multi--class, regression). Our evaluation shows that ensembling benefits both tree-based and neural approaches. Traditional gradient-boosted trees remain very strong baselines, yet recent pretrained tabular models now match or surpass them on many tasks, narrowing--but not eliminating--the historical advantage of tree ensembles. Despite architectural diversity, top performance concentrates within a small subset of models, providing practical guidance for method selection. To explain these outcomes, we quantify dataset heterogeneity by learning from meta-features and early training dynamics to predict later validation behavior. This dynamics-aware analysis indicates that heterogeneity--such as the interplay of categorical and numerical attributes--largely determines which family of methods is favored. Finally, we introduce a two-level design beyond the 300 common-size datasets: a compact TALENT-tiny core (45 datasets) for rapid, reproducible evaluation, and a TALENT-extension suite targeting high-dimensional, many-class, and very large-scale settings for stress testing. In summary, these results offer actionable insights into the strengths, limitations, and future directions for improving deep tabular learning.",Han-Jia Ye; Siyang Liu; Hao-Run Cai; Qi-Le Zhou; De‐Chuan Zhan,6,https://doi.org/10.48550/arxiv.2407.00956,True,http://arxiv.org/abs/2407.00956,https://openalex.org/W4400341480,https://arxiv.org/pdf/2407.00956,2024-07-01,2024,TALENT tabular deep learning benchmark,10,A Closer Look at Deep Learning Methods on Tabular Datasets,preprint
"Biomedical image segmentation (BIS) task is challenging due to the variations in organ types, position, shape, size, scale, orientation, and image contrast. Conventional methods lack accurate and automated designs. Artificial intelligence (AI)-based UNet has recently dominated BIS. This is the first review of its kind that microscopically addressed UNet types by complexity, stratification of UNet by its components, addressing UNet in vascular vs. non-vascular framework, the key to segmentation challenge vs. UNet-based architecture, and finally interfacing the three facets of AI, the pruning, the explainable AI (XAI), and the AI-bias. PRISMA was used to select 267 UNet-based studies. Five classes were identified and labeled as conventional UNet, superior UNet, attention-channel UNet, hybrid UNet, and ensemble UNet. We discovered 81 variations of UNet by considering six kinds of components, namely encoder, decoder, skip connection, bridge network, loss function, and their combination. Vascular vs. non-vascular UNet architecture was compared. AP(ai)Bias 2.0-UNet was identified in these UNet classes based on (i) attributes of UNet architecture and its performance, (ii) explainable AI (XAI), and, (iii) pruning (compression). Five bias methods such as (i) ranking, (ii) radial, (iii) regional area, (iv) PROBAST, and (v) ROBINS-I were applied and compared using a Venn diagram. Vascular and non-vascular UNet systems dominated with sUNet classes with attention. Most of the studies suffered from a low interest in XAI and pruning strategies. None of the UNet models qualified to be bias-free. There is a need to move from paper-to-practice paradigms for clinical evaluation and settings.",Jasjit S. Suri; Mrinalini Bhagawati; Sushant Agarwal; Sudip Paul; Amit Kumar Pandey; Suneet Gupta; Luca Saba; Kosmas I. Paraskevas; Narendra N. Khanna; John R. Laird; Amer M. Johri; Manudeep Kalra; Mostafa M. Fouda; Mostafa Fatemi; Subbaram Naidu,86,https://doi.org/10.1109/access.2022.3232561,True,https://doi.org/10.1109/access.2022.3232561,https://openalex.org/W4312726348,https://ieeexplore.ieee.org/ielx7/6287639/10005208/09999432.pdf,2022-12-26,2022,TALENT tabular deep learning benchmark,11,"UNet Deep Learning Architecture for Segmentation of Vascular and Non-Vascular Images: A Microscopic Look at UNet Components Buffered With Pruning, Explainable Artificial Intelligence, and Bias",article
"The long-standing dominance of gradient-boosted decision trees on tabular data is currently challenged by tabular foundation models using In-Context Learning (ICL): setting the training data as context for the test data and predicting in a single forward pass without parameter updates. While TabPFNv2 foundation model excels on tables with up to 10K samples, its alternating column- and row-wise attentions make handling large training sets computationally prohibitive. So, can ICL be effectively scaled and deliver a benefit for larger tables? We introduce TabICL, a tabular foundation model for classification, pretrained on synthetic datasets with up to 60K samples and capable of handling 500K samples on affordable resources. This is enabled by a novel two-stage architecture: a column-then-row attention mechanism to build fixed-dimensional embeddings of rows, followed by a transformer for efficient ICL. Across 200 classification datasets from the TALENT benchmark, TabICL is on par with TabPFNv2 while being systematically faster (up to 10 times), and significantly outperforms all other approaches. On 53 datasets with over 10K samples, TabICL surpasses both TabPFNv2 and CatBoost, demonstrating the potential of ICL for large data. Pretraining code, inference code, and pre-trained models are available at https://github.com/soda-inria/tabicl.",Jingang Qu; David Holzmüller; Gaël Varoquaux; Marine Le Morvan,7,https://doi.org/10.48550/arxiv.2502.05564,True,http://arxiv.org/abs/2502.05564,https://openalex.org/W4407385137,https://arxiv.org/pdf/2502.05564,2025-02-08,2025,TALENT tabular deep learning benchmark,12,TabICL: A Tabular Foundation Model for In-Context Learning on Large Data,preprint
"Uncertainty quantification (UQ) methods play a pivotal role in reducing the impact of uncertainties during both optimization and decision making processes. They have been applied to solve a variety of real-world problems in science and engineering. Bayesian approximation and ensemble learning techniques are two widely-used types of uncertainty quantification (UQ) methods. In this regard, researchers have proposed different UQ methods and examined their performance in a variety of applications such as computer vision (e.g., self-driving cars and object detection), image processing (e.g., image restoration), medical image analysis (e.g., medical image classification and segmentation), natural language processing (e.g., text classification, social media texts and recidivism risk-scoring), bioinformatics, etc. This study reviews recent advances in UQ methods used in deep learning, investigates the application of these methods in reinforcement learning, and highlights fundamental research challenges and directions associated with UQ.",Moloud Abdar; Farhad Pourpanah; Sadiq Hussain; Dana Rezazadegan; Li Liu; Mohammad Ghavamzadeh; Paul Fieguth; Xiaochun Cao; Abbas Khosravi; U. Rajendra Acharya; Vladimir Makarenkov; Saeid Nahavandi,2547,https://doi.org/10.1016/j.inffus.2021.05.008,True,https://doi.org/10.1016/j.inffus.2021.05.008,https://openalex.org/W3102100346,https://www.sciencedirect.com/science/article/pii/S1566253521001081/pdf,2021-05-23,2021,gradient boosted trees versus deep learning tabular data,1,"A review of uncertainty quantification in deep learning: Techniques, applications and challenges",article
"fastai is a deep learning library which provides practitioners with high-level components that can quickly and easily provide state-of-the-art results in standard deep learning domains, and provides researchers with low-level components that can be mixed and matched to build new approaches. It aims to do both things without substantial compromises in ease of use, flexibility, or performance. This is possible thanks to a carefully layered architecture, which expresses common underlying patterns of many deep learning and data processing techniques in terms of decoupled abstractions. These abstractions can be expressed concisely and clearly by leveraging the dynamism of the underlying Python language and the flexibility of the PyTorch library. fastai includes: a new type dispatch system for Python along with a semantic type hierarchy for tensors; a GPU-optimized computer vision library which can be extended in pure Python; an optimizer which refactors out the common functionality of modern optimizers into two basic pieces, allowing optimization algorithms to be implemented in 4–5 lines of code; a novel 2-way callback system that can access any part of the data, model, or optimizer and change it at any point during training; a new data block API; and much more. We used this library to successfully create a complete deep learning course, which we were able to write more quickly than using previous approaches, and the code was more clear. The library is already in wide use in research, industry, and teaching.",Jeremy Howard; Sylvain Gugger,1017,https://doi.org/10.3390/info11020108,True,https://doi.org/10.3390/info11020108,https://openalex.org/W3006436762,https://www.mdpi.com/2078-2489/11/2/108/pdf?version=1581949492,2020-02-16,2020,gradient boosted trees versus deep learning tabular data,2,Fastai: A Layered API for Deep Learning,article
"Abstract Semi-supervised learning is the branch of machine learning concerned with using labelled as well as unlabelled data to perform certain learning tasks. Conceptually situated between supervised and unsupervised learning, it permits harnessing the large amounts of unlabelled data available in many use cases in combination with typically smaller sets of labelled data. In recent years, research in this area has followed the general trends observed in machine learning, with much attention directed at neural network-based models and generative learning. The literature on the topic has also expanded in volume and scope, now encompassing a broad spectrum of theory, algorithms and applications. However, no recent surveys exist to collect and organize this knowledge, impeding the ability of researchers and engineers alike to utilize it. Filling this void, we present an up-to-date overview of semi-supervised learning methods, covering earlier work as well as more recent advances. We focus primarily on semi-supervised classification, where the large majority of semi-supervised learning research takes place. Our survey aims to provide researchers and practitioners new to the field as well as more advanced readers with a solid understanding of the main approaches and algorithms developed over the past two decades, with an emphasis on the most prominent and currently relevant work. Furthermore, we propose a new taxonomy of semi-supervised classification algorithms, which sheds light on the different conceptual and methodological approaches for incorporating unlabelled data into the training process. Lastly, we show how the fundamental assumptions underlying most semi-supervised learning algorithms are closely connected to each other, and how they relate to the well-known semi-supervised clustering assumption.",Jesper E. van Engelen; Holger H. Hoos,2600,https://doi.org/10.1007/s10994-019-05855-6,True,https://doi.org/10.1007/s10994-019-05855-6,https://openalex.org/W2984353870,https://link.springer.com/content/pdf/10.1007/s10994-019-05855-6.pdf,2019-11-15,2019,gradient boosted trees versus deep learning tabular data,3,A survey on semi-supervised learning,article
,Alejandro Barredo Arrieta; Natalia Díaz-Rodríguez; Javier Del Ser; Adrien Bennetot; Siham Tabik; Alberto Barbado; Salvador García; Sergio Gil-López; Daniel Molina; Richard Benjamins; Raja Chatila; Francisco Herrera,9400,https://doi.org/10.1016/j.inffus.2019.12.012,True,https://doi.org/10.1016/j.inffus.2019.12.012,https://openalex.org/W2981731882,https://arxiv.org/pdf/1910.10045,2019-12-26,2019,gradient boosted trees versus deep learning tabular data,4,"Explainable Artificial Intelligence (XAI): Concepts, taxonomies, opportunities and challenges toward responsible AI",article
"Gradient Boosted Decision Trees (GBDT's) are a powerful tool for classification and regression tasks in Big Data. Researchers should be familiar with the strengths and weaknesses of current implementations of GBDT's in order to use them effectively and make successful contributions. CatBoost is a member of the family of GBDT machine learning ensemble techniques. Since its debut in late 2018, researchers have successfully used CatBoost for machine learning studies involving Big Data. We take this opportunity to review recent research on CatBoost as it relates to Big Data, and learn best practices from studies that cast CatBoost in a positive light, as well as studies where CatBoost does not outshine other techniques, since we can learn lessons from both types of scenarios. Furthermore, as a Decision Tree based algorithm, CatBoost is well-suited to machine learning tasks involving categorical, heterogeneous data. Recent work across multiple disciplines illustrates CatBoost's effectiveness and shortcomings in classification and regression tasks. Another important issue we expose in literature on CatBoost is its sensitivity to hyper-parameters and the importance of hyper-parameter tuning. One contribution we make is to take an interdisciplinary approach to cover studies related to CatBoost in a single work. This provides researchers an in-depth understanding to help clarify proper application of CatBoost in solving problems. To the best of our knowledge, this is the first survey that studies all works related to CatBoost in a single publication.",John Hancock; Taghi M. Khoshgoftaar,1733,https://doi.org/10.1186/s40537-020-00369-8,True,https://doi.org/10.1186/s40537-020-00369-8,https://openalex.org/W3094948551,https://journalofbigdata.springeropen.com/counter/pdf/10.1186/s40537-020-00369-8,2020-11-04,2020,gradient boosted trees versus deep learning tabular data,5,CatBoost for big data: an interdisciplinary review,article
"The primary task of machine learning is to extract valuable information from the data that is generated every day, process it to learn from it, and take useful actions. Original language process, pattern detection, search engines, medical diagnostics, bioinformatics, and chemical informatics are all examples of application areas for machine learning. XGBoost is a recently released machine learning algorithm that has shown exceptional capability for modeling complex systems and is the most superior machine learning algorithm in terms of prediction accuracy and interpretability and classification versatility. XGBoost is an enhanced distributed scaling enhancement library that is built to be extremely powerful, adaptable, and portable. It uses augmented scaling to incorporate machine learning algorithms. it is a parallel tree boost that addresses a variety of data science problems quickly and accurately. Python remains the language of choice for scientific computing, data science, and machine learning, which boosts performance and productivity by enabling the use of clean low-level libraries and high-level APIs. This paper presents one of the most prominent supervised and semi-supervised learning (SSL) machine learning algorithms in a Python environment.",Zeravan Arif Ali; Ziyad H. Abduljabbar; Hanan A. Tahir; Amira Bibo Sallow; Saman M. Almufti‎,278,https://doi.org/10.25007/ajnu.v12n2a1612,True,https://doi.org/10.25007/ajnu.v12n2a1612,https://openalex.org/W4378803232,https://journals.nawroz.edu.krd/index.php/ajnu/article/download/1612/820,2023-05-31,2023,gradient boosted trees versus deep learning tabular data,6,eXtreme Gradient Boosting Algorithm with Machine Learning: a Review,article
"The existing literature on deep learning for tabular data proposes a wide range of novel architectures and reports competitive results on various datasets. However, the proposed models are usually not properly compared to each other and existing works often use different benchmarks and experiment protocols. As a result, it is unclear for both researchers and practitioners what models perform best. Additionally, the field still lacks effective baselines, that is, the easy-to-use models that provide competitive performance across different problems. In this work, we perform an overview of the main families of DL architectures for tabular data and raise the bar of baselines in tabular DL by identifying two simple and powerful deep architectures. The first one is a ResNet-like architecture which turns out to be a strong baseline that is often missing in prior works. The second model is our simple adaptation of the Transformer architecture for tabular data, which outperforms other solutions on most tasks. Both models are compared to many existing architectures on a diverse set of tasks under the same training and tuning protocols. We also compare the best DL models with Gradient Boosted Decision Trees and conclude that there is still no universally superior solution.",Yury Gorishniy; Ivan Rubachev; Valentin Khrulkov; Artem Babenko,115,https://doi.org/10.48550/arxiv.2106.11959,True,http://arxiv.org/abs/2106.11959,https://openalex.org/W3174082502,https://arxiv.org/pdf/2106.11959,2021-06-22,2021,gradient boosted trees versus deep learning tabular data,7,Revisiting Deep Learning Models for Tabular Data,preprint
"People can use credit cards for online transactions as it provides an efficient and easy-to-use facility. With the increase in usage of credit cards, the capacity of credit card misuse has also enhanced. Credit card frauds cause significant financial losses for both credit card holders and financial companies. In this research study, the main aim is to detect such frauds, including the accessibility of public data, high-class imbalance data, the changes in fraud nature, and high rates of false alarm. The relevant literature presents many machines learning based approaches for credit card detection, such as Extreme Learning Method, Decision Tree, Random Forest, Support Vector Machine, Logistic Regression and XG Boost. However, due to low accuracy, there is still a need to apply state of the art deep learning algorithms to reduce fraud losses. The main focus has been to apply the recent development of deep learning algorithms for this purpose. Comparative analysis of both machine learning and deep learning algorithms was performed to find efficient outcomes. The detailed empirical analysis is carried out using the European card benchmark dataset for fraud detection. A machine learning algorithm was first applied to the dataset, which improved the accuracy of detection of the frauds to some extent. Later, three architectures based on a convolutional neural network are applied to improve fraud detection performance. Further addition of layers further increased the accuracy of detection. A comprehensive empirical analysis has been carried out by applying variations in the number of hidden layers, epochs and applying the latest models. The evaluation of research work shows the improved results achieved, such as accuracy, f1-score, precision and AUC Curves having optimized values of 99.9%,85.71%,93%, and 98%, respectively. The proposed model outperforms the state-of-the-art machine learning and deep learning algorithms for credit card detection problems. In addition, we have performed experiments by balancing the data and applying deep learning algorithms to minimize the false negative rate. The proposed approaches can be implemented effectively for the real-world detection of credit card fraud.",Fawaz Khaled Alarfaj; Iqra Malik; Hikmat Ullah Khan; Naif Almusallam; Muhammad Ramzan; Muzamil Ahmed,402,https://doi.org/10.1109/access.2022.3166891,True,https://doi.org/10.1109/access.2022.3166891,https://openalex.org/W4226492624,https://ieeexplore.ieee.org/ielx7/6287639/9668973/09755930.pdf,2022-01-01,2022,gradient boosted trees versus deep learning tabular data,8,Credit Card Fraud Detection Using State-of-the-Art Machine Learning and Deep Learning Algorithms,article
"We propose TabTransformer, a novel deep tabular data modeling architecture for supervised and semi-supervised learning. The TabTransformer is built upon self-attention based Transformers. The Transformer layers transform the embeddings of categorical features into robust contextual embeddings to achieve higher prediction accuracy. Through extensive experiments on fifteen publicly available datasets, we show that the TabTransformer outperforms the state-of-the-art deep learning methods for tabular data by at least 1.0% on mean AUC, and matches the performance of tree-based ensemble models. Furthermore, we demonstrate that the contextual embeddings learned from TabTransformer are highly robust against both missing and noisy data features, and provide better interpretability. Lastly, for the semi-supervised setting we develop an unsupervised pre-training procedure to learn data-driven contextual embeddings, resulting in an average 2.1% AUC lift over the state-of-the-art methods.",Xin Huang; Ashish Khetan; Milan Cvitkovic; Zohar Karnin,193,https://doi.org/10.48550/arxiv.2012.06678,True,http://arxiv.org/abs/2012.06678,https://openalex.org/W3111356309,https://arxiv.org/pdf/2012.06678,2020-12-11,2020,gradient boosted trees versus deep learning tabular data,9,TabTransformer: Tabular Data Modeling Using Contextual Embeddings,preprint
"Deep neural networks (DNNs) are an indispensable machine learning tool despite the difficulty of diagnosing what aspects of a model’s input drive its decisions. In countless real-world domains, from legislation and law enforcement to healthcare, such diagnosis is essential to ensure that DNN decisions are driven by aspects appropriate in the context of its use. The development of methods and studies enabling the explanation of a DNN’s decisions has thus blossomed into an active and broad area of research. The field’s complexity is exacerbated by competing definitions of what it means “to explain” the actions of a DNN and to evaluate an approach’s “ability to explain”. This article offers a field guide to explore the space of explainable deep learning for those in the AI/ML field who are uninitiated. The field guide: i) Introduces three simple dimensions defining the space of foundational methods that contribute to explainable deep learning, ii) discusses the evaluations for model explanations, iii) places explainability in the context of other related deep learning research areas, and iv) discusses user-oriented explanation design and future directions. We hope the guide is seen as a starting point for those embarking on this research field.",Gabriëlle Ras; Ning Xie; Marcel van Gerven; Derek Doran,416,https://doi.org/10.1613/jair.1.13200,True,https://doi.org/10.1613/jair.1.13200,https://openalex.org/W3020975691,https://www.jair.org/index.php/jair/article/download/13200/26763,2022-01-25,2022,gradient boosted trees versus deep learning tabular data,10,Explainable Deep Learning: A Field Guide for the Uninitiated,article
"Interpretability in machine learning (ML) is crucial for high stakes decisions and troubleshooting. In this work, we provide fundamental principles for interpretable ML, and dispel common misunderstandings that dilute the importance of this crucial topic. We also identify 10 technical challenge areas in interpretable machine learning and provide history and background on each problem. Some of these problems are classically important, and some are recent problems that have arisen in the last few years. These problems are: (1) Optimizing sparse logical models such as decision trees; (2) Optimization of scoring systems; (3) Placing constraints into generalized additive models to encourage sparsity and better interpretability; (4) Modern case-based reasoning, including neural networks and matching for causal inference; (5) Complete supervised disentanglement of neural networks; (6) Complete or even partial unsupervised disentanglement of neural networks; (7) Dimensionality reduction for data visualization; (8) Machine learning models that can incorporate physics and other generative or causal constraints; (9) Characterization of the “Rashomon set” of good models; and (10) Interpretable reinforcement learning. This survey is suitable as a starting point for statisticians and computer scientists interested in working in interpretable machine learning.",Cynthia Rudin; Chaofan Chen; Zhi Chen; Haiyang Huang; Lesia Semenova; Chudi Zhong,874,https://doi.org/10.1214/21-ss133,True,https://doi.org/10.1214/21-ss133,https://openalex.org/W3137125108,https://projecteuclid.org/journals/statistics-surveys/volume-16/issue-none/Interpretable-machine-learning-Fundamental-principles-and-10-grand-challenges/10.1214/21-SS133.pdf,2022-01-01,2022,gradient boosted trees versus deep learning tabular data,11,Interpretable machine learning: Fundamental principles and 10 grand challenges,article
"Predictions obtained by, e.g., artificial neural networks have a high accuracy but humans often perceive the models as black boxes. Insights about the decision making are mostly opaque for humans. Particularly understanding the decision making in highly sensitive areas such as healthcare or finance, is of paramount importance. The decision-making behind the black boxes requires it to be more transparent, accountable, and understandable for humans. This survey paper provides essential definitions, an overview of the different principles and methodologies of explainable Supervised Machine Learning (SML). We conduct a state-of-the-art survey that reviews past and recent explainable SML approaches and classifies them according to the introduced definitions. Finally, we illustrate principles by means of an explanatory case study and discuss important future directions.",Nadia Burkart; Marco F. Huber,970,https://doi.org/10.1613/jair.1.12228,True,https://doi.org/10.1613/jair.1.12228,https://openalex.org/W3101981467,https://jair.org/index.php/jair/article/download/12228/26647,2021-01-19,2021,gradient boosted trees versus deep learning tabular data,12,A Survey on the Explainability of Supervised Machine Learning,article
"This study presents a novel feature-engineered-natural gradient descent ensemble-boosting (NGBoost) machine-learning framework for detecting fraud in power consumption data. The proposed framework was sequentially executed in three stages: data pre-processing, feature engineering, and model evaluation. It utilized the random forest algorithm-based imputation technique initially to impute the missing data entries in the acquired smart meter dataset. In the second phase, the majority weighted minority oversampling technique (MWMOTE) algorithm was used to avoid an unequal distribution of data samples among different classes. The time-series feature-extraction library and whale optimization algorithm were utilized to extract and select the most relevant features from the kWh reading of consumers. Once the most relevant features were acquired, the model training and testing process was initiated by using the NGBoost algorithm to classify the consumers into two distinct categories (""Healthy"" and ""Theft""). Finally, each input feature's impact (positive or negative) in predicting the target variable was recognized with the tree SHAP additive-explanations algorithm. The proposed framework achieved an accuracy of 93%, recall of 91%, and precision of 95%, which was greater than all the competing models, and thus validated its efficacy and significance in the studied field of research.",Saddam Hussain; Mohd Wazir Mustafa; H. Khalil; Faisal Saeed; Bander Ali Saleh Al‐rimy,33,https://doi.org/10.3390/s21248423,True,https://doi.org/10.3390/s21248423,https://openalex.org/W4200540962,https://www.mdpi.com/1424-8220/21/24/8423/pdf?version=1639906642,2021-12-17,2021,probabilistic regression NGBoost tabular,1,A Novel Feature-Engineered–NGBoost Machine-Learning Framework for Fraud Detection in Electric Power Consumption Data,article
"We introduce NodeFlow, a flexible framework for probabilistic regression on tabular data that combines Neural Oblivious Decision Ensembles (NODEs) and Conditional Continuous Normalizing Flows (CNFs). It offers improved modeling capabilities for arbitrary probabilistic distributions, addressing the limitations of traditional parametric approaches. In NodeFlow, the NODE captures complex relationships in tabular data through a tree-like structure, while the conditional CNF utilizes the NODE's output space as a conditioning factor. The training process of NodeFlow employs standard gradient-based learning, facilitating the end-to-end optimization of the NODEs and CNF-based density estimation. This approach ensures outstanding performance, ease of implementation, and scalability, making NodeFlow an appealing choice for practitioners and researchers. Comprehensive assessments on benchmark datasets underscore NodeFlow's efficacy, revealing its achievement of state-of-the-art outcomes in multivariate probabilistic regression setup and its strong performance in univariate regression tasks. Furthermore, ablation studies are conducted to justify the design choices of NodeFlow. In conclusion, NodeFlow's end-to-end training process and strong performance make it a compelling solution for practitioners and researchers. Additionally, it opens new avenues for research and application in the field of probabilistic regression on tabular data.",Patryk Wielopolski; Oleksii Furman; Maciej Zięba,2,https://doi.org/10.3390/e26070593,True,https://doi.org/10.3390/e26070593,https://openalex.org/W4400522942,https://www.mdpi.com/1099-4300/26/7/593/pdf?version=1720744650,2024-07-11,2024,probabilistic regression NGBoost tabular,2,NodeFlow: Towards End-to-End Flexible Probabilistic Regression on Tabular Data,article
"Modeling power grid frequency stability is becoming increasingly challenging due to the integration of renewable energy sources.Machine learning approaches, such as gradient-boosted trees, have shown promise in analyzing the complex characteristics of power systems.However, these models are inherently deterministic, providing only point estimates.Meanwhile, the task of capturing the underlying uncertainty, particularly through (deep) probabilistic models, is still underexplored, despite its potential to better account for the stochastic nature of power grid dynamics.In this paper, we first compare the performance of TabNet, a deep learning architecture designed for tabular data, to XGBoost for modeling power grid frequency stability.We then present TabNetProba: a probabilistic extension of TabNet, that enables uncertainty-aware estimates comparable to NGBoost.Using these (trained) models, we leverage explainable artificial intelligence (XAI) to analyze the drivers influencing grid stability and identify sources of uncertainty in two major European synchronous areas: Continental Europe and the Nordic region.Our results demonstrate that TabNetProba achieves competitive performance with state-of-the-art methods while providing reliable uncertainty estimates.We find that load and conventional generation ramps, as well as forecast errors, are the key quantities for modeling and explaining mean stability indicators in both synchronous areas.In Continental Europe, renewable generation emerges as a key factor in explaining model uncertainty, while in the Nordic region, load and generation features dominate uncertainty estimation, allowing for more reliable and interpretable stability estimates for modern power systems.",Alexandra Nikoltchovska; Sebastian Pütz; Li Xiao; Veit Hagenmeyer; Benjamin Schäfer,3,https://doi.org/10.1145/3679240.3734623,True,https://doi.org/10.1145/3679240.3734623,https://openalex.org/W4411345922,https://dl.acm.org/doi/pdf/10.1145/3679240.3734623,2025-06-16,2025,probabilistic regression NGBoost tabular,3,Probabilistic and Explainable Machine Learning for Tabular Power Grid Data,conference-paper
,Sami Ben Jabeur; Houssein Ballouk; Wissal Ben Arfi; Rabeh Khalfaoui,34,https://doi.org/10.1007/s10666-021-09807-0,True,https://doi.org/10.1007/s10666-021-09807-0,https://openalex.org/W3217475656,https://link.springer.com/content/pdf/10.1007/s10666-021-09807-0.pdf,2021-11-24,2021,probabilistic regression NGBoost tabular,4,"Machine Learning-Based Modeling of the Environmental Degradation, Institutional Quality, and Economic Growth",article
"We conducted a study to evaluate the potential and robustness of gradient boosting algorithms in rock burst assessment, established a variational autoencoder (VAE) to address the imbalance rock burst dataset, and proposed a multilevel explainable artificial intelligence (XAI) tailored for tree-based ensemble learning. We collected 537 data from real-world rock burst records and selected four critical features contributing to rock burst occurrences. Initially, we employed data visualization to gain insight into the data's structure and performed correlation analysis to explore the data distribution and feature relationships. Then, we set up a VAE model to generate samples for the minority class due to the imbalanced class distribution. In conjunction with the VAE, we compared and evaluated six state-of-the-art ensemble models, including gradient boosting algorithms and the classical logistic regression model, for rock burst prediction. The results indicated that gradient boosting algorithms outperformed the classical single models, and the VAE-classifier outperformed the original classifier, with the VAE-NGBoost model yielding the most favorable results. Compared to other resampling methods combined with NGBoost for imbalanced datasets, such as synthetic minority oversampling technique (SMOTE), SMOTE-edited nearest neighbours (SMOTE-ENN), and SMOTE-tomek links (SMOTE-Tomek), the VAE-NGBoost model yielded the best performance. Finally, we developed a multilevel XAI model using feature sensitivity analysis, Tree Shapley Additive exPlanations (Tree SHAP), and Anchor to provide an in-depth exploration of the decision-making mechanics of VAE-NGBoost, further enhancing the accountability of tree-based ensemble models in predicting rock burst occurrences.",Shan Lin; Zenglong Liang; Miao Dong; Hongwei Guo; Hong Zheng,22,https://doi.org/10.1016/j.undsp.2023.11.008,True,https://doi.org/10.1016/j.undsp.2023.11.008,https://openalex.org/W4391065234,,2024-01-21,2024,probabilistic regression NGBoost tabular,5,Imbalanced rock burst assessment using variational autoencoder-enhanced gradient boosting algorithms and explainability,article
"The tree-based ensembles are known for their outstanding performance in classification and regression problems characterized by feature vectors represented by mixed-type variables from various ranges and domains. However, considering regression problems, they are primarily designed to provide deterministic responses or model the uncertainty of the output with Gaussian or parametric distribution. In this work, we introduce TreeFlow, the tree-based approach that combines the benefits of using tree ensembles with the capabilities of modeling flexible probability distributions using normalizing flows. The main idea of the solution is to use a tree-based model as a feature extractor and combine it with a conditional variant of normalizing flow. Consequently, our approach is capable of modeling complex distributions for the regression outputs. We evaluate the proposed method on challenging regression benchmarks with varying volume, feature characteristics, and target dimensionality. We obtain the SOTA results for both probabilistic and deterministic metrics on datasets with multi-modal target distributions and competitive results on unimodal ones compared to tree-based regression baselines.",Patryk Wielopolski; Maciej Zięba,3,https://doi.org/10.3233/faia230570,True,http://dx.doi.org/10.3233/faia230570,https://openalex.org/W4387171495,https://ebooks.iospress.nl/pdf/doi/10.3233/FAIA230570,2023-09-28,2023,probabilistic regression NGBoost tabular,6,TreeFlow: Going Beyond Tree-Based Parametric Probabilistic Regression,book-chapter
"Long-acting injectables are considered one of the most promising therapeutic strategies for the treatment of chronic diseases as they can afford improved therapeutic efficacy, safety, and patient compliance. The use of polymer materials in such a drug formulation strategy can offer unparalleled diversity owing to the ability to synthesize materials with a wide range of properties. However, the interplay between multiple parameters, including the physicochemical properties of the drug and polymer, make it very difficult to intuitively predict the performance of these systems. This necessitates the development and characterization of a wide array of formulation candidates through extensive and time-consuming in vitro experimentation. Machine learning is enabling leap-step advances in a number of fields including drug discovery and materials science. The current study takes a critical step towards data-driven drug formulation development with an emphasis on long-acting injectables. Here we show that machine learning algorithms can be used to predict experimental drug release from these advanced drug delivery systems. We also demonstrate that these trained models can be used to guide the design of new long acting injectables. The implementation of the described data-driven approach has the potential to reduce the time and cost associated with drug formulation development.",Pauric Bannigan; Zeqing Bao; Riley J. Hickman; Matteo Aldeghi; Florian Häse; Alán Aspuru‐Guzik; Christine Allen,225,https://doi.org/10.1038/s41467-022-35343-w,True,https://doi.org/10.1038/s41467-022-35343-w,https://openalex.org/W4313909320,https://www.nature.com/articles/s41467-022-35343-w.pdf,2023-01-10,2023,probabilistic regression NGBoost tabular,7,Machine learning models to accelerate the design of polymeric long-acting injectables,article
"Multiple Machine Learning solutions in Industry exist where interpretability is required. In retail, this is especially important when dealing with cold-start forecasting of promotional sales. In the planning phase of these promotions, retailers produce sales predictions that are scrutinised by both forecasting experts and managers. In this paper, we combine the predictive benefits of Gradient Boosted Decision Trees regressors and the interpretability of contrastive explanations. These are implicitly generated by the manner we shape data. Our method presents the cold-start forecasts in relation to the observed promotional sales of other products, which we call neighbours. They are selected based on a measure of closeness to the predicted promotion, which is derived from the variable importance calculated during the training of the regressors. With this information, the expert reviewer adjusts the cold-start prediction by simply varying the contribution of the neighbours. To validate our results we test our method on a surrogate model, as well as on real-market data. The results on the surrogate model demonstrate that our method is able to accurately identify the features that contribute to sales and then select the closest neighbours to produce a contrastive explanation. The results on real-market data also show that the proposed method performs at a similar level to widespread methods such as conventional CatBoost, NGBoost or AutoGluon, and has the advantage of providing interpretability.",Carlos Aguilar-Palacios; Sergio Muñoz-Romero; José Luis Rojo‐Álvarez,23,https://doi.org/10.1109/access.2020.3012032,True,https://doi.org/10.1109/access.2020.3012032,https://openalex.org/W3045573798,https://ieeexplore.ieee.org/ielx7/6287639/8948470/09149573.pdf,2020-01-01,2020,probabilistic regression NGBoost tabular,8,Cold-Start Promotional Sales Forecasting Through Gradient Boosted-Based Contrastive Explanations,article
"Gradient-boosted regression trees (GBRTs) are hugely popular for solving tabular regression problems, but provide no estimate of uncertainty. We propose Instance-Based Uncertainty estimation for Gradient-boosted regression trees (IBUG), a simple method for extending any GBRT point predictor to produce probabilistic predictions. IBUG computes a non-parametric distribution around a prediction using the $k$-nearest training instances, where distance is measured with a tree-ensemble kernel. The runtime of IBUG depends on the number of training examples at each leaf in the ensemble, and can be improved by sampling trees or training instances. Empirically, we find that IBUG achieves similar or better performance than the previous state-of-the-art across 22 benchmark regression datasets. We also find that IBUG can achieve improved probabilistic performance by using different base GBRT models, and can more flexibly model the posterior distribution of a prediction than competing methods. We also find that previous methods suffer from poor probabilistic calibration on some datasets, which can be mitigated using a scalar factor tuned on the validation data. Source code is available at https://www.github.com/jjbrophy47/ibug.",Jonathan Brophy; Daniel Lowd,5,https://doi.org/10.48550/arxiv.2205.11412,True,http://arxiv.org/abs/2205.11412,https://openalex.org/W4281476371,https://arxiv.org/pdf/2205.11412,2022-05-23,2022,probabilistic regression NGBoost tabular,9,Instance-Based Uncertainty Estimation for Gradient-Boosted Regression Trees,preprint
"&lt;p&gt;Hot-rolled strip steel is an essential material extensively used in various industrial fields, with its mechanical properties being critical to product quality and engineering design. This article presents a method for predicting the mechanical properties of hot-rolled strip steel using the NGBoost (natural gradient boosting) algorithm. The study focused on predicting tensile strength, yield strength, and elongation of hot-rolled strip steel and compared the predictive results with those obtained from the gradient boosting algorithm, Lasso regression, and decision tree algorithms. The results indicated that the NGBoost algorithm performs well on average coverage error (ACE) and prediction interval absolute width (PIAW) values at different confidence levels, demonstrating strong predictive performance. Furthermore, the analysis of variance (ANOVA) method was employed to identify factors that significantly impact mechanical performance, providing theoretical support for optimizing design schemes and enhancing structural safety and reliability.&lt;/p&gt;",Hongyi Wu; Jinwen Jin; Zhiwei Li,1,https://doi.org/10.3934/math.20241578,True,http://dx.doi.org/10.3934/math.20241578,https://openalex.org/W4404596818,http://www.aimspress.com/aimspress-data/math/2024/11/PDF/math-09-11-1578.pdf,2024-01-01,2024,probabilistic regression NGBoost tabular,10,NGBoost algorithm-based prediction of mechanical properties of a hot-rolled strip and its interpretability research with ANOVA values,article
"Current implementations of Gradient Boosting Machines are mostly designed for single-target regression tasks and commonly assume independence between responses when used in multivariate settings. As such, these models are not well suited if non-negligible dependencies exist between targets. To overcome this limitation, we present an extension of XGBoostLSS that models multiple targets and their dependencies in a probabilistic regression setting. Empirical results show that our approach outperforms existing GBMs with respect to runtime and compares well in terms of accuracy.",Alexander März,4,https://doi.org/10.48550/arxiv.2210.06831,True,http://arxiv.org/abs/2210.06831,https://openalex.org/W4306309328,https://arxiv.org/pdf/2210.06831,2022-10-13,2022,probabilistic regression NGBoost tabular,11,Multi-Target XGBoostLSS Regression,preprint
"The tree-based ensembles are known for their outstanding performance in classification and regression problems characterized by feature vectors represented by mixed-type variables from various ranges and domains. However, considering regression problems, they are primarily designed to provide deterministic responses or model the uncertainty of the output with Gaussian or parametric distribution. In this work, we introduce TreeFlow, the tree-based approach that combines the benefits of using tree ensembles with the capabilities of modeling flexible probability distributions using normalizing flows. The main idea of the solution is to use a tree-based model as a feature extractor and combine it with a conditional variant of normalizing flow. Consequently, our approach is capable of modeling complex distributions for the regression outputs. We evaluate the proposed method on challenging regression benchmarks with varying volume, feature characteristics, and target dimensionality. We obtain the SOTA results for both probabilistic and deterministic metrics on datasets with multi-modal target distributions and competitive results on unimodal ones compared to tree-based regression baselines.",Patryk Wielopolski; Maciej Zięba,1,https://doi.org/10.48550/arxiv.2206.04140,True,http://arxiv.org/abs/2206.04140,https://openalex.org/W4281894604,https://arxiv.org/pdf/2206.04140,2022-06-08,2022,probabilistic regression NGBoost tabular,12,TreeFlow: Going beyond Tree-based Gaussian Probabilistic Regression,preprint
"Conformal prediction is a technique for constructing prediction intervals that attain valid coverage in finite samples, without making distributional assumptions. Despite this appeal, existing conformal methods can be unnecessarily conservative because they form intervals of constant or weakly varying length across the input space. In this paper we propose a new method that is fully adaptive to heteroscedasticity. It combines conformal prediction with classical quantile regression, inheriting the advantages of both. We establish a theoretical guarantee of valid coverage, supplemented by extensive experiments on popular regression datasets. We compare the efficiency of conformalized quantile regression to other conformal methods, showing that our method tends to produce shorter intervals.",Yaniv Romano; Evan Patterson; Emmanuel J. Candès,51,https://doi.org/10.48550/arxiv.1905.03222,True,http://arxiv.org/abs/1905.03222,https://openalex.org/W2946063682,https://arxiv.org/pdf/1905.03222,2019-05-08,2019,conformalized quantile regression,1,Conformalized Quantile Regression,preprint
"This article presents a novel probabilistic forecasting method called ensemble conformalized quantile regression (EnCQR). EnCQR constructs distribution-free and approximately marginally valid prediction intervals (PIs), which are suitable for nonstationary and heteroscedastic time series data. EnCQR can be applied on top of a generic forecasting model, including deep learning architectures. EnCQR exploits a bootstrap ensemble estimator, which enables the use of conformal predictors for time series by removing the requirement of data exchangeability. The ensemble learners are implemented as generic machine learning algorithms performing quantile regression (QR), which allow the length of the PIs to adapt to local variability in the data. In the experiments, we predict time series characterized by a different amount of heteroscedasticity. The results demonstrate that EnCQR outperforms models based only on QR or conformal prediction (CP), and it provides sharper, more informative, and valid PIs.",Vilde Jensen; Filippo Maria Bianchi; Stian Normann Anfinsen,69,https://doi.org/10.1109/tnnls.2022.3217694,True,https://doi.org/10.1109/tnnls.2022.3217694,https://openalex.org/W4308369811,,2022-11-04,2022,conformalized quantile regression,2,Ensemble Conformalized Quantile Regression for Probabilistic Time Series Forecasting,article
,Jianming Hu; Qingxi Luo; Jingwei Tang; Jiani Heng; Yuwen Deng,73,https://doi.org/10.1016/j.energy.2022.123497,False,https://doi.org/10.1016/j.energy.2022.123497,https://openalex.org/W4213137001,,2022-02-21,2022,conformalized quantile regression,3,Conformalized temporal convolutional quantile regression networks for wind power interval forecasting,article
"Conformalized quantile regression, a cutting-edge and model-agnostic algorithm, has emerged as a recent innovation to generate valid prediction intervals on finite samples while addressing heteroscedasticity. It starts by employing quantile regression to estimate conditional quantiles. Subsequently, these estimated conditional quantiles undergo a rectification process using conformal prediction. Under the assumption of exchangeability, a slightly weaker form of independent and identically distributed (i.i.d.) data, the resulting prediction intervals are valid in finite samples. However, a drawback of the proposed conformalization step is identified: it lacks the capacity to adapt to heteroscedasticity due to its independence from the input. To overcome this limitation, we propose an improvement that involves partitioning the covariates space into clusters, assigning higher weights to features with greater predictive power. Following that, within each cluster, a conformal step is applied, leveraging a rectification that is reliant on the input cluster-wise. To demonstrate the superiority of our improved version over the classic version of conformalized quantile regression, we conducted a comprehensive comparison of their respective prediction intervals using synthetic data.",Martim Sousa; Ana Maria Tomé; José E. Moreira,9,https://doi.org/10.1016/j.eswa.2023.122322,True,https://doi.org/10.1016/j.eswa.2023.122322,https://openalex.org/W4388084932,,2023-10-31,2023,conformalized quantile regression,4,Improving conformalized quantile regression through cluster-based feature relevance,article
"Abstract The remaining useful life (RUL) prediction is a key task in the field of prognostics and health management (PHM) and plays a crucial role in preventive maintenance tasks. Traditional prediction methods have mostly focused on point prediction issues, neglecting the uncertain factors in the prediction task, thus failing to ensure the credibility of the prediction. In light of this, this paper focuses on improving the accuracy of point prediction models for RUL and interval prediction issues, proposing the introduction of multi-scale convolutional neural networks (MCNN), decomposed time-sequential linear layers (DL), and conformal quantile regression (CQR) techniques into the RUL prediction task of aero engines. The aim is to provide timely and accurate failure warnings for aero-engines, effectively ensure their reliability and safety, and reduce maintenance costs throughout their life cycle. In response to the limitations of current point prediction models in capturing the temporal features of life data, a MCNN-DL-based RUL prediction model is proposed to capture life data’s long-term trends and local variations for precise point predictions. Furthermore, an interval estimation approach for RUL is presented, which integrates the MCNN-DL model with CQR to account for prediction uncertainty. Finally, the method in this paper is verified using the commercial modular aero-propulsion system simulation (CMAPSS) dataset, and the results show that the method has achieved excellent results in both RUL point prediction and interval prediction tasks.",Song Mao; Xiaofeng Li; Boyang Zhao,13,https://doi.org/10.1088/1361-6501/ad762c,False,https://doi.org/10.1088/1361-6501/ad762c,https://openalex.org/W4402120290,,2024-09-02,2024,conformalized quantile regression,5,Remaining useful life prediction based on time-series features and conformalized quantile regression,article
"Conformalized quantile regression is a procedure that inherits the advantages of conformal prediction and quantile regression. That is, we use quantile regression to estimate the true conditional quantile and then apply a conformal step on a calibration set to ensure marginal coverage. In this way, we get adaptive prediction intervals that account for heteroscedasticity. However, the aforementioned conformal step lacks adaptiveness as described in (Romano et al., 2019). To overcome this limitation, instead of applying a single conformal step after estimating conditional quantiles with quantile regression, we propose to cluster the explanatory variables weighted by their permutation importance with an optimized k-means and apply k conformal steps. To show that this improved version outperforms the classic version of conformalized quantile regression and is more adaptive to heteroscedasticity, we extensively compare the prediction intervals of both in open datasets.",Martim Sousa; Ana Maria Tomé; José E. Moreira,3,https://doi.org/10.48550/arxiv.2207.02808,True,http://arxiv.org/abs/2207.02808,https://openalex.org/W4284896215,https://arxiv.org/pdf/2207.02808,2022-07-06,2022,conformalized quantile regression,6,Improved conformalized quantile regression,preprint
,Jianming Hu; Yuwen Deng; Jinxing Che,9,https://doi.org/10.1016/j.asoc.2025.113476,False,https://doi.org/10.1016/j.asoc.2025.113476,https://openalex.org/W4411196193,,2025-06-11,2025,conformalized quantile regression,7,A novel wind power interval prediction method based on neural ensemble search and dynamic conformalized quantile regression,article
"Accurate probabilistic forecasting of photovoltaic (PV) power generation is crucial for grid scheduling and renewable energy integration. However, existing approaches often produce prediction intervals with limited calibration accuracy, and the interdependence among meteorological variables is frequently overlooked. This study proposes a probabilistic forecasting framework based on a Multi-scale Temporal–Spatial Attention Quantile Regression Network (MTSA-QRN) and an adaptive calibration mechanism to enhance uncertainty quantification and ensure statistically reliable prediction intervals. The framework employs a dual-pathway architecture: a temporal pathway combining Temporal Convolutional Networks (TCN) and multi-head self-attention to capture hierarchical temporal dependencies, and a spatial pathway based on Graph Attention Networks (GAT) to model nonlinear meteorological correlations. A learnable gated fusion mechanism adaptively integrates temporal–spatial representations, and weather-adaptive modules enhance robustness under diverse atmospheric conditions. Multi-quantile prediction intervals are calibrated using conformalized quantile regression to ensure reliable uncertainty coverage. Experiments on a real-world PV dataset (15 min resolution) demonstrate that the proposed method offers more accurate and sharper uncertainty estimates than competitive benchmarks, supporting risk-aware operational decision-making in power systems. Quantitative evaluation on a real-world 40 MW photovoltaic plant demonstrates that the proposed MTSA-QRN achieves a CRPS of 0.0400 before calibration, representing an improvement of over 55% compared with representative deep learning baselines such as Quantile-GRU, Quantile-LSTM, and Quantile-Transformer. After adaptive calibration, the proposed method attains a reliable empirical coverage close to the nominal level (PICP90 = 0.9053), indicating effective uncertainty calibration. Although the calibrated prediction intervals become wider, the model maintains a competitive CRPS value (0.0453), striking a favorable balance between reliability and probabilistic accuracy. These results demonstrate the effectiveness of the proposed framework for reliable probabilistic photovoltaic power forecasting.",Guanghu Wang; Yan Zhou; Yan Yan; Zhihan Zhou; Zikang Yang; Litao Dai; Junpeng Huang,8,https://doi.org/10.3390/su18020739,True,https://doi.org/10.3390/su18020739,https://openalex.org/W7122830233,https://www.mdpi.com/2071-1050/18/2/739/pdf?version=1768126290,2026-01-11,2026,conformalized quantile regression,8,Probabilistic Photovoltaic Power Forecasting with Reliable Uncertainty Quantification via Multi-Scale Temporal–Spatial Attention and Conformalized Quantile Regression,article
,Kian Lun Soon; Lam Tatt Soon,6,https://doi.org/10.1016/j.jpowsour.2025.239123,False,https://doi.org/10.1016/j.jpowsour.2025.239123,https://openalex.org/W4417476317,,2025-12-18,2025,conformalized quantile regression,9,Enhancing reliability in electrified transportation: A conformalized quantile regression framework for battery state-of-charge uncertainty quantification,article
"AMOLED IT develops low‐frequency technology to meet the market's low power consumption needs. If the frequency is lowered to 48hz, the logic power consumption compared to 120hz can be reduced by about 30%. However, the flicker phenomenon during low‐frequency operation is a significant defect that customers can immediately recognize. The cause of the flicker phenomenon is known to have various effects, such as process, design, and device characteristics. However, there needed to be a way to calculate it, considering all parameters accurately. To solve this issue, we developed an AI that can predict by collecting information on the process, panel design, device characteristics, and flicker data mentioned above and using XAI to analyze the AI. As a result, we could determine the cause of the flicker under what circumstances. We applied synthetic generation AI to improve insufficient experimental data and improved predictive consistency through optimization. We additionally discovered a cause that was not well known before, and the importance of each parameter was identified. As a result, using this technology to predict the flicker phenomenon in advance when changing the process, prevent failures, and predict the risk of new IT models. Moreover, the prediction reliability of the model was verified by conformalized quantile regression to minimize the risk.",Kyongtae Park; SeongBaik Chu,3,https://doi.org/10.1002/sdtp.16549,False,https://doi.org/10.1002/sdtp.16549,https://openalex.org/W4386296825,,2023-06-01,2023,conformalized quantile regression,10,22‐2: Low power consumption optimization using conformalized quantile regression,conference-paper
"This paper presents a novel probabilistic forecasting method called ensemble conformalized quantile regression (EnCQR). EnCQR constructs distribution-free and approximately marginally valid prediction intervals (PIs), which are suitable for nonstationary and heteroscedastic time series data. EnCQR can be applied on top of a generic forecasting model, including deep learning architectures. EnCQR exploits a bootstrap ensemble estimator, which enables the use of conformal predictors for time series by removing the requirement of data exchangeability. The ensemble learners are implemented as generic machine learning algorithms performing quantile regression, which allow the length of the PIs to adapt to local variability in the data. In the experiments, we predict time series characterized by a different amount of heteroscedasticity. The results demonstrate that EnCQR outperforms models based only on quantile regression or conformal prediction, and it provides sharper, more informative, and valid PIs.",Vilde Jensen; Filippo Maria Bianchi; Stian Norman Anfinsen,2,https://doi.org/10.48550/arxiv.2202.08756,True,http://arxiv.org/abs/2202.08756,https://openalex.org/W4226238942,https://arxiv.org/pdf/2202.08756,2022-02-17,2022,conformalized quantile regression,11,Ensemble Conformalized Quantile Regression for Probabilistic Time Series Forecasting,preprint
"Predicting the minimum operating voltage$V_{min}$of chips is one of the important techniques for improving the manufacturing testing flow, as well as ensuring the long-term reliability and safety of in-field systems. Current$V_{min}$prediction methods often provide only point estimates, necessitating additional techniques for constructing prediction confidence intervals to cover uncertainties caused by different sources of variations. While some existing techniques offer region predictions, but they rely on certain distributional assumptions and/or provide no coverage guarantees. In response to these limitations, we propose a novel distribution-free$V_{min}$interval estimation methodology possessing a theoretical guarantee of coverage. Our approach leverages conformalized quantile regression and on-chip monitors to generate reliable prediction intervals. We demonstrate the effectiveness of the proposed method on an industrial 5nm automotive chip dataset. Moreover, we show that the use of on-chip monitors can reduce the interval length significantly for$V_{min}$prediction.",Yuxuan Yin; Xiaoxiao Wang; Rebecca Chen; Chen He; Peng Li,4,https://doi.org/10.23919/date58400.2024.10546601,False,https://doi.org/10.23919/date58400.2024.10546601,https://openalex.org/W4401568737,,2024-03-25,2024,conformalized quantile regression,12,Reliable Interval Prediction of Minimum Operating Voltage Based on On-Chip Monitors via Conformalized Quantile Regression,conference-paper
"We extend conformal prediction methodology beyond the case of exchangeable data. In particular, we show that a weighted version of conformal prediction can be used to compute distribution-free prediction intervals for problems in which the test and training covariate distributions differ, but the likelihood ratio between these two distributions is known---or, in practice, can be estimated accurately with access to a large set of unlabeled data (test covariate points). Our weighted extension of conformal prediction also applies more generally, to settings in which the data satisfies a certain weighted notion of exchangeability. We discuss other potential applications of our new conformal methodology, including latent variable and missing data problems.",Ryan J. Tibshirani; Rina Foygel Barber; Emmanuel J. Candès; Aaditya Ramdas,53,https://doi.org/10.48550/arxiv.1904.06019,True,http://arxiv.org/abs/1904.06019,https://openalex.org/W2936788460,https://arxiv.org/pdf/1904.06019,2019-04-12,2019,conformal prediction covariate shift,1,Conformal Prediction Under Covariate Shift,preprint
"Many applications of machine-learning methods involve an iterative protocol in which data are collected, a model is trained, and then outputs of that model are used to choose what data to consider next. For example, a data-driven approach for designing proteins is to train a regression model to predict the fitness of protein sequences and then use it to propose new sequences believed to exhibit greater fitness than observed in the training data. Since validating designed sequences in the wet laboratory is typically costly, it is important to quantify the uncertainty in the model's predictions. This is challenging because of a characteristic type of distribution shift between the training and test data that arises in the design setting-one in which the training and test data are statistically dependent, as the latter is chosen based on the former. Consequently, the model's error on the test data-that is, the designed sequences-has an unknown and possibly complex relationship with its error on the training data. We introduce a method to construct confidence sets for predictions in such settings, which account for the dependence between the training and test data. The confidence sets we construct have finite-sample guarantees that hold for any regression model, even when it is used to choose the test-time input distribution. As a motivating use case, we use real datasets to demonstrate how our method quantifies uncertainty for the predicted fitness of designed proteins and can therefore be used to select design algorithms that achieve acceptable tradeoffs between high predicted fitness and low predictive uncertainty.",Clara Fannjiang; Stephen Bates; Anastasios N. Angelopoulos; Jennifer Listgarten; Michael I. Jordan,41,https://doi.org/10.1073/pnas.2204569119,True,https://doi.org/10.1073/pnas.2204569119,https://openalex.org/W4306735081,,2022-10-18,2022,conformal prediction covariate shift,2,Conformal prediction under feedback covariate shift for biomolecular design,article
"Covariate shift is a common and important assumption in transfer learning and domain adaptation to treat the distributional difference between the training and testing data. We propose a nonparametric test of covariate shift using the conformal prediction framework. The construction of our test statistic combines recent developments in conformal prediction with a novel choice of conformity score, resulting in a valid and powerful test statistic under very general settings. To our knowledge, this is the first successful attempt of using conformal prediction for testing statistical hypotheses. Our method is suitable for modern machine learning scenarios where the data has high dimensionality and large sample sizes, and can be effectively combined with existing classification algorithms to find good conformity score functions. The performance of the proposed method is demonstrated in synthetic and real data examples.",Xiaoyu Hu; Jing Lei,11,,True,http://export.arxiv.org/pdf/2010.07147,https://openalex.org/W3092762989,,2020-10-14,2020,conformal prediction covariate shift,3,A Distribution-Free Test of Covariate Shift Using Conformal Prediction,preprint
"Conformal prediction is a popular, modern technique for providing valid predictive inference for arbitrary machine learning models. Its validity relies on the assumptions of exchangeability of the data, and symmetry of the given model fitting algorithm as a function of the data. However, exchangeability is often violated when predictive models are deployed in practice. For example, if the data distribution drifts over time, then the data points are no longer exchangeable; moreover, in such settings, we might want to use a nonsymmetric algorithm that treats recent observations as more relevant. This paper generalizes conformal prediction to deal with both aspects: we employ weighted quantiles to introduce robustness against distribution drift, and design a new randomization technique to allow for algorithms that do not treat data points symmetrically. Our new methods are provably robust, with substantially less loss of coverage when exchangeability is violated due to distribution drift or other challenging features of real data, while also achieving the same coverage guarantees as existing conformal prediction methods if the data points are in fact exchangeable. We demonstrate the practical utility of these new tools with simulations and real-data experiments on electricity and election forecasting.",Rina Foygel Barber; Emmanuel J. Candès; Aaditya Ramdas; Ryan J. Tibshirani,205,https://doi.org/10.1214/23-aos2276,True,https://doi.org/10.1214/23-aos2276,https://openalex.org/W4380490520,https://projecteuclid.org/journals/annals-of-statistics/volume-51/issue-2/Conformal-prediction-beyond-exchangeability/10.1214/23-AOS2276.pdf,2023-04-01,2023,conformal prediction covariate shift,4,Conformal prediction beyond exchangeability,article
"In this work we provide a review of basic ideas and novel developments about Conformal Prediction — an innovative distribution-free, non-parametric forecasting method, based on minimal assumptions — that is able to yield in a very straightforward way prediction sets that are valid in a statistical sense also in the finite sample case. The discussion provided in the paper covers the theoretical underpinnings of Conformal Prediction, and then proceeds to list the more advanced developments and adaptations of the original idea.",Matteo Fontana; Gianluca Zeni; Simone Vantini,162,https://doi.org/10.3150/21-bej1447,True,https://doi.org/10.3150/21-bej1447,https://openalex.org/W3025031475,https://arxiv.org/pdf/2005.07972,2022-10-14,2022,conformal prediction covariate shift,5,Conformal prediction: A unified review of theory and new challenges,article
"Many applications of machine learning methods involve an iterative protocol in which data are collected, a model is trained, and then outputs of that model are used to choose what data to consider next. For example, one data-driven approach for designing proteins is to train a regression model to predict the fitness of protein sequences, then use it to propose new sequences believed to exhibit greater fitness than observed in the training data. Since validating designed sequences in the wet lab is typically costly, it is important to quantify the uncertainty in the model's predictions. This is challenging because of a characteristic type of distribution shift between the training and test data in the design setting -- one in which the training and test data are statistically dependent, as the latter is chosen based on the former. Consequently, the model's error on the test data -- that is, the designed sequences -- has an unknown and possibly complex relationship with its error on the training data. We introduce a method to quantify predictive uncertainty in such settings. We do so by constructing confidence sets for predictions that account for the dependence between the training and test data. The confidence sets we construct have finite-sample guarantees that hold for any prediction algorithm, even when a trained model chooses the test-time input distribution. As a motivating use case, we demonstrate with several real data sets how our method quantifies uncertainty for the predicted fitness of designed proteins, and can therefore be used to select design algorithms that achieve acceptable trade-offs between high predicted fitness and low predictive uncertainty.",Clara Fannjiang; Stephen Bates; Anastasios N. Angelopoulos; Jennifer Listgarten; Michael I. Jordan,2,https://doi.org/10.48550/arxiv.2202.03613,True,http://arxiv.org/abs/2202.03613,https://openalex.org/W4226493255,https://arxiv.org/pdf/2202.03613,2022-02-08,2022,conformal prediction covariate shift,6,Conformal Prediction Under Feedback Covariate Shift for Biomolecular Design,preprint
"Abstract Deviance from social norms has been extensively examined in recent strategy research, leaving the strategic implications of conformity largely unexplored. In this article, we argue that firms can elect to conform to a norm along two dimensions: compliance with the goal and level of commitment to the procedures. We then produce a typology of four norm‐conforming behaviors, which allows us to isolate differentiated effects of conformity on firm reputation. We examine the corporate environmental disclosures of 90 U.S. firms and find that firms derive different reputational rewards depending on whether they conform to the goal or procedure dimension of the environmental transparency norm. In addition, the relationship between conformity and reputation is moderated by the firm's prior reputation and the stringency of the normative environment. Copyright © 2011 John Wiley &amp; Sons, Ltd.",Déborah Philippe; Rodolphe Durand,306,https://doi.org/10.1002/smj.919,True,https://doi.org/10.1002/smj.919,https://openalex.org/W2010913949,https://onlinelibrary.wiley.com/doi/pdfdirect/10.1002/smj.919,2011-01-13,2011,conformal prediction covariate shift,7,The impact of norm‐conforming behaviors on firm reputation,article
,Siddhartha Laghuvarapu; Zhen Lin; Jimeng Sun,2,https://doi.org/10.52202/075280-1641,False,https://doi.org/10.52202/075280-1641,https://openalex.org/W7133183741,,2023-01-01,2023,conformal prediction covariate shift,8,CoDrug: Conformal Drug Property Prediction with Density Estimation under Covariate Shift,conference-paper
"Conformal prediction has received tremendous attention in recent years and has offered new solutions to problems in missing data and causal inference; yet these advances have not leveraged modern semi-parametric efficiency theory for more efficient uncertainty quantification. We consider the problem of obtaining well-calibrated prediction regions that can data adaptively account for a shift in the distribution of covariates between training and test data. Under a covariate shift assumption analogous to the standard missing at random assumption, we propose a general framework based on efficient influence functions to construct well-calibrated prediction regions for the unobserved outcome in the test sample without compromising coverage.",Yachong Yang; Arun Kumar Kuchibhotla; Eric Tchetgen Tchetgen,18,https://doi.org/10.1093/jrsssb/qkae009,True,https://doi.org/10.1093/jrsssb/qkae009,https://openalex.org/W4392383780,https://pmc.ncbi.nlm.nih.gov/articles/PMC11398884/pdf/qkae009.pdf,2024-03-04,2024,conformal prediction covariate shift,9,Doubly robust calibration of prediction sets under covariate shift,article
"In drug discovery, it is vital to confirm the predictions of pharmaceutical properties from computational models using costly wet-lab experiments. Hence, obtaining reliable uncertainty estimates is crucial for prioritizing drug molecules for subsequent experimental validation. Conformal Prediction (CP) is a promising tool for creating such prediction sets for molecular properties with a coverage guarantee. However, the exchangeability assumption of CP is often challenged with covariate shift in drug discovery tasks: Most datasets contain limited labeled data, which may not be representative of the vast chemical space from which molecules are drawn. To address this limitation, we propose a method called CoDrug that employs an energy-based model leveraging both training data and unlabelled data, and Kernel Density Estimation (KDE) to assess the densities of a molecule set. The estimated densities are then used to weigh the molecule samples while building prediction sets and rectifying for distribution shift. In extensive experiments involving realistic distribution drifts in various small-molecule drug discovery tasks, we demonstrate the ability of CoDrug to provide valid prediction sets and its utility in addressing the distribution shift arising from de novo drug design models. On average, using CoDrug can reduce the coverage gap by over 35% when compared to conformal prediction sets not adjusted for covariate shift.",Siddhartha Laghuvarapu; Zhen Lin; Jimeng Sun,1,https://doi.org/10.48550/arxiv.2310.12033,True,http://arxiv.org/abs/2310.12033,https://openalex.org/W4387801342,https://arxiv.org/pdf/2310.12033,2023-10-18,2023,conformal prediction covariate shift,10,Conformal Drug Property Prediction with Density Estimation under Covariate Shift,preprint
"Summary We propose a new inference framework called localized conformal prediction. It generalizes the framework of conformal prediction by offering a single-test-sample adaptive construction that emphasizes a local region around this test sample, and can be combined with different conformal scores. The proposed framework enjoys an assumption-free finite sample marginal coverage guarantee, and it also offers additional local coverage guarantees under suitable assumptions. We demonstrate how to change from conformal prediction to localized conformal prediction using several conformal scores, and we illustrate a potential gain via numerical examples.",Leying Guan,50,https://doi.org/10.1093/biomet/asac040,True,https://doi.org/10.1093/biomet/asac040,https://openalex.org/W3167215506,https://academic.oup.com/biomet/advance-article-pdf/doi/10.1093/biomet/asac040/45911782/asac040.pdf,2022-07-21,2022,conformal prediction covariate shift,11,Localized conformal prediction: a generalized inference framework for conformal prediction,article
"Multivariate Imputation by Chained Equations (MICE) is the name of software for imputing incomplete multivariate data by Fully Conditional Specification (FCS). MICE V1.0 appeared in the year 2000 as an S-PLUS library, and in 2001 as an R package. MICE V1.0 introduced predictor selection, passive imputation and automatic pooling. This article presents MICE V2.0, which extends the functionality of MICE V1.0 in several ways. In MICE V2.0, the analysis of imputed data is made completely general, whereas the range of models under which pooling works is substantially extended. MICE V2.0 adds new functionality for imputing multilevel data, automatic predictor selection, data handling, post-processing imputed values, specialized pooling and model selection. Imputation of categorical data is improved in order to bypass problems caused by perfect prediction. Special attention to transformations, sum scores, indices and interactions using passive imputation, and to the proper setup of the predictor matrix. MICE V2.0 is freely available from CRAN as an R package mice. This article provides a hands-on, stepwise approach to using mice for solving incomplete data problems in real data.",Stef van Buuren; Karin Groothuis‐Oudshoorn,6248,,True,http://citeseerx.ist.psu.edu/viewdoc/summary?doi=10.1.1.169.5745,https://openalex.org/W4298826872,,2010-08-18,2010,conformal prediction covariate shift,12,MICE: Multivariate Imputation by Chained Equations in R,article
"This work proposes a new meta-heuristic called Grey Wolf Optimizer (GWO) inspired by grey wolves (Canis lupus). The GWO algorithm mimics the leadership hierarchy and hunting mechanism of grey wolves in nature. Four types of grey wolves such as alpha, beta, delta, and omega are employed for simulating the leadership hierarchy. In addition, the three main steps of hunting, searching for prey, encircling prey, and attacking prey, are implemented. The algorithm is then benchmarked on 29 well-known test functions, and the results are verified by a comparative study with Particle Swarm Optimization (PSO), Gravitational Search Algorithm (GSA), Differential Evolution (DE), Evolutionary Programming (EP), and Evolution Strategy (ES). The results show that the GWO algorithm is able to provide very competitive results compared to these well-known meta-heuristics. The paper also considers solving three classical engineering design problems (tension/compression spring, welded beam, and pressure vessel designs) and presents a real application of the proposed method in the field of optical engineering. The results of the classical engineering design problems and real application prove that the proposed algorithm is applicable to challenging problems with unknown search spaces.",Seyedali Mirjalili; Seyed Mohammad Mirjalili; Seyed Mohammad Mirjalili; Seyed Mohammad Mirjalili; Andrew Lewis,18824,https://doi.org/10.1016/j.advengsoft.2013.12.007,True,https://doi.org/10.1016/j.advengsoft.2013.12.007,https://openalex.org/W2061438946,http://hdl.handle.net/10072/66188,2014-01-22,2014,distributionally robust optimization group shift,1,Grey Wolf Optimizer,article
"An account is given of the development of the SHELX system of computer programs from SHELX-76 to the present day. In addition to identifying useful innovations that have come into general use through their implementation in SHELX, a critical analysis is presented of the less-successful features, missed opportunities and desirable improvements for future releases of the software. An attempt is made to understand how a program originally designed for photographic intensity data, punched cards and computers over 10000 times slower than an average modern personal computer has managed to survive for so long. SHELXL is the most widely used program for small-molecule refinement and SHELXS and SHELXD are often employed for structure solution despite the availability of objectively superior programs. SHELXL also finds a niche for the refinement of macromolecules against high-resolution or twinned data; SHELXPRO acts as an interface for macromolecular applications. SHELXC, SHELXD and SHELXE are proving useful for the experimental phasing of macromolecules, especially because they are fast and robust and so are often employed in pipelines for high-throughput phasing. This paper could serve as a general literature citation when one or more of the open-source SHELX programs (and the Bruker AXS version SHELXTL) are employed in the course of a crystal-structure determination.",George M. Sheldrick,87612,https://doi.org/10.1107/s0108767307043930,True,https://doi.org/10.1107/s0108767307043930,https://openalex.org/W2131350133,https://journals.iucr.org/a/issues/2008/01/00/sc5010/sc5010.pdf,2007-12-21,2007,distributionally robust optimization group shift,2,A short history of<i>SHELX</i>,article
"QUANTUM ESPRESSO is an integrated suite of computer codes for electronic-structure calculations and materials modeling, based on density-functional theory, plane waves, and pseudopotentials (norm-conserving, ultrasoft, and projector-augmented wave). The acronym ESPRESSO stands for opEn Source Package for Research in Electronic Structure, Simulation, and Optimization. It is freely available to researchers around the world under the terms of the GNU General Public License. QUANTUM ESPRESSO builds upon newly-restructured electronic-structure codes that have been developed and tested by some of the original authors of novel electronic-structure algorithms and applied in the last twenty years by some of the leading materials modeling groups worldwide. Innovation and efficiency are still its main focus, with special attention paid to massively parallel architectures, and a great effort being devoted to user friendliness. QUANTUM ESPRESSO is evolving towards a distribution of independent and interoperable codes in the spirit of an open-source project, where researchers active in the field of electronic-structure calculations are encouraged to participate in the project by contributing their own codes or by implementing their own ideas into existing codes.",Paolo Giannozzi; Stefano Baroni; Nicola Bonini; Matteo Calandra; Roberto Car; Carlo Cavazzoni; Davide Ceresoli; G. Chiarotti; Matteo Cococcioni; Ismaïla Dabo; Andrea Dal Corso; Stefano de Gironcoli; Stefano Fabris; Guido Fratesi; Ralph Gebauer; U. Gerstmann; Christos Gougoussis; Anton Kokalj; Michele Lazzeri; Layla Martin‐Samos; Nicola Marzari; Francesco Mauri; Riccardo Mazzarello; Stefano Paolini; Alfredo Pasquarello; Lorenzo Paulatto; Carlo Sbraccia; Sandro Scandolo; Gabriele Sclauzero; Ari P. Seitsonen; Alexander Smogunov; Paolo Umari; Renata M. Wentzcovitch,29077,https://doi.org/10.1088/0953-8984/21/39/395502,True,https://doi.org/10.1088/0953-8984/21/39/395502,https://openalex.org/W2120145199,https://iopscience.iop.org/article/10.1088/0953-8984/21/39/395502/pdf,2009-09-01,2009,distributionally robust optimization group shift,3,QUANTUM ESPRESSO: a modular and open-source software project for quantum simulations of materials,article
"Overparameterized neural networks can be highly accurate on average on an i.i.d. test set yet consistently fail on atypical groups of the data (e.g., by learning spurious correlations that hold on average but not in such groups). Distributionally robust optimization (DRO) allows us to learn models that instead minimize the worst-case training loss over a set of pre-defined groups. However, we find that naively applying group DRO to overparameterized neural networks fails: these models can perfectly fit the training data, and any model with vanishing average training loss also already has vanishing worst-case training loss. Instead, the poor worst-case performance arises from poor generalization on some groups. By coupling group DRO models with increased regularization---a stronger-than-typical L2 penalty or early stopping---we achieve substantially higher worst-group accuracies, with 10-40 percentage point improvements on a natural language inference task and two image tasks, while maintaining high average accuracies. Our results suggest that regularization is important for worst-group generalization in the overparameterized regime, even if it is not needed for average generalization. Finally, we introduce a stochastic optimization algorithm, with convergence guarantees, to efficiently train group DRO models.",Shiori Sagawa; Pang Wei Koh; Tatsunori Hashimoto; Percy Liang,368,https://doi.org/10.48550/arxiv.1911.08731,True,http://arxiv.org/abs/1911.08731,https://openalex.org/W2991497298,https://arxiv.org/pdf/1911.08731,2019-11-20,2019,distributionally robust optimization group shift,4,Distributionally Robust Neural Networks for Group Shifts: On the Importance of Regularization for Worst-Case Generalization,preprint
,Marco Dorigo; Christian Blum,2298,https://doi.org/10.1016/j.tcs.2005.05.020,True,https://doi.org/10.1016/j.tcs.2005.05.020,https://openalex.org/W2118573797,https://www.sciencedirect.com/science/article/pii/S0304397505003798/pdf,2005-08-04,2005,distributionally robust optimization group shift,5,Ant colony optimization theory: A survey,article
"Modern semiempirical methods are of sufficient accuracy when used in the modeling of molecules of the same type as used as reference data in the parameterization. Outside that subset, however, there is an abundance of evidence that these methods are of very limited utility. In an attempt to expand the range of applicability, a new method called PM7 has been developed. PM7 was parameterized using experimental and high-level ab initio reference data, augmented by a new type of reference data intended to better define the structure of parameter space. The resulting method was tested by modeling crystal structures and heats of formation of solids. Two changes were made to the set of approximations: a modification was made to improve the description of noncovalent interactions, and two minor errors in the NDDO formalism were rectified. Average unsigned errors (AUEs) in geometry and ΔHf for PM7 were reduced relative to PM6; for simple gas-phase organic systems, the AUE in bond lengths decreased by about 5% and the AUE in ΔHf decreased by about 10%; for organic solids, the AUE in ΔHf dropped by 60% and the reduction was 33.3% for geometries. A two-step process (PM7-TS) for calculating the heights of activation barriers has been developed. Using PM7-TS, the AUE in the barrier heights for simple organic reactions was decreased from values of 12.6 kcal/mol(-1) in PM6 and 10.8 kcal/mol(-1) in PM7 to 3.8 kcal/mol(-1). The origins of the errors in NDDO methods have been examined, and were found to be attributable to inadequate and inaccurate reference data. This conclusion provides insight into how these methods can be improved.",James J. P. Stewart,2058,https://doi.org/10.1007/s00894-012-1667-x,True,https://doi.org/10.1007/s00894-012-1667-x,https://openalex.org/W2032084435,https://link.springer.com/content/pdf/10.1007/s00894-012-1667-x.pdf,2012-11-28,2012,distributionally robust optimization group shift,6,Optimization of parameters for semiempirical methods VI: more modifications to the NDDO approximations and re-optimization of parameters,article
"BACKGROUND: There has been a long-standing need in biomedical research for a method that quantifies the normally mixed composition of leukocytes beyond what is possible by simple histological or flow cytometric assessments. The latter is restricted by the labile nature of protein epitopes, requirements for cell processing, and timely cell analysis. In a diverse array of diseases and following numerous immune-toxic exposures, leukocyte composition will critically inform the underlying immuno-biology to most chronic medical conditions. Emerging research demonstrates that DNA methylation is responsible for cellular differentiation, and when measured in whole peripheral blood, serves to distinguish cancer cases from controls. RESULTS: Here we present a method, similar to regression calibration, for inferring changes in the distribution of white blood cells between different subpopulations (e.g. cases and controls) using DNA methylation signatures, in combination with a previously obtained external validation set consisting of signatures from purified leukocyte samples. We validate the fundamental idea in a cell mixture reconstruction experiment, then demonstrate our method on DNA methylation data sets from several studies, including data from a Head and Neck Squamous Cell Carcinoma (HNSCC) study and an ovarian cancer study. Our method produces results consistent with prior biological findings, thereby validating the approach. CONCLUSIONS: Our method, in combination with an appropriate external validation set, promises new opportunities for large-scale immunological studies of both disease states and noxious exposures.",E. Andrés Houseman; William P. Accomando; Devin C. Koestler; Brock C. Christensen; Carmen J. Marsit; Heather H. Nelson; John K. Wiencke; Karl T. Kelsey,3500,https://doi.org/10.1186/1471-2105-13-86,True,https://doi.org/10.1186/1471-2105-13-86,https://openalex.org/W2169556367,https://bmcbioinformatics.biomedcentral.com/counter/pdf/10.1186/1471-2105-13-86,2012-05-08,2012,distributionally robust optimization group shift,7,DNA methylation arrays as surrogate measures of cell mixture distribution,article
"Species distribution models (SDMs) are increasingly proposed to support conservation decision making. However, evidence of SDMs supporting solutions for on-ground conservation problems is still scarce in the scientific literature. Here, we show that successful examples exist but are still largely hidden in the grey literature, and thus less accessible for analysis and learning. Furthermore, the decision framework within which SDMs are used is rarely made explicit. Using case studies from biological invasions, identification of critical habitats, reserve selection and translocation of endangered species, we propose that SDMs may be tailored to suit a range of decision-making contexts when used within a structured and transparent decision-making process. To construct appropriate SDMs to more effectively guide conservation actions, modellers need to better understand the decision process, and decision makers need to provide feedback to modellers regarding the actual use of SDMs to support conservation decisions. This could be facilitated by individuals or institutions playing the role of 'translators' between modellers and decision makers. We encourage species distribution modellers to get involved in real decision-making processes that will benefit from their technical input; this strategy has the potential to better bridge theory and practice, and contribute to improve both scientific knowledge and conservation outcomes.",Antoine Guisan; Reid Tingley; John B. Baumgartner; Ilona Naujokaitis‐Lewis; Patricia Sutcliffe; Ayesha Tulloch; Tracey J. Regan; Lluis Brotons; Eve McDonald‐Madden; Chrystal Mantyka‐Pringle; Tara G. Martin; Jonathan R. Rhodes; Ramona Maggini; Samantha A. Setterfield; Jane Elith; Mark W. Schwartz; Brendan A. Wintle; Olivier Broennimann; Mike P. Austin; Simon Ferrier; Michael Kearney; Hugh P. Possingham; Yvonne M. Buckley,2049,https://doi.org/10.1111/ele.12189,True,https://doi.org/10.1111/ele.12189,https://openalex.org/W2127367934,,2013-10-17,2013,distributionally robust optimization group shift,8,Predicting species distributions for conservation decisions,article
"We introduce a flexible and robust simulation-based framework to infer demographic parameters from the site frequency spectrum (SFS) computed on large genomic datasets. We show that our composite-likelihood approach allows one to study evolutionary models of arbitrary complexity, which cannot be tackled by other current likelihood-based methods. For simple scenarios, our approach compares favorably in terms of accuracy and speed with ∂a∂i, the current reference in the field, while showing better convergence properties for complex models. We first apply our methodology to non-coding genomic SNP data from four human populations. To infer their demographic history, we compare neutral evolutionary models of increasing complexity, including unsampled populations. We further show the versatility of our framework by extending it to the inference of demographic parameters from SNP chips with known ascertainment, such as that recently released by Affymetrix to study human origins. Whereas previous ways of handling ascertained SNPs were either restricted to a single population or only allowed the inference of divergence time between a pair of populations, our framework can correctly infer parameters of more complex models including the divergence of several populations, bottlenecks and migration. We apply this approach to the reconstruction of African demography using two distinct ascertained human SNP panels studied under two evolutionary models. The two SNP panels lead to globally very similar estimates and confidence intervals, and suggest an ancient divergence (>110 Ky) between Yoruba and San populations. Our methodology appears well suited to the study of complex scenarios from large genomic data sets.",Laurent Excoffier; Isabelle Dupanloup; Emilia Huerta‐Sánchez; Vítor C. Sousa; Matthieu Foll,1663,https://doi.org/10.1371/journal.pgen.1003905,True,https://doi.org/10.1371/journal.pgen.1003905,https://openalex.org/W1990275569,https://journals.plos.org/plosgenetics/article/file?id=10.1371/journal.pgen.1003905&type=printable,2013-10-24,2013,distributionally robust optimization group shift,9,Robust Demographic Inference from Genomic and SNP Data,article
"We trained a large, deep convolutional neural network to classify the 1.2 million high-resolution images in the ImageNet LSVRC-2010 contest into the 1000 different classes. On the test data, we achieved top-1 and top-5 error rates of 37.5% and 17.0%, respectively, which is considerably better than the previous state-of-the-art. The neural network, which has 60 million parameters and 650,000 neurons, consists of five convolutional layers, some of which are followed by max-pooling layers, and three fully connected layers with a final 1000-way softmax. To make training faster, we used non-saturating neurons and a very efficient GPU implementation of the convolution operation. To reduce overfitting in the fully connected layers we employed a recently developed regularization method called ""dropout"" that proved to be very effective. We also entered a variant of this model in the ILSVRC-2012 competition and achieved a winning top-5 test error rate of 15.3%, compared to 26.2% achieved by the second-best entry.",Alex Krizhevsky; Ilya Sutskever; Geoffrey E. Hinton,75720,https://doi.org/10.1145/3065386,True,https://doi.org/10.1145/3065386,https://openalex.org/W2163605009,http://dl.acm.org/ft_gateway.cfm?id=3065386&type=pdf,2017-05-24,2017,distributionally robust optimization group shift,10,ImageNet classification with deep convolutional neural networks,article
"Multilayer neural networks trained with the back-propagation algorithm constitute the best example of a successful gradient based learning technique. Given an appropriate network architecture, gradient-based learning algorithms can be used to synthesize a complex decision surface that can classify high-dimensional patterns, such as handwritten characters, with minimal preprocessing. This paper reviews various methods applied to handwritten character recognition and compares them on a standard handwritten digit recognition task. Convolutional neural networks, which are specifically designed to deal with the variability of 2D shapes, are shown to outperform all other techniques. Real-life document recognition systems are composed of multiple modules including field extraction, segmentation recognition, and language modeling. A new learning paradigm, called graph transformer networks (GTN), allows such multimodule systems to be trained globally using gradient-based methods so as to minimize an overall performance measure. Two systems for online handwriting recognition are described. Experiments demonstrate the advantage of global training, and the flexibility of graph transformer networks. A graph transformer network for reading a bank cheque is also described. It uses convolutional neural network character recognizers combined with global training techniques to provide record accuracy on business and personal cheques. It is deployed commercially and reads several million cheques per day.",Yann LeCun; Léon Bottou; Yoshua Bengio; Patrick Haffner,58923,https://doi.org/10.1109/5.726791,True,https://doi.org/10.1109/5.726791,https://openalex.org/W2112796928,https://hal.science/hal-03926082/document,1998-01-01,1998,distributionally robust optimization group shift,11,Gradient-based learning applied to document recognition,article
,Nick Kingsbury,1671,https://doi.org/10.1006/acha.2000.0343,True,https://doi.org/10.1006/acha.2000.0343,https://openalex.org/W2129276048,https://www.sciencedirect.com/science/article/pii/S1063520300903439/pdf,2001-05-01,2001,distributionally robust optimization group shift,12,Complex Wavelets for Shift Invariant Analysis and Filtering of Signals,article
"Distribution shifts -- where the training distribution differs from the test distribution -- can substantially degrade the accuracy of machine learning (ML) systems deployed in the wild. Despite their ubiquity in the real-world deployments, these distribution shifts are under-represented in the datasets widely used in the ML community today. To address this gap, we present WILDS, a curated benchmark of 10 datasets reflecting a diverse range of distribution shifts that naturally arise in real-world applications, such as shifts across hospitals for tumor identification; across camera traps for wildlife monitoring; and across time and location in satellite imaging and poverty mapping. On each dataset, we show that standard training yields substantially lower out-of-distribution than in-distribution performance. This gap remains even with models trained by existing methods for tackling distribution shifts, underscoring the need for new methods for training models that are more robust to the types of distribution shifts that arise in practice. To facilitate method development, we provide an open-source package that automates dataset loading, contains default model architectures and hyperparameters, and standardizes evaluations. Code and leaderboards are available at https://wilds.stanford.edu.",Pang Wei Koh; Shiori Sagawa; Henrik Marklund; Sang Michael Xie; Marvin Zhang; Akshay Balsubramani; Weihua Hu; Michihiro Yasunaga; Richard L. Phillips; Irena Gao; Tong Lee; Étienne David; Ian Stavness; Wei Guo; Berton Earnshaw; Imran S. Haque; Sara Beery; Jure Leskovec; Anshul Kundaje; Emma Pierson; Sergey Levine; Chelsea Finn; Percy Liang,286,https://doi.org/10.48550/arxiv.2012.07421,True,http://arxiv.org/abs/2012.07421,https://openalex.org/W3112486745,https://arxiv.org/pdf/2012.07421,2020-12-14,2020,WILDS in the wild distribution shifts benchmark,1,WILDS: A Benchmark of in-the-Wild Distribution Shifts,article
"Distribution shift occurs when the test distribution differs from the training distribution, and it can considerably degrade performance of machine learning models deployed in the real world. Temporal shifts -- distribution shifts arising from the passage of time -- often occur gradually and have the additional structure of timestamp metadata. By leveraging timestamp metadata, models can potentially learn from trends in past distribution shifts and extrapolate into the future. While recent works have studied distribution shifts, temporal shifts remain underexplored. To address this gap, we curate Wild-Time, a benchmark of 5 datasets that reflect temporal distribution shifts arising in a variety of real-world applications, including patient prognosis and news classification. On these datasets, we systematically benchmark 13 prior approaches, including methods in domain generalization, continual learning, self-supervised learning, and ensemble learning. We use two evaluation strategies: evaluation with a fixed time split (Eval-Fix) and evaluation with a data stream (Eval-Stream). Eval-Fix, our primary evaluation strategy, aims to provide a simple evaluation protocol, while Eval-Stream is more realistic for certain real-world applications. Under both evaluation strategies, we observe an average performance drop of 20% from in-distribution to out-of-distribution data. Existing methods are unable to close this gap. Code is available at https://wild-time.github.io/.",Huaxiu Yao; Caroline Choi; Bochuan Cao; Yoonho Lee; Pang Wei Koh; Chelsea Finn,21,https://doi.org/10.48550/arxiv.2211.14238,True,http://arxiv.org/abs/2211.14238,https://openalex.org/W4310285957,https://arxiv.org/pdf/2211.14238,2022-11-25,2022,WILDS in the wild distribution shifts benchmark,2,Wild-Time: A Benchmark of in-the-Wild Distribution Shift over Time,preprint
"AmirAli Bagher Zadeh, Paul Pu Liang, Soujanya Poria, Erik Cambria, Louis-Philippe Morency. Proceedings of the 56th Annual Meeting of the Association for Computational Linguistics (Volume 1: Long Papers). 2018.",AmirAli Bagher Zadeh; Paul Pu Liang; Soujanya Poria; Erik Cambria; Louis‐Philippe Morency,1257,https://doi.org/10.18653/v1/p18-1208,True,https://doi.org/10.18653/v1/p18-1208,https://openalex.org/W2883409523,https://www.aclweb.org/anthology/P18-1208.pdf,2018-01-01,2018,WILDS in the wild distribution shifts benchmark,3,Multimodal Language Analysis in the Wild: CMU-MOSEI Dataset and Interpretable Dynamic Fusion Graph,conference-paper
,Christos Sagonas; Epameinondas Antonakos; Georgios Tzimiropoulos; Stefanos Zafeiriou; Maja Pantić,753,https://doi.org/10.1016/j.imavis.2016.01.002,True,https://doi.org/10.1016/j.imavis.2016.01.002,https://openalex.org/W2284800790,https://www.sciencedirect.com/science/article/pii/S0262885616000147,2016-01-25,2016,WILDS in the wild distribution shifts benchmark,4,300 Faces In-The-Wild Challenge: database and results,article
"The objective of this work is speaker recognition under noisy and unconstrained conditions. We make two key contributions. First, we introduce a very large-scale audio-visual dataset collected from open source media using a fully automated pipeline. Most existing datasets for speaker identification contain samples obtained under quite constrained conditions, and usually require manual annotations, hence are limited in size. We propose a pipeline based on computer vision techniques to create the dataset from open-source media. Our pipeline involves obtaining videos from YouTube; performing active speaker verification using a two-stream synchronization Convolutional Neural Network (CNN), and confirming the identity of the speaker using CNN based facial recognition. We use this pipeline to curate VoxCeleb which contains contains over a million ‘real-world’ utterances from over 6000 speakers. This is several times larger than any publicly available speaker recognition dataset. Second, we develop and compare different CNN architectures with various aggregation methods and training loss functions that can effectively recognise identities from voice under various conditions. The models trained on our dataset surpass the performance of previous works by a significant margin.",Arsha Nagrani; Joon Son Chung; Weidi Xie; Andrew Zisserman,668,https://doi.org/10.1016/j.csl.2019.101027,True,https://doi.org/10.1016/j.csl.2019.101027,https://openalex.org/W2981087920,https://www.sciencedirect.com/science/article/pii/S0885230819302712/pdf,2019-10-16,2019,WILDS in the wild distribution shifts benchmark,5,Voxceleb: Large-scale speaker verification in the wild,article
"Automatic understanding of human affect using visual signals is of great importance in everyday human–machine interactions. Appraising human emotional states, behaviors and reactions displayed in real-world settings, can be accomplished using latent continuous dimensions (e.g., the circumplex model of affect). Valence (i.e., how positive or negative is an emotion) and arousal (i.e., power of the activation of the emotion) constitute popular and effective representations for affect. Nevertheless, the majority of collected datasets this far, although containing naturalistic emotional states, have been captured in highly controlled recording conditions. In this paper, we introduce the Aff-Wild benchmark for training and evaluating affect recognition algorithms. We also report on the results of the First Affect-in-the-wild Challenge (Aff-Wild Challenge) that was recently organized in conjunction with CVPR 2017 on the Aff-Wild database, and was the first ever challenge on the estimation of valence and arousal in-the-wild. Furthermore, we design and extensively train an end-to-end deep neural architecture which performs prediction of continuous emotion dimensions based on visual cues. The proposed deep learning architecture, AffWildNet, includes convolutional and recurrent neural network layers, exploiting the invariant properties of convolutional features, while also modeling temporal dynamics that arise in human behavior via the recurrent layers. The AffWildNet produced state-of-the-art results on the Aff-Wild Challenge. We then exploit the AffWild database for learning features, which can be used as priors for achieving best performances both for dimensional, as well as categorical emotion recognition, using the RECOLA, AFEW-VA and EmotiW 2017 datasets, compared to all other methods designed for the same goal. The database and emotion recognition models are available at http://ibug.doc.ic.ac.uk/resources/first-affect-wild-challenge .",Dimitrios Kollias; Panagiotis Tzirakis; Mihalis A. Nicolaou; Athanasios Papaioannou; Guoying Zhao; Björn W. Schuller; Irene Kotsia; Stefanos Zafeiriou,384,https://doi.org/10.1007/s11263-019-01158-4,True,https://doi.org/10.1007/s11263-019-01158-4,https://openalex.org/W2798536775,https://link.springer.com/content/pdf/10.1007/s11263-019-01158-4.pdf,2019-02-13,2019,WILDS in the wild distribution shifts benchmark,6,"Deep Affect Prediction in-the-Wild: Aff-Wild Database and Challenge, Deep Architectures, and Beyond",article
"In this work, we report the set-up and results of the Liver Tumor Segmentation Benchmark (LiTS), which was organized in conjunction with the IEEE International Symposium on Biomedical Imaging (ISBI) 2017 and the International Conferences on Medical Image Computing and Computer-Assisted Intervention (MICCAI) 2017 and 2018. The image dataset is diverse and contains primary and secondary tumors with varied sizes and appearances with various lesion-to-background levels (hyper-/hypo-dense), created in collaboration with seven hospitals and research institutions. Seventy-five submitted liver and liver tumor segmentation algorithms were trained on a set of 131 computed tomography (CT) volumes and were tested on 70 unseen test images acquired from different patients. We found that not a single algorithm performed best for both liver and liver tumors in the three events. The best liver segmentation algorithm achieved a Dice score of 0.963, whereas, for tumor segmentation, the best algorithms achieved Dices scores of 0.674 (ISBI 2017), 0.702 (MICCAI 2017), and 0.739 (MICCAI 2018). Retrospectively, we performed additional analysis on liver tumor detection and revealed that not all top-performing segmentation algorithms worked well for tumor detection. The best liver tumor detection method achieved a lesion-wise recall of 0.458 (ISBI 2017), 0.515 (MICCAI 2017), and 0.554 (MICCAI 2018), indicating the need for further research. LiTS remains an active benchmark and resource for research, e.g., contributing the liver-related segmentation tasks in http://medicaldecathlon.com/. In addition, both data and online evaluation are accessible via https://competitions.codalab.org/competitions/17094.",Patrick Bilic; Patrick Ferdinand Christ; Hongwei Li; Eugene Vorontsov; Avi Ben-Cohen; Georgios Kaissis; Adi Szeskin; Colin Jacobs; Gabriel Efrain Humpire Mamani; Gabriel Chartrand; Fabian Lohöfer; Julian Walter Holch; Wieland H. Sommer; Felix Hofmann; Alexandre Hostettler; Naama Lev‐Cohain; Michal Drozdzal; Michal Amitai; Refael Vivanti; Jacob Sosna; Ivan Ezhov; Anjany Sekuboyina; Fernando Navarro; Florian Kofler; Johannes C. Paetzold; Suprosanna Shit; Xiaobin Hu; Jana Lipková; Markus Rempfler; Marie Piraud; Jan S. Kirschke; Benedikt Wiestler; Zhiheng Zhang; Christian Hülsemeyer; Marcel Beetz; Florian Ettlinger; Michela Antonelli; Woong Bae; Míriam Bellver; Lei Bi; Hao Chen; Grzegorz Chlebus; Erik B. Dam; Qi Dou; Chi‐Wing Fu; Bogdan Georgescu; Xavier Giró-i-Nieto; Felix Gruen; Xu Han; Pheng‐Ann Heng; Jürgen Hesser; Jan Hendrik Moltz; Christian Igel; Fabian Isensee; Paul F. Jäger; Fucang Jia; Krishna Chaitanya Kaluva; Mahendra Khened; Ildoo Kim; Jae Hun Kim; Sungwoong Kim; Simon Köhl; Tomasz Konopczyński; Avinash Kori; Ganapathy Krishnamurthi; Fan Li; Hongchao Li; Junbo Li; Xiaomeng Li; John Lowengrub; Jun Ma; Klaus Maier‐Hein; Kevis-Kokitsi Maninis; Hans Meine; Dorit Merhof; Akshay Pai; Mathias Perslev; Jens Petersen; Jordi Pont-Tuset; Qi Jin; Xiaojuan Qi; Oliver Rippel; Karsten Roth; Ignacio Sarasúa; Andrea Schenk; Zengming Shen; Jordi Torres; Christian Wachinger; Chunliang Wang; Leon Weninger; Jianrong Wu; Daguang Xu; Xiaoping Yang; Simon C.H. Yu; Yading Yuan; Yue Miao; Liping Zhang; M. Jorge Cardoso; Spyridon Bakas; Rickmer Braren,1194,https://doi.org/10.1016/j.media.2022.102680,True,https://doi.org/10.1016/j.media.2022.102680,https://openalex.org/W2910094941,https://linkinghub.elsevier.com/science/article/pii/S1361841522003085/pdfft?md5=42606dbee21641af7f9e50655c0fdff2&pid=1-s2.0-S1361841522003085-main.pdf,2022-11-17,2022,WILDS in the wild distribution shifts benchmark,7,The Liver Tumor Segmentation Benchmark (LiTS),article
"Abstract The Community Land Model (CLM) is the land component of the Community Earth System Model (CESM) and is used in several global and regional modeling systems. In this paper, we introduce model developments included in CLM version 5 (CLM5), which is the default land component for CESM2. We assess an ensemble of simulations, including prescribed and prognostic vegetation state, multiple forcing data sets, and CLM4, CLM4.5, and CLM5, against a range of metrics including from the International Land Model Benchmarking (ILAMBv2) package. CLM5 includes new and updated processes and parameterizations: (1) dynamic land units, (2) updated parameterizations and structure for hydrology and snow (spatially explicit soil depth, dry surface layer, revised groundwater scheme, revised canopy interception and canopy snow processes, updated fresh snow density, simple firn model, and Model for Scale Adaptive River Transport), (3) plant hydraulics and hydraulic redistribution, (4) revised nitrogen cycling (flexible leaf stoichiometry, leaf N optimization for photosynthesis, and carbon costs for plant nitrogen uptake), (5) global crop model with six crop types and time‐evolving irrigated areas and fertilization rates, (6) updated urban building energy, (7) carbon isotopes, and (8) updated stomatal physiology. New optional features include demographically structured dynamic vegetation model (Functionally Assembled Terrestrial Ecosystem Simulator), ozone damage to plants, and fire trace gas emissions coupling to the atmosphere. Conclusive establishment of improvement or degradation of individual variables or metrics is challenged by forcing uncertainty, parametric uncertainty, and model structural complexity, but the multivariate metrics presented here suggest a general broad improvement from CLM4 to CLM5.",David M. Lawrence; Rosie A. Fisher; Charles D. Koven; Keith W. Oleson; Sean Swenson; Gordon B. Bonan; Nathan Collier; Bardan Ghimire; Leo van Kampenhout; Daniel Kennedy; Erik Kluzek; Peter Lawrence; Fang Li; Hong‐Yi Li; Danica Lombardozzi; W. J. Riley; William J. Sacks; Mingjie Shi; Mariana Vertenstein; William R. Wieder; Chonggang Xu; Ashehad A. Ali; Andrew M. Badger; Gautam Bisht; M. R. van den Broeke; Michael A. Brunke; Sean P. Burns; Jonathan Buzan; Martyn Clark; Anthony P Craig; Kyla M. Dahlin; Beth Drewniak; Joshua B. Fisher; M. Flanner; A. M. Fox; Pierre Gentine; Forrest M. Hoffman; G. Keppel‐Aleks; Ryan Knox; Sanjiv Kumar; Jan T. M. Lenaerts; L. Ruby Leung; William H. Lipscomb; Yaqiong Lü; Ashutosh Pandey; Jon D. Pelletier; J. Perket; James T. Randerson; Daniel Ricciuto; Benjamin M. Sanderson; A. G. Slater; Z. M. Subin; Jinyun Tang; R. Quinn Thomas; Maria Val Martin; Xubin Zeng,2169,https://doi.org/10.1029/2018ms001583,True,https://doi.org/10.1029/2018ms001583,https://openalex.org/W2981104727,https://agupubs.onlinelibrary.wiley.com/doi/pdfdirect/10.1029/2018MS001583,2019-10-19,2019,WILDS in the wild distribution shifts benchmark,8,"The Community Land Model Version 5: Description of New Features, Benchmarking, and Impact of Forcing Uncertainty",article
"In this work we investigate the effect of the convolutional network depth on its accuracy in the large-scale image recognition setting. Our main contribution is a thorough evaluation of networks of increasing depth using an architecture with very small (3x3) convolution filters, which shows that a significant improvement on the prior-art configurations can be achieved by pushing the depth to 16-19 weight layers. These findings were the basis of our ImageNet Challenge 2014 submission, where our team secured the first and the second places in the localisation and classification tracks respectively. We also show that our representations generalise well to other datasets, where they achieve state-of-the-art results. We have made our two best-performing ConvNet models publicly available to facilitate further research on the use of deep visual representations in computer vision.",Karen Simonyan; Andrew Zisserman,75550,https://doi.org/10.48550/arxiv.1409.1556,True,http://arxiv.org/abs/1409.1556,https://openalex.org/W1686810756,https://arxiv.org/pdf/1409.1556,2014-09-04,2014,WILDS in the wild distribution shifts benchmark,9,Very Deep Convolutional Networks for Large-Scale Image Recognition,preprint
"In this work we establish dense correspondences between an RGB image and a surface-based representation of the human body, a task we refer to as dense human pose estimation. We gather dense correspondences for 50K persons appearing in the COCO dataset by introducing an efficient annotation pipeline. We then use our dataset to train CNN-based systems that deliver dense correspondence 'in the wild', namely in the presence of background, occlusions and scale variations. We improve our training set's effectiveness by training an inpainting network that can fill in missing ground truth values and report improvements with respect to the best results that would be achievable in the past. We experiment with fully-convolutional networks and region-based models and observe a superiority of the latter. We further improve accuracy through cascading, obtaining a system that delivers highly-accurate results at multiple frames per second on a single gpu. Supplementary materials, data, code, and videos are provided on the project page http://densepose.org.",Rıza Alp Güler; Natalia Neverova; Iasonas Kokkinos,304,https://doi.org/10.1109/cvpr.2018.00762,True,https://doi.org/10.1109/cvpr.2018.00762,https://openalex.org/W2785694322,https://arxiv.org/pdf/1802.00434,2018-06-01,2018,WILDS in the wild distribution shifts benchmark,10,DensePose: Dense Human Pose Estimation in the Wild,conference-paper
"Efficient crop improvement depends on the application of accurate genetic information contained in diverse germplasm resources. Here we report a reference-grade genome of wild soybean accession W05, with a final assembled genome size of 1013.2 Mb and a contig N50 of 3.3 Mb. The analytical power of the W05 genome is demonstrated by several examples. First, we identify an inversion at the locus determining seed coat color during domestication. Second, a translocation event between chromosomes 11 and 13 of some genotypes is shown to interfere with the assignment of QTLs. Third, we find a region containing copy number variations of the Kunitz trypsin inhibitor (KTI) genes. Such findings illustrate the power of this assembly in the analysis of large structural variations in soybean germplasm collections. The wild soybean genome assembly has wide applications in comparative genomic and evolutionary studies, as well as in crop breeding and improvement programs.",Min Xie; Claire Chung; Man‐Wah Li; Fuk‐Ling Wong; Xin Wang; Ailin Liu; Zhili Wang; Alden King-Yung Leung; Tin-Hang Wong; Suk-Wah Tong; Zhixia Xiao; Kejing Fan; Ming-Sin Ng; Xinpeng Qi; Linfeng Yang; Tianquan Deng; Lijuan He; Lu Chen; Aisi Fu; Qiong Ding; Junxian He; Gyuhwa Chung; Sachiko Isobe; Takanari Tanabata; Babu Valliyodan; Henry T. Nguyen; Steven B. Cannon; Christine H. Foyer; Ting‐Fung Chan; Hon‐Ming Lam,285,https://doi.org/10.1038/s41467-019-09142-9,True,https://doi.org/10.1038/s41467-019-09142-9,https://openalex.org/W2921489632,https://www.nature.com/articles/s41467-019-09142-9.pdf,2019-03-14,2019,WILDS in the wild distribution shifts benchmark,11,A reference-grade wild soybean genome,article
"Performance of blind image quality assessment (BIQA) models has been significantly boosted by end-to-end optimization of feature engineering and quality regression. Nevertheless, due to the distributional shift between images simulated in the laboratory and captured in the wild, models trained on databases with synthetic distortions remain particularly weak at handling realistic distortions (and vice versa). To confront the cross-distortion-scenario challenge, we develop a unified BIQA model and an approach of training it for both synthetic and realistic distortions. We first sample pairs of images from individual IQA databases, and compute a probability that the first image of each pair is of higher quality. We then employ the fidelity loss to optimize a deep neural network for BIQA over a large number of such image pairs. We also explicitly enforce a hinge constraint to regularize uncertainty estimation during optimization. Extensive experiments on six IQA databases show the promise of the learned method in blindly assessing image quality in the laboratory and wild. In addition, we demonstrate the universality of the proposed training strategy by using it to improve existing BIQA models.",Weixia Zhang; Kede Ma; Guangtao Zhai; Xiaokang Yang,304,https://doi.org/10.1109/tip.2021.3061932,True,https://doi.org/10.1109/tip.2021.3061932,https://openalex.org/W3030380536,https://arxiv.org/pdf/2005.13983,2021-01-01,2021,WILDS in the wild distribution shifts benchmark,12,Uncertainty-Aware Blind Image Quality Assessment in the Laboratory and Wild,article
"Machine learning is a branch of artificial intelligence that employs a variety of statistical, probabilistic and optimization techniques that allows computers to “learn” from past examples and to detect hard-to-discern patterns from large, noisy or complex data sets. This capability is particularly well-suited to medical applications, especially those that depend on complex proteomic and genomic measurements. As a result, machine learning is frequently used in cancer diagnosis and detection. More recently machine learning has been applied to cancer prognosis and prediction. This latter approach is particularly interesting as it is part of a growing trend towards personalized, predictive medicine. In assembling this review we conducted a broad survey of the different types of machine learning methods being used, the types of data being integrated and the performance of these methods in cancer prediction and prognosis. A number of trends are noted, including a growing dependence on protein biomarkers and microarray data, a strong bias towards applications in prostate and breast cancer, and a heavy reliance on “older” technologies such artificial neural networks (ANNs) instead of more recently developed or more easily interpretable machine learning methods. A number of published studies also appear to lack an appropriate level of validation or testing. Among the better designed and validated studies it is clear that machine learning methods can be used to substantially (15–25%) improve the accuracy of predicting cancer susceptibility, recurrence and mortality. At a more fundamental level, it is also evident that machine learning is also helping to improve our basic understanding of cancer development and progression.",Joseph A. Cruz; David S. Wishart,1107,https://doi.org/10.1177/117693510600200030,True,https://doi.org/10.1177/117693510600200030,https://openalex.org/W4296886862,https://journals.sagepub.com/doi/pdf/10.1177/117693510600200030,2006-01-01,2006,interval censored regression machine learning,1,Applications of Machine Learning in Cancer Prediction and Prognosis,article
,Jia Wu; Xiu Yun Chen; Hao Zhang; Li Dong Xiong; Hang Lei; Sihao Deng,1424,https://doi.org/10.11989/jest.1674-862x.80904120,True,https://hal.science/hal-05507953,https://openalex.org/W2967663220,,2019-03-01,2019,interval censored regression machine learning,2,Hyperparameter Optimization for Machine Learning Models Based on Bayesian Optimization,article
,Jian Huang; Jon A. Wellner,219,https://doi.org/10.1007/978-1-4684-6316-3_8,False,https://doi.org/10.1007/978-1-4684-6316-3_8,https://openalex.org/W1516406292,,1997-01-01,1997,interval censored regression machine learning,3,Interval Censored Survival Data: A Review of Recent Progress,book-chapter
"The brms package implements Bayesian multilevel models in R using the probabilistic programming language Stan. A wide range of distributions and link functions are supported, allowing users to fit - among others - linear, robust linear, binomial, Poisson, survival, ordinal, zero-inflated, hurdle, and even non-linear models all in a multilevel context. Further modeling options include autocorrelation of the response variable, user defined covariance structures, censored data, as well as meta-analytic standard errors. Prior specifications are flexible and explicitly encourage users to apply prior distributions that actually reflect their beliefs. In addition, model fit can easily be assessed and compared with the Watanabe-Akaike information criterion and leave-one-out cross-validation.",Paul‐Christian Bürkner,9610,https://doi.org/10.18637/jss.v080.i01,True,https://doi.org/10.18637/jss.v080.i01,https://openalex.org/W2749069611,https://www.jstatsoft.org/index.php/jss/article/view/v080i01/v80i01.pdf,2017-01-01,2017,interval censored regression machine learning,4,<b>brms</b> : An <i>R</i> Package for Bayesian Multilevel Models Using <i>Stan</i>,article
"Machine learning (ML) based forecasting mechanisms have proved their significance to anticipate in perioperative outcomes to improve the decision making on the future course of actions. The ML models have long been used in many application domains which needed the identification and prioritization of adverse factors for a threat. Several prediction methods are being popularly used to handle forecasting problems. This study demonstrates the capability of ML models to forecast the number of upcoming patients affected by COVID-19 which is presently considered as a potential threat to mankind. In particular, four standard forecasting models, such as linear regression (LR), least absolute shrinkage and selection operator (LASSO), support vector machine (SVM), and exponential smoothing (ES) have been used in this study to forecast the threatening factors of COVID-19. Three types of predictions are made by each of the models, such as the number of newly infected cases, the number of deaths, and the number of recoveries in the next 10 days. The results produced by the study proves it a promising mechanism to use these methods for the current scenario of the COVID-19 pandemic. The results prove that the ES performs best among all the used models followed by LR and LASSO which performs well in forecasting the new confirmed cases, death rate as well as recovery rate, while SVM performs poorly in all the prediction scenarios given the available dataset.",Furqan Rustam; Aijaz Ahmad Reshi; Arif Mehmood; Saleem Ullah; Byung-Won On; Waqar Aslam; Gyu Sang Choi,533,https://doi.org/10.1109/access.2020.2997311,True,https://doi.org/10.1109/access.2020.2997311,https://openalex.org/W3030419021,https://ieeexplore.ieee.org/ielx7/6287639/8948470/09099302.pdf,2020-01-01,2020,interval censored regression machine learning,5,COVID-19 Future Forecasting Using Supervised Machine Learning Models,article
"Cox Proportional Hazards (CPH) analysis is the standard for survival analysis in oncology. Recently, several machine learning (ML) techniques have been adapted for this task. Although they have shown to yield results at least as good as classical methods, they are often disregarded because of their lack of transparency and little to no explainability, which are key for their adoption in clinical settings. In this paper, we used data from the Netherlands Cancer Registry of 36,658 non-metastatic breast cancer patients to compare the performance of CPH with ML techniques (Random Survival Forests, Survival Support Vector Machines, and Extreme Gradient Boosting [XGB]) in predicting survival using the [Formula: see text]-index. We demonstrated that in our dataset, ML-based models can perform at least as good as the classical CPH regression ([Formula: see text]-index [Formula: see text]), and in the case of XGB even better ([Formula: see text]-index [Formula: see text]). Furthermore, we used Shapley Additive Explanation (SHAP) values to explain the models' predictions. We concluded that the difference in performance can be attributed to XGB's ability to model nonlinearities and complex interactions. We also investigated the impact of specific features on the models' predictions as well as their corresponding insights. Lastly, we showed that explainable ML can generate explicit knowledge of how models make their predictions, which is crucial in increasing the trust and adoption of innovative ML techniques in oncology and healthcare overall.",Arturo Moncada‐Torres; Marissa C. van Maaren; Mathijs P. Hendriks; Sabine Siesling; Gijs Geleijnse,339,https://doi.org/10.1038/s41598-021-86327-7,True,https://doi.org/10.1038/s41598-021-86327-7,https://openalex.org/W3136075083,https://www.nature.com/articles/s41598-021-86327-7.pdf,2021-03-26,2021,interval censored regression machine learning,6,Explainable machine learning can outperform Cox regression predictions and provide insights in breast cancer survival,article
"Interface to a large number of classification and regression techniques, including machine-readable parameter descriptions. There is also an experimental extension for survival analysis, clustering and general, example-specific cost-sensitive learning. Generic resampling, including cross-validation, bootstrapping and subsampling. Hyperparameter tuning with modern optimization techniques, for single- and multi-objective problems. Filter and wrapper methods for feature selection. Extension of basic learners with additional operations common in machine learning, also allowing for easy nested resampling. Most operations can be parallelized.",Bernd Bischl; Michel Lang; Lars Kotthoff; Patrick Schratz; Julia Schiffner; Jakob Richter; Zachary Jones; Giuseppe Casalicchio; Mason Gallo; Martin Binder,284,https://doi.org/10.32614/cran.package.mlr,True,https://doi.org/10.32614/cran.package.mlr,https://openalex.org/W2544745230,https://cran.r-project.org/web/packages/mlr/mlr.pdf,2013-08-30,2013,interval censored regression machine learning,7,mlr: Machine Learning in R,dataset
"BACKGROUND: Sepsis is a significant cause of mortality in-hospital, especially in ICU patients. Early prediction of sepsis is essential, as prompt and appropriate treatment can improve survival outcomes. Machine learning methods are flexible prediction algorithms with potential advantages over conventional regression and scoring system. The aims of this study were to develop a machine learning approach using XGboost to predict the 30-days mortality for MIMIC-III Patients with sepsis-3 and to determine whether such model performs better than traditional prediction models. METHODS: Using the MIMIC-III v1.4, we identified patients with sepsis-3. The data was split into two groups based on death or survival within 30 days and variables, selected based on clinical significance and availability by stepwise analysis, were displayed and compared between groups. Three predictive models including conventional logistic regression model, SAPS-II score prediction model and XGBoost algorithm model were constructed by R software. Then, the performances of the three models were tested and compared by AUCs of the receiver operating characteristic curves and decision curve analysis. At last, nomogram and clinical impact curve were used to validate the model. RESULTS: A total of 4559 sepsis-3 patients are included in the study, in which, 889 patients were death and 3670 survival within 30 days, respectively. According to the results of AUCs (0.819 [95% CI 0.800-0.838], 0.797 [95% CI 0.781-0.813] and 0.857 [95% CI 0.839-0.876]) and decision curve analysis for the three models, the XGboost model performs best. The risk nomogram and clinical impact curve verify that the XGboost model possesses significant predictive value. CONCLUSIONS: Using machine learning technique by XGboost, more significant prediction model can be built. This XGboost model may prove clinically useful and assist clinicians in tailoring precise management and therapy for the patients with sepsis-3.",Nianzong Hou; Mingzhe Li; Lu He; Bing Xie; Lin Wang; Rumin Zhang; Yong Yu; Xiaodong Sun; Zhengsheng Pan; Kai Wang,613,https://doi.org/10.1186/s12967-020-02620-5,True,https://doi.org/10.1186/s12967-020-02620-5,https://openalex.org/W3111698685,https://translational-medicine.biomedcentral.com/track/pdf/10.1186/s12967-020-02620-5,2020-12-01,2020,interval censored regression machine learning,8,Predicting 30-days mortality for MIMIC-III patients with sepsis-3: a machine learning approach using XGboost,article
"An implementation of extensions to Freund and Schapire's AdaBoost algorithm and Friedman's gradient boosting machine. Includes regression methods for least squares, absolute loss, t-distribution loss, quantile regression, logistic, multinomial logistic, Poisson, Cox proportional hazards partial likelihood, AdaBoost exponential loss, Huberized hinge loss, and Learning to Rank measures (LambdaMart). Originally developed by Greg Ridgeway. Newer version available at github.com/gbm-developers/gbm3.",Greg Ridgeway; Gbm Developers,584,https://doi.org/10.32614/cran.package.gbm,True,https://doi.org/10.32614/cran.package.gbm,https://openalex.org/W4399650065,https://cran.r-project.org/web/packages/gbm/gbm.pdf,2003-02-21,2003,interval censored regression machine learning,9,gbm: Generalized Boosted Regression Models,dataset
"Importance: Current Parkinson disease (PD) measures are subjective, rater-dependent, and assessed in clinic. Smartphones can measure PD features, yet no smartphone-derived rating score exists to assess motor symptom severity in real-world settings. Objectives: To develop an objective measure of PD severity and test construct validity by evaluating the ability of the measure to capture intraday symptom fluctuations, correlate with current standard PD outcome measures, and respond to dopaminergic therapy. Design, Setting, and Participants: This observational study assessed individuals with PD who remotely completed 5 tasks (voice, finger tapping, gait, balance, and reaction time) on the smartphone application. We used a novel machine-learning-based approach to generate a mobile Parkinson disease score (mPDS) that objectively weighs features derived from each smartphone activity (eg, stride length from the gait activity) and is scaled from 0 to 100 (where higher scores indicate greater severity). Individuals with and without PD additionally completed standard in-person assessments of PD with smartphone assessments during a period of 6 months. Main Outcomes and Measures: Ability of the mPDS to detect intraday symptom fluctuations, the correlation between the mPDS and standard measures, and the ability of the mPDS to respond to dopaminergic medication. Results: The mPDS was derived from 6148 smartphone activity assessments from 129 individuals (mean [SD] age, 58.7 [8.6] years; 56 [43.4%] women). Gait features contributed most to the total mPDS (33.4%). In addition, 23 individuals with PD (mean [SD] age, 64.6 [11.5] years; 11 [48%] women) and 17 without PD (mean [SD] age 54.2 [16.5] years; 12 [71%] women) completed in-clinic assessments. The mPDS detected symptom fluctuations with a mean (SD) intraday change of 13.9 (10.3) points on a scale of 0 to 100. The measure correlated well with the Movement Disorder Society Unified Parkinson Disease's Rating Scale total (r = 0.81; P < .001) and part III only (r = 0.88; P < .001), the Timed Up and Go assessment (r = 0.72; P = .002), and the Hoehn and Yahr stage (r = 0.91; P < .001). The mPDS improved by a mean (SD) of 16.3 (5.6) points in response to dopaminergic therapy. Conclusions and Relevance: Using a novel machine-learning approach, we created and demonstrated construct validity of an objective PD severity score derived from smartphone assessments. This score complements standard PD measures by providing frequent, objective, real-world assessments that could enhance clinical care and evaluation of novel therapeutics.",Andong Zhan; Srihari Mohan; Christopher G. Tarolli; Ruth B. Schneider; Jamie Adams; Saloni Sharma; Molly J. Elson; Kelsey L. Spear; Alistair M. Glidden; Max A. Little; Andreas Terzis; E. Ray Dorsey; Suchi Saria,394,https://doi.org/10.1001/jamaneurol.2018.0809,True,https://doi.org/10.1001/jamaneurol.2018.0809,https://openalex.org/W2791600159,https://jamanetwork.com/journals/jamaneurology/articlepdf/2676504/jamaneurology_zhan_2018_br_180003.pdf,2018-03-26,2018,interval censored regression machine learning,10,Using Smartphones and Machine Learning to Quantify Parkinson Disease Severity,article
,Michael Collins; Robert E. Schapire; Yoram Singer,691,https://doi.org/10.1023/a:1013912006537,True,https://doi.org/10.1023/a:1013912006537,https://openalex.org/W1546961578,https://link.springer.com/content/pdf/10.1023/A:1013912006537.pdf,2002-07-01,2002,interval censored regression machine learning,11,"Logistic Regression, AdaBoost and Bregman Distances",article
"Suppose one observes a sample of independent and identically distributed observations from a particular data generating distribution. Suppose that one is concerned with estimation of a particular pathwise differentiable Euclidean parameter. A substitution estimator evaluating the parameter of a given likelihood based density estimator is typically too biased and might not even converge at the parametric rate: that is, the density estimator was targeted to be a good estimator of the density and might therefore result in a poor estimator of a particular smooth functional of the density. In this article we propose a one step (and, by iteration, k-th step) targeted maximum likelihood density estimator which involves 1) creating a hardest parametric submodel with parameter epsilon through the given density estimator with score equal to the efficient influence curve of the pathwise differentiable parameter at the density estimator, 2) estimating epsilon with the maximum likelihood estimator, and 3) defining a new density estimator as the corresponding update of the original density estimator. We show that iteration of this algorithm results in a targeted maximum likelihood density estimator which solves the efficient influence curve estimating equation and thereby yields a locally efficient estimator of the parameter of interest, under regularity conditions. In particular, we show that, if the parameter is linear and the model is convex, then the targeted maximum likelihood estimator is often achieved in the first step, and it results in a locally efficient estimator at an arbitrary (e.g., heavily misspecified) starting density.We also show that the targeted maximum likelihood estimators are now in full agreement with the locally efficient estimating function methodology as presented in Robins and Rotnitzky (1992) and van der Laan and Robins (2003), creating, in particular, algebraic equivalence between the double robust locally efficient estimators using the targeted maximum likelihood estimators as an estimate of its nuisance parameters, and targeted maximum likelihood estimators. In addition, it is argued that the targeted MLE has various advantages relative to the current estimating function based approach. We proceed by providing data driven methodologies to select the initial density estimator for the targeted MLE, thereby providing data adaptive targeted maximum likelihood estimation methodology. We illustrate the method with various worked out examples.",Mark J. van der Laan; Daniel B. Rubin,843,https://doi.org/10.2202/1557-4679.1043,True,https://doi.org/10.2202/1557-4679.1043,https://openalex.org/W2022450888,https://www.degruyter.com/document/doi/10.2202/1557-4679.1043/pdf?licenseType=free,2006-12-28,2006,interval censored regression machine learning,12,Targeted Maximum Likelihood Learning,article
"A reduction in trade barriers generally will affect the environment by expanding the scale of economic activity, by altering the composition of economic activity, and by bringing about a change in the techniques of production. We present empirical evidence to assess the relative magnitudes of these three effects as they apply to further trade liberalization in Mexico.",Gene M. Grossman; Alan B. Krueger,884,https://doi.org/10.3386/w3914,True,https://doi.org/10.3386/w3914,https://openalex.org/W1527990863,https://doi.org/10.3386/w3914,1991-11-01,1991,left censored environmental concentration Tobit model,1,Environmental Impacts of a North American Free Trade Agreement,report
"OBJECTIVES: To examine (1) whether dust and surfaces in households of smokers are contaminated with environmental tobacco smoke (ETS); (2) whether smoking parents can protect their infants by smoking outside and away from the infant; and (3) whether contaminated dust, surfaces, and air contribute to ETS exposure in infants. DESIGN: Quasi-experiment comparing three types of households with infants: (1) non-smokers who believe they have protected their children from ETS; (2) smokers who believe they have protected their children from ETS; (3) smokers who expose their children to ETS. SETTING: Homes of smokers and non-smokers. PARTICIPANTS: Smoking and non-smoking mothers and their infants < or = 1 year. MAIN OUTCOME MEASURES: ETS contamination as measured by nicotine in household dust, indoor air, and household surfaces. ETS exposure as measured by cotinine levels in infant urine. RESULTS: ETS contamination and ETS exposure were 5-7 times higher in households of smokers trying to protect their infants by smoking outdoors than in households of non-smokers. ETS contamination and exposure were 3-8 times higher in households of smokers who exposed their infants to ETS by smoking indoors than in households of smokers trying to protect their children by smoking outdoors. CONCLUSIONS: Dust and surfaces in homes of smokers are contaminated with ETS. Infants of smokers are at risk of ETS exposure in their homes through dust, surfaces, and air. Smoking outside the home and away from the infant reduces but does not completely protect a smoker's home from ETS contamination and a smoker's infant from ETS exposure.",Georg E. Matt; Penelope J.E. Quintana; Melbourne F. Hovell; John T. Bernert; Shenhua Song; Nor Eka Novianti; Theodore Juarez; Joshua N. Floro; Christine A. Gehrman; Monika Garcia; Sarah N. Larson,425,https://doi.org/10.1136/tc.2003.003889,True,https://doi.org/10.1136/tc.2003.003889,https://openalex.org/W2099097117,https://tobaccocontrol.bmj.com/content/tobaccocontrol/13/1/29.full.pdf,2004-02-25,2004,left censored environmental concentration Tobit model,2,Households contaminated by environmental tobacco smoke: sources of infant exposures,article
"Various statistical tests on concentration data serve to support decision-making regarding characterization and monitoring of contaminated media, assessing exposure to a chemical, and quantifying the associated risks. However, the routine statistical protocols cannot be directly applied because of challenges arising from nondetects or left-censored observations, which are concentration measurements below the detection limit of measuring instruments. Despite the existence of techniques based on survival analysis that can adjust for nondetects, these are seldom taken into account properly. A comprehensive review of the literature showed that managing policies regarding analysis of censored data do not always agree and that guidance from regulatory agencies may be outdated. Therefore, researchers and practitioners commonly resort to the most convenient way of tackling the censored data problem by substituting nondetects with arbitrary constants prior to data analysis, although this is generally regarded as a bias-prone approach. Hoping to improve the interpretation of concentration data, the present article aims to familiarize researchers in different disciplines with the significance of left-censored observations and provides theoretical and computational recommendations (under both frequentist and Bayesian frameworks) for adequate analysis of censored data. In particular, the present article synthesizes key findings from previous research with respect to 3 noteworthy aspects of inferential statistics: estimation of descriptive statistics, hypothesis testing, and regression analysis. Environ Toxicol Chem 2018;37:643-656. © 2017 SETAC.",Niloofar Shoari; Jean‐Sébastien Dubé,95,https://doi.org/10.1002/etc.4046,True,https://doi.org/10.1002/etc.4046,https://openalex.org/W2768185742,https://setac.onlinelibrary.wiley.com/doi/pdfdirect/10.1002/etc.4046,2017-11-23,2017,left censored environmental concentration Tobit model,3,Toward improved analysis of concentration data: Embracing nondetects,article
"Using data from a survey of loan applicants and bank officials from Union Bank of Nigeria and First Bank of Nigeria in south-western Nigeria, this paper empirically evaluated the determinants of loan approval decision and the size of the loan given using a Tobit regression model. With a multi-stage sampling technique, data were collected with the aid of structured questionnaire drawn on 450 applicants. The respondents’ ages varied between twenty five years and sixty nine years with a mean of fifty and a half years for all the respondents. The mean age recorded for each category of respondents suggests that middle-aged farmers who are expected to be economically active and energetic dominated the sampled population. They should be willing to explore avenues and adopt new methods in order to raise their level of productivity. The relatively large farm sizes owned by the applicants indicated that it is one of the major criteria for giving loans to the farmers; hence those with very small farm sizes may not have access to loans from the two institutions. Tobit estimates show that institutional, environmental and part of the resource variables were important determinant factors of loan approval decision and a decomposition of elasticities calculated at the mean of the variables revealed that a 10% increase in the RISK variable will lead to a total elasticity change of about -0.79 %. This indicates that the elasticity of probability of loan approval will decrease by about 0.36 % and elasticity of expected loan size will decrease by 0.43%. The result tends to imply riskaverseness of the lenders, as fewer loans are granted. The positive coefficient of HHZE indicated that high farm assistance was received from respondents’ relations who positively influenced the implications for family labour and cultivation of large area of land and eventually influenced the approval decision. The coefficient of NFI positively influenced the loan approval decision since the farmer can expand his options to acquire more loans and use for profitable ventures since this variable is viewed as a proxy for wealth, thus the beneficiary will have sufficient resources to absorb the cost and risk of failure in their agricultural enterprises. In each of the two institutions, the marginal changes in most of the variables considered increased the probability of loan size influence than it increased the probability of approval.Key words: Lending Decision, Tobit Regression, Credit",F. I. Olagunju; Akinyele John Ajiboye,40,https://doi.org/10.4314/ajfand.v10i5.57897,True,https://doi.org/10.4314/ajfand.v10i5.57897,https://openalex.org/W2008118831,https://www.ajol.info/index.php/ajfand/article/download/57897/46265,2010-07-08,2010,left censored environmental concentration Tobit model,4,Agricultural lending decision: a tobit regression analysis,article
,Sai Chand; Vinayak Dixit,32,https://doi.org/10.1016/j.aap.2017.12.023,True,https://doi.org/10.1016/j.aap.2017.12.023,https://openalex.org/W2781780483,https://unsworks.unsw.edu.au/bitstreams/2a3bc87a-1776-4798-9da4-4d58bd790673/download,2018-01-04,2018,left censored environmental concentration Tobit model,5,Application of Fractal theory for crash rate prediction: Insights from random parameters and latent class tobit models,article
"BACKGROUND: For several immune-mediated diseases, immunological analysis will become more complex in the future with datasets in which cytokine and gene expression data play a major role. These data have certain characteristics that require sophisticated statistical analysis such as strategies for non-normal distribution and censoring. Additionally, complex and multiple immunological relationships need to be adjusted for potential confounding and interaction effects. OBJECTIVE: We aimed to introduce and apply different methods for statistical analysis of non-normal censored cytokine and gene expression data. Furthermore, we assessed the performance and accuracy of a novel regression approach in order to allow adjusting for covariates and potential confounding. METHODS: For non-normally distributed censored data traditional means such as the Kaplan-Meier method or the generalized Wilcoxon test are described. In order to adjust for covariates the novel approach named Tobit regression on ranks was introduced. Its performance and accuracy for analysis of non-normal censored cytokine/gene expression data was evaluated by a simulation study and a statistical experiment applying permutation and bootstrapping. RESULTS: If adjustment for covariates is not necessary traditional statistical methods are adequate for non-normal censored data. Comparable with these and appropriate if additional adjustment is required, Tobit regression on ranks is a valid method. Its power, type-I error rate and accuracy were comparable to the classical Tobit regression. CONCLUSION: Non-normally distributed censored immunological data require appropriate statistical methods. Tobit regression on ranks meets these requirements and can be used for adjustment for covariates and potential confounding in large and complex immunological datasets.",Nikolaus Ballenberger; Anna Lluis; Erika von Mutius; Sabina Illi; Bianca Schaub,36,https://doi.org/10.1371/journal.pone.0046423,True,https://doi.org/10.1371/journal.pone.0046423,https://openalex.org/W2099266433,https://journals.plos.org/plosone/article/file?id=10.1371/journal.pone.0046423&type=printable,2012-10-26,2012,left censored environmental concentration Tobit model,6,Novel Statistical Approaches for Non-Normal Censored Immunological Data: Analysis of Cytokine and Gene Expression Data,article
"BACKGROUND: The statistical analysis of immunological data may be complicated because precise quantitative levels cannot always be determined. Values below a given detection limit may not be observed (nondetects), and data with nondetects are called left-censored. Since nondetects cannot be considered as missing at random, a statistician faced with data containing these nondetects must decide how to combine nondetects with detects. Till now, the common practice is to impute each nondetect with a single value such as a half of the detection limit, and to conduct ordinary regression analysis. The first aim of this paper is to give an overview of methods to analyze, and to provide new methods handling censored data other than an (ordinary) linear regression. The second aim is to compare these methods by simulation studies based on real data. RESULTS: We compared six new and existing methods: deletion of nondetects, single substitution, extrapolation by regression on order statistics, multiple imputation using maximum likelihood estimation, tobit regression, and logistic regression. The deletion and extrapolation by regression on order statistics methods gave biased parameter estimates. The single substitution method underestimated variances, and logistic regression suffered loss of power. Based on simulation studies, we found that tobit regression performed well when the proportion of nondetects was less than 30%, and that taken together the multiple imputation method performed best. CONCLUSION: Based on simulation studies, the newly developed multiple imputation method performed consistently well under different scenarios of various proportion of nondetects, sample sizes and even in the presence of heteroscedastic errors.",Hae‐Won Uh; Franca C. Hartgers; Maria Yazdanbakhsh; Jeanine J. Houwing‐Duistermaat,129,https://doi.org/10.1186/1471-2172-9-59,True,https://doi.org/10.1186/1471-2172-9-59,https://openalex.org/W2069416938,https://bmcimmunol.biomedcentral.com/counter/pdf/10.1186/1471-2172-9-59,2008-01-01,2008,left censored environmental concentration Tobit model,7,Evaluation of regression methods when immunological measurements are constrained by detection limits,article
"This book discusses the important issue of the socioeconomic and environmental impacts of agricultural residue burning, common in agricultural practices in many parts of the world. In particular, it f",Parmod Kumar; Surender Kumar; Laxmi Raj Joshi,132,https://doi.org/10.1007/978-81-322-2014-5,True,https://doi.org/10.1007/978-81-322-2014-5,https://openalex.org/W2277849891,https://link.springer.com/content/pdf/10.1007/978-81-322-2014-5.pdf?pdf=button,2014-11-21,2014,left censored environmental concentration Tobit model,8,Socioeconomic and Environmental Implications of Agricultural Residue Burning,book
"Inland freshwater shallow lake ecosystem degradation is indistinctly intertwined with human-induced factors and climate variability. Changes in climate and human-induced factors significantly influence the state of lake ecosystems. This study provides evidence of the driver, pressure, state, impact, and response (DPSIR) indicators for freshwater lake ecosystem dynamics, taking Lake Malombe in Malawi as a case study. We used the DPSIR framework and Tobit model to achieve the study’s objectives. The study’s findings indicate that top-down processes gradually erode Lake Malombe’s ecosystem state. The lake resilience is falling away from its natural state due to increasing rates of drivers, pressures, and impacts, indicating the lake ecosystem’s deterioration. The study shows that demographic, socio–economic, climatic drivers, pressures, state, and responses significantly (p &lt; 0.05) influenced the lake ecosystem’s resilience. The study suggests that substantial freshwater ecosystem management under the current scenario requires a long-term, robust, and sustainable management plan. The findings from this study provide a roadmap for short-term and long-term practical policy-focused responses, particularly in implementing a freshwater ecosystem restoration programs in Malawi and Africa more broadly.",Ishmael Bobby Mphangwe Kosamu; Rodgers Makwinja; Chikumbusko Chiziwa Kaonga; Seyoum Mengistou; Emmanuel Kaunda; Tena Alamirew; Friday Njaya,20,https://doi.org/10.3390/w14040619,True,https://doi.org/10.3390/w14040619,https://openalex.org/W4213299540,https://www.mdpi.com/2073-4441/14/4/619/pdf?version=1645093809,2022-02-17,2022,left censored environmental concentration Tobit model,9,"Application of DPSIR and Tobit Models in Assessing Freshwater Ecosystems: The Case of Lake Malombe, Malawi",article
"BACKGROUND: Biological assays for the quantification of markers may suffer from a lack of sensitivity and thus from an analytical detection limit. This is the case of human immunodeficiency virus (HIV) viral load. Below this threshold the exact value is unknown and values are consequently left-censored. Statistical methods have been proposed to deal with left-censoring but few are adapted in the context of high-dimensional data. METHODS: We propose to reverse the Buckley-James least squares algorithm to handle left-censored data enhanced with a Lasso regularization to accommodate high-dimensional predictors. We present a Lasso-regularized Buckley-James least squares method with both non-parametric imputation using Kaplan-Meier and parametric imputation based on the Gaussian distribution, which is typically assumed for HIV viral load data after logarithmic transformation. Cross-validation for parameter-tuning is based on an appropriate loss function that takes into account the different contributions of censored and uncensored observations. We specify how these techniques can be easily implemented using available R packages. The Lasso-regularized Buckley-James least square method was compared to simple imputation strategies to predict the response to antiretroviral therapy measured by HIV viral load according to the HIV genotypic mutations. We used a dataset composed of several clinical trials and cohorts from the Forum for Collaborative HIV Research (HIV Med. 2008;7:27-40). The proposed methods were also assessed on simulated data mimicking the observed data. RESULTS: Approaches accounting for left-censoring outperformed simple imputation methods in a high-dimensional setting. The Gaussian Buckley-James method with cross-validation based on the appropriate loss function showed the lowest prediction error on simulated data and, using real data, the most valid results according to the current literature on HIV mutations. CONCLUSIONS: The proposed approach deals with high-dimensional predictors and left-censored outcomes and has shown its interest for predicting HIV viral load according to HIV mutations.",Perrine Soret; Marta Avalos; Linda Wittkop; Daniel Commenges; Rodolphe Thiébaut,20,https://doi.org/10.1186/s12874-018-0609-4,True,https://doi.org/10.1186/s12874-018-0609-4,https://openalex.org/W2902030704,https://bmcmedresmethodol.biomedcentral.com/track/pdf/10.1186/s12874-018-0609-4,2018-12-01,2018,left censored environmental concentration Tobit model,10,Lasso regularization for left-censored Gaussian outcome and high-dimensional predictors,article
"BACKGROUND: Personal care products (PCPs) are exposure sources to phthalates and parabens; however, their contribution to men's exposure is understudied. OBJECTIVES: We examined the association between PCP use and urinary concentrations of phthalate metabolites and parabens in men. METHODS: In a prospective cohort, at multiple study visits, men self-reported their use of 14 PCPs and provided a urine sample (2004-2015, Boston, MA). We measured urinary concentrations of 9 phthalate metabolites and methylparaben, propylparaben, and butylparaben. We estimated the covariate-adjusted percent change in urinary concentrations associated with PCP use using linear mixed and Tobit mixed regressions. We also estimated weights for each PCP in a weighted binary score regression and modeled the resulting composite weighted PCP use. RESULTS: -value<0.01). In contrast, the largest percent increase for parabens was associated with the use of suntan/sunblock lotion (66-156%) and hand/body lotion (79-147%). Increases in MEP and parabens were generally greater with PCP use within 6 h of urine collection. A subset of 10 PCPs that were used within 6 h of urine collection contributed to at least 70% of the weighted score and predicted a 254-1,333% increase in MEP and parabens concentrations. Associations between PCP use and concentrations of the other phthalate metabolites were not statistically significant. CONCLUSIONS: We identified 10 PCPs of relevance and demonstrated that their use within 6 h of urine collection strongly predicted MEP and paraben urinary concentrations. https://doi.org/10.1289/EHP1374.",Feiby L. Nassan; Brent A. Coull; Audrey J. Gaskins; Michelle A. Williams; Niels E. Skakkebæk; Jennifer B. Ford; Xiaoyun Ye; Antonia M. Calafat; Joseph M. Braun; Russ Hauser,98,https://doi.org/10.1289/ehp1374,True,https://doi.org/10.1289/ehp1374,https://openalex.org/W2750725786,https://ehp.niehs.nih.gov/doi/pdf/10.1289/EHP1374,2017-08-16,2017,left censored environmental concentration Tobit model,11,Personal Care Product Use in Men and Urinary Concentrations of Select Phthalate Metabolites and Parabens: Results from the Environment And Reproductive Health (EARTH) Study,article
"Censored data are characteristics of many bioassays in HIV/AIDS studies where assays may not be sensitive enough to determine gradations in viral load determination among those below a detectable threshold. Not accounting for such left-censoring appropriately can lead to biased parameter estimates in most data analysis. To properly adjust for left-censoring, this paper presents an extension of the Tobit model for fitting nonlinear dynamic mixed-effects models with skew distributions. Such extensions allow one to specify the conditional distributions for viral load response to account for left-censoring, skewness and heaviness in the tails of the distributions of the response variable. A Bayesian modeling approach via Markov Chain Monte Carlo (MCMC) algorithm is used to estimate model parameters. The proposed methods are illustrated using real data from an HIV/AIDS study.",Getachew Dagne; Yangxin Huang,11,https://doi.org/10.1515/1557-4679.1387,True,https://doi.org/10.1515/1557-4679.1387,https://openalex.org/W1976555054,https://www.degruyter.com/document/doi/10.1515/1557-4679.1387/pdf,2012-09-18,2012,left censored environmental concentration Tobit model,12,Bayesian inference for a nonlinear mixed-effects Tobit model with multivariate skew-t distributions: application to AIDS studies,article
"Random forests (RF) is a supervised machine learning algorithm, which has recently started to gain prominence in water resources applications. However, existing applications are generally restricted to the implementation of Breiman’s original algorithm for regression and classification problems, while numerous developments could be also useful in solving diverse practical problems in the water sector. Here we popularize RF and their variants for the practicing water scientist, and discuss related concepts and techniques, which have received less attention from the water science and hydrologic communities. In doing so, we review RF applications in water resources, highlight the potential of the original algorithm and its variants, and assess the degree of RF exploitation in a diverse range of applications. Relevant implementations of random forests, as well as related concepts and techniques in the R programming language, are also covered.",Hristos Tyralis; Georgia Papacharalampous; Andreas Langousis,760,https://doi.org/10.3390/w11050910,True,https://doi.org/10.3390/w11050910,https://openalex.org/W2943160824,https://www.mdpi.com/2073-4441/11/5/910/pdf?version=1556786653,2019-04-30,2019,microcystin concentration prediction machine learning water quality,1,A Brief Review of Random Forests for Water Scientists and Practitioners and Their Recent History in Water Resources,article
"The rapid advancement in Artificial Intelligence (AI) and big data has developed significance in the water sector, particularly in hydrological time-series predictions. Recurrent Neural Networks (RNNs) and Long Short-Term Memory (LSTM) networks have become research focal points due to their effectiveness in modeling non-linear, time-variant hydrological systems. This review explores the different architectures of RNNs, LSTMs, and Gated Recurrent Units (GRUs) and their efficacy in predicting hydrological time-series data.•RNNs are foundational but face limitations such as vanishing gradients, which impede their ability to model long-term dependencies. LSTMs and GRUs have been developed to overcome these limitations, with LSTMs using memory cells and gating mechanisms, while GRUs provide a more streamlined architecture with similar benefits.•The integration of attention mechanisms and hybrid models that combine RNNs, LSTMs, and GRUs with other Machine learning (ML) and Deep Learning (DL) has improved prediction accuracy by capturing both temporal and spatial dependencies.•Despite their effectiveness, practical implementations of these models in hydrological time series prediction require extensive datasets and substantial computational resources. Future research should develop interpretable architectures, enhance data quality, incorporate domain knowledge, and utilize transfer learning to improve model generalization and scalability across diverse hydrological contexts.",Muhammad Waqas; Usa Wannasingha Humphries,331,https://doi.org/10.1016/j.mex.2024.102946,True,https://doi.org/10.1016/j.mex.2024.102946,https://openalex.org/W4402469109,,2024-09-12,2024,microcystin concentration prediction machine learning water quality,2,A critical review of RNN and LSTM variants in hydrological time series predictions,article
"Microcystins (MC) represent a family of cyclic peptides with approx. 250 congeners presumed harmful to human health due to their ability to inhibit ser/thr-proteinphosphatases (PPP), albeit all hazard and risk assessments (RA) are based on data of one MC-congener (MC-LR) only. MC congener structural diversity is a challenge for the risk assessment of these toxins, especially as several different PPPs have to be included in the RA. Consequently, the inhibition of PPP1, PPP2A and PPP5 was determined with 18 structurally different MC and demonstrated MC congener dependent inhibition activity and a lower susceptibility of PPP5 to inhibition than PPP1 and PPP2A. The latter data were employed to train a machine learning algorithm that should allow prediction of PPP inhibition (toxicity) based on MCs 2D chemical structure. IC50 values were classified in toxicity classes and three machine learning models were used to predict the toxicity class, resulting in 80-90% correct predictions.",Stefan Altaner,26,https://doi.org/10.14573/altex.1904031,True,https://doi.org/10.14573/altex.1904031,https://openalex.org/W2953430945,,2019-01-01,2019,microcystin concentration prediction machine learning water quality,3,Machine learning prediction of cyanobacterial toxin (microcystin) toxicodynamics in humans,article
"The algal community structure is vital for aquatic management. However, the complicated environmental and biological processes make modeling challenging. To cope with this difficulty, we investigated using random forests (RF) to predict phytoplankton community shifting based on multi-source environmental factors (including physicochemical, hydrological, and meteorological variables). The RF models robustly predicted the algal communities composed by 13 major classes (Bray-Curtis dissimilarity = 9.2 ± 7.0%, validation NRMSE mostly <10%), with accurate simulations to the total biomass (validation R2 > 0.74) in Norway's largest lake, Lake Mjosa. The importance analysis showed that the hydro-meteorological variables (Standardized MSE and Node Purity mostly >0.5) were the most influential factors in regulating the phytoplankton. Furthermore, an in-depth ecological interpretation uncovered the interactive stress-response effect on the algal community learned by the RF models. The interpretation results disclosed that the environmental drivers (i.e., temperature, lake inflow, and nutrients) can jointly pose strong influence on the algal community shifts. This study highlighted the power of machine learning in predicting complex algal community structures and provided insights into the model interpretability.",Muyuan Liu; Yuzhou Huang; Jing Hu; Junyu He; Xi Xiao,61,https://doi.org/10.1016/j.ese.2022.100233,True,https://doi.org/10.1016/j.ese.2022.100233,https://openalex.org/W4313334358,https://www.sciencedirect.com/science/article/pii/S2666498422000898/pdf,2022-12-29,2022,microcystin concentration prediction machine learning water quality,4,Algal community structure prediction by machine learning,article
"Water quality is an emergent property of a complex system comprised of interacting microbial populations and introduced microbial and chemical contaminants. Studies leveraging next-generation sequencing (NGS) technologies are providing new insights into the ecology of microbially mediated processes that influence fresh water quality such as algal blooms, contaminant biodegradation, and pathogen dissemination. In addition, sequencing methods targeting small subunit (SSU) rRNA hypervariable regions have allowed identification of signature microbial species that serve as bioindicators for sewage contamination in these environments. Beyond amplicon sequencing, metagenomic and metatranscriptomic analyses of microbial communities in fresh water environments reveal the genetic capabilities and interplay of waterborne microorganisms, shedding light on the mechanisms for production and biodegradation of toxins and other contaminants. This review discusses the challenges and benefits of applying NGS-based methods to water quality research and assessment. We will consider the suitability and biases inherent in the application of NGS as a screening tool for assessment of biological risks and discuss the potential and limitations for direct quantitative interpretation of NGS data. Secondly, we will examine case studies from recent literature where NGS based methods have been applied to topics in water quality assessment, including development of bioindicators for sewage pollution and microbial source tracking, characterizing the distribution of toxin and antibiotic resistance genes in water samples, and investigating mechanisms of biodegradation of harmful pollutants that threaten water quality. Finally, we provide a short review of emerging NGS platforms and their potential applications to the next generation of water quality assessment tools.",BoonFei Tan; Charmaine Ng; Jean Pierre Nshimyimana; Lay Leng Loh; Karina Yew‐Hoong Gin; Janelle R. Thompson,293,https://doi.org/10.3389/fmicb.2015.01027,True,https://doi.org/10.3389/fmicb.2015.01027,https://openalex.org/W1951683428,https://www.frontiersin.org/articles/10.3389/fmicb.2015.01027/pdf,2015-09-25,2015,microcystin concentration prediction machine learning water quality,5,"Next-generation sequencing (NGS) for assessment of microbial water quality: current progress, challenges, and future opportunities",article
"Abstract Monitoring water quality is a critical aspect of environmental sustainability. Poor water quality has an impact not just on aquatic life but also on the ecosystem. The purpose of this systematic review is to identify peer-reviewed literature on the effectiveness of applying machine learning (ML) methodologies to estimate water quality parameters with satellite data. The data was gathered using the Scopus, Web of Science, and IEEE citation databases. Related articles were extracted, selected, and evaluated using advanced keyword search and the PRISMA approach. The bibliographic information from publications written in journals during the previous two decades were collected. Publications that applied ML to water quality parameter retrieval with a focus on the application of satellite data were identified for further systematic review. A search query of 1796 papers identified 113 eligible studies. Popular ML models application were artificial neural network (ANN), random forest (RF), support vector machines (SVM), regression, cubist, genetic programming (GP) and decision tree (DT). Common water quality parameters extracted were chlorophyll-a (Chl-a), temperature, salinity, colored dissolved organic matter (CDOM), suspended solids and turbidity. According to the systematic analysis, ML can be successfully extended to water quality monitoring, allowing researchers to forecast and learn from natural processes in the environment, as well as assess human impacts on an ecosystem. These efforts will also help with restoration programs to ensure that environmental policy guidelines are followed.",Najmul Hassan; C S Woo,38,https://doi.org/10.1088/1755-1315/842/1/012018,True,https://doi.org/10.1088/1755-1315/842/1/012018,https://openalex.org/W3197622696,https://iopscience.iop.org/article/10.1088/1755-1315/842/1/012018/pdf,2021-08-01,2021,microcystin concentration prediction machine learning water quality,6,Machine Learning Application in Water Quality Using Satellite Data,conference-paper
"High Resolution Image Download MS PowerPoint Slide Ultrafiltration (UF) as one of the mainstream membrane-based technologies has been widely used in water and wastewater treatment. Increasing demand for clean and safe water requires the rational design of UF membranes with antifouling potential, while maintaining high water permeability and removal efficiency. This work employed a machine learning (ML) method to establish and understand the correlation of five membrane performance indices as well as three major performance-determining membrane properties with membrane fabrication conditions. The loading of additives, specifically nanomaterials ( A _wt %), at loading amounts of >1.0 wt % was found to be the most significant feature affecting all of the membrane performance indices. The polymer content ( P _wt %), molecular weight of the pore maker ( M _Da), and pore maker content ( M _wt %) also made considerable contributions to predicting membrane performance. Notably, M _Da was more important than M _wt % for predicting membrane performance. The feature analysis of ML models in terms of membrane properties (i.e., mean pore size, overall porosity, and contact angle) provided an unequivocal explanation of the effects of fabrication conditions on membrane performance. Our approach can provide practical aid in guiding the design of fit-for-purpose separation membranes through data-driven virtual experiments.",Haiping Gao; Shifa Zhong; Raghav Dangayach; Yongsheng Chen,111,https://doi.org/10.1021/acs.est.2c05404,True,https://doi.org/10.1021/acs.est.2c05404,https://openalex.org/W4320856439,https://pubs.acs.org/doi/pdf/10.1021/acs.est.2c05404,2023-02-15,2023,microcystin concentration prediction machine learning water quality,7,Understanding and Designing a High-Performance Ultrafiltration Membrane Using Machine Learning,article
"Water quality control and management in water resources are important for providing clean and safe water to the public. Due to their large area, collection, analysis, and management of a large amount of water quality data are essential. Water quality data are collected mainly by manual field sampling, and recently real-time sensor monitoring has been increasingly applied for efficient data collection. However, real-time sensor monitoring still relies on only a few parameters, such as water level, velocity, temperature, conductivity, dissolved oxygen (DO), and pH. Although advanced sensing technologies, such as hyperspectral images (HSI), have been used for the areal monitoring of algal bloom, other water quality sensors for organic compounds, phosphorus (P), and nitrogen (N) still need to be further developed and improved for field applications. The utilization of information and communications technology (ICT) with sensor technology shows great potential for the monitoring, transmission, and management of field water-quality data and thus for developing effective water quality management. This paper presents a review of the recent advances in ICT and field applicable sensor technology for monitoring water quality, mainly focusing on water resources, such as rivers and lakes, and discusses the challenges and future directions.",Jungsu Park; Keugtae Kim; Woo Hyoung Lee,167,https://doi.org/10.3390/w12020510,True,https://doi.org/10.3390/w12020510,https://openalex.org/W3006326026,https://www.mdpi.com/2073-4441/12/2/510/pdf?version=1582788538,2020-02-12,2020,microcystin concentration prediction machine learning water quality,8,Recent Advances in Information and Communications Technology (ICT) and Sensor Technology for Monitoring Water Quality,article
"Harmful algal blooms (HABs) are among the most severe ecological marine problems worldwide. Under favorable climate and oceanographic conditions, toxin-producing microalgae species may proliferate, reach increasingly high cell concentrations in seawater, accumulate in shellfish, and threaten the health of seafood consumers. There is an urgent need for the development of effective tools to help shellfish farmers to cope and anticipate HAB events and shellfish contamination, which frequently leads to significant negative economic impacts. Statistical and machine learning forecasting tools have been developed in an attempt to better inform the shellfish industry to limit damages, improve mitigation measures and reduce production losses. This study presents a synoptic review covering the trends in machine learning methods for predicting HABs and shellfish biotoxin contamination, with a particular focus on autoregressive models, support vector machines, random forest, probabilistic graphical models, and artificial neural networks (ANN). Most efforts have been attempted to forecast HABs based on models of increased complexity over the years, coupled with increased multi-source data availability, with ANN architectures in the forefront to model these events. The purpose of this review is to help defining machine learning-based strategies to support shellfish industry to manage their harvesting/production, and decision making by governmental agencies with environmental responsibilities.",Rafaela C. Cruz; Pedro Reis Costa; Susana Vinga; Ludwig Krippahl; Marta B. Lopes,121,https://doi.org/10.3390/jmse9030283,True,https://doi.org/10.3390/jmse9030283,https://openalex.org/W3135634215,https://www.mdpi.com/2077-1312/9/3/283/pdf?version=1615957756,2021-03-05,2021,microcystin concentration prediction machine learning water quality,9,A Review of Recent Machine Learning Advances for Forecasting Harmful Algal Blooms and Shellfish Contamination,article
"One of the most important water quality problems affecting lakes and reservoirs is eutrophication, which is caused by multiple physical and chemical factors. As a representative index of eutrophication, the concentration of chlorophyll-a has always been a key indicator monitored by environmental managers. The most influential factors on chlorophyll-a may be dependent on the different water quality patterns in lakes. In this study, data collected from 27 lakes in different provinces of China during 2009–2011 were analyzed. The self-organizing map (SOM) was first applied on the datasets and the lakes were classified into four clusters according to 24 water quality parameters. Comparison amongst the clusters revealed that Cluster I was the least polluted and at the lowest trophic level, while Cluster IV was the most polluted and at the highest trophic level. The genetic algorithm optimized back-propagation neural network (GA-BPNN) was applied to each lake cluster to select the most influential input variables for chlorophyll-a. The results of the four clusters showed that the performance of GA-BPNN was satisfied with nearly half of the input variables selected from the predictor pool. The selected factors varied for the lakes in different clusters, which indicates that the control for eutrophication should be separate for lakes in different provinces of one country.",Xue Li; Jian Sha; Zhong-Liang Wang,72,https://doi.org/10.3390/w9070524,True,https://doi.org/10.3390/w9070524,https://openalex.org/W2735100725,https://www.mdpi.com/2073-4441/9/7/524/pdf?version=1500279965,2017-07-14,2017,microcystin concentration prediction machine learning water quality,10,Chlorophyll-A Prediction of Lakes with Different Water Quality Patterns in China Based on Hybrid Neural Networks,article
"Cyanobacterial harmful algal blooms release toxins and form thick blanket layers on the water surface causing widespread problems, including serious threats to human health, water ecosystem, economics, and recreation. To identify the potential drivers for the bloom, there is a need for extensive observations of the water sources with bloom occurrences. However, the traditional methods for monitoring water sources, such as collection of point ground samples, have proven limited due to spatial and temporal variability of water resources, and the cost associated with collecting samples that accurately represent this variability. These limitations can be addressed through the use of high-frequency satellite data. In this study, we explored the use of Random Forest (RF), which is one of the widely used machine learning architectures, to evaluate the performance of Sentinel-3 OLCI (Ocean and Land Color Imager) images in predicting bloom proxies in the western region of Lake Erie. The sixteen available bands of Sentinel-3 images were used as the predictor variables, while four proxies of the cyanobacterial masses, including Chlorophyll-a, Microcystin, Phycocyanin, and Secchi-depth, were considered as response variables in the RF models, with one RF model per proxy. Each of the proxies comes with a unique set of traits that can help with bloom detection. Among four RF models, the model for Chlorophyll-a performed the best with R2 = 0.55 and RMSE = 20.84 µg/L, while R2 performance for the rest of the other proxies was less than 0.5. This is because Chlorophyll-a is the most dominant and optically active pigment in water, while Phycocyanin, which is a strong indicator of harmful bloom, is present in low concentrations. Additionally, Microcystin, responsible for bloom toxicity, has limited spectral sensitivity, and Secchi-depth could be influenced by various factors besides blooms, such as colored dissolved organic and inorganic matter. On further examining the relationship between the proxies, Microcystin and Secchi-depth were significantly correlated with Chlorophyll-a, which enhances the usefulness of Chlorophyll-a in accurately identifying the presence of algal blooms.",Neha Joshi; Jongmin Park; Kaiguang Zhao; Alexis Londo; Sami Khanal,34,https://doi.org/10.3390/rs16132444,True,https://doi.org/10.3390/rs16132444,https://openalex.org/W4400286003,https://www.mdpi.com/2072-4292/16/13/2444/pdf?version=1720078314,2024-07-03,2024,microcystin concentration prediction machine learning water quality,11,Monitoring Harmful Algal Blooms and Water Quality Using Sentinel-3 OLCI Satellite Imagery with Machine Learning,article
"Microcystins (MCs) are the most widely distributed cyanotoxins, which can be ingested by animals and human body in multiple ways, resulting in a threat to human health and the biodiversity of wildlife. Therefore, the study on toxic effects and mechanisms of MCs is one of the focuses of attention. Recently, the Omics techniques, i.e. genomics, transcriptomics, proteomics and metabolomics, have significantly contributed to the comprehensive understanding and revealing of the molecular mechanisms about the toxicity of MCs. This paper mainly reviews current literature using the Omics approaches to explore the toxicity mechanism of MCs in liver, gonad, spleen, brain, intestine and lung of multiple species. It was found that MCs can exert strong toxic effects on various metabolic activities and cell signal transduction in cell cycle, apoptosis, destruction of cell cytoskeleton and redox disorder, at protein, transcription and metabolism level. Meanwhile, it was also revealed that the alteration of non-coding RNAs (miRNA, circRNA and lncRNA, etc.) and gut microbiota plays an essential regulatory role in the toxic effects of MCs, especially in hepatotoxicity and reproductive toxicity. In addition, we summarized current research gaps and pointed out the future directions for research. The detailed information in this paper shows that the application and development of Omics techniques have significantly promoted the research on MCs toxicity, and it is also a valuable resource for exploring the toxic mechanism of MCs.",MA Ya; Haohao Liu; Xingde Du; Ziang Shi; Xiaohui Liu; Rui Wang; Shiyu Zhang; Zhihui Tian; Linjia Shi; Hongxiang Guo; Huizhen Zhang,54,https://doi.org/10.1016/j.envint.2021.106661,True,https://doi.org/10.1016/j.envint.2021.106661,https://openalex.org/W3163965919,https://www.sciencedirect.com/science/article/pii/S0160412021002865/pdf,2021-05-30,2021,microcystin concentration prediction machine learning water quality,12,Advances in the toxicology research of microcystins based on Omics approaches,article
,Man Qu; Akram Nida; Yan Kong; Huihui Du; Guosheng Xiao; Dayong Wang,109,https://doi.org/10.1016/j.ecoenv.2019.109568,False,https://doi.org/10.1016/j.ecoenv.2019.109568,https://openalex.org/W2969315456,,2019-08-19,2019,microcystin LR environmental predictors,1,Nanopolystyrene at predicted environmental concentration enhances microcystin-LR toxicity by inducing intestinal damage in Caenorhabditis elegans,article
"Toxin production by harmful cyanobacteria blooms (CyanoHABs) constitutes a major, worldwide environmental threat to freshwater aquatic resources that is expected to expand in scale and intensity with global climate change. Extensive literature exists on the most frequently encountered cyanotoxin, microcystin, in freshwater environments. Yet, the expansion of microcystin producing CyanoHABs and the transport of contaminated inland waters to estuarine and coastal marine waters has only recently received attention. This paper synthesizes information on the salinity tolerance of microcystin producing cyanobacteria and summarizes available case reports on microcystin presence in estuarine and coastal waters. We highlight a potential food-borne exposure route to humans by reviewing the growing body of evidence that shows microcystins can accumulate in coastal seafood. These cases reinforce the importance of freshwater nutrient reduction and the need for freshwater management efforts to look beyond lacustrine and riverine systems. Events reviewed here likely only represent a small proportion of cases where microcystins affect estuarine and coastal waters. We strongly suggest increased monitoring and research efforts to understand, react to, and prevent ecological and health problems associated with the growing problem of toxic CyanoHABs in coastal environments.",Ellen P. Preece; Flavien Hardy; Barry Moore; Michael D. Bryan,380,https://doi.org/10.1016/j.hal.2016.11.006,True,https://doi.org/10.1016/j.hal.2016.11.006,https://openalex.org/W2559726125,https://www.sciencedirect.com/science/article/pii/S1568988316302141/pdf,2016-11-29,2016,microcystin LR environmental predictors,2,A review of microcystin detections in Estuarine and Marine waters: Environmental implications and human health risk,article
"The cyanobacteria or ""blue-green algae"", as they are commonly termed, comprise a diverse group of oxygenic photosynthetic bacteria that inhabit a wide range of aquatic and terrestrial environments, and display incredible morphological diversity. Many aquatic, bloom-forming species of cyanobacteria are capable of producing biologically active secondary metabolites, which are highly toxic to humans and other animals. From a toxicological viewpoint, the cyanotoxins span four major classes: the neurotoxins, hepatotoxins, cytotoxins, and dermatoxins (irritant toxins). However, structurally they are quite diverse. Over the past decade, the biosynthesis pathways of the four major cyanotoxins: microcystin, nodularin, saxitoxin and cylindrospermopsin, have been genetically and biochemically elucidated. This review provides an overview of these biosynthesis pathways and additionally summarizes the chemistry and toxicology of these remarkable secondary metabolites.",Leanne A. Pearson; Troco Kaan Mihali; Michelle C. Moffitt; Ralf Kellmann; Brett A. Neilan,569,https://doi.org/10.3390/md8051650,True,https://doi.org/10.3390/md8051650,https://openalex.org/W2087746854,https://www.mdpi.com/1660-3397/8/5/1650/pdf?version=1424780722,2010-05-10,2010,microcystin LR environmental predictors,3,"On the Chemistry, Toxicology and Genetics of the Cyanobacterial Toxins, Microcystin, Nodularin, Saxitoxin and Cylindrospermopsin",article
"Advanced oxidation processes (AOPs) have been widely used for the destruction of organic contaminants in the aqueous phase. In this study, we introduce an AOP on activated peroxymonosulfate (PMS) by using ascorbic acid (H 2 A) to generate sulfate radicals (SO 4 •– ). Sulfate radicals, hydroxyl radicals (HO • ), and ascorbyl radicals (A •– ) were found using electron spin resonance (ESR). But we found A •– is negligible in the degradation of microcystin-LR (MCLR) due to its low reactivity. We developed a first-principles kinetic model to simulate the MCLR degradation and predict the radical concentrations. The MCLR degradation rate decreased with increasing pH. The scavenging effect of natural organic matter (NOM) on SO 4 •– was relatively small compared to that for HO • . Considering both energy consumption and MCLR removal, the optimal H 2 A and PMS doses for H 2 A/PMS process were determined at 1.0 × 10 –6 M and 1.6 × 10 –5 M, respectively. In addition, we determined the toxicity using the protein phosphatase 2A (PP2A) test and the results showed that MCLR was readily detoxified and its oxidation byproducts were not hepatotoxic. Overall, our work provides a new type of AOP and a promising, efficient, and environmental-friendly method for removing microcystins in algae-laden water.",Shiqing Zhou; Yanghai Yu; Weiqiu Zhang; Xiaoyang Meng; Jinming Luo; Lin Deng; Zhou Shi; John C. Crittenden,151,https://doi.org/10.1021/acs.est.7b06560,False,https://doi.org/10.1021/acs.est.7b06560,https://openalex.org/W2790017105,,2018-03-07,2018,microcystin LR environmental predictors,4,Oxidation of Microcystin-LR via Activation of Peroxymonosulfate Using Ascorbic Acid: Kinetic Modeling and Toxicity Assessment,article
"Microcystins are cyanobacterial toxins that represent a serious threat to drinking water and recreational lakes worldwide. Here, we show that microcystin fulfils an important function within cells of its natural producer Microcystis. The microcystin deficient mutant ΔmcyB showed significant changes in the accumulation of proteins, including several enzymes of the Calvin cycle, phycobiliproteins and two NADPH-dependent reductases. We have discovered that microcystin binds to a number of these proteins in vivo and that the binding is strongly enhanced under high light and oxidative stress conditions. The nature of this binding was studied using extracts of a microcystin-deficient mutant in vitro. The data obtained provided clear evidence for a covalent interaction of the toxin with cysteine residues of proteins. A detailed investigation of one of the binding partners, the large subunit of RubisCO showed a lower susceptibility to proteases in the presence of microcystin in the wild type. Finally, the mutant defective in microcystin production exhibited a clearly increased sensitivity under high light conditions and after hydrogen peroxide treatment. Taken together, our data suggest a protein-modulating role for microcystin within the producing cell, which represents a new addition to the catalogue of functions that have been discussed for microbial secondary metabolites.",Yvonne Zilliges; Jan‐Christoph Kehr; Sven Meißner; Keishi Ishida; Stefan Mikkat; Martin Hagemann; Aaron Kaplan; Thomas Börner; Elke Dittmann,462,https://doi.org/10.1371/journal.pone.0017615,True,https://doi.org/10.1371/journal.pone.0017615,https://openalex.org/W1990839717,https://journals.plos.org/plosone/article/file?id=10.1371/journal.pone.0017615&type=printable,2011-03-18,2011,microcystin LR environmental predictors,5,The Cyanobacterial Hepatotoxin Microcystin Binds to Proteins and Increases the Fitness of Microcystis under Oxidative Stress Conditions,article
"Abstract Idiopathic pulmonary fibrosis (IPF) is a group of chronic interstitial pulmonary diseases characterized by myofibroblast proliferation and extracellular matrix deposition with limited treatment options. Based on our previous observation, we hypothesized microcystin-leucine arginine (LR), an environmental cyanobacterial toxin, could potentially suppress pulmonary fibrosis. In this study, we first demonstrated that chronic exposure of microcystin-LR by oral for weeks indeed attenuated the pulmonary fibrosis both on bleomycin-induced rat and fluorescein isothiocyanate-induced mouse models. Our data further indicated that treatment with microcystin-LR substantially reduced TGF-β1/Smad signaling in rat pulmonary tissues. The experiments in vitro found that microcystin-LR was capable of blocking epithelial–mesenchymal transition (EMT) and fibroblast–myofibroblast transition (FMT) through suppressing the differentiation of CD206 + macrophages. Mechanically, microcystin-LR was found to bind to glucose-regulated protein 78 kDa (GRP78) and suppress endoplasmic reticulum unfolded protein response (UPR ER ) signaling pathways. These events led to the modulation of M2 polarization of macrophages, which eventually contributed to the alleviation of pulmonary fibrosis. Our results revealed a novel mechanism that may account for therapeutic effect of microcystin-LR on IPF.",Jie Wang; Lizhi Xu; Zou Xiang; Yan Ren; Xiufen Zheng; Qingya Zhao; Qunzhi Zhou; Yuefen Zhou; Lin Xu; Yaping Wang,199,https://doi.org/10.1038/s41419-020-2329-z,True,https://doi.org/10.1038/s41419-020-2329-z,https://openalex.org/W3007511370,https://www.nature.com/articles/s41419-020-2329-z.pdf,2020-02-19,2020,microcystin LR environmental predictors,6,Microcystin-LR ameliorates pulmonary fibrosis via modulating CD206+ M2-like macrophage polarization,article
"Cyanobacterial bloom events that produce natural toxins occur in freshwaters across the globe, yet the potential risk of many cyanobacterial metabolites remains mostly unknown. Only microcystins, one class of cyanopeptides, have been studied intensively and the wealth of evidence regarding exposure concentrations and toxicity led to their inclusion in risk management frameworks for water quality. However, cyanobacteria produce an incredible diversity of hundreds of cyanopeptides beyond the class of microcystins. The question arises, whether the other cyanopeptides are in fact of no human and ecological concern or whether these compounds merely received (too) little attention thus far. Current observations suggest that an assessment of their (eco)toxicological risk is indeed relevant: First, other cyanopeptides, including cyanopeptolins and anabaenopeptins, can occur just as frequently and at similar nanomolar concentrations as microcystins in surface waters. Second, cyanopeptolins, anabaenopeptins, aeruginosins and microginins inhibit proteases in the nanomolar range, in contrast to protein phosphatase inhibition by microcystins. Cyanopeptolins, aeruginosins, and aerucyclamide also show toxicity against grazers in the micromolar range comparable to microcystins. The key challenge for a comprehensive risk assessment of cyanopeptides remains their large structural diversity, lack of reference standards, and high analytical requirements for identification and quantification. One way forward would be a prevalence study to identify the priority candidates of tentatively abundant, persistent, and toxic cyanopeptides to make comprehensive risk assessments more manageable.",Elisabeth M.‐L. Janssen,386,https://doi.org/10.1016/j.watres.2018.12.048,True,https://doi.org/10.1016/j.watres.2018.12.048,https://openalex.org/W2907188015,https://www.sciencedirect.com/science/article/pii/S0043135418310662/pdf,2019-01-02,2019,microcystin LR environmental predictors,7,"Cyanobacterial peptides beyond microcystins – A review on co-occurrence, toxicity, and challenges for risk assessment",article
"Cyanobacteria, such as the toxin producer Microcystis aeruginosa, are predicted to be favored by global warming both directly, through elevated water temperatures, and indirectly, through factors such as prolonged stratification of waterbodies. M. aeruginosa is able to produce the hepatotoxin microcystin, which causes great concern in freshwater management worldwide. However, little is known about the expression of microcystin synthesis genes in response to climate change-related factors. In this study, a new RT-qPCR assay employing four reference genes (GAPDH, gltA, rpoC1, and rpoD) was developed to assess the expression of two target genes (the microcystin synthesis genes mcyB and mcyD). This assay was used to investigate changes in mcyB and mcyD expression in response to selected environmental factors associated with global warming. A 10°C rise in temperature significantly increased mcyB expression, but not mcyD expression. Neither mixing nor the addition of microcystin-LR (10 μg L−1 or 60 μg L−1) significantly altered mcyB and mcyD expression. The expression levels of mcyB and mcyD were correlated but not identical.",Pia I. Scherer; Uta Raeder; Juergen Geist; Katrin Zwirglmaier,46,https://doi.org/10.1002/mbo3.393,True,https://doi.org/10.1002/mbo3.393,https://openalex.org/W2469728798,https://onlinelibrary.wiley.com/doi/pdfdirect/10.1002/mbo3.393,2016-07-14,2016,microcystin LR environmental predictors,8,"Influence of temperature, mixing, and addition of microcystin-LR on microcystin gene expression in<i>Microcystis aeruginosa</i>",article
"Algal bloom reports are on the rise across Canada. While eutrophication is the main driver, other stressors of aquatic ecosystems, specifically climate change and food web alterations from the spread of invasive species and overfishing, are compounding factors acting in concert or independently. Current models can predict the average algal and cyanobacterial biomass concentrations across temperate lakes as a function of nutrients, but models to specifically predict harmful algal composition and toxicity are lacking. At the within-lake scale, where management occurs, strong year to year variations in cyanobacterial blooms remain challenging to explain, let alone predict. The most common cyanotoxins, the hepatotoxic microcystins, are chemically diverse with some variants more toxic than others and with greater propensity for persistence and bioaccumulation. These differences have been largely overlooked, as current guidelines have been based on microcystin-LR, considered the most common variant. Microcystin-LA is also encountered in Canadian waters and appears to exhibit greater persistence and bioaccumulation. With cyanobacterial blooms most likely to increase across the country, including the north, guidelines and policies for cyanotoxins in drinking and recreational waters as well as fish will need to be developed for the protection of ecosystem and human health. Ultimately, control of eutrophication is the most important option for managing toxic cyanobacterial blooms; nitrogen and phosphorus need to be considered as environmental contaminants, as both play a role in controlling the dominance of toxigenic cyanobacteria.",Frances R. Pick,213,https://doi.org/10.1139/cjfas-2015-0470,False,https://doi.org/10.1139/cjfas-2015-0470,https://openalex.org/W2320195936,,2016-04-05,2016,microcystin LR environmental predictors,9,Blooming algae: a Canadian perspective on the rise of toxic cyanobacteria,article
"mlrA is the only microcystin-degrading gene detected in Sphingomonas sp. MJ-PV. The gene has an extremely rare nucleotide sequence and homologous genes have not yet been discovered in the DNA database. We discovered the existence of a gene homologous to mlrA in new microcystin-degrading bacteria, MD-1 and Y2. These strains possessed mlrA homologues, and the identities of the genes of MD-1 and Y2 with the corresponding MJ-PV exceeded 98% and 84%, respectively. On the other hand, the mlrA gene was not detected in laboratory strains of the closely related Sphingomonas spp. strains employing hemi-nested polymerase chain reaction detection using two primer sets. Although the microcystin-degrading bacteria were closely related strains, they did not cluster together as the same species. We can conclude that the mlrA gene is conserved in three different bacterial species, and it is unique to microcystin degraders but not to the genus Sphingomonas.",Takeshi Saito; Kunihiro Okano; Ho-Dong Park; Tomoaki Itayama; Yuhei Inamori; Brett A. Neilan; Brendan P. Burns; Norío Sugiura,151,https://doi.org/10.1016/s0378-1097(03)00847-4,True,https://doi.org/10.1016/s0378-1097(03)00847-4,https://openalex.org/W2132154299,https://academic.oup.com/femsle/article-pdf/229/2/271/19394374/229-2-271.pdf,2003-12-01,2003,microcystin LR environmental predictors,10,"Detection and sequencing of the microcystin LR-degrading gene,<i>mlrA</i>, from new bacteria isolated from Japanese lakes",article
"Eutrophication and warming are key drivers of cyanobacterial blooms, but their combined effects on microcystin (MC) concentrations are less studied. We tested the hypothesis that warming promotes cyanobacterial abundance in a natural plankton community and that eutrophication enhances cyanobacterial biomass and MC concentrations. We incubated natural seston from a eutrophic pond under normal, high, and extreme temperatures (i.e., 20, 25, and 30 °C) with and without additional nutrients added (eutrophication) mimicking a pulse as could be expected from projected summer storms under climate change. Eutrophication increased algal- and cyanobacterial biomass by 26 and 8 times, respectively, and led to 24 times higher MC concentrations. This effect was augmented with higher temperatures leading to 45 times higher MC concentrations at 25 °C, with 11 times more cyanobacterial chlorophyll-a and 25 times more eukaryote algal chlorophyll-a. At 30 °C, MC concentrations were 42 times higher, with cyanobacterial chlorophyll-a being 17 times and eukaryote algal chlorophyll-a being 24 times higher. In contrast, warming alone did not yield more cyanobacteria or MCs, because the in situ community had already depleted the available nutrient pool. MC per potential MC producing cell declined at higher temperatures under nutrient enrichments, which was confirmed by a controlled experiment with two laboratory strains of Microcystis aeruginosa. Nevertheless, MC concentrations were much higher at the increased temperature and nutrient treatment than under warming alone due to strongly promoted biomass, lifting N-imitation and promotion of potential MC producers like Microcystis. This study exemplifies the vulnerability of eutrophic urban waters to predicted future summer climate change effects that might aggravate cyanobacterial nuisance.",Miquel Lürling; F. van Oosterhout; Elisabeth J. Faassen,142,https://doi.org/10.3390/toxins9020064,True,https://doi.org/10.3390/toxins9020064,https://openalex.org/W2588170402,https://www.mdpi.com/2072-6651/9/2/64/pdf?version=1486808455,2017-02-11,2017,microcystin LR environmental predictors,11,Eutrophication and Warming Boost Cyanobacterial Biomass and Microcystins,article
"We investigated the mechanisms behind the negative effects of cyanobacteria on zooplankton by comparing the effects of Microcystis aeruginosa single cells, colonies, and toxins on the feeding behavior of Daphnia pulicaria in three independent experiments. The animals were fed a mixture of Scenedesmus supplemented by increasing proportions (0, 20, 50, 80, 100%) of Microcystis or concentrations (0, 50, 500, 5,000 ng ml −1 ) of purified microcystin‐LR. The changes in feeding behavior, as indicated by the appendage beat, mandible or labrum movement rates were evaluated by a direct observation method that coupled video recording and computerized image analysis. Daphnia responded in a different manner to the presence of single cells and colonies. In the case of the single cells, the mandibular movement rate (MMR) declined more than appendage beat rate (ABR), suggesting that Daphnia have the ability to discriminate between Microcystis and Scenedesmus . Colonies, on the other hand, produced a typical feeding interference response: the animals increased their labral rejection rate (LRR) and showed starvation signs. LRR increased in the presence of both unicellular and colonial Microcystis . In both cases, the changes in MMR and ABR were rapidly reversible and hence unlikely to be caused by intoxication from the presence of cellbound microcystins. In contrast, the addition of purified microcystin‐LR at the concentration of 5,000 ng ml −1 produced a nonreversible impairment of Daphnia feeding behavior.",Anas Ghadouani; Bernadette Pinel‐Alloul; Klaus Plath; Geoffrey A. Codd; Winfried Lampert,112,https://doi.org/10.4319/lo.2004.49.3.0666,True,https://doi.org/10.4319/lo.2004.49.3.0666,https://openalex.org/W2120214541,https://onlinelibrary.wiley.com/doi/pdfdirect/10.4319/lo.2004.49.3.0666,2004-05-01,2004,microcystin LR environmental predictors,12,Effects of Microcystis aeruginosa and purified microcystin‐LR on the feeding behavior of <i>Daphnia pulicaria</i>,article
"Cyanobacteria harmful blooms (CyanoHABs) in lakes and reservoirs represent a major risk for water authorities globally due to their toxicity and economic impacts. Anticipating bloom occurrence and understanding the main drivers of CyanoHABs are needed to optimize water resources management. An extensive review of the application of CyanoHABs forecasting and predictive models was performed, and a summary of the current state of knowledge, limitations and research opportunities on this topic is provided through analysis of case studies . Two modelling approaches were used to achieve CyanoHABs anticipation; process-based (PB) and data-driven (DD) models. The objective of the model was a determining factor for the choice of modelling approach. PB models were more frequently used to predict future scenarios whereas DD models were employed for short-term forecasts. Each modelling approach presented multiple variations that may be applied for more specific, targeted purposes. Most models reviewed were site-specific. The monitoring methodologies, including data frequency, uncertainty and precision, were identified as a major limitation to improve model performance. A lack of standardization of both model output and performance metrics was observed. CyanoHAB modelling is an interdisciplinary topic and communication between disciplines should be improved to facilitate model comparisons. These shortcomings can hinder the adoption of modelling tools by practitioners. We suggest that water managers should focus on generalising models for lakes with similar characteristics and where possible use high frequency monitoring for model development and validation. • Models are mostly site-specific from temperate regions and had limited generality. • Water temperature, phosphorus and nitrogen are consistently reported predictors. • Choice of modelling approach varied for scenario analysis or short-term forecast. • Model development process usually lacks integration of transdisciplinary expertise. • A framework for the continuous improvement of forecasting models is proposed.",Benny Zuse Rousso; Edoardo Bertone; Rodney A. Stewart; David P. Hamilton,303,https://doi.org/10.1016/j.watres.2020.115959,True,https://doi.org/10.1016/j.watres.2020.115959,https://openalex.org/W3027646416,https://ars.els-cdn.com/content/image/1-s2.0-S0043135420304966-fx1_lrg.jpg,2020-05-22,2020,cyanotoxin forecasting machine learning lake,1,A systematic literature review of forecasting and predictive models for cyanobacteria blooms in freshwater lakes,review
"Concern is widely being published that the occurrence of toxic cyanobacteria is increasing in consequence of climate change and eutrophication, substantially threatening human health. Here, we review evidence and pertinent publications to explore in which types of waterbodies climate change is likely to exacerbate cyanobacterial blooms; whether controlling blooms and toxin concentrations requires a balanced approach of reducing not only the concentrations of phosphorus (P) but also those of nitrogen (N); how trophic and climatic changes affect health risks caused by toxic cyanobacteria. We propose the following for further discussion: (i) Climate change is likely to promote blooms in some waterbodies—not in those with low concentrations of P or N stringently limiting biomass, and more so in shallow than in stratified waterbodies. Particularly in the latter, it can work both ways—rendering conditions for cyanobacterial proliferation more favourable or less favourable. (ii) While N emissions to the environment need to be reduced for a number of reasons, controlling blooms can definitely be successful by reducing only P, provided concentrations of P can be brought down to levels sufficiently low to stringently limit biomass. Not the N:P ratio, but the absolute concentration of the limiting nutrient determines the maximum possible biomass of phytoplankton and thus of cyanobacteria. The absolute concentrations of N or P show which of the two nutrients is currently limiting biomass. N can be the nutrient of choice to reduce if achieving sufficiently low concentrations has chances of success. (iii) Where trophic and climate change cause longer, stronger and more frequent blooms, they increase risks of exposure, and health risks depend on the amount by which concentrations exceed those of current WHO cyanotoxin guideline values for the respective exposure situation. Where trophic change reduces phytoplankton biomass in the epilimnion, thus increasing transparency, cyanobacterial species composition may shift to those that reside on benthic surfaces or in the metalimnion, changing risks of exposure. We conclude that studying how environmental changes affect the genotype composition of cyanobacterial populations is a relatively new and exciting research field, holding promises for understanding the biological function of the wide range of metabolites found in cyanobacteria, of which only a small fraction is toxic to humans. Overall, management needs case-by-case assessments focusing on the impacts of environmental change on the respective waterbody, rather than generalisations.",Ingrid Chorus; Jutta Fastner; Martin Welker,140,https://doi.org/10.3390/w13182463,True,https://doi.org/10.3390/w13182463,https://openalex.org/W3197761114,https://www.mdpi.com/2073-4441/13/18/2463/pdf,2021-09-07,2021,cyanotoxin forecasting machine learning lake,2,"Cyanobacteria and Cyanotoxins in a Changing Environment: Concepts, Controversies, Challenges",article
"Near-term, iterative ecological forecasts with quantified uncertainty have great potential for improving lake and reservoir management. For example, if managers received a forecast indicating a high likelihood of impending impairment, they could make decisions today to prevent or mitigate poor water quality in the future. Increasing the number of automated, real-time freshwater forecasts used for management requires integrating interdisciplinary expertise to develop a framework that seamlessly links data, models, and cyberinfrastructure, as well as collaborations with managers to ensure that forecasts are embedded into decision-making workflows. The goal of this study is to advance the implementation of near-term, iterative ecological forecasts for freshwater management. We first provide an overview of FLARE (Forecasting Lake And Reservoir Ecosystems), a forecasting framework we developed and applied to a drinking water reservoir to assist water quality management, as a potential open-source option for interested users. We used FLARE to develop scenario forecasts simulating different water quality interventions to inform manager decision-making. Second, we share lessons learned from our experience developing and running FLARE over 2 years to inform other forecasting projects. We specifically focus on how to develop, implement, and maintain a forecasting system used for active management. Our goal is to break down the barriers to forecasting for freshwater researchers, with the aim of improving lake and reservoir management globally.",Cayelan C. Carey; Whitney M. Woelmer; Mary E. Lofton; Renato Figueiredo; Bethany J. Bookout; Rachel S. Corrigan; Vahid Daneshmand; Alexandria G. Hounshell; Dexter W. Howard; Abigail S. L. Lewis; Ryan P. McClure; Heather L. Wander; Nicole K. Ward; R. Quinn Thomas,80,https://doi.org/10.1080/20442041.2020.1816421,True,https://doi.org/10.1080/20442041.2020.1816421,https://openalex.org/W3121844390,https://www.tandfonline.com/doi/pdf/10.1080/20442041.2020.1816421?needAccess=true,2021-01-18,2021,cyanotoxin forecasting machine learning lake,3,"Advancing lake and reservoir water quality management with near-term, iterative ecological forecasting",article
"Harmful algal blooms are a major type of marine disaster that endangers the marine ecological environment and human health. Since the algal bloom is a complex nonlinear process with time characteristics, traditional statistical methods often cannot provide good predictions. In this paper, we propose a method based on machine learning with the aim to predict the occurrence of algal blooms by environmental parameters. The features related to algal bloom growth have been experimented for achieving a good prediction of algal concentrations by a combination strategy. We validate the prediction performance on two real datasets from two locations in US and China, i.e., Scripps Pier, California and Sishili Bay, Shandong, respectively. The models and feature subsets have been selected to complete the missing data and predict the phytoplankton concentration. The results demonstrate the efficiency of our method in the short-term prediction of concentrations by selecting appropriate features. The comparison studies prove the advantage of our developed machine learning method. The importance of every features for the prediction performance reveals crucial factors for the outbreak of harmful algal blooms.",Peixuan Yu; Rui Gao; Dezhen Zhang; Zhiping Liu,104,https://doi.org/10.1016/j.ecolind.2020.107334,True,https://doi.org/10.1016/j.ecolind.2020.107334,https://openalex.org/W3120537897,https://www.sciencedirect.com/science/article/pii/S1470160X20312760/pdf,2021-01-14,2021,cyanotoxin forecasting machine learning lake,4,Predicting coastal algal blooms with environmental factors by machine learning methods,article
"Cyanobacterial blooms are considered a major threat to global water security with documented impacts on lake ecosystems and public health. Given that cyanobacteria possess highly adaptive traits that favor them to prevail under different and often complicated stressor regimes, predicting their abundance is challenging. A dataset from 822 Northern European lakes is used to determine which variables better explain the variation of cyanobacteria biomass (CBB) by means of stepwise multiple linear regression. Chlorophyll-a (Chl-a) and total nitrogen (TN) provided the best modelling structure for the entire dataset, while for subsets of shallow and deep lakes, Chl-a, mean depth, TN and TN/TP explained part of the variance in CBB. Path analysis was performed and corroborated these findings. Finally, CBB was translated to a categorical variable according to risk levels for human health associated with the use of lakes for recreational activities. Several machine learning methods, namely Decision Tree, K-Nearest Neighbors, Support-vector Machine and Random Forest, were applied showing a remarkable ability to predict the risk, while Random Forest parameters were tuned and optimized, achieving a 95.81% accuracy, exceeding the performance of all other machine learning methods tested. A confusion matrix analysis is performed for all machine learning methods, identifying the potential of each method to correctly predict CBB risk levels and assessing the extent of false alarms; random forest clearly outperforms the other methods with very promising results.",Νικόλαος Μέλλιος; S. Jannicke Moe; Chrysi Laspidou,47,https://doi.org/10.3390/w12041191,True,https://doi.org/10.3390/w12041191,https://openalex.org/W3017791464,https://www.mdpi.com/2073-4441/12/4/1191/pdf?version=1587626528,2020-04-22,2020,cyanotoxin forecasting machine learning lake,5,Machine Learning Approaches for Predicting Health Risk of Cyanobacterial Blooms in Northern European Lakes,article
"This forecasting approach may be useful for water managers and associated public health managers to predict near-term future high-risk cyanobacterial harmful algal blooms (cyanoHAB) occurrence. Freshwater cyanoHABs may grow to excessive concentrations and cause human, animal, and environmental health concerns in lakes and reservoirs. Knowledge of the timing and location of cyanoHAB events is important for water quality management of recreational and drinking water systems. No quantitative tool exists to forecast cyanoHABs across broad geographic scales and at regular intervals. Publicly available satellite monitoring has proven effective in detecting cyanobacteria biomass near-real time within the United States. Weekly cyanobacteria abundance was quantified from the Ocean and Land Colour Instrument (OLCI) onboard the Sentinel-3 satellite as the response variable. An Integrated Nested Laplace Approximation (INLA) hierarchical Bayesian spatiotemporal model was applied to forecast World Health Organization (WHO) recreation Alert Level 1 exceedance >12 μg L−1 chlorophyll-a with cyanobacteria dominance for 2192 satellite resolved lakes in the United States across nine climate zones. The INLA model was compared against support vector classifier and random forest machine learning models; and Dense Neural Network, Long Short-Term Memory (LSTM), Recurrent Neural Network (RNN), and Gneural Network (GNU) neural network models. Predictors were limited to data sources relevant to cyanobacterial growth, readily available on a weekly basis, and at the national scale for operational forecasting. Relevant predictors included water surface temperature, precipitation, and lake geomorphology. Overall, the INLA model outperformed the machine learning and neural network models with prediction accuracy of 90% with 88% sensitivity, 91% specificity, and 49% precision as demonstrated by training the model with data from 2017 through 2020 and independently assessing predictions with data from the 2021 calendar year. The probability of true positive responses was greater than false positive responses and the probability of true negative responses was less than false negative responses. This indicated the model correctly assigned lower probabilities of events when they didn't exceed the WHO Alert Level 1 threshold and assigned higher probabilities when events did exceed the threshold. The INLA model was robust to missing data and unbalanced sampling between waterbodies.",Blake A. Schaeffer; Natalie L. Reynolds; Hannah Ferriby; Wilson B. Salls; Deron Smith; John M. Johnston; Mark H. Myer,41,https://doi.org/10.1016/j.jenvman.2023.119518,True,https://doi.org/10.1016/j.jenvman.2023.119518,https://openalex.org/W4388471735,,2023-11-07,2023,cyanotoxin forecasting machine learning lake,6,Forecasting freshwater cyanobacterial harmful algal blooms for Sentinel-3 satellite resolved U.S. lakes and reservoirs,article
,Alan D. Steinman; Bradley J. Cardinale; Wayne R. Munns; Mary E. Ogdahl; J. David Allan; Ted Angadi; Sarah L. Bartlett; Kate A. Brauman; Muruleedhara N. Byappanahalli; Matt Doss; Diane Dupont; Annie F Johns; Donna R. Kashian; Frank Lupi; Peter B. McIntyre; Todd R. Miller; Michael R. Moore; Rebecca Logsdon Muenich; Rajendra Poudel; James I. Price; Bill Provencher; Anne W. Rea; Jennifer Read; Steven Renzetti; Brent Sohngen; Erika Washburn,82,https://doi.org/10.1016/j.jglr.2017.02.004,True,https://doi.org/10.1016/j.jglr.2017.02.004,https://openalex.org/W2594373965,https://www.sciencedirect.com/science/article/am/pii/S0380133017300412?via%3Dihub,2017-03-07,2017,cyanotoxin forecasting machine learning lake,7,Ecosystem services in the Great Lakes,article
"Abstract. Freshwater management is challenging, and advance warning that poor water quality was likely, a season ahead, could allow for preventative measures to be put in place. To this end, we developed a Bayesian network (BN) for seasonal lake water quality prediction. BNs have become popular in recent years, but the vast majority are discrete. Here, we developed a Gaussian Bayesian network (GBN), a simple class of continuous BN. The aim was to forecast, in spring, mean total phosphorus (TP) and chlorophyll a (chl a) concentration, mean water colour, and maximum cyanobacteria biovolume for the upcoming growing season (May–October) in Vansjø, a shallow nutrient-rich lake in southeastern Norway. To develop the model, we first identified controls on interannual variability in seasonally aggregated water quality. These variables were then included in a GBN, and conditional probability densities were fit using observations (≤39 years). GBN predictions had R2 values of 0.37 (chl a) to 0.75 (colour) and classification errors of 32 % (TP) to 17 % (cyanobacteria). For all but lake colour, including weather variables did not improve the predictive performance (assessed through cross-validation). Overall, we found the GBN approach to be well suited to seasonal water quality forecasting. It was straightforward to produce probabilistic predictions, including the probability of exceeding management-relevant thresholds. The GBN could be sensibly parameterised using only the observed data, despite the small dataset. Developing a comparable discrete BN was much more subjective and time-consuming. Although low interannual variability and high temporal autocorrelation in the study lake meant the GBN performed only slightly better than a seasonal naïve forecast (where the forecasted value is simply the value observed the previous growing season), we believe that the forecasting approach presented here could be particularly useful in areas with higher sensitivity to catchment nutrient delivery and seasonal climate and for forecasting at shorter (daily or monthly) timescales. Despite the parametric constraints of GBNs, their simplicity, together with the relative accessibility of BN software with GBN handling, means they are a good first choice for BN development with continuous variables.",Leah Jackson‐Blake; François Clayer; Sigrid Haande; James Sample; S. Jannicke Moe,40,https://doi.org/10.5194/hess-26-3103-2022,True,https://doi.org/10.5194/hess-26-3103-2022,https://openalex.org/W4283156943,https://hess.copernicus.org/articles/26/3103/2022/hess-26-3103-2022.pdf,2022-06-20,2022,cyanotoxin forecasting machine learning lake,8,Seasonal forecasting of lake water quality and algal bloom risk using a continuous Gaussian Bayesian network,article
"Harmful algal blooms (HABs) are a growing concern to public health and aquatic ecosystems. Long-term water monitoring conducted by hand poses several limitations to the proper implementation of water safety plans. This work combines automatic high-frequency monitoring (AFHM) systems with machine learning (ML) techniques to build a data-driven chlorophyll-a (Chl-a) soft-sensor. Massive data for water temperature, pH, electrical conductivity (EC) and system battery were taken for three years at intervals of 15 min from two different areas of As Conchas freshwater reservoir (NW Spain). We designed a set of soft-sensors based on compact and energy efficient ML algorithms to infer Chl-a fluorescence by using low-cost input variables and to be deployed on buoys with limited battery and hardware resources. Input and output aggregations were applied in ML models to increase their inference performance. A component capable of triggering a 10 [Formula: see text]g/L Chl-a alert was also developed. The results showed that Chl-a soft-sensors could be a rapid and inexpensive tool to support manual sampling in water bodies at risk.",Alberto Mozó; Jesús Morón-López; Stanislav Vakaruk; Ángel G. Pompa-Pernía; Ángel González-Prieto; Juan A. Aguilar; Sandra Gómez-Canaval; Juan Manuel Ortiz,52,https://doi.org/10.1038/s41598-022-17299-5,True,https://doi.org/10.1038/s41598-022-17299-5,https://openalex.org/W4290700404,https://www.nature.com/articles/s41598-022-17299-5.pdf,2022-08-08,2022,cyanotoxin forecasting machine learning lake,9,Chlorophyll soft-sensor based on machine learning models for algal bloom predictions,article
"Abstract Cyanobacteria harmful algal blooms (cHABs) are increasingly becoming an emerging threat to aquatic life, ecotourism, and certain real estate investments. Their spontaneous yet sporadic occurrence has made mitigation measures a cumbersome task; moreover, current trends regarding anthropogenic activities, especially in agriculture and industry portend further undesirable events. Apart from the aesthetic degeneration they create in their respective habitats, they are equally capable of secreting toxins, which altogether present grave environmental and medical consequences. In this paper, we gave an update on factors that influence cHABs, cyanotoxin exposure routes, and environmental public health implications, especially impacts on fish, pets, and livestock. We discussed social economic impacts, risk assessment, and management problems for cHABs and, thereafter, assessed the extant management approaches including prevention, control, and mitigation of the proliferation of cyanobacterial blooms. In light of this, we suggest that more intensified research should be directed to the standardization of procedures for cyanotoxin analysis. Also, the provision of standardized reference material for the quantification of cyanotoxins is vital for routine monitoring as well as the development of strong in situ sensors capable of quantifying and detecting HABs cells and toxins in waterbodies to prevent the adverse impacts of cHABs. Also, more investigations into the natural and environmentally friendly approach to cyanobacteria management and the necessary and appropriate deployment of artificial intelligence are required. Finally, we wish to redirect the focus of public health authorities to protecting drinking water supply sources, agriculture products, and food sources from cyanotoxins contamination as well as to implement proper monitoring and treatment procedures to protect citizens from this potential health threat.",Aboi Igwaran; Adeoye John Kayode; Karabelo M. Moloantoa; Zenzile Peter Khetsha; John Onolame Unuofin,178,https://doi.org/10.1007/s11270-023-06782-y,True,https://doi.org/10.1007/s11270-023-06782-y,https://openalex.org/W4390728072,https://link.springer.com/content/pdf/10.1007/s11270-023-06782-y.pdf,2024-01-01,2024,cyanotoxin forecasting machine learning lake,10,"Cyanobacteria Harmful Algae Blooms: Causes, Impacts, and Risk Management",article
"Toxic cyanobacterial blooms have become a severe global hazard to human and environmental health. Most studies have focused on the relationships between cyanobacterial composition and cyanotoxins production. Yet, little is known about the environmental conditions influencing the hazard of cyanotoxins. Here, we analysed a unique 22 sites dataset comprising monthly observations of water quality, cyanobacterial genera, zooplankton assemblages, and microcystins (MCs) quota and concentrations in a large-shallow lake. Missing values of MCs were imputed using a non-negative latent factor (NLF) analysis, and the results achieved a promising accuracy. Furthermore, we used the Bayesian additive regression tree (BART) to quantify how Microcystis bloom toxicity responds to relevant physicochemical characteristics and zooplankton assemblages. As expected, the BART model achieved better performance in Microcystis biomass and MCs concentration predictions than some comparative models, including random forest and multiple linear regression. The importance analysis via BART illustrated that the shade index was overall the best predictor of MCs concentrations, implying the predominant effects of light limitations on the MCs content of Microcystis. Variables of greatest significance to the toxicity of Microcystis also included pH and dissolved inorganic nitrogen. However, total phosphorus was found to be a strong predictor of the biomass of total Microcystis and toxic M. aeruginosa. Together with the partial dependence plot, results revealed the positive correlations between protozoa and Microcystis biomass. In contrast, copepods biomass may regulate the MC quota and concentrations. Overall, our observations arouse universal demands for machine-learning strategies to represent nonlinear relationships between harmful algal blooms and environmental covariates.",Xiaoxiao Wang; Lan Wang; Mingsheng Shang; Lirong Song; Kun Shan,11,https://doi.org/10.3390/toxins14080530,True,https://doi.org/10.3390/toxins14080530,https://openalex.org/W4289520247,https://www.mdpi.com/2072-6651/14/8/530/pdf?version=1659423246,2022-08-02,2022,cyanotoxin forecasting machine learning lake,11,Revealing Physiochemical Factors and Zooplankton Influencing Microcystis Bloom Toxicity in a Large-Shallow Lake Using Bayesian Machine Learning,article
"Cyanobacterial harmful algal blooms release toxins and form thick blanket layers on the water surface causing widespread problems, including serious threats to human health, water ecosystem, economics, and recreation. To identify the potential drivers for the bloom, there is a need for extensive observations of the water sources with bloom occurrences. However, the traditional methods for monitoring water sources, such as collection of point ground samples, have proven limited due to spatial and temporal variability of water resources, and the cost associated with collecting samples that accurately represent this variability. These limitations can be addressed through the use of high-frequency satellite data. In this study, we explored the use of Random Forest (RF), which is one of the widely used machine learning architectures, to evaluate the performance of Sentinel-3 OLCI (Ocean and Land Color Imager) images in predicting bloom proxies in the western region of Lake Erie. The sixteen available bands of Sentinel-3 images were used as the predictor variables, while four proxies of the cyanobacterial masses, including Chlorophyll-a, Microcystin, Phycocyanin, and Secchi-depth, were considered as response variables in the RF models, with one RF model per proxy. Each of the proxies comes with a unique set of traits that can help with bloom detection. Among four RF models, the model for Chlorophyll-a performed the best with R2 = 0.55 and RMSE = 20.84 µg/L, while R2 performance for the rest of the other proxies was less than 0.5. This is because Chlorophyll-a is the most dominant and optically active pigment in water, while Phycocyanin, which is a strong indicator of harmful bloom, is present in low concentrations. Additionally, Microcystin, responsible for bloom toxicity, has limited spectral sensitivity, and Secchi-depth could be influenced by various factors besides blooms, such as colored dissolved organic and inorganic matter. On further examining the relationship between the proxies, Microcystin and Secchi-depth were significantly correlated with Chlorophyll-a, which enhances the usefulness of Chlorophyll-a in accurately identifying the presence of algal blooms.",Neha Joshi; Jongmin Park; Kaiguang Zhao; Alexis Londo; Sami Khanal,34,https://doi.org/10.3390/rs16132444,True,https://doi.org/10.3390/rs16132444,https://openalex.org/W4400286003,https://www.mdpi.com/2072-4292/16/13/2444/pdf?version=1720078314,2024-07-03,2024,cyanotoxin forecasting machine learning lake,12,Monitoring Harmful Algal Blooms and Water Quality Using Sentinel-3 OLCI Satellite Imagery with Machine Learning,article
"Cyanobacteria harmful blooms (CyanoHABs) in lakes and reservoirs represent a major risk for water authorities globally due to their toxicity and economic impacts. Anticipating bloom occurrence and understanding the main drivers of CyanoHABs are needed to optimize water resources management. An extensive review of the application of CyanoHABs forecasting and predictive models was performed, and a summary of the current state of knowledge, limitations and research opportunities on this topic is provided through analysis of case studies . Two modelling approaches were used to achieve CyanoHABs anticipation; process-based (PB) and data-driven (DD) models. The objective of the model was a determining factor for the choice of modelling approach. PB models were more frequently used to predict future scenarios whereas DD models were employed for short-term forecasts. Each modelling approach presented multiple variations that may be applied for more specific, targeted purposes. Most models reviewed were site-specific. The monitoring methodologies, including data frequency, uncertainty and precision, were identified as a major limitation to improve model performance. A lack of standardization of both model output and performance metrics was observed. CyanoHAB modelling is an interdisciplinary topic and communication between disciplines should be improved to facilitate model comparisons. These shortcomings can hinder the adoption of modelling tools by practitioners. We suggest that water managers should focus on generalising models for lakes with similar characteristics and where possible use high frequency monitoring for model development and validation. • Models are mostly site-specific from temperate regions and had limited generality. • Water temperature, phosphorus and nitrogen are consistently reported predictors. • Choice of modelling approach varied for scenario analysis or short-term forecast. • Model development process usually lacks integration of transdisciplinary expertise. • A framework for the continuous improvement of forecasting models is proposed.",Benny Zuse Rousso; Edoardo Bertone; Rodney A. Stewart; David P. Hamilton,303,https://doi.org/10.1016/j.watres.2020.115959,True,https://doi.org/10.1016/j.watres.2020.115959,https://openalex.org/W3027646416,https://ars.els-cdn.com/content/image/1-s2.0-S0043135420304966-fx1_lrg.jpg,2020-05-22,2020,cyanobacterial bloom prediction systematic review freshwater,1,A systematic literature review of forecasting and predictive models for cyanobacteria blooms in freshwater lakes,review
"Cyanobacterial bloom events that produce natural toxins occur in freshwaters across the globe, yet the potential risk of many cyanobacterial metabolites remains mostly unknown. Only microcystins, one class of cyanopeptides, have been studied intensively and the wealth of evidence regarding exposure concentrations and toxicity led to their inclusion in risk management frameworks for water quality. However, cyanobacteria produce an incredible diversity of hundreds of cyanopeptides beyond the class of microcystins. The question arises, whether the other cyanopeptides are in fact of no human and ecological concern or whether these compounds merely received (too) little attention thus far. Current observations suggest that an assessment of their (eco)toxicological risk is indeed relevant: First, other cyanopeptides, including cyanopeptolins and anabaenopeptins, can occur just as frequently and at similar nanomolar concentrations as microcystins in surface waters. Second, cyanopeptolins, anabaenopeptins, aeruginosins and microginins inhibit proteases in the nanomolar range, in contrast to protein phosphatase inhibition by microcystins. Cyanopeptolins, aeruginosins, and aerucyclamide also show toxicity against grazers in the micromolar range comparable to microcystins. The key challenge for a comprehensive risk assessment of cyanopeptides remains their large structural diversity, lack of reference standards, and high analytical requirements for identification and quantification. One way forward would be a prevalence study to identify the priority candidates of tentatively abundant, persistent, and toxic cyanopeptides to make comprehensive risk assessments more manageable.",Elisabeth M.‐L. Janssen,386,https://doi.org/10.1016/j.watres.2018.12.048,True,https://doi.org/10.1016/j.watres.2018.12.048,https://openalex.org/W2907188015,https://www.sciencedirect.com/science/article/pii/S0043135418310662/pdf,2019-01-02,2019,cyanobacterial bloom prediction systematic review freshwater,2,"Cyanobacterial peptides beyond microcystins – A review on co-occurrence, toxicity, and challenges for risk assessment",article
"This paper reviews the issues associated with algal–cyanobacterial taste–odour (T&amp;O) compounds and toxins in the Great Lakes. As with other remediated water bodies, the Great Lakes have undergone significant shifts in nutrient and food-web regimes and are exhibiting erratic blooms and noxious algal metabolite (NAM) outbreaks, despite reduced offshore nutrient levels. We appraise the chemistry, biota, and distribution of NAM impairments and conclude that management strategies based on lakewide monitoring and remedial action plans are often unsuccessful because they attempt NAM control through an unsustainable reliance on water treatment and broad-scale nutrient–biomass models. This approach is undermined by several factors: (i) only some species produce NAMs; (ii) different taxa show disparate patterns across nutrient and mixing regimes; (iii) nuisance species may be planktonic or benthic and located outside remedial boundaries; and (iv) species differ significantly in NAM biochemistry and release. Thus, there are no robust relationships between total plankton biomass, toxins, and T&amp;O compounds in these and other source waters. Given the potential ecological and socioeconomic threats posed by NAM outbreaks, there is a critical need to develop a multistep management framework based on more stringent restoration targets, combining broad-scale screening and nutrient management with system and taxa-specific approaches.",Susan B. Watson; Jeff Ridal; Gregory L. Boyer,236,https://doi.org/10.1139/f08-084,True,https://doi.org/10.1139/f08-084,https://openalex.org/W2165767165,https://cdnsciencepub.com/doi/pdf/10.1139/F08-084,2008-08-01,2008,cyanobacterial bloom prediction systematic review freshwater,3,"Taste and odour and cyanobacterial toxins: impairment, prediction, and management in the Great Lakes",article
"In early August 2014, the municipality of Toledo, OH (USA) issued a ‘do not drink’ advisory on their water supply directly affecting over 400,000 residential customers and hundreds of businesses ( Wilson, 2014 ). This order was attributable to levels of microcystin, a potent liver toxin, which rose to 2.5 μg L −1 in finished drinking water. The Toledo crisis afforded an opportunity to bring together scientists from around the world to share ideas regarding factors that contribute to bloom formation and toxigenicity, bloom and toxin detection as well as prevention and remediation of bloom events. These discussions took place at an NSF- and NOAA-sponsored workshop at Bowling Green State University on April 13 and 14, 2015. In all, more than 100 attendees from six countries and 15 US states gathered together to share their perspectives. The purpose of this review is to present the consensus summary of these issues that emerged from discussions at the Workshop. As additional reports in this special issue provide detailed reviews on many major CHAB species, this paper focuses on the general themes common to all blooms, such as bloom detection, modeling, nutrient loading, and strategies to reduce nutrients.",George S. Bullerjahn; R. Michael L. McKay; Timothy W. Davis; David B. Baker; Gregory L. Boyer; Lesley V. D’Anglada; Gregory J. Doucette; Jeff C. Ho; Elena G. Irwin; Catherine L. Kling; Raphael M. Kudela; Rainer Kurmayer; A. M. Michalak; Joseph D. Ortiz; Timothy G. Otten; Hans W. Paerl; Boqiang Qin; Brent Sohngen; Richard P. Stumpf; P. Visser; Steven W. Wilhelm,301,https://doi.org/10.1016/j.hal.2016.01.003,True,https://doi.org/10.1016/j.hal.2016.01.003,https://openalex.org/W2386609025,https://www.sciencedirect.com/science/article/am/pii/S1568988315301657?via%3Dihub,2016-04-01,2016,cyanobacterial bloom prediction systematic review freshwater,4,Global solutions to regional problems: Collecting global expertise to address the problem of harmful cyanobacterial blooms. A Lake Erie case study,article
"It is now accepted that some human-induced climate change is unavoidable. Potential impacts on water supply have received much attention, but relatively little is known about the concomitant changes in water quality. Projected changes in air temperature and rainfall could affect river flows and, hence, the mobility and dilution of contaminants. Increased water temperatures will affect chemical reaction kinetics and, combined with deteriorations in quality, freshwater ecological status. With increased flows there will be changes in stream power and, hence, sediment loads with the potential to alter the morphology of rivers and the transfer of sediments to lakes, thereby impacting freshwater habitats in both lake and stream systems. This paper reviews such impacts through the lens of UK surface water quality. Widely accepted climate change scenarios suggest more frequent droughts in summer, as well as flash-flooding, leading to uncontrolled discharges from urban areas to receiving water courses and estuaries. Invasion by alien species is highly likely, as is migration of species within the UK adapting to changing temperatures and flow regimes. Lower flows, reduced velocities and, hence, higher water residence times in rivers and lakes will enhance the potential for toxic algal blooms and reduce dissolved oxygen levels. Upland streams could experience increased dissolved organic carbon and colour levels, requiring action at water treatment plants to prevent toxic by-products entering public water supplies. Storms that terminate drought periods will flush nutrients from urban and rural areas or generate acid pulses in acidified upland catchments. Policy responses to climate change, such as the growth of bio-fuels or emission controls, will further impact freshwater quality.",P. G. Whitehead; Robert L. Wilby; Rick Battarbee; Martin Kernan; Andrew J. Wade,1300,https://doi.org/10.1623/hysj.54.1.101,True,https://doi.org/10.1623/hysj.54.1.101,https://openalex.org/W1979583227,https://www.tandfonline.com/doi/pdf/10.1623/hysj.54.1.101?needAccess=true&role=button,2009-01-29,2009,cyanobacterial bloom prediction systematic review freshwater,5,A review of the potential impacts of climate change on surface water quality,article
"Autotrophic picoplankton (APP) are distributed worldwide and are ubiquitous in all types of lakes of varying trophic state. APP are major players in carbon production in all aquatic ecosystems, including extreme environments such as cold ice-covered and/or warm tropical lakes and thermal springs. They often form the base of complex microbial food webs, becoming prey for a multitude of protozoan and micro-invertebrate grazers, that effectively channel APP carbon to higher trophic levels including fish. In this review we examine the existing literature on freshwater autotrophic picoplankton, setting recent findings and current ecological issues within an historic framework, and include a description of the occurrence and distribution of both single-cell and colonial APP (picocyanobacteria) in different types of lakes. In this review we place considerable emphasis on methodology and ecology, including sampling, counting, preservation, molecular techniques, measurement of photosynthesis, and include extensive comment on their important role in microbial food webs. The model outlined by Stockner of an increase of APP abundance and biomass and a decrease of its relative importance with the increase of phosphorus concentration in lakes has been widely accepted, and only recently confirmed in marine and freshwater ecosystems. Nevertheless the relationship which drives the APP presence and importance in lakes of differing trophic status appears with considerable variation so we must conclude that the success of APP in oligotrophic lakes worldwide is not a certainty but highly probable.",Cristiana Callieri; John G. Stockner,271,https://doi.org/10.4081/jlimnol.2002.1,True,https://doi.org/10.4081/jlimnol.2002.1,https://openalex.org/W2010441677,https://jlimnol.it/index.php/jlimnol/article/download/jlimnol.2002.1/360,2002-02-01,2002,cyanobacterial bloom prediction systematic review freshwater,6,Freshwater autotrophic picoplankton: a review,article
"A recent ecological study demonstrated a significant association between an increased risk of nonalcoholic liver disease mortality and freshwater cyanobacterial blooms. Moreover, previous epidemiology studies highlighted a relationship between cyanotoxins in drinking water with liver cancer and damage and colorectal cancer. These associations identified cyanobacterial blooms as a global public health and environmental problem, affecting freshwater bodies that are important sources for drinking water, agriculture, and aquafarms. Furthermore, as a result of climate change, it is expected that our freshwater environments will become more favorable for producing harmful blooms that produce various cyanotoxins. Food is an important source of cyanotoxin exposure to humans, but it has been less addressed. This paper synthesizes information from the studies that have investigated cyanotoxins in freshwater and food on a global scale. We also review and summarize the health effects and exposure routes of cyanotoxins and candidates for cyanotoxin treatment methods that can be applied to food.",Jiyoung Lee; Seungjun Lee; Xuewen Jiang,114,https://doi.org/10.1146/annurev-food-030216-030116,True,https://doi.org/10.1146/annurev-food-030216-030116,https://openalex.org/W2520417383,https://www.annualreviews.org/doi/pdf/10.1146/annurev-food-030216-030116,2017-02-28,2017,cyanobacterial bloom prediction systematic review freshwater,7,Cyanobacterial Toxins in Freshwater and Food: Important Sources of Exposure to Humans,article
"Blooms of autotrophic algae and some heterotrophic protists are increasingly frequent in coastal waters around the world and are collectively grouped as harmful algal blooms (HABs). Blooms of these organisms are attributed to two primary factors: natural processes such as circulation, upwelling relaxation, and river flow; and, anthropogenic loadings leading to eutrophication. Unfortunately, the latter is commonly assumed to be the primary cause of all blooms, which is not the case in many instances. Moreover, although it is generally acknowledged that occurrences of these phenomena are increasing throughout the world's oceans, the reasons for this apparent increase remain debated and include not only eutrophication but increased observation efforts in coastal zones of the world. There is a rapidly advancing monitoring effort resulting from the perception of increased impacts from these HABs, manifested as expanding routine coastal monitoring programs, rapid development and deployment of new detection methods for individual species, toxins, and toxicities, and expansion of coastal modeling activities towards observational forecasts of bloom landfall and eventually bloom prediction. Together, these many efforts will provide resource managers with the tools needed to develop effective strategies for the management and mitigation of HABs and their frequently devastating impacts on the coastal environment.",Kevin G. Sellner; Gregory J. Doucette; Gary J. Kirkpatrick,652,https://doi.org/10.1007/s10295-003-0074-9,True,https://doi.org/10.1007/s10295-003-0074-9,https://openalex.org/W2042913559,https://academic.oup.com/jimb/article-pdf/30/7/383/34737190/jimb0383.pdf,2003-07-01,2003,cyanobacterial bloom prediction systematic review freshwater,8,"Harmful algal blooms: causes, impacts and detection",article
"The widespread distribution of cyanobacteria in the aquatic environment is increasing the risk of water pollution caused by cyanotoxins, which poses a serious threat to human health. However, the structural characterization, distribution and identification techniques of cyanotoxins have not been comprehensively reviewed in previous studies. This paper aims to elaborate the existing information systematically on the diversity of cyanotoxins to identify valuable research avenues. According to the chemical structure, cyanotoxins are mainly classified into cyclic peptides, alkaloids, lipopeptides, nonprotein amino acids and lipoglycans. In terms of global distribution, the amount of cyanotoxins are unbalanced in different areas. The diversity of cyanotoxins is more obviously found in many developed countries than that in undeveloped countries. Moreover, the threat of cyanotoxins has promoted the development of identification and detection technology. Many emerging methods have been developed to detect cyanotoxins in the environment. This communication provides a comprehensive review of the diversity of cyanotoxins, and the detection and identification technology was discussed. This detailed information will be a valuable resource for identifying the various types of cyanotoxins which threaten the environment of different areas. The ability to accurately identify specific cyanotoxins is an obvious and essential aspect of cyanobacterial research.",Xingde Du; Haohao Liu; Le Yuan; Yueqin Wang; MA Ya; Rui Wang; Xinghai Chen; Michael D. Losiewicz; Hongxiang Guo; Huizhen Zhang,181,https://doi.org/10.3390/toxins11090530,True,https://doi.org/10.3390/toxins11090530,https://openalex.org/W2972983732,https://www.mdpi.com/2072-6651/11/9/530/pdf?version=1568970731,2019-09-12,2019,cyanobacterial bloom prediction systematic review freshwater,9,"The Diversity of Cyanobacterial Toxins on Structural Characterization, Distribution and Identification: A Systematic Review",review
"The need for more effective environmental monitoring of the open and coastal ocean has recently led to notable advances in satellite ocean color technology and algorithm research. Satellite ocean color sensors’ data are widely used for the detection, mapping and monitoring of phytoplankton blooms because earth observation provides a synoptic view of the ocean, both spatially and temporally. Algal blooms are indicators of marine ecosystem health; thus, their monitoring is a key component of effective management of coastal and oceanic resources. Since the late 1970s, a wide variety of operational ocean color satellite sensors and algorithms have been developed. The comprehensive review presented in this article captures the details of the progress and discusses the advantages and limitations of the algorithms used with the multi-spectral ocean color sensors CZCS, SeaWiFS, MODIS and MERIS. Present challenges include overcoming the severe limitation of these algorithms in coastal waters and refining detection limits in various oceanic and coastal environments. To understand the spatio-temporal patterns of algal blooms and their triggering factors, it is essential to consider the possible effects of environmental parameters, such as water temperature, turbidity, solar radiation and bathymetry. Hence, this review will also discuss the use of statistical techniques and additional datasets derived from ecosystem models or other satellite sensors to characterize further the factors triggering or limiting the development of algal blooms in coastal and open ocean waters.",David Blondeau‐Patissier; J.F.R. Gower; Arnold G. Dekker; Stuart Phinn; Vittorio Brando,603,https://doi.org/10.1016/j.pocean.2013.12.008,True,https://doi.org/10.1016/j.pocean.2013.12.008,https://openalex.org/W1975285091,https://www.sciencedirect.com/science/article/pii/S0079661114000020/pdf,2014-01-27,2014,cyanobacterial bloom prediction systematic review freshwater,10,"A review of ocean color remote sensing methods and statistical techniques for the detection, mapping and analysis of phytoplankton blooms in coastal and open oceans",article
"Microcystis aeruginosa is one of the most common bloom-forming cyanobacteria in freshwater ecosystems worldwide. This species produces numerous secondary metabolites, including microcystins, which are harmful to human health. We sequenced the genomes of ten strains of M. aeruginosa in order to explore the genomic basis of their ability to occupy varied environments and proliferate. Our findings show that M. aeruginosa genomes are characterized by having a large open pangenome, and that each genome contains similar proportions of core and flexible genes. By comparing the GC content of each gene to the mean value of the whole genome, we estimated that in each genome, around 11% of the genes seem to result from recent horizontal gene transfer events. Moreover, several large gene clusters resulting from HGT (up to 19 kb) have been found, illustrating the ability of this species to integrate such large DNA molecules. It appeared also that all M. aeruginosa displays a large genomic plasticity, which is characterized by a high proportion of repeat sequences and by low synteny values between the strains. Finally, we identified 13 secondary metabolite gene clusters, including three new putative clusters. When comparing the genomes of Microcystis and Prochlorococcus, one of the dominant picocyanobacteria living in marine ecosystems, our findings show that they are characterized by having almost opposite evolutionary strategies, both of which have led to ecological success in their respective environments.",Jean François Humbert; Valérie Barbe; Amel Latifi; Muriel Gugger; Alexandra Calteau; Thérèse Coursin; Aurélie Lajus; Vanina Castelli; Sophie Oztas; Gaëlle Samson; Cyrille Longin; Claudine Médigue; Nicole Tandeau de Marsac,194,https://doi.org/10.1371/journal.pone.0070747,True,https://doi.org/10.1371/journal.pone.0070747,https://openalex.org/W2053969230,https://journals.plos.org/plosone/article/file?id=10.1371/journal.pone.0070747&type=printable,2013-08-12,2013,cyanobacterial bloom prediction systematic review freshwater,11,A Tribute to Disorder in the Genome of the Bloom-Forming Freshwater Cyanobacterium Microcystis aeruginosa,article
"Harmful cyanobacterial blooms (CyanoHABs) impact lakes, estuaries, and freshwater reservoirs worldwide. The duration, severity, and spread of CyanoHABs have markedly increased over the past decades and will likely continue to increase. This article addresses the universal phenomena of cyanobacterial blooms occurring in many freshwater ecosystems worldwide. Based on analysis of ecophysiological traits of bloom-forming cyanobacteria and their interactions with environmental processes, we summarize and decipher the driving forces leading to the initiation, outbreak, and persistence of the blooms. Due to the coupling effects of eutrophication, rising CO 2 levels and global warming, a multidisciplinary joint research approach is critical for better understanding the CyanoHAB phenomenon and its prediction, remediation, and prevention. There is an urgent need to evaluate and guide proper use of bloom control techniques at large scales, using science-based and environmentally friendly approaches.",Lirong Song; Yunlu Jia; Boqiang Qin; Renhui Li; Wayne W. Carmichael; Nanqin Gan; Hai Xu; Kun Shan; Assaf Sukenik,106,https://doi.org/10.1146/annurev-environ-112320-081653,True,https://doi.org/10.1146/annurev-environ-112320-081653,https://openalex.org/W4386553240,https://www.annualreviews.org/doi/pdf/10.1146/annurev-environ-112320-081653,2023-09-08,2023,cyanobacterial bloom prediction systematic review freshwater,12,"Harmful Cyanobacterial Blooms: Biological Traits, Mechanisms, Risks, and Control Strategies",article
,Lian Feng; Ying Wang; Xuejiao Hou; Boqiang Qin; Tiit Kutser; Fan Qu; Nengwang Chen; Hans W. Paerl; Chunmiao Zheng,274,https://doi.org/10.1038/s43017-024-00578-2,True,https://doi.org/10.1038/s43017-024-00578-2,https://openalex.org/W4401917967,https://pmc.ncbi.nlm.nih.gov/articles/PMC11849997/pdf/nihms-2041063.pdf,2024-08-27,2024,harmful algal blooms inland waters 2024,1,Harmful algal blooms in inland waters,article
"Marine eutrophication, primarily driven by nutrient over input from agricultural runoff, wastewater discharge, and atmospheric deposition, leads to harmful algal blooms (HABs) that pose a severe threat to marine ecosystems. This review explores the causes, monitoring methods, and control strategies for eutrophication in marine environments. Monitoring techniques include remote sensing, automated in situ sensors, modeling, forecasting, and metagenomics. Remote sensing provides large-scale temporal and spatial data, while automated sensors offer real-time, high-resolution monitoring. Modeling and forecasting use historical data and environmental variables to predict blooms, and metagenomics provides insights into microbial community dynamics. Control treatments encompass physical, chemical, and biological treatments, as well as advanced technologies like nanotechnology, electrocoagulation, and ultrasonic treatment. Physical treatments, such as aeration and mixing, are effective but costly and energy-intensive. Chemical treatments, including phosphorus precipitation, quickly reduce nutrient levels but may have ecological side effects. Biological treatments, like biomanipulation and bioaugmentation, are sustainable but require careful management of ecological interactions. Advanced technologies offer innovative solutions with varying costs and sustainability profiles. Comparing these methods highlights the trade-offs between efficacy, cost, and environmental impact, emphasizing the need for integrated approaches tailored to specific conditions. This review underscores the importance of combining monitoring and control strategies to mitigate the adverse effects of eutrophication on marine ecosystems.",Jiaxin Lan; Pengfei Liu; Xi Hu; Shanshan Zhu,188,https://doi.org/10.3390/w16172525,True,https://doi.org/10.3390/w16172525,https://openalex.org/W4402269814,https://www.mdpi.com/2073-4441/16/17/2525/pdf,2024-09-05,2024,harmful algal blooms inland waters 2024,2,"Harmful Algal Blooms in Eutrophic Marine Environments: Causes, Monitoring, and Treatment",article
"Abstract Cyanobacteria harmful algal blooms (cHABs) are increasingly becoming an emerging threat to aquatic life, ecotourism, and certain real estate investments. Their spontaneous yet sporadic occurrence has made mitigation measures a cumbersome task; moreover, current trends regarding anthropogenic activities, especially in agriculture and industry portend further undesirable events. Apart from the aesthetic degeneration they create in their respective habitats, they are equally capable of secreting toxins, which altogether present grave environmental and medical consequences. In this paper, we gave an update on factors that influence cHABs, cyanotoxin exposure routes, and environmental public health implications, especially impacts on fish, pets, and livestock. We discussed social economic impacts, risk assessment, and management problems for cHABs and, thereafter, assessed the extant management approaches including prevention, control, and mitigation of the proliferation of cyanobacterial blooms. In light of this, we suggest that more intensified research should be directed to the standardization of procedures for cyanotoxin analysis. Also, the provision of standardized reference material for the quantification of cyanotoxins is vital for routine monitoring as well as the development of strong in situ sensors capable of quantifying and detecting HABs cells and toxins in waterbodies to prevent the adverse impacts of cHABs. Also, more investigations into the natural and environmentally friendly approach to cyanobacteria management and the necessary and appropriate deployment of artificial intelligence are required. Finally, we wish to redirect the focus of public health authorities to protecting drinking water supply sources, agriculture products, and food sources from cyanotoxins contamination as well as to implement proper monitoring and treatment procedures to protect citizens from this potential health threat.",Aboi Igwaran; Adeoye John Kayode; Karabelo M. Moloantoa; Zenzile Peter Khetsha; John Onolame Unuofin,178,https://doi.org/10.1007/s11270-023-06782-y,True,https://doi.org/10.1007/s11270-023-06782-y,https://openalex.org/W4390728072,https://link.springer.com/content/pdf/10.1007/s11270-023-06782-y.pdf,2024-01-01,2024,harmful algal blooms inland waters 2024,3,"Cyanobacteria Harmful Algae Blooms: Causes, Impacts, and Risk Management",article
"Harmful algal blooms (HABs) are a primary environmental concern, threatening freshwater ecosystems and public health and causing economic damages in the billions of dollars annually. These blooms, predominantly driven by phytoplankton species like cyanobacteria, thrive in nutrient-rich, warm, and low-wind environments. Because of the adverse impacts of HABs, this review examines various control methods, focusing on biological strategies as sustainable solutions. While effective in disrupting algal populations, traditional chemical and physical interventions carry ecological risks and can be resource-intensive. Biological control methods, including biomanipulation and using algicidal microorganisms such as Streptococcus thermophiles, Myxobacteria, and Lopharia spadicea, emerge as eco-friendly alternatives offering long-term benefits. Additionally, barley and rice straw application has demonstrated efficacy in curbing HAB growth. These biological approaches work by inhibiting algal proliferation, disrupting cellular structures, and fostering algal cell aggregation. Despite their advantages over conventional methods, biological controls face challenges, including intricate ecological interactions. This article delves into the latest biological techniques aimed at eradicating HABs, intending to diminish their frequency and reduce toxin levels in aquatic environments. While most research to date has been confined to laboratory settings, scaling these methods to field applications presents hurdles due to the variability and complexity of natural ecosystems. The review underscores the need for further research and development in this critical area of environmental science.",Hassan Mohamad Anabtawi; Woo Hyoung Lee; Abdulaziz Al‐Anazi; Mohamed M. Mohamed; Ashraf Aly Hassan,66,https://doi.org/10.3390/w16020224,True,https://doi.org/10.3390/w16020224,https://openalex.org/W4390779055,https://www.mdpi.com/2073-4441/16/2/224/pdf?version=1704779638,2024-01-09,2024,harmful algal blooms inland waters 2024,4,Advancements in Biological Strategies for Controlling Harmful Algal Blooms (HABs),article
"Harmful algal bloom (HAB) species in the Chesapeake Bay can negatively impact fish, shellfish, and human health via the production of toxins and the degradation of water quality. Due to the deleterious effects of HAB species on economically and environmentally important resources, such as oyster reef systems, Bay area resource managers are seeking ways to monitor HABs and water quality at large spatial and fine temporal scales. The use of satellite ocean color imagery has proven to be a beneficial tool for resource management in other locations around the world where high-biomass, nearly monospecific HABs occur. However, remotely monitoring HABs in the Chesapeake Bay is complicated by the presence of multiple, often co-occurring, species and optically-complex waters. Here we present a summary of common marine and estuarine HAB species found in the Chesapeake Bay, Alexandrium monilatum, Karlodinium veneficum, Margalefidinium polykrikoides, and Prorocentrum minimum, that have been detected from space using multispectral data products from the Ocean and Land Color Imager (OLCI) sensor on the Sentinel-3 satellites and identified based on historic phytoplankton data, in situ sampling, and ecological associations. We review how future hyperspectral instruments will improve discrimination of potentially harmful species from other phytoplankton communities and present a framework in which satellite data products could aid Chesapeake Bay resource managers with monitoring water quality and protecting shellfish resources.",Jennifer L. Wolny; Michelle C. Tomlinson; Stephanie Schollaert Uz; Todd A. Egerton; John R. McKay; Andrew Meredith; Kimberly S. Reece; Gail P. Scott; Richard P. Stumpf,80,https://doi.org/10.3389/fmars.2020.00337,True,https://doi.org/10.3389/fmars.2020.00337,https://openalex.org/W3030837088,https://www.frontiersin.org/articles/10.3389/fmars.2020.00337/pdf,2020-05-26,2020,harmful algal blooms inland waters 2024,5,Current and Future Remote Sensing of Harmful Algal Blooms in the Chesapeake Bay to Support the Shellfish Industry,article
"Harmful Algal Blooms (HABs) are a growing environmental concern due to their adverse impacts on aquatic ecosystems, human health, and economic activities. These blooms are driven by a combination of factors, including nutrient enrichment, environmental factors, and hydrological conditions, leading to the excessive growth of algae. HABs produce toxins that threaten aquatic biodiversity, contaminate drinking water, and cause economic losses in fisheries and tourism. The causes of HABs are multifaceted, involving interactions between environmental factors such as temperature, light availability, and nutrient levels. Agricultural runoff, wastewater discharge, and industrial pollution introduce excessive nitrogen and phosphorus into water bodies, fueling bloom formation. Climate change further exacerbates the problem by altering precipitation patterns, increasing water temperatures, and intensifying coastal upwelling events, all of which create favorable conditions for HAB proliferation. This review explores the causes, ecological consequences, and potential mitigation strategies for HABs. Effective monitoring and detection methods, including satellite remote sensing, molecular biotechnology, and artificial intelligence-driven predictive models, offer promising avenues for early intervention. Sustainable management strategies such as nutrient load reductions, bioremediation, and regulatory policies can help mitigate the adverse effects of HABs. Public awareness and community involvement also play a crucial role in preventing and managing HAB events by promoting responsible agricultural practices, reducing waste discharge, and supporting conservation efforts. By examining existing literature and case studies, this study underscores the urgent need for comprehensive and interdisciplinary approaches to regulate HABs.",Christina Brenckman; Meghana Parameswarappa Jayalakshmamma; William H. Pennock; Fahmidah U. Ashraf; Ashish Borgaonkar,43,https://doi.org/10.3390/w17131980,True,https://doi.org/10.3390/w17131980,https://openalex.org/W4411902716,https://www.mdpi.com/2073-4441/17/13/1980/pdf?version=1751355007,2025-07-01,2025,harmful algal blooms inland waters 2024,6,"A Review of Harmful Algal Blooms: Causes, Effects, Monitoring, and Prevention Methods",article
"Many physical, chemical, and biological processes in freshwater ecosystems mobilize the nutrient phosphorus (P) from sediments, which in turn may contribute to the formation of harmful algal blooms. Here, we critically reviewed internal P loading in Canadian fresh waters to understand the geographic patterns and environmental drivers of this important process. From 43 publications, we consolidated 618 estimates of internal P loading from Canadian freshwater ponds, lakes, reservoirs, and coastal wetlands (n = 70). Expressed in terms of total P, short-term gross rates in sediment samples (L gross ) ranged from −27 to 54 mg·m −2 ·day −1 (n = 461), while long-term net rates in whole ecosystems (L net ) ranged from −1694 to 10 640 mg·m −2 ·year −1 (n = 157). The main environmental drivers of this variation were oxygen, pH, geology, and trophic state. Internal P loading tended to be higher during the open-water season and most prominent in small prairie lakes. Priorities for future research on internal P loading should include resolving methodological problems, assessing the relative importance of different mechanisms, examining the influence of anthropogenic activities, and quantifying rates in understudied ecosystems.",Diane M. Orihel; Helen M. Baulch; Nora J. Casson; Rebecca L. North; Chris T. Parsons; Dalila C.M. Seckar; Jason J. Venkiteswaran,284,https://doi.org/10.1139/cjfas-2016-0500,True,https://doi.org/10.1139/cjfas-2016-0500,https://openalex.org/W2756390103,https://www.nrcresearchpress.com/doi/pdf/10.1139/cjfas-2016-0500,2017-09-13,2017,harmful algal blooms inland waters 2024,7,Internal phosphorus loading in Canadian fresh waters: a critical review and data analysis,article
"Significant recent advances in satellite remote sensing allow environmental managers to detect and monitor cyanobacterial harmful algal blooms (cyanoHAB), and these capabilities are being used more frequently in water quality management. A quantitative estimate of the socioeconomic benefits generated from these new capabilities, known as an impact assessment, was missing from the growing literature on cyanoHABs and remote sensing. In this paper, we present an impact assessment framework to characterize the socioeconomic benefits of satellite remote sensing for detecting cyanoHABs and managing recreational advisories at freshwater lakes. We then apply this framework to estimate the socioeconomic benefits of satellite data that were used to manage a 2017 cyanoHAB event in Utah Lake. CyanoHAB events on Utah Lake can pose health risks to people who interact with the blooms through recreation. We find that the availability of satellite data yielded socioeconomic benefits by improving human health outcomes valued at approximately $370,000, though a sensitivity analysis reveals that this central estimate can vary significantly ($55,000-$1,057,000 in benefits) as a result of different assumptions regarding the time delay in posting a recreational advisory, the number of people exposed to the cyanoHAB, the number of people who experience gastrointestinal symptoms, and the cost per case of illness.",Signe R Stroming; Molly Robertson; Bethany Mabee; Yusuke Kuwayama; Blake A. Schaeffer,75,https://doi.org/10.1029/2020gh000254,True,https://doi.org/10.1029/2020gh000254,https://openalex.org/W3036110099,https://agupubs.onlinelibrary.wiley.com/doi/pdfdirect/10.1029/2020GH000254,2020-06-18,2020,harmful algal blooms inland waters 2024,8,Quantifying the Human Health Benefits of Using Satellite Information to Detect Cyanobacterial Harmful Algal Blooms and Manage Recreational Advisories in U.S. Lakes,article
,José Carias; Felipe Vásquez Lavín; Manuel Barrientos; Roberto D. Ponce Oliva; Stefan Gelcich,44,https://doi.org/10.1016/j.jenvman.2024.121566,True,https://doi.org/10.1016/j.jenvman.2024.121566,https://openalex.org/W4399914526,https://durham-repository.worktribe.com/file/2512793/1/Accepted%20Journal%20Article,2024-06-22,2024,harmful algal blooms inland waters 2024,9,"Economic valuation of Harmful Algal Blooms (HAB): Methodological challenges, policy implications, and an empirical application",article
"Harmful algal blooms of cyanobacteria (CyanoHAB) have emerged as a serious environmental concern in large and small water bodies including many inland lakes. The growth dynamics of CyanoHAB can be chaotic at very short timescales but predictable at coarser timescales. In Lake Erie, cyanobacteria blooms occur in the spring-summer months, which, at annual timescale, are controlled by the total spring phosphorus (TP) load into the lake. This study aimed to forecast CyanoHAB cell count at sub-monthly (e.g., 10-day) timescales. Satellite-derived cyanobacterial index (CI) was used as a surrogate measure of CyanoHAB cell count. CI was related to the in-situ measured chlorophyll-a and phycocyanin concentrations and Microcystis biovolume in the lake. Using available data on environmental and lake hydrodynamics as predictor variables, four statistical models including LASSO (Least Absolute Shrinkage and Selection Operator), artificial neural network (ANN), random forest (RF), and an ensemble average of the three models (EA) were developed to forecast CI at 10-, 20- and 30-day lead times. The best predictions were obtained by using the RF and EA algorithms. It was found that CyanoHAB growth dynamics, even at sub-monthly timescales, are determined by coarser timescale variables. Meteorological, hydrological, and water quality variations at sub-monthly timescales exert lesser control over CyanoHAB growth dynamics. Nutrients discharged into the lake from rivers other than the Maumee River were also important in explaining the variations in CI. Surprisingly, to forecast CyanoHAB cell count, average solar radiation at 30 to 60 days lags were found to be more important than the average solar radiation at 0 to 30 days lag. Other important variables were TP discharged into the lake during the previous 10 years, TP and TKN discharged into the lake during the previous 120 days, the average water level at 10-day lag and 60-day lag.",Abhinav Gupta; Mohamed M. Hantush; Rao S. Govindaraju,47,https://doi.org/10.1016/j.scitotenv.2023.165781,True,https://doi.org/10.1016/j.scitotenv.2023.165781,https://openalex.org/W4385235508,,2023-07-25,2023,harmful algal blooms inland waters 2024,10,Sub-monthly time scale forecasting of harmful algal blooms intensity in Lake Erie using remote sensing and machine learning,article
"Freshwater cyanobacterial harmful algal blooms (cyanoHABs) are a worldwide problem resulting in substantial economic losses, due to harm to drinking water supplies, commercial fishing, wildlife, property values, recreation, and tourism. Moreover, toxins produced from some cyanoHABs threaten human and animal health. Climate warming can affect the distribution of cyanoHABs, where rising temperatures facilitate more intense blooms and a greater distribution of cyanoHABs in inland freshwater. Nutrient runoff from adjacent watersheds is also a major driver of cyanoHAB formation. While some of the physicochemical factors behind cyanoHAB dynamics are known, there are still major gaps in our understanding of the conditions that trigger and sustain cyanoHABs over time. In this perspective, we suggest that sufficient data sets, as well as machine learning (ML) and artificial intelligence (AI) tools, are available to build a comprehensive model of cyanoHAB dynamics based on integrated environmental/climate, nutrient/water chemistry, and cyanoHAB microbiome and 'omics data to identify key factors contributing to HAB formation, intensity, and toxicity. By taking a holistic approach to the analysis of all available data, including the rapidly growing number of biological data sets, we can provide the foundational knowledge needed to address the increasing threat of cyanoHABs to the security of our water resources.",Babetta L. Marrone; Shounak Banerjee; Anjana Talapatra; C. Raul Gonzalez‐Esquer; Ghanshyam Pilania,34,https://doi.org/10.1021/acsestwater.3c00369,True,https://doi.org/10.1021/acsestwater.3c00369,https://openalex.org/W4389207023,https://pubs.acs.org/doi/pdf/10.1021/acsestwater.3c00369,2023-11-30,2023,harmful algal blooms inland waters 2024,11,"Toward a Predictive Understanding of Cyanobacterial Harmful Algal Blooms through AI Integration of Physical, Chemical, and Biological Data",article
"ABSTRACT The recent increase in algal blooms in lakes, potentially exacerbated by climate warming, is of global concern. However, a spatially and temporally detailed characterization of algal bloom trends at a global scale has been lacking, posing challenges to definitively attribute the increase trend to warming as a primary driver. Here, we used daily MODIS satellite observations from 2003 to 2022 to analyze algal bloom trends in 1956 large freshwater lakes worldwide. Among these lakes, 620 have experienced algal bloom events in over half of the years during the past two decades, with an upward trend in bloom frequency observed in 504 lakes. This trend is particularly prominent in subtropical regions and has become most pronounced after 2015. The global median annual bloom frequency has significantly increased at a rate of +1.8%/yr over the past two decades, showing a significant correlation with air temperatures (r2 = 0.43, P &amp;lt; 0.05). Furthermore, in 44.8% of the bloom-affected lakes, we observed a strong correlation between air temperature and bloom frequency. Our study helps clarify the factors contributing to the global expansion of algal blooms and emphasizes the urgent need to recognize and address this growing environmental challenge within the context of climate warming.",Ying Wang; Dan Zhao; R. Iestyn Woolway; Haoran Yan; Hans W. Paerl; Yi Zheng; Chunmiao Zheng; Lian Feng,54,https://doi.org/10.1093/nsr/nwaf011,True,https://doi.org/10.1093/nsr/nwaf011,https://openalex.org/W4406291417,https://academic.oup.com/nsr/advance-article-pdf/doi/10.1093/nsr/nwaf011/61415677/nwaf011.pdf,2025-01-11,2025,harmful algal blooms inland waters 2024,12,Global elevation of algal bloom frequency in large lakes over the past two decades,article
"Toxin production by harmful cyanobacteria blooms (CyanoHABs) constitutes a major, worldwide environmental threat to freshwater aquatic resources that is expected to expand in scale and intensity with global climate change. Extensive literature exists on the most frequently encountered cyanotoxin, microcystin, in freshwater environments. Yet, the expansion of microcystin producing CyanoHABs and the transport of contaminated inland waters to estuarine and coastal marine waters has only recently received attention. This paper synthesizes information on the salinity tolerance of microcystin producing cyanobacteria and summarizes available case reports on microcystin presence in estuarine and coastal waters. We highlight a potential food-borne exposure route to humans by reviewing the growing body of evidence that shows microcystins can accumulate in coastal seafood. These cases reinforce the importance of freshwater nutrient reduction and the need for freshwater management efforts to look beyond lacustrine and riverine systems. Events reviewed here likely only represent a small proportion of cases where microcystins affect estuarine and coastal waters. We strongly suggest increased monitoring and research efforts to understand, react to, and prevent ecological and health problems associated with the growing problem of toxic CyanoHABs in coastal environments.",Ellen P. Preece; Flavien Hardy; Barry Moore; Michael D. Bryan,380,https://doi.org/10.1016/j.hal.2016.11.006,True,https://doi.org/10.1016/j.hal.2016.11.006,https://openalex.org/W2559726125,https://www.sciencedirect.com/science/article/pii/S1568988316302141/pdf,2016-11-29,2016,microcystin remote sensing water quality prediction,1,A review of microcystin detections in Estuarine and Marine waters: Environmental implications and human health risk,article
"Random forests (RF) is a supervised machine learning algorithm, which has recently started to gain prominence in water resources applications. However, existing applications are generally restricted to the implementation of Breiman’s original algorithm for regression and classification problems, while numerous developments could be also useful in solving diverse practical problems in the water sector. Here we popularize RF and their variants for the practicing water scientist, and discuss related concepts and techniques, which have received less attention from the water science and hydrologic communities. In doing so, we review RF applications in water resources, highlight the potential of the original algorithm and its variants, and assess the degree of RF exploitation in a diverse range of applications. Relevant implementations of random forests, as well as related concepts and techniques in the R programming language, are also covered.",Hristos Tyralis; Georgia Papacharalampous; Andreas Langousis,760,https://doi.org/10.3390/w11050910,True,https://doi.org/10.3390/w11050910,https://openalex.org/W2943160824,https://www.mdpi.com/2073-4441/11/5/910/pdf?version=1556786653,2019-04-30,2019,microcystin remote sensing water quality prediction,2,A Brief Review of Random Forests for Water Scientists and Practitioners and Their Recent History in Water Resources,article
"Water quality is an emergent property of a complex system comprised of interacting microbial populations and introduced microbial and chemical contaminants. Studies leveraging next-generation sequencing (NGS) technologies are providing new insights into the ecology of microbially mediated processes that influence fresh water quality such as algal blooms, contaminant biodegradation, and pathogen dissemination. In addition, sequencing methods targeting small subunit (SSU) rRNA hypervariable regions have allowed identification of signature microbial species that serve as bioindicators for sewage contamination in these environments. Beyond amplicon sequencing, metagenomic and metatranscriptomic analyses of microbial communities in fresh water environments reveal the genetic capabilities and interplay of waterborne microorganisms, shedding light on the mechanisms for production and biodegradation of toxins and other contaminants. This review discusses the challenges and benefits of applying NGS-based methods to water quality research and assessment. We will consider the suitability and biases inherent in the application of NGS as a screening tool for assessment of biological risks and discuss the potential and limitations for direct quantitative interpretation of NGS data. Secondly, we will examine case studies from recent literature where NGS based methods have been applied to topics in water quality assessment, including development of bioindicators for sewage pollution and microbial source tracking, characterizing the distribution of toxin and antibiotic resistance genes in water samples, and investigating mechanisms of biodegradation of harmful pollutants that threaten water quality. Finally, we provide a short review of emerging NGS platforms and their potential applications to the next generation of water quality assessment tools.",BoonFei Tan; Charmaine Ng; Jean Pierre Nshimyimana; Lay Leng Loh; Karina Yew‐Hoong Gin; Janelle R. Thompson,293,https://doi.org/10.3389/fmicb.2015.01027,True,https://doi.org/10.3389/fmicb.2015.01027,https://openalex.org/W1951683428,https://www.frontiersin.org/articles/10.3389/fmicb.2015.01027/pdf,2015-09-25,2015,microcystin remote sensing water quality prediction,3,"Next-generation sequencing (NGS) for assessment of microbial water quality: current progress, challenges, and future opportunities",article
"Water quality control and management in water resources are important for providing clean and safe water to the public. Due to their large area, collection, analysis, and management of a large amount of water quality data are essential. Water quality data are collected mainly by manual field sampling, and recently real-time sensor monitoring has been increasingly applied for efficient data collection. However, real-time sensor monitoring still relies on only a few parameters, such as water level, velocity, temperature, conductivity, dissolved oxygen (DO), and pH. Although advanced sensing technologies, such as hyperspectral images (HSI), have been used for the areal monitoring of algal bloom, other water quality sensors for organic compounds, phosphorus (P), and nitrogen (N) still need to be further developed and improved for field applications. The utilization of information and communications technology (ICT) with sensor technology shows great potential for the monitoring, transmission, and management of field water-quality data and thus for developing effective water quality management. This paper presents a review of the recent advances in ICT and field applicable sensor technology for monitoring water quality, mainly focusing on water resources, such as rivers and lakes, and discusses the challenges and future directions.",Jungsu Park; Keugtae Kim; Woo Hyoung Lee,167,https://doi.org/10.3390/w12020510,True,https://doi.org/10.3390/w12020510,https://openalex.org/W3006326026,https://www.mdpi.com/2073-4441/12/2/510/pdf?version=1582788538,2020-02-12,2020,microcystin remote sensing water quality prediction,4,Recent Advances in Information and Communications Technology (ICT) and Sensor Technology for Monitoring Water Quality,article
"The rapid advancement in Artificial Intelligence (AI) and big data has developed significance in the water sector, particularly in hydrological time-series predictions. Recurrent Neural Networks (RNNs) and Long Short-Term Memory (LSTM) networks have become research focal points due to their effectiveness in modeling non-linear, time-variant hydrological systems. This review explores the different architectures of RNNs, LSTMs, and Gated Recurrent Units (GRUs) and their efficacy in predicting hydrological time-series data.•RNNs are foundational but face limitations such as vanishing gradients, which impede their ability to model long-term dependencies. LSTMs and GRUs have been developed to overcome these limitations, with LSTMs using memory cells and gating mechanisms, while GRUs provide a more streamlined architecture with similar benefits.•The integration of attention mechanisms and hybrid models that combine RNNs, LSTMs, and GRUs with other Machine learning (ML) and Deep Learning (DL) has improved prediction accuracy by capturing both temporal and spatial dependencies.•Despite their effectiveness, practical implementations of these models in hydrological time series prediction require extensive datasets and substantial computational resources. Future research should develop interpretable architectures, enhance data quality, incorporate domain knowledge, and utilize transfer learning to improve model generalization and scalability across diverse hydrological contexts.",Muhammad Waqas; Usa Wannasingha Humphries,331,https://doi.org/10.1016/j.mex.2024.102946,True,https://doi.org/10.1016/j.mex.2024.102946,https://openalex.org/W4402469109,,2024-09-12,2024,microcystin remote sensing water quality prediction,5,A critical review of RNN and LSTM variants in hydrological time series predictions,article
"Weeds are unwanted plants that can reduce crop yields by competing for water, nutrients, light, space, and carbon dioxide, which need to be controlled to meet future food production requirements. The integration of drones, artificial intelligence, and various sensors, which include hyperspectral, multi-spectral, and RGB (red-green-blue), ensure the possibility of a better outcome in managing weed problems. Most of the major or minor challenges caused by weed infestation can be faced by implementing remote sensing systems in various agricultural tasks. It is a multi-disciplinary science that includes spectroscopy, optics, computer, photography, satellite launching, electronics, communication, and several other fields. Future challenges, including food security, sustainability, supply and demand, climate change, and herbicide resistance, can also be overcome by those technologies based on machine learning approaches. This review provides an overview of the potential and practical use of unmanned aerial vehicle and remote sensing techniques in weed management practices and discusses how they overcome future challenges.",Muhammad Huzaifah Mohd Roslim; Abdul Shukor Juraimi; Nik Norasma Che’Ya; Nursyazyla Sulaiman; Muhammad Noor Hazwan Abd Manaf; Zaid Ramli; Mst. Motmainna,124,https://doi.org/10.3390/agronomy11091809,True,https://doi.org/10.3390/agronomy11091809,https://openalex.org/W3197183887,https://www.mdpi.com/2073-4395/11/9/1809/pdf?version=1631105030,2021-09-08,2021,microcystin remote sensing water quality prediction,6,Using Remote Sensing and an Unmanned Aerial System for Weed Management in Agricultural Crops: A Review,article
"We present a novel three-band algorithm (PC 3 ) to retrieve phycocyanin (PC) pigment concentration in cyanobacteria laden inland waters. The water sample and remote sensing reflectance data used for PC 3 calibration and validation were acquired from highly turbid productive catfish aquaculture ponds. Since the characteristic PC absorption feature at 620 nm is contaminated with residual chlorophyll- a (Chl- a ) absorption, we propose a coefficient ( ψ ) for isolating the PC absorption component at 620 nm. Results show that inclusion of the model coefficient relating Chl- a absorption at 620 nm–665 nm enables PC 3 to compensate for the confounding effect of Chl- a at the PC absorption band and considerably increases the accuracy of the PC prediction algorithm. In the current dataset, PC 3 produced the lowest mean relative error of prediction among all PC algorithms considered in this research. Moreover, PC 3 eliminates the nonlinear sensitivity issue of PC algorithms particularly at high PC range (>100 μ g L −1 ). Therefore, introduction of PC 3 will have an immediate positive impact on studies monitoring inland and coastal cyanobacterial harmful algal blooms.",Sachidananda Mishra; Deepak R. Mishra,91,https://doi.org/10.1088/1748-9326/9/11/114003,True,https://doi.org/10.1088/1748-9326/9/11/114003,https://openalex.org/W2155632607,https://iopscience.iop.org/article/10.1088/1748-9326/9/11/114003/pdf,2014-11-01,2014,microcystin remote sensing water quality prediction,7,A novel remote sensing algorithm to quantify phycocyanin in cyanobacterial algal blooms,article
"Widespread occurrence of cyanobacterial harmful algal blooms (CyanoHABs) and the associated health effects from potential cyanotoxin exposure has led to a need for systematic and frequent screening and monitoring of lakes that are used as recreational and drinking water sources. Remote sensing-based methods are often used for synoptic and frequent monitoring of CyanoHABs. In this study, one such algorithm – a sub-component of the Cyanobacteria Index called the CIcyano, was validated for effectiveness in identifying lakes with toxin-producing blooms in 11 states across the contiguous United States over 11 bloom seasons (2005–2011, 2016–2019). A matchup data set was created using satellite data from MEdium Resolution Imaging Spectrometer (MERIS) and Ocean Land Colour Imager (OLCI), and nearshore, field-measured Microcystins (MCs) data as a proxy of CyanoHAB presence. While the satellite sensors cannot detect toxins, MCs are used as the indicator of health risk, and as a confirmation of cyanoHAB presence. MCs are also the most common laboratory measurement made by managers during CyanoHABs. Algorithm performance was evaluated by its ability to detect CyanoHAB ‘Presence’ or ‘Absence’, where the bloom is confirmed by the presence of the MCs. With same-day matchups, the overall accuracy of CyanoHAB detection was found to be 84% with precision and recall of 87 and 90% for bloom detection. Overall accuracy was expected to be between 77% and 87% (95% confidence) based on a bootstrapping simulation. These findings demonstrate that CIcyano has utility for synoptic and routine monitoring of potentially toxic cyanoHABs in lakes across the United States.",Sachidananda Mishra; Richard P. Stumpf; Blake A. Schaeffer; P. Jeremy Werdell; Keith A. Loftin; Andrew Meredith,64,https://doi.org/10.1016/j.scitotenv.2021.145462,True,https://doi.org/10.1016/j.scitotenv.2021.145462,https://openalex.org/W3127190418,https://www.sciencedirect.com/science/article/am/pii/S0048969721005301?via%3Dihub,2021-01-30,2021,microcystin remote sensing water quality prediction,8,Evaluation of a satellite-based cyanobacteria bloom detection algorithm using field-measured microcystin data,article
"Abstract Eutrophication is a major global concern in lakes, caused by excessive nutrient loadings (nitrogen and phosphorus) from human activities and likely exacerbated by climate change. Present use of indicators to monitor and assess lake eutrophication is restricted to water quality constituents (e.g. total phosphorus, total nitrogen) and does not necessarily represent global environmental changes and the anthropogenic influences within the lake’s drainage basin. Nutrients interact in multiple ways with climate, basin conditions (e.g. socio-economic development, point-source, diffuse source pollutants), and lake systems. It is therefore essential to account for complex feedback mechanisms and non-linear interactions that exist between nutrients and lake ecosystems in eutrophication assessments. However, the lack of a set of water quality indicators that represent a holistic understanding of lake eutrophication challenges such assessments, in addition to the limited water quality monitoring data available. In this review, we synthesize the main indicators of eutrophication for global freshwater lake basins that not only include the water quality constituents but also the sources, biogeochemical pathways and responses of nutrient emissions. We develop a new causal network (i.e. multiple links of indicators) using the DPSIR (drivers-pressure-state-impact-response) framework that highlights complex interrelationships among the indicators and provides a holistic perspective of eutrophication dynamics in freshwater lake basins. We further review the 30 key indicators of drivers and pressures using seven cross-cutting themes: (i) hydro-climatology, (ii) socio-economy, (iii) land use, (iv) lake characteristics, (v) crop farming and livestock, (vi) hydrology and water management, and (vii) fishing and aquaculture. This study indicates a need for more comprehensive indicators that represent the complex mechanisms of eutrophication in lake systems, to guide the global expansion of water quality monitoring networks, and support integrated assessments to manage eutrophication. Finally, the indicators proposed in this study can be used by managers and decision-makers to monitor water quality and set realistic targets for sustainable water quality management to achieve clean water for all, in line with Sustainable Development Goal 6.",Keerthana Suresh; Ting Tang; Michelle T. H. van Vliet; Marc F. P. Bierkens; Maryna Strokal; Florian Sorger-Domenigg; Yoshihide Wada,141,https://doi.org/10.1088/1748-9326/acd071,True,https://doi.org/10.1088/1748-9326/acd071,https://openalex.org/W4367059453,https://iopscience.iop.org/article/10.1088/1748-9326/acd071/pdf,2023-04-26,2023,microcystin remote sensing water quality prediction,9,Recent advancement in water quality indicators for eutrophication in global freshwater lakes,article
"In 2011, Lake Erie experienced the largest harmful algal bloom in its recorded history, with a peak intensity over three times greater than any previously observed bloom. Here we show that long-term trends in agricultural practices are consistent with increasing phosphorus loading to the western basin of the lake, and that these trends, coupled with meteorological conditions in spring 2011, produced record-breaking nutrient loads. An extended period of weak lake circulation then led to abnormally long residence times that incubated the bloom, and warm and quiescent conditions after bloom onset allowed algae to remain near the top of the water column and prevented flushing of nutrients from the system. We further find that all of these factors are consistent with expected future conditions. If a scientifically guided management plan to mitigate these impacts is not implemented, we can therefore expect this bloom to be a harbinger of future blooms in Lake Erie.",A. M. Michalak; Eric J. Anderson; Dmitry Beletsky; Steven Boland; Nathan S. Bosch; Thomas B. Bridgeman; Justin D. Chaffin; Kyunghwa Cho; Remegio Confesor; İrem Daloğlu Çetinkaya; Joseph V. DePinto; Mary Anne Evans; Gary L. Fahnenstiel; Lingli He; Jeff C. Ho; Liza K. Jenkins; Thomas H. Johengen; Kevin C. Kuo; Elizabeth LaPorte; Xiaojian Liu; Michael McWilliams; Michael R. Moore; Derek J. Posselt; R. Peter Richards; Donald Scavia; Allison L. Steiner; Anne Verhamme; David Wright; Melissa A. Zagorski,1459,https://doi.org/10.1073/pnas.1216006110,True,https://doi.org/10.1073/pnas.1216006110,https://openalex.org/W1978424046,https://www.pnas.org/content/pnas/110/16/6448.full.pdf,2013-04-01,2013,microcystin remote sensing water quality prediction,10,Record-setting algal bloom in Lake Erie caused by agricultural and meteorological trends consistent with expected future conditions,article
,Edoardo Bertone; Michele A. Burford; David P. Hamilton,127,https://doi.org/10.1016/j.watres.2018.05.001,True,https://doi.org/10.1016/j.watres.2018.05.001,https://openalex.org/W2802208486,http://hdl.handle.net/10072/381440,2018-05-10,2018,microcystin remote sensing water quality prediction,11,Fluorescence probes for real-time remote cyanobacteria monitoring: A review of challenges and opportunities,article
"Early detection and comprehensive monitoring of inland water algal blooms is fundamental to their effective management and mitigation of potential ecosystem and public health impacts. With the spatial and temporal limitations of in situ sampling, algal bloom monitoring capabilities have been enhanced greatly by advancements in satellite Earth Observation (EO). Three turbid, eutrophic Canadian lakes (Lake Winnipeg (LW); Lake Erie (LE); Lake of the Woods (LoW)) have been the focus of Environment and Climate Change Canada (ECCC) research and monitoring initiatives due to concerns over persistent degraded water quality from recurring algal blooms. ECCC’s EOLakeWatch was developed to deliver a suite of useful, easily interpretable, and accessible EO-derived products to support algal bloom monitoring on these three lakes. Algal bloom indices, describing bloom spatial extent, intensity, duration, and severity were derived using the European Space Agency’s OLCI (Ocean and Land Colour Instrument) sensor for observations from 2016 to present and its predecessor MERIS (Medium Resolution Imaging Spectrometer) for 2002 to 2011. Results document widespread blooms on each lake, with maximum spatial extent of 21,641 km2 (representing 88.1% of the lake area) on LW, 3070 km2 (79.5%) on LoW and 5257 km2 (19.7%) on LE. Bloom intensity showed seasonal and inter-annual variability on all three lakes, with a suggestion that LoW may be responding to reduced nutrient loads with a recent decrease in bloom intensity. Annual bloom duration on LW and LoW was on average 44 and 47 days respectively, while on LE blooms were significantly shorter in duration at an average of 24 days. Variance among the derived bloom indices was shown to be significant (i.e. the most extensive bloom was not necessarily the longest or most intensive), demonstrating the need for the indices to be used collectively, or for any single comprehensive bloom indicator to capture the variability of all individual metrics. Bloom indices are processed in a fully automated operational capacity, distributed in near-real-time through a web portal and collated into end-user-friendly annual algal bloom reports for each lake. These products go a long way to address existing monitoring gaps, delivering prompt, consistent measures of lake-wide algal bloom conditions required to provide stakeholders with early warning of bloom risks, identify areas of potential concern, quantify spatio-temporal trends, further understand bloom dynamics and drivers, as well as guide and determine the effectiveness of implemented management actions.",Caren E. Binding; Larissa Pizzolato; Chuiqing Zeng,68,https://doi.org/10.1016/j.ecolind.2020.106999,True,https://doi.org/10.1016/j.ecolind.2020.106999,https://openalex.org/W3090460728,https://www.sciencedirect.com/science/article/pii/S1470160X20309389/pdf,2020-10-01,2020,microcystin remote sensing water quality prediction,12,EOLakeWatch; delivering a comprehensive suite of remote sensing algal bloom indices for enhanced monitoring of Canadian eutrophic lakes,article
